Set alarm for 7 : 30 am Wednesday - Friday	Set Ġalarm Ġfor Ġ7 Ġ: Ġ30 Ġam ĠWednesday Ġ- ĠFriday	[IN:CREATE_ALARM @ptr_0 @ptr_1 [SL:DATE_TIME @ptr_2 @ptr_3 @ptr_4 @ptr_5 @ptr_6 @ptr_7 SL:DATE_TIME] @ptr_8 [SL:DATE_TIME @ptr_9 SL:DATE_TIME] IN:CREATE_ALARM]
Modify alarm at 7 am tomorrow to 8 am tomorrow	Mod ify Ġalarm Ġat Ġ7 Ġam Ġtomorrow Ġto Ġ8 Ġam Ġtomorrow	[IN:UPDATE_ALARM @ptr_0 @ptr_1 @ptr_2 [SL:ALARM_NAME [IN:GET_TIME [SL:DATE_TIME @ptr_3 @ptr_4 @ptr_5 @ptr_6 SL:DATE_TIME] IN:GET_TIME] SL:ALARM_NAME] [SL:DATE_TIME @ptr_7 @ptr_8 @ptr_9 @ptr_10 SL:DATE_TIME] IN:UPDATE_ALARM]
show all my alarms set	show Ġall Ġmy Ġalarms Ġset	[IN:GET_ALARM @ptr_0 [SL:AMOUNT @ptr_1 SL:AMOUNT] @ptr_2 @ptr_3 @ptr_4 IN:GET_ALARM]
Delete all my alarms .	Delete Ġall Ġmy Ġalarms Ġ.	[IN:DELETE_ALARM @ptr_0 [SL:AMOUNT @ptr_1 SL:AMOUNT] @ptr_2 @ptr_3 @ptr_4 IN:DELETE_ALARM]
set call the dentist alarm for 5 pm tonight	set Ġcall Ġthe Ġdentist Ġalarm Ġfor Ġ5 Ġpm Ġtonight	[IN:CREATE_ALARM @ptr_0 [SL:ALARM_NAME @ptr_1 @ptr_2 @ptr_3 SL:ALARM_NAME] @ptr_4 [SL:DATE_TIME @ptr_5 @ptr_6 @ptr_7 @ptr_8 SL:DATE_TIME] IN:CREATE_ALARM]
Tweak my weekend alarm to 10 am .	Twe ak Ġmy Ġweekend Ġalarm Ġto Ġ10 Ġam Ġ.	[IN:UPDATE_ALARM @ptr_0 @ptr_1 @ptr_2 [SL:ALARM_NAME [IN:GET_TIME [SL:DATE_TIME @ptr_3 SL:DATE_TIME] IN:GET_TIME] SL:ALARM_NAME] @ptr_4 [SL:DATE_TIME @ptr_5 @ptr_6 @ptr_7 SL:DATE_TIME] @ptr_8 IN:UPDATE_ALARM]
Set an alarm for every hour until 5 pm	Set Ġan Ġalarm Ġfor Ġevery Ġhour Ġuntil Ġ5 Ġpm	[IN:UNSUPPORTED_ALARM @ptr_0 @ptr_1 @ptr_2 @ptr_3 [SL:PERIOD @ptr_4 @ptr_5 SL:PERIOD] @ptr_6 @ptr_7 @ptr_8 IN:UNSUPPORTED_ALARM]
set alarm every 25 minutes	set Ġalarm Ġevery Ġ25 Ġminutes	[IN:CREATE_ALARM @ptr_0 @ptr_1 [SL:DATE_TIME_RECURRING @ptr_2 @ptr_3 @ptr_4 SL:DATE_TIME_RECURRING] IN:CREATE_ALARM]
Cancel all active alarms .	C ancel Ġall Ġactive Ġalarms Ġ.	[IN:DELETE_ALARM @ptr_0 @ptr_1 [SL:AMOUNT @ptr_2 SL:AMOUNT] @ptr_3 @ptr_4 @ptr_5 IN:DELETE_ALARM]
Set alert for every month for one year	Set Ġalert Ġfor Ġevery Ġmonth Ġfor Ġone Ġyear	[IN:UNSUPPORTED_ALARM @ptr_0 @ptr_1 @ptr_2 [SL:PERIOD @ptr_3 @ptr_4 SL:PERIOD] [SL:DURATION @ptr_5 @ptr_6 @ptr_7 SL:DURATION] IN:UNSUPPORTED_ALARM]
Stop ring now !	Stop Ġring Ġnow Ġ!	[IN:SILENCE_ALARM @ptr_0 @ptr_1 @ptr_2 @ptr_3 IN:SILENCE_ALARM]
what time is next alarm	what Ġtime Ġis Ġnext Ġalarm	[IN:GET_ALARM @ptr_0 @ptr_1 @ptr_2 [SL:ORDINAL @ptr_3 SL:ORDINAL] @ptr_4 IN:GET_ALARM]
Snooze now	Sn oo ze Ġnow	[IN:SNOOZE_ALARM @ptr_0 @ptr_1 @ptr_2 @ptr_3 IN:SNOOZE_ALARM]
Change my alarm to 10 am	Change Ġmy Ġalarm Ġto Ġ10 Ġam	[IN:UPDATE_ALARM @ptr_0 @ptr_1 @ptr_2 [SL:DATE_TIME @ptr_3 @ptr_4 @ptr_5 SL:DATE_TIME] IN:UPDATE_ALARM]
Have an alarm every day this week in the afternoon	Have Ġan Ġalarm Ġevery Ġday Ġthis Ġweek Ġin Ġthe Ġafternoon	[IN:CREATE_ALARM @ptr_0 @ptr_1 @ptr_2 [SL:PERIOD @ptr_3 @ptr_4 SL:PERIOD] [SL:DURATION @ptr_5 @ptr_6 SL:DURATION] [SL:DATE_TIME @ptr_7 @ptr_8 @ptr_9 SL:DATE_TIME] IN:CREATE_ALARM]
Change my alarm to 6 am from 7 am	Change Ġmy Ġalarm Ġto Ġ6 Ġam Ġfrom Ġ7 Ġam	[IN:UPDATE_ALARM @ptr_0 @ptr_1 @ptr_2 [SL:DATE_TIME @ptr_3 @ptr_4 @ptr_5 SL:DATE_TIME] [SL:ALARM_NAME [IN:GET_TIME [SL:TIME_ZONE @ptr_6 @ptr_7 @ptr_8 SL:TIME_ZONE] IN:GET_TIME] SL:ALARM_NAME] IN:UPDATE_ALARM]
I want two alarms set for Fridays at 2 pm and 4 pm	I Ġwant Ġtwo Ġalarms Ġset Ġfor ĠFridays Ġat Ġ2 Ġpm Ġand Ġ4 Ġpm	[IN:CREATE_ALARM @ptr_0 @ptr_1 [SL:AMOUNT @ptr_2 SL:AMOUNT] @ptr_3 @ptr_4 [SL:RECURRING_DATE_TIME @ptr_5 @ptr_6 @ptr_7 @ptr_8 @ptr_9 @ptr_10 @ptr_11 @ptr_12 SL:RECURRING_DATE_TIME] IN:CREATE_ALARM]
