where can i find the neo - soul happy hour in Vegas	where Ġcan Ġi Ġfind Ġthe Ġneo Ġ- Ġsoul Ġhappy Ġhour Ġin ĠVegas	[IN:GET_EVENT @ptr_0 @ptr_1 @ptr_2 @ptr_3 [SL:CATEGORY_EVENT @ptr_4 @ptr_5 @ptr_6 @ptr_7 @ptr_8 @ptr_9 SL:CATEGORY_EVENT] @ptr_10 [SL:LOCATION @ptr_11 SL:LOCATION] IN:GET_EVENT]
any family events in Portland this week	any Ġfamily Ġevents Ġin ĠPortland Ġthis Ġweek	[IN:GET_EVENT @ptr_0 [SL:ATTRIBUTE_EVENT @ptr_1 SL:ATTRIBUTE_EVENT] @ptr_2 @ptr_3 [SL:LOCATION @ptr_4 SL:LOCATION] [SL:DATE_TIME @ptr_5 @ptr_6 SL:DATE_TIME] IN:GET_EVENT]
Kid friendly events near me	Kid Ġfriendly Ġevents Ġnear Ġme	[IN:GET_EVENT [SL:ATTRIBUTE_EVENT @ptr_0 @ptr_1 SL:ATTRIBUTE_EVENT] @ptr_2 [SL:LOCATION [IN:GET_LOCATION [SL:SEARCH_RADIUS @ptr_3 SL:SEARCH_RADIUS] [SL:LOCATION_USER @ptr_4 SL:LOCATION_USER] IN:GET_LOCATION] SL:LOCATION] IN:GET_EVENT]
Lincoln Zoo holiday events this weekend	L incoln ĠZoo Ġholiday Ġevents Ġthis Ġweekend	[IN:GET_EVENT [SL:LOCATION [IN:GET_LOCATION [SL:POINT_ON_MAP @ptr_0 @ptr_1 @ptr_2 SL:POINT_ON_MAP] IN:GET_LOCATION] SL:LOCATION] [SL:CATEGORY_EVENT @ptr_3 @ptr_4 SL:CATEGORY_EVENT] [SL:DATE_TIME @ptr_5 @ptr_6 SL:DATE_TIME] IN:GET_EVENT]
Local Winter carnival	Local ĠWinter Ġcarn ival	[IN:GET_EVENT [SL:ATTRIBUTE_EVENT @ptr_0 SL:ATTRIBUTE_EVENT] [SL:CATEGORY_EVENT @ptr_1 @ptr_2 @ptr_3 SL:CATEGORY_EVENT] IN:GET_EVENT]
Vocal classes in Portland for January	V ocal Ġclasses Ġin ĠPortland Ġfor ĠJanuary	[IN:GET_EVENT [SL:CATEGORY_EVENT @ptr_0 @ptr_1 @ptr_2 SL:CATEGORY_EVENT] @ptr_3 [SL:LOCATION @ptr_4 SL:LOCATION] [SL:DATE_TIME @ptr_5 @ptr_6 SL:DATE_TIME] IN:GET_EVENT]
Any festival near me today	Any Ġfestival Ġnear Ġme Ġtoday	[IN:GET_EVENT @ptr_0 [SL:CATEGORY_EVENT @ptr_1 SL:CATEGORY_EVENT] [SL:LOCATION [IN:GET_LOCATION [SL:SEARCH_RADIUS @ptr_2 SL:SEARCH_RADIUS] [SL:LOCATION_USER @ptr_3 SL:LOCATION_USER] IN:GET_LOCATION] SL:LOCATION] [SL:DATE_TIME @ptr_4 SL:DATE_TIME] IN:GET_EVENT]
What newyear activities are happening near me	What Ġnew year Ġactivities Ġare Ġhappening Ġnear Ġme	[IN:GET_EVENT @ptr_0 [SL:DATE_TIME @ptr_1 @ptr_2 SL:DATE_TIME] @ptr_3 @ptr_4 @ptr_5 [SL:LOCATION [IN:GET_LOCATION [SL:SEARCH_RADIUS @ptr_6 SL:SEARCH_RADIUS] [SL:LOCATION_USER @ptr_7 SL:LOCATION_USER] IN:GET_LOCATION] SL:LOCATION] IN:GET_EVENT]
Famlily ice skating this weekend	F aml ily Ġice Ġskating Ġthis Ġweekend	[IN:GET_EVENT [SL:ATTRIBUTE_EVENT @ptr_0 @ptr_1 @ptr_2 SL:ATTRIBUTE_EVENT] [SL:CATEGORY_EVENT @ptr_3 @ptr_4 SL:CATEGORY_EVENT] [SL:DATE_TIME @ptr_5 @ptr_6 SL:DATE_TIME] IN:GET_EVENT]
How many people have purchased tickets for the Rhiannon concert in Atlanta this Saturday night	How Ġmany Ġpeople Ġhave Ġpurchased Ġtickets Ġfor Ġthe ĠRh ian non Ġconcert Ġin ĠAtlanta Ġthis ĠSaturday Ġnight	[IN:GET_EVENT_ATTENDEE_AMOUNT @ptr_0 @ptr_1 @ptr_2 @ptr_3 @ptr_4 @ptr_5 @ptr_6 @ptr_7 [SL:NAME_EVENT @ptr_8 @ptr_9 @ptr_10 SL:NAME_EVENT] [SL:CATEGORY_EVENT @ptr_11 SL:CATEGORY_EVENT] @ptr_12 [SL:LOCATION @ptr_13 SL:LOCATION] [SL:DATE_TIME @ptr_14 @ptr_15 @ptr_16 SL:DATE_TIME] IN:GET_EVENT_ATTENDEE_AMOUNT]
What events can I attend with my family in Boston area	What Ġevents Ġcan ĠI Ġattend Ġwith Ġmy Ġfamily Ġin ĠBoston Ġarea	[IN:GET_EVENT @ptr_0 @ptr_1 @ptr_2 @ptr_3 @ptr_4 @ptr_5 [SL:ATTENDEE_EVENT [IN:GET_CONTACT [SL:CONTACT_RELATED @ptr_6 SL:CONTACT_RELATED] [SL:TYPE_RELATION @ptr_7 SL:TYPE_RELATION] IN:GET_CONTACT] SL:ATTENDEE_EVENT] @ptr_8 [SL:LOCATION @ptr_9 SL:LOCATION] @ptr_10 IN:GET_EVENT]
Date and time of the air show at Wright - Patterson Air force base in Dayton , OH	Date Ġand Ġtime Ġof Ġthe Ġair Ġshow Ġat ĠWright Ġ- ĠPatterson ĠAir Ġforce Ġbase Ġin ĠDayton Ġ, ĠOH	[IN:GET_EVENT @ptr_0 @ptr_1 @ptr_2 @ptr_3 [SL:CATEGORY_EVENT @ptr_4 @ptr_5 @ptr_6 SL:CATEGORY_EVENT] @ptr_7 [SL:LOCATION [IN:GET_LOCATION [SL:POINT_ON_MAP @ptr_8 @ptr_9 @ptr_10 @ptr_11 @ptr_12 @ptr_13 SL:POINT_ON_MAP] @ptr_14 [SL:LOCATION_MODIFIER @ptr_15 @ptr_16 @ptr_17 SL:LOCATION_MODIFIER] IN:GET_LOCATION] SL:LOCATION] IN:GET_EVENT]
Christmas Eve services at churches near Farmersville NY	Christmas ĠEve Ġservices Ġat Ġchurches Ġnear ĠFarmers ville ĠNY	[IN:GET_EVENT [SL:DATE_TIME @ptr_0 @ptr_1 SL:DATE_TIME] [SL:CATEGORY_EVENT @ptr_2 SL:CATEGORY_EVENT] @ptr_3 [SL:LOCATION [IN:GET_LOCATION [SL:CATEGORY_LOCATION @ptr_4 SL:CATEGORY_LOCATION] [SL:LOCATION [IN:GET_LOCATION [SL:SEARCH_RADIUS @ptr_5 SL:SEARCH_RADIUS] [SL:LOCATION @ptr_6 @ptr_7 @ptr_8 SL:LOCATION] IN:GET_LOCATION] SL:LOCATION] IN:GET_LOCATION] SL:LOCATION] IN:GET_EVENT]
P ! nk concert dates for March	P Ġ! Ġn k Ġconcert Ġdates Ġfor ĠMarch	[IN:GET_EVENT [SL:NAME_EVENT @ptr_0 @ptr_1 @ptr_2 @ptr_3 SL:NAME_EVENT] [SL:CATEGORY_EVENT @ptr_4 SL:CATEGORY_EVENT] @ptr_5 [SL:DATE_TIME @ptr_6 @ptr_7 SL:DATE_TIME] IN:GET_EVENT]
next christmas concert	next Ġchrist mas Ġconcert	[IN:GET_EVENT [SL:ORDINAL @ptr_0 SL:ORDINAL] [SL:DATE_TIME @ptr_1 @ptr_2 SL:DATE_TIME] [SL:CATEGORY_EVENT @ptr_3 SL:CATEGORY_EVENT] IN:GET_EVENT]
What bars will have DJs this weekend in near me	What Ġbars Ġwill Ġhave ĠDJs Ġthis Ġweekend Ġin Ġnear Ġme	[IN:UNSUPPORTED_EVENT @ptr_0 @ptr_1 @ptr_2 @ptr_3 @ptr_4 @ptr_5 @ptr_6 @ptr_7 @ptr_8 @ptr_9 IN:UNSUPPORTED_EVENT]
What cool events are happening this week in my area	What Ġcool Ġevents Ġare Ġhappening Ġthis Ġweek Ġin Ġmy Ġarea	[IN:GET_EVENT @ptr_0 @ptr_1 @ptr_2 @ptr_3 @ptr_4 [SL:DATE_TIME @ptr_5 @ptr_6 SL:DATE_TIME] @ptr_7 [SL:LOCATION [IN:GET_LOCATION_HOME [SL:CONTACT @ptr_8 SL:CONTACT] @ptr_9 IN:GET_LOCATION_HOME] SL:LOCATION] IN:GET_EVENT]
What events can I take my parents to	What Ġevents Ġcan ĠI Ġtake Ġmy Ġparents Ġto	[IN:GET_EVENT @ptr_0 @ptr_1 @ptr_2 @ptr_3 @ptr_4 [SL:ATTENDEE_EVENT [IN:GET_CONTACT [SL:CONTACT_RELATED @ptr_5 SL:CONTACT_RELATED] [SL:TYPE_RELATION @ptr_6 SL:TYPE_RELATION] IN:GET_CONTACT] SL:ATTENDEE_EVENT] @ptr_7 IN:GET_EVENT]
Any tree decorating events at school	Any Ġtree Ġdecor ating Ġevents Ġat Ġschool	[IN:GET_EVENT @ptr_0 [SL:CATEGORY_EVENT @ptr_1 @ptr_2 @ptr_3 @ptr_4 SL:CATEGORY_EVENT] @ptr_5 [SL:LOCATION [IN:GET_LOCATION_SCHOOL @ptr_6 IN:GET_LOCATION_SCHOOL] SL:LOCATION] IN:GET_EVENT]
Closest place I can take my son to see Santa	Cl os est Ġplace ĠI Ġcan Ġtake Ġmy Ġson Ġto Ġsee ĠSanta	[IN:GET_EVENT [SL:LOCATION [IN:GET_LOCATION [SL:LOCATION_MODIFIER @ptr_0 @ptr_1 @ptr_2 SL:LOCATION_MODIFIER] IN:GET_LOCATION] SL:LOCATION] @ptr_3 @ptr_4 @ptr_5 @ptr_6 [SL:ATTENDEE_EVENT [IN:GET_CONTACT [SL:CONTACT_RELATED @ptr_7 SL:CONTACT_RELATED] [SL:TYPE_RELATION @ptr_8 SL:TYPE_RELATION] IN:GET_CONTACT] SL:ATTENDEE_EVENT] @ptr_9 @ptr_10 [SL:NAME_EVENT @ptr_11 SL:NAME_EVENT] IN:GET_EVENT]
Closest place I can take my son to see Santa	Cl os est Ġplace ĠI Ġcan Ġtake Ġmy Ġson Ġto Ġsee ĠSanta	[IN:GET_EVENT [SL:LOCATION [IN:GET_LOCATION [SL:LOCATION_MODIFIER @ptr_0 @ptr_1 @ptr_2 SL:LOCATION_MODIFIER] IN:GET_LOCATION] SL:LOCATION] @ptr_3 @ptr_4 @ptr_5 @ptr_6 [SL:ATTENDEE_EVENT [IN:GET_CONTACT [SL:CONTACT_RELATED @ptr_7 SL:CONTACT_RELATED] [SL:TYPE_RELATION @ptr_8 SL:TYPE_RELATION] IN:GET_CONTACT] SL:ATTENDEE_EVENT] @ptr_9 @ptr_10 [SL:NAME_EVENT @ptr_11 SL:NAME_EVENT] IN:GET_EVENT]
friends birthday parties next month	friends Ġbirthday Ġparties Ġnext Ġmonth	[IN:GET_EVENT [SL:ORGANIZER_EVENT [IN:GET_CONTACT [SL:TYPE_RELATION @ptr_0 SL:TYPE_RELATION] IN:GET_CONTACT] SL:ORGANIZER_EVENT] [SL:CATEGORY_EVENT @ptr_1 @ptr_2 SL:CATEGORY_EVENT] [SL:DATE_TIME @ptr_3 @ptr_4 SL:DATE_TIME] IN:GET_EVENT]
does jake have another board game night planned on the 14th	does Ġj ake Ġhave Ġanother Ġboard Ġgame Ġnight Ġplanned Ġon Ġthe Ġ14 th	[IN:GET_EVENT @ptr_0 [SL:ORGANIZER_EVENT @ptr_1 @ptr_2 SL:ORGANIZER_EVENT] @ptr_3 @ptr_4 [SL:CATEGORY_EVENT @ptr_5 @ptr_6 @ptr_7 SL:CATEGORY_EVENT] @ptr_8 [SL:DATE_TIME @ptr_9 @ptr_10 @ptr_11 @ptr_12 SL:DATE_TIME] IN:GET_EVENT]
What events are happening near work today	What Ġevents Ġare Ġhappening Ġnear Ġwork Ġtoday	[IN:GET_EVENT @ptr_0 @ptr_1 @ptr_2 @ptr_3 [SL:LOCATION [IN:GET_LOCATION [SL:SEARCH_RADIUS @ptr_4 SL:SEARCH_RADIUS] [SL:LOCATION [IN:GET_LOCATION_WORK @ptr_5 IN:GET_LOCATION_WORK] SL:LOCATION] IN:GET_LOCATION] SL:LOCATION] [SL:DATE_TIME @ptr_6 SL:DATE_TIME] IN:GET_EVENT]
things to do in Las Vegas besides gambling	things Ġto Ġdo Ġin ĠLas ĠVegas Ġbesides Ġgambling	[IN:GET_EVENT @ptr_0 @ptr_1 @ptr_2 @ptr_3 [SL:LOCATION @ptr_4 @ptr_5 SL:LOCATION] @ptr_6 [SL:CATEGORY_EVENT [IN:NEGATION @ptr_7 IN:NEGATION] SL:CATEGORY_EVENT] IN:GET_EVENT]
Who is giving the Nutcracker performance this weekend here in Miami	Who Ġis Ġgiving Ġthe ĠNut cr acker Ġperformance Ġthis Ġweekend Ġhere Ġin ĠMiami	[IN:GET_EVENT_ORGANIZER @ptr_0 @ptr_1 @ptr_2 [SL:CATEGORY_EVENT @ptr_3 @ptr_4 @ptr_5 @ptr_6 @ptr_7 SL:CATEGORY_EVENT] [SL:DATE_TIME @ptr_8 @ptr_9 SL:DATE_TIME] @ptr_10 @ptr_11 [SL:LOCATION @ptr_12 SL:LOCATION] IN:GET_EVENT_ORGANIZER]
how many people expected at the amphitheatre	how Ġmany Ġpeople Ġexpected Ġat Ġthe Ġamph ithe atre	[IN:GET_EVENT_ATTENDEE_AMOUNT @ptr_0 @ptr_1 @ptr_2 @ptr_3 @ptr_4 [SL:LOCATION [IN:GET_LOCATION [SL:CATEGORY_LOCATION @ptr_5 @ptr_6 @ptr_7 @ptr_8 SL:CATEGORY_LOCATION] IN:GET_LOCATION] SL:LOCATION] IN:GET_EVENT_ATTENDEE_AMOUNT]
times for the next 2 football games	times Ġfor Ġthe Ġnext Ġ2 Ġfootball Ġgames	[IN:GET_EVENT @ptr_0 @ptr_1 @ptr_2 [SL:ORDINAL @ptr_3 SL:ORDINAL] [SL:AMOUNT @ptr_4 SL:AMOUNT] [SL:CATEGORY_EVENT @ptr_5 @ptr_6 SL:CATEGORY_EVENT] IN:GET_EVENT]
