can you show me chat requests	can Ġyou Ġshow Ġme Ġchat Ġrequests	[IN:GET_MESSAGE @ptr_0 @ptr_1 @ptr_2 @ptr_3 @ptr_4 @ptr_5 IN:GET_MESSAGE]
Ask Brandon if he wants to throw a surprise party for Jenna .	Ask ĠBrandon Ġif Ġhe Ġwants Ġto Ġthrow Ġa Ġsurprise Ġparty Ġfor ĠJenna Ġ.	[IN:SEND_MESSAGE @ptr_0 [SL:RECIPIENT @ptr_1 SL:RECIPIENT] @ptr_2 [SL:CONTENT_EXACT @ptr_3 @ptr_4 @ptr_5 @ptr_6 @ptr_7 @ptr_8 @ptr_9 @ptr_10 @ptr_11 SL:CONTENT_EXACT] @ptr_12 IN:SEND_MESSAGE]
Message Brian , that the cricket was excellent , and what did he think .	Message ĠBrian Ġ, Ġthat Ġthe Ġcricket Ġwas Ġexcellent Ġ, Ġand Ġwhat Ġdid Ġhe Ġthink Ġ.	[IN:SEND_MESSAGE @ptr_0 [SL:RECIPIENT @ptr_1 SL:RECIPIENT] @ptr_2 @ptr_3 [SL:CONTENT_EXACT @ptr_4 @ptr_5 @ptr_6 @ptr_7 @ptr_8 @ptr_9 @ptr_10 @ptr_11 @ptr_12 @ptr_13 SL:CONTENT_EXACT] @ptr_14 IN:SEND_MESSAGE]
Message to Stuart , see you at the reunion .	Message Ġto ĠStuart Ġ, Ġsee Ġyou Ġat Ġthe Ġreunion Ġ.	[IN:SEND_MESSAGE @ptr_0 @ptr_1 [SL:RECIPIENT @ptr_2 SL:RECIPIENT] @ptr_3 [SL:CONTENT_EXACT @ptr_4 @ptr_5 @ptr_6 @ptr_7 @ptr_8 SL:CONTENT_EXACT] @ptr_9 IN:SEND_MESSAGE]
Send the message to mom	Send Ġthe Ġmessage Ġto Ġmom	[IN:SEND_MESSAGE @ptr_0 @ptr_1 @ptr_2 @ptr_3 [SL:RECIPIENT [IN:GET_CONTACT [SL:TYPE_RELATION @ptr_4 SL:TYPE_RELATION] IN:GET_CONTACT] SL:RECIPIENT] IN:SEND_MESSAGE]
text my wife that I am on the way home .	text Ġmy Ġwife Ġthat ĠI Ġam Ġon Ġthe Ġway Ġhome Ġ.	[IN:SEND_MESSAGE @ptr_0 [SL:RECIPIENT [IN:GET_CONTACT [SL:CONTACT_RELATED @ptr_1 SL:CONTACT_RELATED] [SL:TYPE_RELATION @ptr_2 SL:TYPE_RELATION] IN:GET_CONTACT] SL:RECIPIENT] @ptr_3 [SL:CONTENT_EXACT @ptr_4 @ptr_5 @ptr_6 @ptr_7 @ptr_8 @ptr_9 SL:CONTENT_EXACT] @ptr_10 IN:SEND_MESSAGE]
message my sister if she wants to meet for drinks downtown	message Ġmy Ġsister Ġif Ġshe Ġwants Ġto Ġmeet Ġfor Ġdrinks Ġdowntown	[IN:SEND_MESSAGE @ptr_0 [SL:RECIPIENT [IN:GET_CONTACT [SL:CONTACT_RELATED @ptr_1 SL:CONTACT_RELATED] [SL:TYPE_RELATION @ptr_2 SL:TYPE_RELATION] IN:GET_CONTACT] SL:RECIPIENT] @ptr_3 [SL:CONTENT_EXACT @ptr_4 @ptr_5 @ptr_6 @ptr_7 @ptr_8 @ptr_9 @ptr_10 SL:CONTENT_EXACT] IN:SEND_MESSAGE]
Heart eyes to the dog group on Facebook	Heart Ġeyes Ġto Ġthe Ġdog Ġgroup Ġon ĠFacebook	[IN:REACT_MESSAGE [SL:TYPE_REACTION @ptr_0 @ptr_1 SL:TYPE_REACTION] @ptr_2 @ptr_3 [SL:GROUP @ptr_4 SL:GROUP] @ptr_5 @ptr_6 [SL:RESOURCE @ptr_7 SL:RESOURCE] IN:REACT_MESSAGE]
Like the sunday dinner chat video .	Like Ġthe Ġsund ay Ġdinner Ġchat Ġvideo Ġ.	[IN:REACT_MESSAGE [SL:TYPE_REACTION @ptr_0 SL:TYPE_REACTION] @ptr_1 [SL:GROUP @ptr_2 @ptr_3 @ptr_4 SL:GROUP] @ptr_5 [SL:TYPE_CONTENT @ptr_6 SL:TYPE_CONTENT] @ptr_7 IN:REACT_MESSAGE]
Show the messages from Study Group thread yesterday .	Show Ġthe Ġmessages Ġfrom ĠStudy ĠGroup Ġthread Ġyesterday Ġ.	[IN:GET_MESSAGE @ptr_0 @ptr_1 @ptr_2 @ptr_3 [SL:GROUP @ptr_4 SL:GROUP] @ptr_5 @ptr_6 [SL:DATE_TIME @ptr_7 SL:DATE_TIME] @ptr_8 IN:GET_MESSAGE]
stop sending the video	stop Ġsending Ġthe Ġvideo	[IN:CANCEL_MESSAGE @ptr_0 @ptr_1 @ptr_2 [SL:TYPE_CONTENT @ptr_3 SL:TYPE_CONTENT] IN:CANCEL_MESSAGE]
cancel this message	c ancel Ġthis Ġmessage	[IN:CANCEL_MESSAGE @ptr_0 @ptr_1 @ptr_2 @ptr_3 IN:CANCEL_MESSAGE]
Like the last message from Ronnie	Like Ġthe Ġlast Ġmessage Ġfrom ĠRonnie	[IN:REACT_MESSAGE [SL:TYPE_REACTION @ptr_0 SL:TYPE_REACTION] @ptr_1 [SL:ORDINAL @ptr_2 SL:ORDINAL] @ptr_3 @ptr_4 [SL:RECIPIENT @ptr_5 SL:RECIPIENT] IN:REACT_MESSAGE]
message the foodie group we should try italian this time	message Ġthe Ġfood ie Ġgroup Ġwe Ġshould Ġtry Ġit alian Ġthis Ġtime	[IN:SEND_MESSAGE @ptr_0 @ptr_1 [SL:GROUP @ptr_2 @ptr_3 SL:GROUP] @ptr_4 [SL:CONTENT_EXACT @ptr_5 @ptr_6 @ptr_7 @ptr_8 @ptr_9 @ptr_10 @ptr_11 SL:CONTENT_EXACT] IN:SEND_MESSAGE]
I need you to message my friends who live in Fletcher and ask who is going to the Fall Festival this weekend .	I Ġneed Ġyou Ġto Ġmessage Ġmy Ġfriends Ġwho Ġlive Ġin ĠFletcher Ġand Ġask Ġwho Ġis Ġgoing Ġto Ġthe ĠFall ĠFestival Ġthis Ġweekend Ġ.	[IN:SEND_MESSAGE @ptr_0 @ptr_1 @ptr_2 @ptr_3 @ptr_4 [SL:RECIPIENT [IN:GET_CONTACT [SL:CONTACT_RELATED @ptr_5 SL:CONTACT_RELATED] [SL:TYPE_RELATION @ptr_6 SL:TYPE_RELATION] @ptr_7 @ptr_8 @ptr_9 [SL:LOCATION_HOME @ptr_10 SL:LOCATION_HOME] IN:GET_CONTACT] SL:RECIPIENT] @ptr_11 @ptr_12 [SL:CONTENT_EXACT @ptr_13 @ptr_14 @ptr_15 @ptr_16 @ptr_17 @ptr_18 @ptr_19 @ptr_20 @ptr_21 SL:CONTENT_EXACT] @ptr_22 IN:SEND_MESSAGE]
Please text everyone coming tonight and say it is still on	Please Ġtext Ġeveryone Ġcoming Ġtonight Ġand Ġsay Ġit Ġis Ġstill Ġon	[IN:SEND_MESSAGE @ptr_0 @ptr_1 [SL:RECIPIENT [IN:GET_EVENT_ATTENDEE @ptr_2 @ptr_3 [SL:DATE_TIME @ptr_4 SL:DATE_TIME] IN:GET_EVENT_ATTENDEE] SL:RECIPIENT] @ptr_5 @ptr_6 [SL:CONTENT_EXACT @ptr_7 @ptr_8 @ptr_9 @ptr_10 SL:CONTENT_EXACT] IN:SEND_MESSAGE]
Text I'll see you soon and add a heart emoji .	Text ĠI 'll Ġsee Ġyou Ġsoon Ġand Ġadd Ġa Ġheart Ġemoji Ġ.	[IN:SEND_MESSAGE @ptr_0 [SL:CONTENT_EXACT @ptr_1 @ptr_2 @ptr_3 @ptr_4 @ptr_5 SL:CONTENT_EXACT] @ptr_6 @ptr_7 @ptr_8 [SL:CONTENT_EMOJI @ptr_9 @ptr_10 SL:CONTENT_EMOJI] @ptr_11 IN:SEND_MESSAGE]
Put three wows on that message	Put Ġthree Ġw ows Ġon Ġthat Ġmessage	[IN:REACT_MESSAGE @ptr_0 [SL:AMOUNT @ptr_1 SL:AMOUNT] [SL:TYPE_REACTION @ptr_2 @ptr_3 SL:TYPE_REACTION] @ptr_4 @ptr_5 @ptr_6 IN:REACT_MESSAGE]
Message work asking what time my shift starts today	Message Ġwork Ġasking Ġwhat Ġtime Ġmy Ġshift Ġstarts Ġtoday	[IN:SEND_MESSAGE @ptr_0 [SL:RECIPIENT [IN:GET_CONTACT [SL:TYPE_CONTACT @ptr_1 SL:TYPE_CONTACT] IN:GET_CONTACT] SL:RECIPIENT] @ptr_2 [SL:CONTENT_EXACT @ptr_3 @ptr_4 @ptr_5 @ptr_6 @ptr_7 @ptr_8 SL:CONTENT_EXACT] IN:SEND_MESSAGE]
Send a message to my husband to respond to the invite for the Christmas party on the 23rd .	Send Ġa Ġmessage Ġto Ġmy Ġhusband Ġto Ġrespond Ġto Ġthe Ġinvite Ġfor Ġthe ĠChristmas Ġparty Ġon Ġthe Ġ23 rd Ġ.	[IN:SEND_MESSAGE @ptr_0 @ptr_1 @ptr_2 @ptr_3 [SL:RECIPIENT [IN:GET_CONTACT [SL:CONTACT_RELATED @ptr_4 SL:CONTACT_RELATED] [SL:TYPE_RELATION @ptr_5 SL:TYPE_RELATION] IN:GET_CONTACT] SL:RECIPIENT] @ptr_6 [SL:CONTENT_EXACT @ptr_7 @ptr_8 @ptr_9 @ptr_10 @ptr_11 @ptr_12 @ptr_13 @ptr_14 @ptr_15 @ptr_16 @ptr_17 @ptr_18 SL:CONTENT_EXACT] @ptr_19 IN:SEND_MESSAGE]
WhatsApp texts from Paul ?	Wh ats App Ġtexts Ġfrom ĠPaul Ġ?	[IN:GET_MESSAGE [SL:RESOURCE @ptr_0 @ptr_1 @ptr_2 SL:RESOURCE] @ptr_3 @ptr_4 [SL:SENDER @ptr_5 SL:SENDER] @ptr_6 IN:GET_MESSAGE]
Send a message to all my work contacts that I am out of the office	Send Ġa Ġmessage Ġto Ġall Ġmy Ġwork Ġcontacts Ġthat ĠI Ġam Ġout Ġof Ġthe Ġoffice	[IN:SEND_MESSAGE @ptr_0 @ptr_1 @ptr_2 @ptr_3 [SL:RECIPIENT [IN:GET_CONTACT [SL:AMOUNT @ptr_4 SL:AMOUNT] [SL:CONTACT_RELATED @ptr_5 SL:CONTACT_RELATED] [SL:MUTUAL_EMPLOYER @ptr_6 SL:MUTUAL_EMPLOYER] @ptr_7 IN:GET_CONTACT] SL:RECIPIENT] @ptr_8 [SL:CONTENT_EXACT @ptr_9 @ptr_10 @ptr_11 @ptr_12 @ptr_13 @ptr_14 SL:CONTENT_EXACT] IN:SEND_MESSAGE]
Please message Mathieu on Messenger : where are you gonna spend Christmas ?	Please Ġmessage ĠMath ieu Ġon ĠMessenger Ġ: Ġwhere Ġare Ġyou Ġgonna Ġspend ĠChristmas Ġ?	[IN:SEND_MESSAGE @ptr_0 @ptr_1 [SL:RECIPIENT @ptr_2 @ptr_3 SL:RECIPIENT] @ptr_4 [SL:RESOURCE @ptr_5 SL:RESOURCE] @ptr_6 [SL:CONTENT_EXACT @ptr_7 @ptr_8 @ptr_9 @ptr_10 @ptr_11 @ptr_12 SL:CONTENT_EXACT] @ptr_13 IN:SEND_MESSAGE]
Message my school friends to ask when our next reunion will be .	Message Ġmy Ġschool Ġfriends Ġto Ġask Ġwhen Ġour Ġnext Ġreunion Ġwill Ġbe Ġ.	[IN:SEND_MESSAGE @ptr_0 [SL:RECIPIENT [IN:GET_CONTACT [SL:CONTACT_RELATED @ptr_1 SL:CONTACT_RELATED] [SL:MUTUAL_SCHOOL @ptr_2 SL:MUTUAL_SCHOOL] [SL:TYPE_RELATION @ptr_3 SL:TYPE_RELATION] IN:GET_CONTACT] SL:RECIPIENT] @ptr_4 @ptr_5 [SL:CONTENT_EXACT @ptr_6 @ptr_7 @ptr_8 @ptr_9 @ptr_10 @ptr_11 SL:CONTENT_EXACT] @ptr_12 IN:SEND_MESSAGE]
Text all my lesbian friends that we are leaving for pride at 7 am	Text Ġall Ġmy Ġlesbian Ġfriends Ġthat Ġwe Ġare Ġleaving Ġfor Ġpride Ġat Ġ7 Ġam	[IN:SEND_MESSAGE @ptr_0 @ptr_1 [SL:RECIPIENT [IN:GET_CONTACT [SL:CONTACT_RELATED @ptr_2 SL:CONTACT_RELATED] [SL:TYPE_INFO @ptr_3 SL:TYPE_INFO] [SL:TYPE_RELATION @ptr_4 SL:TYPE_RELATION] IN:GET_CONTACT] SL:RECIPIENT] @ptr_5 [SL:CONTENT_EXACT @ptr_6 @ptr_7 @ptr_8 @ptr_9 @ptr_10 @ptr_11 @ptr_12 @ptr_13 SL:CONTENT_EXACT] IN:SEND_MESSAGE]
Send both an e - mail and text to my local friends that Baskin Robbins is having a July 4th sale event .	Send Ġboth Ġan Ġe Ġ- Ġmail Ġand Ġtext Ġto Ġmy Ġlocal Ġfriends Ġthat ĠB ask in ĠRobbins Ġis Ġhaving Ġa ĠJuly Ġ4 th Ġsale Ġevent Ġ.	[IN:SEND_MESSAGE @ptr_0 @ptr_1 @ptr_2 @ptr_3 @ptr_4 @ptr_5 @ptr_6 @ptr_7 @ptr_8 [SL:RECIPIENT [IN:GET_CONTACT [SL:CONTACT_RELATED @ptr_9 SL:CONTACT_RELATED] [SL:MUTUAL_LOCATION @ptr_10 SL:MUTUAL_LOCATION] [SL:TYPE_RELATION @ptr_11 SL:TYPE_RELATION] IN:GET_CONTACT] SL:RECIPIENT] @ptr_12 [SL:CONTENT_EXACT @ptr_13 @ptr_14 @ptr_15 @ptr_16 @ptr_17 @ptr_18 @ptr_19 @ptr_20 @ptr_21 @ptr_22 @ptr_23 @ptr_24 SL:CONTENT_EXACT] @ptr_25 IN:SEND_MESSAGE]
show unread messages	show Ġun read Ġmessages	[IN:GET_MESSAGE @ptr_0 [SL:TAG_MESSAGE @ptr_1 @ptr_2 SL:TAG_MESSAGE] @ptr_3 IN:GET_MESSAGE]
I want to record a group video message for Anne Stanton , Kenna Haj and Nancy Karras .	I Ġwant Ġto Ġrecord Ġa Ġgroup Ġvideo Ġmessage Ġfor ĠAnne ĠStanton Ġ, ĠKenn a ĠHaj Ġand ĠNancy ĠK arr as Ġ.	[IN:UNSUPPORTED_MESSAGING @ptr_0 @ptr_1 @ptr_2 @ptr_3 @ptr_4 @ptr_5 @ptr_6 @ptr_7 @ptr_8 @ptr_9 @ptr_10 @ptr_11 @ptr_12 @ptr_13 @ptr_14 @ptr_15 @ptr_16 @ptr_17 @ptr_18 @ptr_19 @ptr_20 IN:UNSUPPORTED_MESSAGING]
disregard	dis reg ard	[IN:IGNORE_MESSAGE @ptr_0 @ptr_1 @ptr_2 IN:IGNORE_MESSAGE]
Can you send a WhatsApp to my grandpa asking him if he wants food ?	Can Ġyou Ġsend Ġa ĠWhatsApp Ġto Ġmy Ġgrand pa Ġasking Ġhim Ġif Ġhe Ġwants Ġfood Ġ?	[IN:SEND_TEXT_MESSAGE @ptr_0 @ptr_1 @ptr_2 @ptr_3 [SL:RESOURCE @ptr_4 SL:RESOURCE] @ptr_5 [SL:RECIPIENT [IN:GET_CONTACT [SL:CONTACT_RELATED @ptr_6 SL:CONTACT_RELATED] [SL:TYPE_RELATION @ptr_7 @ptr_8 SL:TYPE_RELATION] IN:GET_CONTACT] SL:RECIPIENT] @ptr_9 @ptr_10 @ptr_11 [SL:CONTENT_EXACT @ptr_12 @ptr_13 @ptr_14 SL:CONTENT_EXACT] @ptr_15 IN:SEND_TEXT_MESSAGE]
Text my current location to my little sister .	Text Ġmy Ġcurrent Ġlocation Ġto Ġmy Ġlittle Ġsister Ġ.	[IN:SEND_MESSAGE @ptr_0 [SL:CONTENT_EXACT @ptr_1 @ptr_2 @ptr_3 SL:CONTENT_EXACT] @ptr_4 [SL:RECIPIENT [IN:GET_CONTACT [SL:CONTACT_RELATED @ptr_5 SL:CONTACT_RELATED] [SL:AGE @ptr_6 SL:AGE] [SL:TYPE_RELATION @ptr_7 SL:TYPE_RELATION] IN:GET_CONTACT] SL:RECIPIENT] @ptr_8 IN:SEND_MESSAGE]
