how long is it going to take to get home	how Ġlong Ġis Ġit Ġgoing Ġto Ġtake Ġto Ġget Ġhome	[IN:GET_ESTIMATED_DURATION @ptr_0 @ptr_1 @ptr_2 @ptr_3 @ptr_4 @ptr_5 @ptr_6 @ptr_7 @ptr_8 [SL:DESTINATION [IN:GET_LOCATION_HOME @ptr_9 IN:GET_LOCATION_HOME] SL:DESTINATION] IN:GET_ESTIMATED_DURATION]
What is the traffic like driving from Maine to Minnesota	What Ġis Ġthe Ġtraffic Ġlike Ġdriving Ġfrom ĠMaine Ġto ĠMinnesota	[IN:GET_INFO_TRAFFIC @ptr_0 @ptr_1 @ptr_2 @ptr_3 @ptr_4 [SL:METHOD_TRAVEL @ptr_5 SL:METHOD_TRAVEL] @ptr_6 [SL:SOURCE @ptr_7 SL:SOURCE] @ptr_8 [SL:DESTINATION @ptr_9 SL:DESTINATION] IN:GET_INFO_TRAFFIC]
tell me how far orlando is from tampa	tell Ġme Ġhow Ġfar Ġor lando Ġis Ġfrom Ġt ampa	[IN:GET_DISTANCE @ptr_0 @ptr_1 @ptr_2 @ptr_3 [SL:SOURCE @ptr_4 @ptr_5 SL:SOURCE] @ptr_6 @ptr_7 [SL:DESTINATION @ptr_8 @ptr_9 SL:DESTINATION] IN:GET_DISTANCE]
How long will it take me to dive from Shreveport to Dallas	How Ġlong Ġwill Ġit Ġtake Ġme Ġto Ġdive Ġfrom ĠSh reve port Ġto ĠDallas	[IN:GET_ESTIMATED_DURATION @ptr_0 @ptr_1 @ptr_2 @ptr_3 @ptr_4 @ptr_5 @ptr_6 [SL:METHOD_TRAVEL @ptr_7 SL:METHOD_TRAVEL] @ptr_8 [SL:SOURCE @ptr_9 @ptr_10 @ptr_11 SL:SOURCE] @ptr_12 [SL:DESTINATION @ptr_13 SL:DESTINATION] IN:GET_ESTIMATED_DURATION]
Should I wait to leave for San Francisco until after rush hour ?	Should ĠI Ġwait Ġto Ġleave Ġfor ĠSan ĠFrancisco Ġuntil Ġafter Ġrush Ġhour Ġ?	[IN:UNSUPPORTED_NAVIGATION @ptr_0 @ptr_1 @ptr_2 @ptr_3 @ptr_4 @ptr_5 @ptr_6 @ptr_7 @ptr_8 @ptr_9 @ptr_10 @ptr_11 @ptr_12 IN:UNSUPPORTED_NAVIGATION]
when will we get to the next gas station .	when Ġwill Ġwe Ġget Ġto Ġthe Ġnext Ġgas Ġstation Ġ.	[IN:GET_ESTIMATED_ARRIVAL @ptr_0 @ptr_1 @ptr_2 @ptr_3 @ptr_4 [SL:DESTINATION [IN:GET_LOCATION @ptr_5 [SL:LOCATION_MODIFIER @ptr_6 SL:LOCATION_MODIFIER] [SL:CATEGORY_LOCATION @ptr_7 @ptr_8 SL:CATEGORY_LOCATION] IN:GET_LOCATION] SL:DESTINATION] @ptr_9 IN:GET_ESTIMATED_ARRIVAL]
Is the Trenton makes bridge closed today because of construction ?	Is Ġthe ĠTrent on Ġmakes Ġbridge Ġclosed Ġtoday Ġbecause Ġof Ġconstruction Ġ?	[IN:GET_INFO_TRAFFIC @ptr_0 [SL:LOCATION [IN:GET_LOCATION [SL:POINT_ON_MAP @ptr_1 @ptr_2 @ptr_3 @ptr_4 @ptr_5 SL:POINT_ON_MAP] IN:GET_LOCATION] SL:LOCATION] @ptr_6 [SL:DATE_TIME @ptr_7 SL:DATE_TIME] @ptr_8 @ptr_9 @ptr_10 @ptr_11 IN:GET_INFO_TRAFFIC]
How can I get home without taking the freeway from here ?	How Ġcan ĠI Ġget Ġhome Ġwithout Ġtaking Ġthe Ġfreeway Ġfrom Ġhere Ġ?	[IN:GET_DIRECTIONS @ptr_0 @ptr_1 @ptr_2 @ptr_3 [SL:DESTINATION [IN:GET_LOCATION_HOME @ptr_4 IN:GET_LOCATION_HOME] SL:DESTINATION] @ptr_5 @ptr_6 [SL:PATH_AVOID [IN:GET_LOCATION [SL:CATEGORY_LOCATION @ptr_7 @ptr_8 SL:CATEGORY_LOCATION] IN:GET_LOCATION] SL:PATH_AVOID] @ptr_9 [SL:SOURCE [IN:GET_LOCATION [SL:LOCATION_USER @ptr_10 SL:LOCATION_USER] IN:GET_LOCATION] SL:SOURCE] @ptr_11 IN:GET_DIRECTIONS]
If I take the toll roads will I make it to the Art Institute Chicago by 11 ?	If ĠI Ġtake Ġthe Ġtoll Ġroads Ġwill ĠI Ġmake Ġit Ġto Ġthe ĠArt ĠInstitute ĠChicago Ġby Ġ11 Ġ?	[IN:GET_ESTIMATED_ARRIVAL @ptr_0 @ptr_1 @ptr_2 [SL:PATH [IN:GET_LOCATION [SL:CATEGORY_LOCATION @ptr_3 @ptr_4 @ptr_5 SL:CATEGORY_LOCATION] IN:GET_LOCATION] SL:PATH] @ptr_6 @ptr_7 @ptr_8 @ptr_9 @ptr_10 [SL:DESTINATION [IN:GET_LOCATION [SL:POINT_ON_MAP @ptr_11 @ptr_12 @ptr_13 @ptr_14 SL:POINT_ON_MAP] IN:GET_LOCATION] SL:DESTINATION] [SL:DATE_TIME_ARRIVAL @ptr_15 @ptr_16 SL:DATE_TIME_ARRIVAL] @ptr_17 IN:GET_ESTIMATED_ARRIVAL]
How long will the drive be from here to Madison square garden after 5 pm ?	How Ġlong Ġwill Ġthe Ġdrive Ġbe Ġfrom Ġhere Ġto ĠMadison Ġsquare Ġgarden Ġafter Ġ5 Ġpm Ġ?	[IN:GET_ESTIMATED_DURATION @ptr_0 @ptr_1 @ptr_2 @ptr_3 [SL:METHOD_TRAVEL @ptr_4 SL:METHOD_TRAVEL] @ptr_5 @ptr_6 [SL:SOURCE [IN:GET_LOCATION [SL:LOCATION_USER @ptr_7 SL:LOCATION_USER] IN:GET_LOCATION] SL:SOURCE] @ptr_8 [SL:DESTINATION [IN:GET_LOCATION [SL:POINT_ON_MAP @ptr_9 @ptr_10 @ptr_11 SL:POINT_ON_MAP] IN:GET_LOCATION] SL:DESTINATION] [SL:DATE_TIME_DEPARTURE @ptr_12 @ptr_13 @ptr_14 SL:DATE_TIME_DEPARTURE] @ptr_15 IN:GET_ESTIMATED_DURATION]
If I want to go to the kid rock concert in Philadelphia at the Wells Fargo Center on Tuesday , what time should I leave work	If ĠI Ġwant Ġto Ġgo Ġto Ġthe Ġkid Ġrock Ġconcert Ġin ĠPhiladelphia Ġat Ġthe ĠWells ĠFargo ĠCenter Ġon ĠTuesday Ġ, Ġwhat Ġtime Ġshould ĠI Ġleave Ġwork	[IN:GET_ESTIMATED_DEPARTURE @ptr_0 @ptr_1 @ptr_2 @ptr_3 @ptr_4 @ptr_5 [SL:DESTINATION [IN:GET_EVENT @ptr_6 [SL:NAME_EVENT @ptr_7 @ptr_8 SL:NAME_EVENT] [SL:CATEGORY_EVENT @ptr_9 SL:CATEGORY_EVENT] @ptr_10 [SL:LOCATION [IN:GET_LOCATION [SL:LOCATION_MODIFIER @ptr_11 SL:LOCATION_MODIFIER] @ptr_12 [SL:POINT_ON_MAP @ptr_13 @ptr_14 @ptr_15 @ptr_16 SL:POINT_ON_MAP] IN:GET_LOCATION] SL:LOCATION] [SL:DATE_TIME @ptr_17 @ptr_18 SL:DATE_TIME] IN:GET_EVENT] SL:DESTINATION] @ptr_19 @ptr_20 @ptr_21 @ptr_22 @ptr_23 @ptr_24 [SL:SOURCE [IN:GET_LOCATION_WORK @ptr_25 IN:GET_LOCATION_WORK] SL:SOURCE] IN:GET_ESTIMATED_DEPARTURE]
If we leave Jacks house at 7 what time will get get to Dads new place ?	If Ġwe Ġleave ĠJack s Ġhouse Ġat Ġ7 Ġwhat Ġtime Ġwill Ġget Ġget Ġto ĠD ads Ġnew Ġplace Ġ?	[IN:GET_ESTIMATED_ARRIVAL @ptr_0 @ptr_1 @ptr_2 [SL:SOURCE [IN:GET_LOCATION_HOME [SL:CONTACT @ptr_3 @ptr_4 SL:CONTACT] @ptr_5 IN:GET_LOCATION_HOME] SL:SOURCE] [SL:DATE_TIME_DEPARTURE @ptr_6 @ptr_7 SL:DATE_TIME_DEPARTURE] @ptr_8 @ptr_9 @ptr_10 @ptr_11 @ptr_12 @ptr_13 [SL:DESTINATION [IN:GET_LOCATION_HOME [SL:TYPE_RELATION @ptr_14 @ptr_15 SL:TYPE_RELATION] @ptr_16 @ptr_17 IN:GET_LOCATION_HOME] SL:DESTINATION] @ptr_18 IN:GET_ESTIMATED_ARRIVAL]
how long will my drive to my dad 's be if I leave Corona at 7 am	how Ġlong Ġwill Ġmy Ġdrive Ġto Ġmy Ġdad Ġ' s Ġbe Ġif ĠI Ġleave ĠCorona Ġat Ġ7 Ġam	[IN:GET_ESTIMATED_DURATION @ptr_0 @ptr_1 @ptr_2 @ptr_3 [SL:METHOD_TRAVEL @ptr_4 SL:METHOD_TRAVEL] @ptr_5 [SL:DESTINATION [IN:GET_LOCATION_HOME [SL:CONTACT_RELATED @ptr_6 SL:CONTACT_RELATED] [SL:TYPE_RELATION @ptr_7 SL:TYPE_RELATION] IN:GET_LOCATION_HOME] SL:DESTINATION] @ptr_8 @ptr_9 @ptr_10 @ptr_11 @ptr_12 @ptr_13 [SL:SOURCE @ptr_14 SL:SOURCE] [SL:DATE_TIME_DEPARTURE @ptr_15 @ptr_16 @ptr_17 SL:DATE_TIME_DEPARTURE] IN:GET_ESTIMATED_DURATION]
What is my expected arrival time to Phoenix airport	What Ġis Ġmy Ġexpected Ġarrival Ġtime Ġto ĠPhoenix Ġairport	[IN:GET_ESTIMATED_ARRIVAL @ptr_0 @ptr_1 @ptr_2 @ptr_3 @ptr_4 @ptr_5 @ptr_6 [SL:DESTINATION [IN:GET_LOCATION [SL:POINT_ON_MAP @ptr_7 @ptr_8 SL:POINT_ON_MAP] IN:GET_LOCATION] SL:DESTINATION] IN:GET_ESTIMATED_ARRIVAL]
What is traffic like on the way to the airport	What Ġis Ġtraffic Ġlike Ġon Ġthe Ġway Ġto Ġthe Ġairport	[IN:GET_INFO_TRAFFIC @ptr_0 @ptr_1 @ptr_2 @ptr_3 @ptr_4 @ptr_5 @ptr_6 @ptr_7 [SL:DESTINATION [IN:GET_LOCATION [SL:CATEGORY_LOCATION @ptr_8 @ptr_9 SL:CATEGORY_LOCATION] IN:GET_LOCATION] SL:DESTINATION] IN:GET_INFO_TRAFFIC]
Direction from Vegas to LA avoiding the 15	D irection Ġfrom ĠVegas Ġto ĠLA Ġavoiding Ġthe Ġ15	[IN:GET_DIRECTIONS @ptr_0 @ptr_1 @ptr_2 [SL:SOURCE @ptr_3 SL:SOURCE] @ptr_4 [SL:DESTINATION @ptr_5 SL:DESTINATION] @ptr_6 [SL:PATH_AVOID @ptr_7 @ptr_8 SL:PATH_AVOID] IN:GET_DIRECTIONS]
how long will it take me to get home from work if i take the highway	how Ġlong Ġwill Ġit Ġtake Ġme Ġto Ġget Ġhome Ġfrom Ġwork Ġif Ġi Ġtake Ġthe Ġhighway	[IN:GET_ESTIMATED_DURATION @ptr_0 @ptr_1 @ptr_2 @ptr_3 @ptr_4 @ptr_5 @ptr_6 @ptr_7 [SL:DESTINATION [IN:GET_LOCATION_HOME @ptr_8 IN:GET_LOCATION_HOME] SL:DESTINATION] @ptr_9 [SL:SOURCE [IN:GET_LOCATION_WORK @ptr_10 IN:GET_LOCATION_WORK] SL:SOURCE] @ptr_11 @ptr_12 @ptr_13 [SL:PATH [IN:GET_LOCATION [SL:CATEGORY_LOCATION @ptr_14 @ptr_15 SL:CATEGORY_LOCATION] IN:GET_LOCATION] SL:PATH] IN:GET_ESTIMATED_DURATION]
How long will the drive to the Federal Building in DTLA be this afternoon ?	How Ġlong Ġwill Ġthe Ġdrive Ġto Ġthe ĠFederal ĠBuilding Ġin ĠDT LA Ġbe Ġthis Ġafternoon Ġ?	[IN:GET_ESTIMATED_DURATION @ptr_0 @ptr_1 @ptr_2 @ptr_3 [SL:METHOD_TRAVEL @ptr_4 SL:METHOD_TRAVEL] @ptr_5 [SL:DESTINATION [IN:GET_LOCATION [SL:POINT_ON_MAP @ptr_6 @ptr_7 @ptr_8 SL:POINT_ON_MAP] @ptr_9 [SL:LOCATION_MODIFIER @ptr_10 @ptr_11 SL:LOCATION_MODIFIER] IN:GET_LOCATION] SL:DESTINATION] @ptr_12 [SL:DATE_TIME_DEPARTURE @ptr_13 @ptr_14 SL:DATE_TIME_DEPARTURE] @ptr_15 IN:GET_ESTIMATED_DURATION]
how long will it take me to get to my brother Bob 's work in Seattle	how Ġlong Ġwill Ġit Ġtake Ġme Ġto Ġget Ġto Ġmy Ġbrother ĠBob Ġ' s Ġwork Ġin ĠSeattle	[IN:GET_ESTIMATED_DURATION @ptr_0 @ptr_1 @ptr_2 @ptr_3 @ptr_4 @ptr_5 @ptr_6 @ptr_7 @ptr_8 [SL:DESTINATION [IN:GET_LOCATION_WORK [SL:CONTACT_RELATED @ptr_9 SL:CONTACT_RELATED] [SL:TYPE_RELATION @ptr_10 SL:TYPE_RELATION] [SL:CONTACT @ptr_11 SL:CONTACT] @ptr_12 @ptr_13 @ptr_14 @ptr_15 [SL:LOCATION [IN:GET_LOCATION [SL:LOCATION_MODIFIER @ptr_16 SL:LOCATION_MODIFIER] IN:GET_LOCATION] SL:LOCATION] IN:GET_LOCATION_WORK] SL:DESTINATION] IN:GET_ESTIMATED_DURATION]
The Red Wings are playing at the LCA what time should I leave home to get there at 7 PM	The ĠRed ĠWings Ġare Ġplaying Ġat Ġthe ĠL CA Ġwhat Ġtime Ġshould ĠI Ġleave Ġhome Ġto Ġget Ġthere Ġat Ġ7 ĠPM	[IN:GET_ESTIMATED_DEPARTURE [SL:DESTINATION [IN:GET_EVENT [SL:NAME_EVENT @ptr_0 @ptr_1 @ptr_2 SL:NAME_EVENT] @ptr_3 [SL:CATEGORY_EVENT @ptr_4 SL:CATEGORY_EVENT] @ptr_5 [SL:LOCATION @ptr_6 @ptr_7 @ptr_8 SL:LOCATION] IN:GET_EVENT] SL:DESTINATION] @ptr_9 @ptr_10 @ptr_11 @ptr_12 @ptr_13 [SL:SOURCE [IN:GET_LOCATION_HOME @ptr_14 IN:GET_LOCATION_HOME] SL:SOURCE] @ptr_15 @ptr_16 @ptr_17 [SL:DATE_TIME_ARRIVAL @ptr_18 @ptr_19 @ptr_20 SL:DATE_TIME_ARRIVAL] IN:GET_ESTIMATED_DEPARTURE]
How long will it take me to get to the office from home at 7 am if I don't take the freeway ?	How Ġlong Ġwill Ġit Ġtake Ġme Ġto Ġget Ġto Ġthe Ġoffice Ġfrom Ġhome Ġat Ġ7 Ġam Ġif ĠI Ġdon 't Ġtake Ġthe Ġfreeway Ġ?	[IN:GET_ESTIMATED_DURATION @ptr_0 @ptr_1 @ptr_2 @ptr_3 @ptr_4 @ptr_5 @ptr_6 @ptr_7 @ptr_8 [SL:DESTINATION [IN:GET_LOCATION_WORK @ptr_9 @ptr_10 IN:GET_LOCATION_WORK] SL:DESTINATION] @ptr_11 [SL:SOURCE [IN:GET_LOCATION_HOME @ptr_12 IN:GET_LOCATION_HOME] SL:SOURCE] [SL:DATE_TIME_DEPARTURE @ptr_13 @ptr_14 @ptr_15 SL:DATE_TIME_DEPARTURE] @ptr_16 @ptr_17 @ptr_18 @ptr_19 @ptr_20 [SL:PATH_AVOID [IN:GET_LOCATION [SL:CATEGORY_LOCATION @ptr_21 @ptr_22 SL:CATEGORY_LOCATION] IN:GET_LOCATION] SL:PATH_AVOID] @ptr_23 IN:GET_ESTIMATED_DURATION]
traffic on Highway 24 Gloster , MS	tra ffic Ġon ĠHighway Ġ24 ĠGl oster Ġ, ĠMS	[IN:GET_INFO_TRAFFIC @ptr_0 @ptr_1 @ptr_2 [SL:LOCATION [IN:GET_LOCATION [SL:LOCATION @ptr_3 @ptr_4 SL:LOCATION] [SL:LOCATION_MODIFIER @ptr_5 @ptr_6 @ptr_7 @ptr_8 SL:LOCATION_MODIFIER] IN:GET_LOCATION] SL:LOCATION] IN:GET_INFO_TRAFFIC]
is there a lot of traffic neat the bay	is Ġthere Ġa Ġlot Ġof Ġtraffic Ġneat Ġthe Ġbay	[IN:GET_INFO_TRAFFIC @ptr_0 @ptr_1 @ptr_2 @ptr_3 @ptr_4 @ptr_5 [SL:LOCATION [IN:GET_LOCATION [SL:LOCATION_MODIFIER [IN:GET_LOCATION [SL:SEARCH_RADIUS @ptr_6 SL:SEARCH_RADIUS] [SL:CATEGORY_LOCATION @ptr_7 @ptr_8 SL:CATEGORY_LOCATION] IN:GET_LOCATION] SL:LOCATION_MODIFIER] IN:GET_LOCATION] SL:LOCATION] IN:GET_INFO_TRAFFIC]
Is there flooding on the freeway right now ?	Is Ġthere Ġflooding Ġon Ġthe Ġfreeway Ġright Ġnow Ġ?	[IN:GET_INFO_ROAD_CONDITION @ptr_0 @ptr_1 [SL:ROAD_CONDITION @ptr_2 SL:ROAD_CONDITION] @ptr_3 [SL:LOCATION [IN:GET_LOCATION [SL:CATEGORY_LOCATION @ptr_4 @ptr_5 SL:CATEGORY_LOCATION] IN:GET_LOCATION] SL:LOCATION] [SL:DATE_TIME @ptr_6 @ptr_7 SL:DATE_TIME] @ptr_8 IN:GET_INFO_ROAD_CONDITION]
What route should I take from the doctor to home to avoid the flood ?	What Ġroute Ġshould ĠI Ġtake Ġfrom Ġthe Ġdoctor Ġto Ġhome Ġto Ġavoid Ġthe Ġflood Ġ?	[IN:GET_DIRECTIONS @ptr_0 @ptr_1 @ptr_2 @ptr_3 @ptr_4 @ptr_5 [SL:SOURCE [IN:GET_LOCATION [SL:CATEGORY_LOCATION @ptr_6 @ptr_7 SL:CATEGORY_LOCATION] IN:GET_LOCATION] SL:SOURCE] @ptr_8 [SL:DESTINATION [IN:GET_LOCATION_HOME @ptr_9 IN:GET_LOCATION_HOME] SL:DESTINATION] @ptr_10 @ptr_11 [SL:ROAD_CONDITION_AVOID @ptr_12 @ptr_13 SL:ROAD_CONDITION_AVOID] @ptr_14 IN:GET_DIRECTIONS]
I need to know how long it'll take me to get to my meeting if I leave work at 4 pm .	I Ġneed Ġto Ġknow Ġhow Ġlong Ġit 'll Ġtake Ġme Ġto Ġget Ġto Ġmy Ġmeeting Ġif ĠI Ġleave Ġwork Ġat Ġ4 Ġpm Ġ.	[IN:GET_ESTIMATED_DURATION @ptr_0 @ptr_1 @ptr_2 @ptr_3 @ptr_4 @ptr_5 @ptr_6 @ptr_7 @ptr_8 @ptr_9 @ptr_10 @ptr_11 @ptr_12 [SL:DESTINATION [IN:GET_EVENT [SL:ORGANIZER_EVENT @ptr_13 SL:ORGANIZER_EVENT] [SL:CATEGORY_EVENT @ptr_14 SL:CATEGORY_EVENT] IN:GET_EVENT] SL:DESTINATION] @ptr_15 @ptr_16 @ptr_17 [SL:SOURCE [IN:GET_LOCATION_WORK @ptr_18 IN:GET_LOCATION_WORK] SL:SOURCE] [SL:DATE_TIME_DEPARTURE @ptr_19 @ptr_20 @ptr_21 SL:DATE_TIME_DEPARTURE] @ptr_22 IN:GET_ESTIMATED_DURATION]
What time should I leave to make it to the Pitbull concert by 8 pm ?	What Ġtime Ġshould ĠI Ġleave Ġto Ġmake Ġit Ġto Ġthe ĠPit bull Ġconcert Ġby Ġ8 Ġpm Ġ?	[IN:GET_ESTIMATED_DEPARTURE @ptr_0 @ptr_1 @ptr_2 @ptr_3 @ptr_4 @ptr_5 @ptr_6 @ptr_7 @ptr_8 [SL:DESTINATION [IN:GET_EVENT @ptr_9 [SL:NAME_EVENT @ptr_10 @ptr_11 SL:NAME_EVENT] [SL:CATEGORY_EVENT @ptr_12 SL:CATEGORY_EVENT] IN:GET_EVENT] SL:DESTINATION] [SL:DATE_TIME_ARRIVAL @ptr_13 @ptr_14 @ptr_15 SL:DATE_TIME_ARRIVAL] @ptr_16 IN:GET_ESTIMATED_DEPARTURE]
How far is the airport	How Ġfar Ġis Ġthe Ġairport	[IN:GET_DISTANCE @ptr_0 @ptr_1 @ptr_2 [SL:DESTINATION [IN:GET_LOCATION [SL:CATEGORY_LOCATION @ptr_3 @ptr_4 SL:CATEGORY_LOCATION] IN:GET_LOCATION] SL:DESTINATION] IN:GET_DISTANCE]
How far in miles is it between Atlanta and Detroit	How Ġfar Ġin Ġmiles Ġis Ġit Ġbetween ĠAtlanta Ġand ĠDetroit	[IN:GET_DISTANCE @ptr_0 @ptr_1 @ptr_2 [SL:UNIT_DISTANCE @ptr_3 SL:UNIT_DISTANCE] @ptr_4 @ptr_5 @ptr_6 [SL:SOURCE @ptr_7 SL:SOURCE] @ptr_8 [SL:DESTINATION @ptr_9 SL:DESTINATION] IN:GET_DISTANCE]
how long will it take me to get home from my meeting at 6 pm if I avoid major roads	how Ġlong Ġwill Ġit Ġtake Ġme Ġto Ġget Ġhome Ġfrom Ġmy Ġmeeting Ġat Ġ6 Ġpm Ġif ĠI Ġavoid Ġmajor Ġroads	[IN:GET_ESTIMATED_DURATION @ptr_0 @ptr_1 @ptr_2 @ptr_3 @ptr_4 @ptr_5 @ptr_6 @ptr_7 [SL:DESTINATION [IN:GET_LOCATION_HOME @ptr_8 IN:GET_LOCATION_HOME] SL:DESTINATION] @ptr_9 [SL:SOURCE [IN:GET_EVENT [SL:ORGANIZER_EVENT @ptr_10 SL:ORGANIZER_EVENT] [SL:CATEGORY_EVENT @ptr_11 SL:CATEGORY_EVENT] [SL:DATE_TIME @ptr_12 @ptr_13 @ptr_14 SL:DATE_TIME] IN:GET_EVENT] SL:SOURCE] @ptr_15 @ptr_16 @ptr_17 [SL:PATH_AVOID [IN:GET_LOCATION [SL:CATEGORY_LOCATION @ptr_18 @ptr_19 SL:CATEGORY_LOCATION] IN:GET_LOCATION] SL:PATH_AVOID] IN:GET_ESTIMATED_DURATION]
how far is St Louis from here	how Ġfar Ġis ĠSt ĠLouis Ġfrom Ġhere	[IN:GET_DISTANCE @ptr_0 @ptr_1 @ptr_2 [SL:DESTINATION @ptr_3 @ptr_4 SL:DESTINATION] @ptr_5 [SL:SOURCE [IN:GET_LOCATION [SL:LOCATION_USER @ptr_6 SL:LOCATION_USER] IN:GET_LOCATION] SL:SOURCE] IN:GET_DISTANCE]
Is there another way around the detour to the Blake Sheldon concert	Is Ġthere Ġanother Ġway Ġaround Ġthe Ġdet our Ġto Ġthe ĠBlake ĠSheldon Ġconcert	[IN:GET_DIRECTIONS @ptr_0 @ptr_1 @ptr_2 @ptr_3 @ptr_4 [SL:PATH_AVOID @ptr_5 @ptr_6 @ptr_7 SL:PATH_AVOID] @ptr_8 [SL:DESTINATION [IN:GET_EVENT @ptr_9 [SL:NAME_EVENT @ptr_10 @ptr_11 SL:NAME_EVENT] [SL:CATEGORY_EVENT @ptr_12 SL:CATEGORY_EVENT] IN:GET_EVENT] SL:DESTINATION] IN:GET_DIRECTIONS]
can i continue on my route another way using only state roads and county roads	can Ġi Ġcontinue Ġon Ġmy Ġroute Ġanother Ġway Ġusing Ġonly Ġstate Ġroads Ġand Ġcounty Ġroads	[IN:UPDATE_DIRECTIONS @ptr_0 @ptr_1 @ptr_2 @ptr_3 @ptr_4 @ptr_5 @ptr_6 @ptr_7 @ptr_8 @ptr_9 [SL:PATH [IN:GET_LOCATION [SL:CATEGORY_LOCATION @ptr_10 @ptr_11 SL:CATEGORY_LOCATION] IN:GET_LOCATION] SL:PATH] @ptr_12 [SL:PATH [IN:GET_LOCATION [SL:CATEGORY_LOCATION @ptr_13 @ptr_14 SL:CATEGORY_LOCATION] IN:GET_LOCATION] SL:PATH] IN:UPDATE_DIRECTIONS]
How can i avoid the accident that 's on my way to school	How Ġcan Ġi Ġavoid Ġthe Ġaccident Ġthat Ġ' s Ġon Ġmy Ġway Ġto Ġschool	[IN:GET_DIRECTIONS @ptr_0 @ptr_1 @ptr_2 @ptr_3 [SL:OBSTRUCTION_AVOID @ptr_4 @ptr_5 SL:OBSTRUCTION_AVOID] @ptr_6 @ptr_7 @ptr_8 @ptr_9 @ptr_10 @ptr_11 @ptr_12 [SL:DESTINATION [IN:GET_LOCATION_SCHOOL @ptr_13 IN:GET_LOCATION_SCHOOL] SL:DESTINATION] IN:GET_DIRECTIONS]
If I leave at 2 pm will I make it to my hair appointment at 3 , given the roads are icy ?	If ĠI Ġleave Ġat Ġ2 Ġpm Ġwill ĠI Ġmake Ġit Ġto Ġmy Ġhair Ġappointment Ġat Ġ3 Ġ, Ġgiven Ġthe Ġroads Ġare Ġicy Ġ?	[IN:GET_ESTIMATED_ARRIVAL @ptr_0 @ptr_1 @ptr_2 [SL:DATE_TIME_DEPARTURE @ptr_3 @ptr_4 @ptr_5 SL:DATE_TIME_DEPARTURE] @ptr_6 @ptr_7 @ptr_8 @ptr_9 @ptr_10 [SL:DESTINATION [IN:GET_EVENT [SL:ATTENDEE_EVENT @ptr_11 SL:ATTENDEE_EVENT] [SL:CATEGORY_EVENT @ptr_12 @ptr_13 SL:CATEGORY_EVENT] [SL:DATE_TIME @ptr_14 @ptr_15 SL:DATE_TIME] IN:GET_EVENT] SL:DESTINATION] @ptr_16 @ptr_17 @ptr_18 @ptr_19 @ptr_20 [SL:ROAD_CONDITION @ptr_21 SL:ROAD_CONDITION] @ptr_22 IN:GET_ESTIMATED_ARRIVAL]
How can i get to mom 's without using the freeway	How Ġcan Ġi Ġget Ġto Ġmom Ġ' s Ġwithout Ġusing Ġthe Ġfreeway	[IN:GET_DIRECTIONS @ptr_0 @ptr_1 @ptr_2 @ptr_3 @ptr_4 [SL:DESTINATION [IN:GET_LOCATION_HOME [SL:TYPE_RELATION @ptr_5 SL:TYPE_RELATION] IN:GET_LOCATION_HOME] SL:DESTINATION] @ptr_6 @ptr_7 @ptr_8 @ptr_9 [SL:PATH_AVOID [IN:GET_LOCATION [SL:CATEGORY_LOCATION @ptr_10 @ptr_11 SL:CATEGORY_LOCATION] IN:GET_LOCATION] SL:PATH_AVOID] IN:GET_DIRECTIONS]
Directions to my mom 's house .	Direct ions Ġto Ġmy Ġmom Ġ' s Ġhouse Ġ.	[IN:GET_DIRECTIONS @ptr_0 @ptr_1 @ptr_2 [SL:DESTINATION [IN:GET_LOCATION_HOME [SL:CONTACT_RELATED @ptr_3 SL:CONTACT_RELATED] [SL:TYPE_RELATION @ptr_4 SL:TYPE_RELATION] @ptr_5 @ptr_6 @ptr_7 IN:GET_LOCATION_HOME] SL:DESTINATION] @ptr_8 IN:GET_DIRECTIONS]
when should I move if I wanted to catch my father 's birthday today at 9 pm	when Ġshould ĠI Ġmove Ġif ĠI Ġwanted Ġto Ġcatch Ġmy Ġfather Ġ' s Ġbirthday Ġtoday Ġat Ġ9 Ġpm	[IN:GET_ESTIMATED_DEPARTURE @ptr_0 @ptr_1 @ptr_2 @ptr_3 @ptr_4 @ptr_5 @ptr_6 @ptr_7 @ptr_8 [SL:DESTINATION [IN:GET_EVENT [SL:ORGANIZER_EVENT [IN:GET_CONTACT [SL:CONTACT_RELATED @ptr_9 SL:CONTACT_RELATED] [SL:TYPE_RELATION @ptr_10 SL:TYPE_RELATION] IN:GET_CONTACT] SL:ORGANIZER_EVENT] @ptr_11 @ptr_12 [SL:CATEGORY_EVENT @ptr_13 SL:CATEGORY_EVENT] [SL:DATE_TIME @ptr_14 @ptr_15 @ptr_16 @ptr_17 SL:DATE_TIME] IN:GET_EVENT] SL:DESTINATION] IN:GET_ESTIMATED_DEPARTURE]
Give me directions to the store on Allen Street from school .	Give Ġme Ġdirections Ġto Ġthe Ġstore Ġon ĠAllen ĠStreet Ġfrom Ġschool Ġ.	[IN:GET_DIRECTIONS @ptr_0 @ptr_1 @ptr_2 @ptr_3 [SL:DESTINATION [IN:GET_LOCATION [SL:CATEGORY_LOCATION @ptr_4 @ptr_5 SL:CATEGORY_LOCATION] @ptr_6 [SL:LOCATION_MODIFIER @ptr_7 @ptr_8 SL:LOCATION_MODIFIER] IN:GET_LOCATION] SL:DESTINATION] @ptr_9 [SL:SOURCE [IN:GET_LOCATION_SCHOOL @ptr_10 IN:GET_LOCATION_SCHOOL] SL:SOURCE] @ptr_11 IN:GET_DIRECTIONS]
Are there any state parks along my route ?	Are Ġthere Ġany Ġstate Ġparks Ġalong Ġmy Ġroute Ġ?	[IN:GET_INFO_ROUTE @ptr_0 @ptr_1 @ptr_2 [SL:WAYPOINT [IN:GET_LOCATION [SL:CATEGORY_LOCATION @ptr_3 @ptr_4 SL:CATEGORY_LOCATION] IN:GET_LOCATION] SL:WAYPOINT] @ptr_5 @ptr_6 @ptr_7 @ptr_8 IN:GET_INFO_ROUTE]
How do I get to Daley Plaza from my house and avoid the flooded streets ?	How Ġdo ĠI Ġget Ġto ĠD aley ĠPlaza Ġfrom Ġmy Ġhouse Ġand Ġavoid Ġthe Ġflooded Ġstreets Ġ?	[IN:GET_DIRECTIONS @ptr_0 @ptr_1 @ptr_2 @ptr_3 @ptr_4 [SL:DESTINATION [IN:GET_LOCATION [SL:POINT_ON_MAP @ptr_5 @ptr_6 @ptr_7 SL:POINT_ON_MAP] IN:GET_LOCATION] SL:DESTINATION] @ptr_8 [SL:SOURCE [IN:GET_LOCATION_HOME [SL:CONTACT @ptr_9 SL:CONTACT] @ptr_10 IN:GET_LOCATION_HOME] SL:SOURCE] @ptr_11 @ptr_12 [SL:ROAD_CONDITION_AVOID @ptr_13 @ptr_14 @ptr_15 SL:ROAD_CONDITION_AVOID] @ptr_16 IN:GET_DIRECTIONS]
Is there a welcome center or rest stop on my way to Little Rock ?	Is Ġthere Ġa Ġwelcome Ġcenter Ġor Ġrest Ġstop Ġon Ġmy Ġway Ġto ĠLittle ĠRock Ġ?	[IN:GET_INFO_ROUTE @ptr_0 @ptr_1 @ptr_2 [SL:WAYPOINT [IN:GET_LOCATION [SL:CATEGORY_LOCATION @ptr_3 @ptr_4 SL:CATEGORY_LOCATION] IN:GET_LOCATION] SL:WAYPOINT] @ptr_5 [SL:WAYPOINT [IN:GET_LOCATION [SL:CATEGORY_LOCATION @ptr_6 @ptr_7 SL:CATEGORY_LOCATION] IN:GET_LOCATION] SL:WAYPOINT] @ptr_8 @ptr_9 @ptr_10 @ptr_11 [SL:DESTINATION @ptr_12 @ptr_13 SL:DESTINATION] @ptr_14 IN:GET_INFO_ROUTE]
what time should i leave to be at work by 9	what Ġtime Ġshould Ġi Ġleave Ġto Ġbe Ġat Ġwork Ġby Ġ9	[IN:GET_ESTIMATED_DEPARTURE @ptr_0 @ptr_1 @ptr_2 @ptr_3 @ptr_4 @ptr_5 @ptr_6 @ptr_7 [SL:DESTINATION [IN:GET_LOCATION_WORK [SL:LOCATION_WORK @ptr_8 SL:LOCATION_WORK] IN:GET_LOCATION_WORK] SL:DESTINATION] [SL:DATE_TIME_ARRIVAL @ptr_9 @ptr_10 SL:DATE_TIME_ARRIVAL] IN:GET_ESTIMATED_DEPARTURE]
What is the best way around Atlanta	What Ġis Ġthe Ġbest Ġway Ġaround ĠAtlanta	[IN:GET_DIRECTIONS @ptr_0 @ptr_1 @ptr_2 @ptr_3 @ptr_4 @ptr_5 [SL:WAYPOINT_AVOID @ptr_6 SL:WAYPOINT_AVOID] IN:GET_DIRECTIONS]
How long will it take to get to the nearest vet 's office from my friend 's farm on old route 6 ?	How Ġlong Ġwill Ġit Ġtake Ġto Ġget Ġto Ġthe Ġnearest Ġvet Ġ' s Ġoffice Ġfrom Ġmy Ġfriend Ġ' s Ġfarm Ġon Ġold Ġroute Ġ6 Ġ?	[IN:GET_ESTIMATED_DURATION @ptr_0 @ptr_1 @ptr_2 @ptr_3 @ptr_4 @ptr_5 @ptr_6 @ptr_7 [SL:DESTINATION [IN:GET_LOCATION @ptr_8 [SL:LOCATION_MODIFIER @ptr_9 SL:LOCATION_MODIFIER] [SL:CATEGORY_LOCATION @ptr_10 @ptr_11 @ptr_12 @ptr_13 SL:CATEGORY_LOCATION] IN:GET_LOCATION] SL:DESTINATION] @ptr_14 [SL:SOURCE [IN:GET_LOCATION_HOME [SL:CONTACT_RELATED @ptr_15 SL:CONTACT_RELATED] [SL:TYPE_RELATION @ptr_16 SL:TYPE_RELATION] @ptr_17 @ptr_18 @ptr_19 @ptr_20 [SL:LOCATION_CURRENT @ptr_21 @ptr_22 @ptr_23 SL:LOCATION_CURRENT] IN:GET_LOCATION_HOME] SL:SOURCE] @ptr_24 IN:GET_ESTIMATED_DURATION]
If I leave at 7 am will I make it to my first meeting with Yasia in the morning , given the construction on I - 90 ?	If ĠI Ġleave Ġat Ġ7 Ġam Ġwill ĠI Ġmake Ġit Ġto Ġmy Ġfirst Ġmeeting Ġwith ĠY asia Ġin Ġthe Ġmorning Ġ, Ġgiven Ġthe Ġconstruction Ġon ĠI Ġ- Ġ90 Ġ?	[IN:GET_ESTIMATED_ARRIVAL @ptr_0 @ptr_1 @ptr_2 [SL:DATE_TIME_DEPARTURE @ptr_3 @ptr_4 @ptr_5 SL:DATE_TIME_DEPARTURE] @ptr_6 @ptr_7 @ptr_8 @ptr_9 @ptr_10 [SL:DESTINATION [IN:GET_EVENT [SL:ORGANIZER_EVENT @ptr_11 SL:ORGANIZER_EVENT] [SL:ORDINAL @ptr_12 SL:ORDINAL] [SL:CATEGORY_EVENT @ptr_13 SL:CATEGORY_EVENT] @ptr_14 [SL:ATTENDEE_EVENT @ptr_15 @ptr_16 SL:ATTENDEE_EVENT] [SL:DATE_TIME @ptr_17 @ptr_18 @ptr_19 SL:DATE_TIME] IN:GET_EVENT] SL:DESTINATION] @ptr_20 @ptr_21 @ptr_22 @ptr_23 @ptr_24 @ptr_25 @ptr_26 @ptr_27 @ptr_28 IN:GET_ESTIMATED_ARRIVAL]
what is the best way to go to the company 's party tonight	what Ġis Ġthe Ġbest Ġway Ġto Ġgo Ġto Ġthe Ġcompany Ġ' s Ġparty Ġtonight	[IN:GET_DIRECTIONS @ptr_0 @ptr_1 @ptr_2 @ptr_3 @ptr_4 @ptr_5 @ptr_6 @ptr_7 [SL:DESTINATION [IN:GET_EVENT [SL:ORGANIZER_EVENT [IN:GET_CONTACT [SL:GROUP @ptr_8 @ptr_9 SL:GROUP] IN:GET_CONTACT] SL:ORGANIZER_EVENT] @ptr_10 @ptr_11 [SL:CATEGORY_EVENT @ptr_12 SL:CATEGORY_EVENT] [SL:DATE_TIME @ptr_13 SL:DATE_TIME] IN:GET_EVENT] SL:DESTINATION] IN:GET_DIRECTIONS]
Whats the traffic like in my town	Wh ats Ġthe Ġtraffic Ġlike Ġin Ġmy Ġtown	[IN:GET_INFO_TRAFFIC @ptr_0 @ptr_1 @ptr_2 @ptr_3 @ptr_4 @ptr_5 [SL:LOCATION [IN:GET_LOCATION_HOMETOWN [SL:CONTACT @ptr_6 SL:CONTACT] @ptr_7 IN:GET_LOCATION_HOMETOWN] SL:LOCATION] IN:GET_INFO_TRAFFIC]
Add a gas stop to my route	Add Ġa Ġgas Ġstop Ġto Ġmy Ġroute	[IN:UPDATE_DIRECTIONS @ptr_0 @ptr_1 [SL:WAYPOINT_ADDED [IN:GET_LOCATION [SL:CATEGORY_LOCATION @ptr_2 @ptr_3 SL:CATEGORY_LOCATION] IN:GET_LOCATION] SL:WAYPOINT_ADDED] @ptr_4 @ptr_5 @ptr_6 IN:UPDATE_DIRECTIONS]
Give me the two fastest routes from my house to Corner Market Grocery	Give Ġme Ġthe Ġtwo Ġfastest Ġroutes Ġfrom Ġmy Ġhouse Ġto ĠCorner ĠMarket ĠGro cery	[IN:GET_DIRECTIONS @ptr_0 @ptr_1 @ptr_2 [SL:AMOUNT @ptr_3 SL:AMOUNT] @ptr_4 @ptr_5 @ptr_6 [SL:SOURCE [IN:GET_LOCATION_HOME [SL:CONTACT @ptr_7 SL:CONTACT] @ptr_8 IN:GET_LOCATION_HOME] SL:SOURCE] @ptr_9 [SL:DESTINATION [IN:GET_LOCATION [SL:POINT_ON_MAP @ptr_10 @ptr_11 @ptr_12 @ptr_13 SL:POINT_ON_MAP] IN:GET_LOCATION] SL:DESTINATION] IN:GET_DIRECTIONS]
