set timer for 15 minutes	set Ġtimer Ġfor Ġ15 Ġminutes	[IN:CREATE_TIMER @ptr_0 [SL:METHOD_TIMER @ptr_1 SL:METHOD_TIMER] [SL:DATE_TIME @ptr_2 @ptr_3 @ptr_4 SL:DATE_TIME] IN:CREATE_TIMER]
Restart my timer please	Rest art Ġmy Ġtimer Ġplease	[IN:RESTART_TIMER @ptr_0 @ptr_1 @ptr_2 [SL:METHOD_TIMER @ptr_3 SL:METHOD_TIMER] @ptr_4 IN:RESTART_TIMER]
Add another 5 minutes to my timer	Add Ġanother Ġ5 Ġminutes Ġto Ġmy Ġtimer	[IN:ADD_TIME_TIMER @ptr_0 @ptr_1 [SL:DATE_TIME @ptr_2 @ptr_3 SL:DATE_TIME] @ptr_4 @ptr_5 [SL:METHOD_TIMER @ptr_6 SL:METHOD_TIMER] IN:ADD_TIME_TIMER]
Pause the timer .	Pause Ġthe Ġtimer Ġ.	[IN:PAUSE_TIMER @ptr_0 @ptr_1 [SL:METHOD_TIMER @ptr_2 SL:METHOD_TIMER] @ptr_3 IN:PAUSE_TIMER]
Show me all current timers	Show Ġme Ġall Ġcurrent Ġtimers	[IN:GET_TIMER @ptr_0 @ptr_1 [SL:AMOUNT @ptr_2 SL:AMOUNT] @ptr_3 [SL:METHOD_TIMER @ptr_4 SL:METHOD_TIMER] IN:GET_TIMER]
How much time do I have left on my weights timer ?	How Ġmuch Ġtime Ġdo ĠI Ġhave Ġleft Ġon Ġmy Ġweights Ġtimer Ġ?	[IN:GET_TIMER @ptr_0 @ptr_1 @ptr_2 @ptr_3 @ptr_4 @ptr_5 @ptr_6 @ptr_7 @ptr_8 @ptr_9 [SL:METHOD_TIMER @ptr_10 SL:METHOD_TIMER] @ptr_11 IN:GET_TIMER]
Add 10 more minutes to the timer	Add Ġ10 Ġmore Ġminutes Ġto Ġthe Ġtimer	[IN:ADD_TIME_TIMER @ptr_0 [SL:DATE_TIME @ptr_1 @ptr_2 @ptr_3 SL:DATE_TIME] @ptr_4 @ptr_5 [SL:METHOD_TIMER @ptr_6 SL:METHOD_TIMER] IN:ADD_TIME_TIMER]
Create an exercise timer to go off in 15 minutes .	Create Ġan Ġexercise Ġtimer Ġto Ġgo Ġoff Ġin Ġ15 Ġminutes Ġ.	[IN:CREATE_TIMER @ptr_0 @ptr_1 [SL:TIMER_NAME @ptr_2 SL:TIMER_NAME] [SL:METHOD_TIMER @ptr_3 SL:METHOD_TIMER] @ptr_4 @ptr_5 @ptr_6 [SL:DATE_TIME @ptr_7 @ptr_8 @ptr_9 SL:DATE_TIME] @ptr_10 IN:CREATE_TIMER]
What time is left on the current timer	What Ġtime Ġis Ġleft Ġon Ġthe Ġcurrent Ġtimer	[IN:GET_TIMER @ptr_0 @ptr_1 @ptr_2 @ptr_3 @ptr_4 @ptr_5 @ptr_6 [SL:METHOD_TIMER @ptr_7 SL:METHOD_TIMER] IN:GET_TIMER]
Restart the timer from the beginning .	Rest art Ġthe Ġtimer Ġfrom Ġthe Ġbeginning Ġ.	[IN:RESTART_TIMER @ptr_0 @ptr_1 @ptr_2 [SL:METHOD_TIMER @ptr_3 SL:METHOD_TIMER] @ptr_4 @ptr_5 @ptr_6 @ptr_7 IN:RESTART_TIMER]
take five minutes off of my timer .	take Ġfive Ġminutes Ġoff Ġof Ġmy Ġtimer Ġ.	[IN:SUBTRACT_TIME_TIMER @ptr_0 [SL:DATE_TIME @ptr_1 @ptr_2 SL:DATE_TIME] @ptr_3 @ptr_4 @ptr_5 [SL:METHOD_TIMER @ptr_6 SL:METHOD_TIMER] @ptr_7 IN:SUBTRACT_TIME_TIMER]
cancel the ( lasagna ) timer	c ancel Ġthe Ġ( Ġlas agna Ġ) Ġtimer	[IN:DELETE_TIMER @ptr_0 @ptr_1 @ptr_2 @ptr_3 @ptr_4 @ptr_5 @ptr_6 [SL:METHOD_TIMER @ptr_7 SL:METHOD_TIMER] IN:DELETE_TIMER]
resume timer	res ume Ġtimer	[IN:RESUME_TIMER @ptr_0 @ptr_1 [SL:METHOD_TIMER @ptr_2 SL:METHOD_TIMER] IN:RESUME_TIMER]
Set timer to go off every hour	Set Ġtimer Ġto Ġgo Ġoff Ġevery Ġhour	[IN:UNSUPPORTED_TIMER @ptr_0 [SL:METHOD_TIMER @ptr_1 SL:METHOD_TIMER] @ptr_2 @ptr_3 @ptr_4 @ptr_5 [SL:DATE_TIME @ptr_6 SL:DATE_TIME] IN:UNSUPPORTED_TIMER]
set a timer every 30 seconds and have a 60 second break every two minutes	set Ġa Ġtimer Ġevery Ġ30 Ġseconds Ġand Ġhave Ġa Ġ60 Ġsecond Ġbreak Ġevery Ġtwo Ġminutes	[IN:UNSUPPORTED_TIMER @ptr_0 @ptr_1 @ptr_2 @ptr_3 @ptr_4 @ptr_5 @ptr_6 @ptr_7 @ptr_8 @ptr_9 [SL:ORDINAL @ptr_10 SL:ORDINAL] @ptr_11 @ptr_12 @ptr_13 @ptr_14 IN:UNSUPPORTED_TIMER]
on the timer set 5 more minutes	on Ġthe Ġtimer Ġset Ġ5 Ġmore Ġminutes	[IN:UPDATE_TIMER @ptr_0 @ptr_1 [SL:METHOD_TIMER @ptr_2 SL:METHOD_TIMER] @ptr_3 [SL:DATE_TIME @ptr_4 @ptr_5 @ptr_6 SL:DATE_TIME] IN:UPDATE_TIMER]
