what is typical winter weather in San Diego	what Ġis Ġtypical Ġwinter Ġweather Ġin ĠSan ĠDiego	[IN:GET_WEATHER @ptr_0 @ptr_1 [SL:WEATHER_ATTRIBUTE @ptr_2 SL:WEATHER_ATTRIBUTE] [SL:WEATHER_ATTRIBUTE @ptr_3 SL:WEATHER_ATTRIBUTE] @ptr_4 @ptr_5 [SL:LOCATION @ptr_6 @ptr_7 SL:LOCATION] IN:GET_WEATHER]
Do I need winter clothes in New York in November ?	Do ĠI Ġneed Ġwinter Ġclothes Ġin ĠNew ĠYork Ġin ĠNovember Ġ?	[IN:GET_WEATHER @ptr_0 @ptr_1 @ptr_2 [SL:WEATHER_ATTRIBUTE @ptr_3 @ptr_4 SL:WEATHER_ATTRIBUTE] @ptr_5 [SL:LOCATION @ptr_6 @ptr_7 SL:LOCATION] [SL:DATE_TIME @ptr_8 @ptr_9 SL:DATE_TIME] @ptr_10 IN:GET_WEATHER]
How much rain was recorded yesterday	How Ġmuch Ġrain Ġwas Ġrecorded Ġyesterday	[IN:GET_WEATHER @ptr_0 @ptr_1 [SL:WEATHER_ATTRIBUTE @ptr_2 SL:WEATHER_ATTRIBUTE] @ptr_3 @ptr_4 [SL:DATE_TIME @ptr_5 SL:DATE_TIME] IN:GET_WEATHER]
what will be the low in Sanford today	what Ġwill Ġbe Ġthe Ġlow Ġin ĠSanford Ġtoday	[IN:GET_WEATHER @ptr_0 @ptr_1 @ptr_2 @ptr_3 @ptr_4 @ptr_5 [SL:LOCATION @ptr_6 SL:LOCATION] [SL:DATE_TIME @ptr_7 SL:DATE_TIME] IN:GET_WEATHER]
when 's sunset	when Ġ' s Ġsunset	[IN:GET_SUNSET @ptr_0 @ptr_1 @ptr_2 @ptr_3 IN:GET_SUNSET]
Will it be nice enough to go for a hike today	Will Ġit Ġbe Ġnice Ġenough Ġto Ġgo Ġfor Ġa Ġhike Ġtoday	[IN:UNSUPPORTED_WEATHER @ptr_0 @ptr_1 @ptr_2 [SL:WEATHER_ATTRIBUTE @ptr_3 SL:WEATHER_ATTRIBUTE] @ptr_4 @ptr_5 @ptr_6 @ptr_7 @ptr_8 @ptr_9 [SL:DATE_TIME @ptr_10 SL:DATE_TIME] IN:UNSUPPORTED_WEATHER]
Pull up the radar for my current area	Pull Ġup Ġthe Ġradar Ġfor Ġmy Ġcurrent Ġarea	[IN:GET_WEATHER @ptr_0 @ptr_1 @ptr_2 @ptr_3 @ptr_4 [SL:LOCATION [IN:GET_LOCATION [SL:LOCATION_USER @ptr_5 @ptr_6 @ptr_7 SL:LOCATION_USER] IN:GET_LOCATION] SL:LOCATION] IN:GET_WEATHER]
SHOW ME THE RADAR FOR MY AREA	SH OW ĠME ĠTHE ĠRAD AR ĠFOR ĠMY ĠARE A	[IN:GET_WEATHER @ptr_0 @ptr_1 @ptr_2 @ptr_3 @ptr_4 @ptr_5 @ptr_6 [SL:LOCATION [IN:GET_LOCATION [SL:LOCATION_USER @ptr_7 @ptr_8 @ptr_9 SL:LOCATION_USER] IN:GET_LOCATION] SL:LOCATION] IN:GET_WEATHER]
What time will the sunrise Friday	What Ġtime Ġwill Ġthe Ġsunrise ĠFriday	[IN:GET_SUNRISE @ptr_0 @ptr_1 @ptr_2 @ptr_3 @ptr_4 [SL:DATE_TIME @ptr_5 SL:DATE_TIME] IN:GET_SUNRISE]
What is the expected high temp today in Celsius ?	What Ġis Ġthe Ġexpected Ġhigh Ġtemp Ġtoday Ġin ĠCelsius Ġ?	[IN:GET_WEATHER @ptr_0 @ptr_1 @ptr_2 @ptr_3 [SL:WEATHER_ATTRIBUTE @ptr_4 @ptr_5 SL:WEATHER_ATTRIBUTE] [SL:DATE_TIME @ptr_6 SL:DATE_TIME] @ptr_7 [SL:WEATHER_TEMPERATURE_UNIT @ptr_8 SL:WEATHER_TEMPERATURE_UNIT] @ptr_9 IN:GET_WEATHER]
whats the weather radar look like near me	wh ats Ġthe Ġweather Ġradar Ġlook Ġlike Ġnear Ġme	[IN:GET_WEATHER @ptr_0 @ptr_1 @ptr_2 @ptr_3 @ptr_4 @ptr_5 @ptr_6 [SL:LOCATION [IN:GET_LOCATION [SL:SEARCH_RADIUS @ptr_7 SL:SEARCH_RADIUS] [SL:LOCATION_USER @ptr_8 SL:LOCATION_USER] IN:GET_LOCATION] SL:LOCATION] IN:GET_WEATHER]
How many mm of rain are we expecting this evening .	How Ġmany Ġmm Ġof Ġrain Ġare Ġwe Ġexpecting Ġthis Ġevening Ġ.	[IN:GET_WEATHER @ptr_0 @ptr_1 [SL:MEASUREMENT_UNIT @ptr_2 SL:MEASUREMENT_UNIT] @ptr_3 [SL:WEATHER_ATTRIBUTE @ptr_4 SL:WEATHER_ATTRIBUTE] @ptr_5 @ptr_6 @ptr_7 [SL:DATE_TIME @ptr_8 @ptr_9 SL:DATE_TIME] @ptr_10 IN:GET_WEATHER]
What is the forecast for this weekend at my mums ?	What Ġis Ġthe Ġforecast Ġfor Ġthis Ġweekend Ġat Ġmy Ġm ums Ġ?	[IN:GET_WEATHER @ptr_0 @ptr_1 @ptr_2 @ptr_3 [SL:DATE_TIME @ptr_4 @ptr_5 @ptr_6 SL:DATE_TIME] @ptr_7 [SL:LOCATION [IN:GET_INFO_CONTACT [SL:CONTACT [IN:GET_CONTACT [SL:CONTACT_RELATED @ptr_8 SL:CONTACT_RELATED] [SL:TYPE_RELATION @ptr_9 @ptr_10 SL:TYPE_RELATION] IN:GET_CONTACT] SL:CONTACT] IN:GET_INFO_CONTACT] SL:LOCATION] @ptr_11 IN:GET_WEATHER]
What is the forecast for this weekend at my mums ?	What Ġis Ġthe Ġforecast Ġfor Ġthis Ġweekend Ġat Ġmy Ġm ums Ġ?	[IN:GET_WEATHER @ptr_0 @ptr_1 @ptr_2 @ptr_3 [SL:DATE_TIME @ptr_4 @ptr_5 @ptr_6 SL:DATE_TIME] @ptr_7 [SL:LOCATION [IN:GET_INFO_CONTACT [SL:CONTACT [IN:GET_CONTACT [SL:CONTACT_RELATED @ptr_8 SL:CONTACT_RELATED] [SL:TYPE_RELATION @ptr_9 @ptr_10 SL:TYPE_RELATION] IN:GET_CONTACT] SL:CONTACT] IN:GET_INFO_CONTACT] SL:LOCATION] @ptr_11 IN:GET_WEATHER]
What is the forecast for this weekend at my mums ?	What Ġis Ġthe Ġforecast Ġfor Ġthis Ġweekend Ġat Ġmy Ġm ums Ġ?	[IN:GET_WEATHER @ptr_0 @ptr_1 @ptr_2 @ptr_3 [SL:DATE_TIME @ptr_4 @ptr_5 @ptr_6 SL:DATE_TIME] @ptr_7 [SL:LOCATION [IN:GET_INFO_CONTACT [SL:CONTACT [IN:GET_CONTACT [SL:CONTACT_RELATED @ptr_8 SL:CONTACT_RELATED] [SL:TYPE_RELATION @ptr_9 @ptr_10 SL:TYPE_RELATION] IN:GET_CONTACT] SL:CONTACT] IN:GET_INFO_CONTACT] SL:LOCATION] @ptr_11 IN:GET_WEATHER]
What is the forecast for this weekend at my mums ?	What Ġis Ġthe Ġforecast Ġfor Ġthis Ġweekend Ġat Ġmy Ġm ums Ġ?	[IN:GET_WEATHER @ptr_0 @ptr_1 @ptr_2 @ptr_3 [SL:DATE_TIME @ptr_4 @ptr_5 @ptr_6 SL:DATE_TIME] @ptr_7 [SL:LOCATION [IN:GET_INFO_CONTACT [SL:CONTACT [IN:GET_CONTACT [SL:CONTACT_RELATED @ptr_8 SL:CONTACT_RELATED] [SL:TYPE_RELATION @ptr_9 @ptr_10 SL:TYPE_RELATION] IN:GET_CONTACT] SL:CONTACT] IN:GET_INFO_CONTACT] SL:LOCATION] @ptr_11 IN:GET_WEATHER]
What is the forecast for this weekend at my mums ?	What Ġis Ġthe Ġforecast Ġfor Ġthis Ġweekend Ġat Ġmy Ġm ums Ġ?	[IN:GET_WEATHER @ptr_0 @ptr_1 @ptr_2 @ptr_3 [SL:DATE_TIME @ptr_4 @ptr_5 @ptr_6 SL:DATE_TIME] @ptr_7 [SL:LOCATION [IN:GET_INFO_CONTACT [SL:CONTACT [IN:GET_CONTACT [SL:CONTACT_RELATED @ptr_8 SL:CONTACT_RELATED] [SL:TYPE_RELATION @ptr_9 @ptr_10 SL:TYPE_RELATION] IN:GET_CONTACT] SL:CONTACT] IN:GET_INFO_CONTACT] SL:LOCATION] @ptr_11 IN:GET_WEATHER]
tell me local radar for today	tell Ġme Ġlocal Ġradar Ġfor Ġtoday	[IN:GET_WEATHER @ptr_0 @ptr_1 [SL:LOCATION [IN:GET_LOCATION [SL:LOCATION_MODIFIER @ptr_2 SL:LOCATION_MODIFIER] IN:GET_LOCATION] SL:LOCATION] @ptr_3 [SL:DATE_TIME @ptr_4 @ptr_5 SL:DATE_TIME] IN:GET_WEATHER]
