add track Nature Noise to my	add Ġtrack ĠNature ĠNoise Ġto Ġmy	@ptr_0 [SL:music_item @ptr_1 SL:music_item] [SL:playlist @ptr_2 @ptr_3 SL:playlist] @ptr_4 [SL:playlist_owner @ptr_5 SL:playlist_owner]
Add the current tune to my Evening Groove	Add Ġthe Ġcurrent Ġtune Ġto Ġmy ĠEvening ĠGro ove	@ptr_0 @ptr_1 @ptr_2 [SL:music_item @ptr_3 SL:music_item] @ptr_4 [SL:playlist_owner @ptr_5 SL:playlist_owner] [SL:playlist @ptr_6 @ptr_7 @ptr_8 SL:playlist]
Can you add this tune to the night out	Can Ġyou Ġadd Ġthis Ġtune Ġto Ġthe Ġnight Ġout	@ptr_0 @ptr_1 @ptr_2 @ptr_3 [SL:music_item @ptr_4 SL:music_item] @ptr_5 @ptr_6 [SL:playlist @ptr_7 @ptr_8 SL:playlist]
Put this track on Musica Española 2017	Put Ġthis Ġtrack Ġon ĠMus ica ĠEsp a Ã± ola Ġ2017	@ptr_0 @ptr_1 [SL:music_item @ptr_2 SL:music_item] @ptr_3 [SL:playlist @ptr_4 @ptr_5 @ptr_6 @ptr_7 @ptr_8 @ptr_9 @ptr_10 SL:playlist]
I want to put another album into the a peaceful rush hour	I Ġwant Ġto Ġput Ġanother Ġalbum Ġinto Ġthe Ġa Ġpeaceful Ġrush Ġhour	@ptr_0 @ptr_1 @ptr_2 @ptr_3 @ptr_4 [SL:music_item @ptr_5 SL:music_item] @ptr_6 @ptr_7 [SL:playlist @ptr_8 @ptr_9 @ptr_10 @ptr_11 SL:playlist]
Add moby grape live to enamorándose	Add Ġmob y Ġgrape Ġlive Ġto Ġen am or Ã¡ nd ose	@ptr_0 [SL:entity_name @ptr_1 @ptr_2 @ptr_3 @ptr_4 SL:entity_name] @ptr_5 [SL:playlist @ptr_6 @ptr_7 @ptr_8 @ptr_9 @ptr_10 @ptr_11 SL:playlist]
Add track by Fleetwood Mac to lakeisha's playlist TODO NOVEDADES	Add Ġtrack Ġby ĠFleet wood ĠMac Ġto Ġlake isha 's Ġplaylist ĠTOD O ĠNO V ED AD ES	@ptr_0 [SL:music_item @ptr_1 SL:music_item] @ptr_2 @ptr_3 @ptr_4 @ptr_5 @ptr_6 [SL:playlist_owner @ptr_7 @ptr_8 @ptr_9 SL:playlist_owner] @ptr_10 [SL:playlist @ptr_11 @ptr_12 @ptr_13 @ptr_14 @ptr_15 @ptr_16 @ptr_17 SL:playlist]
Add i dreamt of a dragon to my Futuros Hits	Add Ġi Ġdream t Ġof Ġa Ġdragon Ġto Ġmy ĠFut uro s ĠHits	@ptr_0 [SL:entity_name @ptr_1 @ptr_2 @ptr_3 @ptr_4 @ptr_5 @ptr_6 SL:entity_name] @ptr_7 [SL:playlist_owner @ptr_8 SL:playlist_owner] [SL:playlist @ptr_9 @ptr_10 @ptr_11 @ptr_12 SL:playlist]
Include stefanie in Pre-Party R&B Jams	In clude Ġst ef anie Ġin ĠPre - Party ĠR & B ĠJ ams	@ptr_0 @ptr_1 [SL:entity_name @ptr_2 @ptr_3 @ptr_4 SL:entity_name] @ptr_5 [SL:playlist @ptr_6 @ptr_7 @ptr_8 @ptr_9 @ptr_10 @ptr_11 @ptr_12 @ptr_13 SL:playlist]
Add Progress to my clásica para todos	Add ĠProgress Ġto Ġmy Ġcl Ã¡s ica Ġpara Ġto dos	@ptr_0 [SL:entity_name @ptr_1 SL:entity_name] @ptr_2 [SL:playlist_owner @ptr_3 SL:playlist_owner] [SL:playlist @ptr_4 @ptr_5 @ptr_6 @ptr_7 @ptr_8 @ptr_9 SL:playlist]
put this Kan Mikami tune on fresh finds cyclone	put Ġthis ĠKan ĠMik ami Ġtune Ġon Ġfresh Ġfinds Ġcycl one	@ptr_0 @ptr_1 [SL:artist @ptr_2 @ptr_3 @ptr_4 SL:artist] [SL:music_item @ptr_5 SL:music_item] @ptr_6 [SL:playlist @ptr_7 @ptr_8 @ptr_9 @ptr_10 SL:playlist]
add keltech to my 70s road trip	add Ġke l tech Ġto Ġmy Ġ70 s Ġroad Ġtrip	@ptr_0 [SL:artist @ptr_1 @ptr_2 @ptr_3 SL:artist] @ptr_4 [SL:playlist_owner @ptr_5 SL:playlist_owner] [SL:playlist @ptr_6 @ptr_7 @ptr_8 @ptr_9 SL:playlist]
Add wes scantlin song to my autumn	Add Ġw es Ġscant lin Ġsong Ġto Ġmy Ġautumn	@ptr_0 [SL:artist @ptr_1 @ptr_2 @ptr_3 @ptr_4 SL:artist] [SL:music_item @ptr_5 SL:music_item] @ptr_6 [SL:playlist_owner @ptr_7 SL:playlist_owner] [SL:playlist @ptr_8 SL:playlist]
Add david cole to an instrumental sunday	Add Ġdavid Ġco le Ġto Ġan Ġinstrumental Ġsund ay	@ptr_0 [SL:artist @ptr_1 @ptr_2 @ptr_3 SL:artist] @ptr_4 [SL:playlist @ptr_5 @ptr_6 @ptr_7 @ptr_8 SL:playlist]
add chas chandler to my Aux Cord Privileges	add Ġch as Ġch and ler Ġto Ġmy ĠAux ĠCord ĠPriv ile ges	@ptr_0 [SL:artist @ptr_1 @ptr_2 @ptr_3 @ptr_4 @ptr_5 SL:artist] @ptr_6 [SL:playlist_owner @ptr_7 SL:playlist_owner] [SL:playlist @ptr_8 @ptr_9 @ptr_10 @ptr_11 @ptr_12 SL:playlist]
Add artist danny carey to my Classic Jazz Singers	Add Ġartist Ġd anny Ġcare y Ġto Ġmy ĠClassic ĠJazz ĠSing ers	@ptr_0 [SL:music_item @ptr_1 SL:music_item] [SL:artist @ptr_2 @ptr_3 @ptr_4 @ptr_5 SL:artist] @ptr_6 [SL:playlist_owner @ptr_7 SL:playlist_owner] [SL:playlist @ptr_8 @ptr_9 @ptr_10 @ptr_11 SL:playlist]
rate tune to my natalie macmaster viajes	rate Ġtune Ġto Ġmy Ġn atalie Ġmac master Ġvia j es	@ptr_0 [SL:music_item @ptr_1 SL:music_item] @ptr_2 [SL:playlist_owner @ptr_3 SL:playlist_owner] [SL:artist @ptr_4 @ptr_5 @ptr_6 @ptr_7 SL:artist] [SL:playlist @ptr_8 @ptr_9 @ptr_10 SL:playlist]
Add house of pain to my 90s Indie	Add Ġhouse Ġof Ġpain Ġto Ġmy Ġ90 s ĠIndie	@ptr_0 [SL:entity_name @ptr_1 @ptr_2 @ptr_3 SL:entity_name] @ptr_4 [SL:playlist_owner @ptr_5 SL:playlist_owner] [SL:playlist @ptr_6 @ptr_7 @ptr_8 SL:playlist]
add Run Rudolph Run to my rockin'	add ĠRun ĠRudolph ĠRun Ġto Ġmy Ġrock in '	@ptr_0 [SL:entity_name @ptr_1 @ptr_2 @ptr_3 SL:entity_name] @ptr_4 [SL:playlist_owner @ptr_5 SL:playlist_owner] [SL:playlist @ptr_6 @ptr_7 @ptr_8 SL:playlist]
Add Jarvis Cocker to my Chillin' on a Dirt Road	Add ĠJarvis ĠC ocker Ġto Ġmy ĠCh illin ' Ġon Ġa ĠDirt ĠRoad	@ptr_0 [SL:artist @ptr_1 @ptr_2 @ptr_3 SL:artist] @ptr_4 [SL:playlist_owner @ptr_5 SL:playlist_owner] [SL:playlist @ptr_6 @ptr_7 @ptr_8 @ptr_9 @ptr_10 @ptr_11 @ptr_12 SL:playlist]
For my playlist jazzy dinner add the name Kick Over the Traces	For Ġmy Ġplaylist Ġj az zy Ġdinner Ġadd Ġthe Ġname ĠKick ĠOver Ġthe ĠTr aces	@ptr_0 [SL:playlist_owner @ptr_1 SL:playlist_owner] @ptr_2 [SL:playlist @ptr_3 @ptr_4 @ptr_5 @ptr_6 SL:playlist] @ptr_7 @ptr_8 @ptr_9 [SL:entity_name @ptr_10 @ptr_11 @ptr_12 @ptr_13 @ptr_14 SL:entity_name]
Add to my playlist heavy gamer the name blaydon races	Add Ġto Ġmy Ġplaylist Ġheavy Ġgamer Ġthe Ġname Ġbl ay don Ġraces	@ptr_0 @ptr_1 [SL:playlist_owner @ptr_2 SL:playlist_owner] @ptr_3 [SL:playlist @ptr_4 @ptr_5 SL:playlist] @ptr_6 @ptr_7 [SL:entity_name @ptr_8 @ptr_9 @ptr_10 @ptr_11 SL:entity_name]
Add TEENAGER to the queen	Add ĠTE EN AG ER Ġto Ġthe Ġqueen	@ptr_0 [SL:entity_name @ptr_1 @ptr_2 @ptr_3 @ptr_4 SL:entity_name] @ptr_5 @ptr_6 [SL:playlist @ptr_7 SL:playlist]
I want to add In the Mood to my playlist called My Folksy Love	I Ġwant Ġto Ġadd ĠIn Ġthe ĠMood Ġto Ġmy Ġplaylist Ġcalled ĠMy ĠFol ks y ĠLove	@ptr_0 @ptr_1 @ptr_2 @ptr_3 [SL:entity_name @ptr_4 @ptr_5 @ptr_6 SL:entity_name] @ptr_7 [SL:playlist_owner @ptr_8 SL:playlist_owner] @ptr_9 @ptr_10 [SL:playlist @ptr_11 @ptr_12 @ptr_13 @ptr_14 @ptr_15 SL:playlist]
add flying to my Women of Rock	add Ġflying Ġto Ġmy ĠWomen Ġof ĠRock	@ptr_0 [SL:entity_name @ptr_1 SL:entity_name] @ptr_2 [SL:playlist_owner @ptr_3 SL:playlist_owner] [SL:playlist @ptr_4 @ptr_5 @ptr_6 SL:playlist]
