restaurant named The Palm in Tennyson MI	rest aur ant Ġnamed ĠThe ĠPalm Ġin ĠTenn yson ĠMI	[SL:restaurant_type @ptr_0 @ptr_1 @ptr_2 SL:restaurant_type] @ptr_3 [SL:restaurant_name @ptr_4 @ptr_5 SL:restaurant_name] @ptr_6 [SL:city @ptr_7 @ptr_8 SL:city] [SL:state @ptr_9 SL:state]
Book the Last Exit on Brooklyn 5 hours from now for one	Book Ġthe ĠLast ĠExit Ġon ĠBrooklyn Ġ5 Ġhours Ġfrom Ġnow Ġfor Ġone	@ptr_0 @ptr_1 [SL:restaurant_name @ptr_2 @ptr_3 @ptr_4 @ptr_5 SL:restaurant_name] [SL:timeRange @ptr_6 @ptr_7 @ptr_8 @ptr_9 SL:timeRange] @ptr_10 [SL:party_size_number @ptr_11 SL:party_size_number]
Find me a table for a cafe during my Guinea trip for one	Find Ġme Ġa Ġtable Ġfor Ġa Ġcafe Ġduring Ġmy ĠGuinea Ġtrip Ġfor Ġone	@ptr_0 @ptr_1 @ptr_2 @ptr_3 @ptr_4 @ptr_5 [SL:restaurant_name @ptr_6 SL:restaurant_name] @ptr_7 @ptr_8 [SL:country @ptr_9 SL:country] @ptr_10 @ptr_11 [SL:party_size_number @ptr_12 SL:party_size_number]
Book a table for three people at John Pearson Soda Works in Mauritius	Book Ġa Ġtable Ġfor Ġthree Ġpeople Ġat ĠJohn ĠPearson ĠSoda ĠWorks Ġin ĠMaurit ius	@ptr_0 @ptr_1 @ptr_2 @ptr_3 [SL:party_size_number @ptr_4 SL:party_size_number] @ptr_5 @ptr_6 [SL:restaurant_name @ptr_7 @ptr_8 @ptr_9 @ptr_10 SL:restaurant_name] @ptr_11 [SL:country @ptr_12 @ptr_13 SL:country]
my sons and I want to dine at The Water Club in Georgia	my Ġsons Ġand ĠI Ġwant Ġto Ġd ine Ġat ĠThe ĠWater ĠClub Ġin ĠGeorgia	[SL:party_size_description @ptr_0 @ptr_1 @ptr_2 @ptr_3 SL:party_size_description] @ptr_4 @ptr_5 @ptr_6 @ptr_7 @ptr_8 [SL:restaurant_name @ptr_9 @ptr_10 @ptr_11 SL:restaurant_name] @ptr_12 [SL:state @ptr_13 SL:state]
Book a reservation for four at the best brasserie in Venezuela	Book Ġa Ġreservation Ġfor Ġfour Ġat Ġthe Ġbest Ġbrass erie Ġin ĠVenezuela	@ptr_0 @ptr_1 @ptr_2 @ptr_3 [SL:party_size_number @ptr_4 SL:party_size_number] @ptr_5 @ptr_6 [SL:sort @ptr_7 SL:sort] [SL:restaurant_type @ptr_8 @ptr_9 SL:restaurant_type] @ptr_10 [SL:country @ptr_11 SL:country]
Book a restaurant with a pool with alta, deborah and bertha in IA	Book Ġa Ġrestaurant Ġwith Ġa Ġpool Ġwith Ġalt a , Ġdeb orah Ġand Ġber tha Ġin ĠIA	@ptr_0 @ptr_1 [SL:restaurant_type @ptr_2 SL:restaurant_type] @ptr_3 @ptr_4 [SL:facility @ptr_5 SL:facility] @ptr_6 [SL:party_size_description @ptr_7 @ptr_8 @ptr_9 @ptr_10 @ptr_11 @ptr_12 @ptr_13 @ptr_14 SL:party_size_description] @ptr_15 [SL:state @ptr_16 SL:state]
Book a table at a diner which serves thousand island dressing in Ivory Coast	Book Ġa Ġtable Ġat Ġa Ġdiner Ġwhich Ġserves Ġthousand Ġisland Ġdressing Ġin ĠIvory ĠCoast	@ptr_0 @ptr_1 @ptr_2 @ptr_3 @ptr_4 [SL:restaurant_type @ptr_5 SL:restaurant_type] @ptr_6 @ptr_7 [SL:served_dish @ptr_8 @ptr_9 @ptr_10 SL:served_dish] @ptr_11 [SL:country @ptr_12 @ptr_13 SL:country]
I'd like to book at a place in AR , looking for an oyster bar that is indoor and can accommodate a party of eight that is also within walking distance	I 'd Ġlike Ġto Ġbook Ġat Ġa Ġplace Ġin ĠAR Ġ, Ġlooking Ġfor Ġan Ġoy ster Ġbar Ġthat Ġis Ġindoor Ġand Ġcan Ġaccommodate Ġa Ġparty Ġof Ġeight Ġthat Ġis Ġalso Ġwithin Ġwalking Ġdistance	@ptr_0 @ptr_1 @ptr_2 @ptr_3 @ptr_4 @ptr_5 @ptr_6 @ptr_7 @ptr_8 [SL:state @ptr_9 SL:state] @ptr_10 @ptr_11 @ptr_12 @ptr_13 [SL:restaurant_type @ptr_14 @ptr_15 @ptr_16 SL:restaurant_type] @ptr_17 @ptr_18 [SL:facility @ptr_19 SL:facility] @ptr_20 @ptr_21 @ptr_22 @ptr_23 @ptr_24 @ptr_25 [SL:party_size_number @ptr_26 SL:party_size_number] @ptr_27 @ptr_28 @ptr_29 [SL:spatial_relation @ptr_30 @ptr_31 @ptr_32 SL:spatial_relation]
book a table for me and my step uncle in Malta at a cafeteria	book Ġa Ġtable Ġfor Ġme Ġand Ġmy Ġstep Ġuncle Ġin ĠMalta Ġat Ġa Ġcafeteria	@ptr_0 @ptr_1 @ptr_2 @ptr_3 [SL:party_size_description @ptr_4 @ptr_5 @ptr_6 @ptr_7 @ptr_8 SL:party_size_description] @ptr_9 [SL:country @ptr_10 SL:country] @ptr_11 @ptr_12 [SL:restaurant_type @ptr_13 SL:restaurant_type]
book some indonesian food truck food that is not far for a party of 8 in IA	book Ġsome Ġind ones ian Ġfood Ġtruck Ġfood Ġthat Ġis Ġnot Ġfar Ġfor Ġa Ġparty Ġof Ġ8 Ġin ĠIA	@ptr_0 @ptr_1 [SL:cuisine @ptr_2 @ptr_3 @ptr_4 SL:cuisine] [SL:restaurant_type @ptr_5 @ptr_6 SL:restaurant_type] @ptr_7 @ptr_8 @ptr_9 [SL:spatial_relation @ptr_10 @ptr_11 SL:spatial_relation] @ptr_12 @ptr_13 @ptr_14 @ptr_15 [SL:party_size_number @ptr_16 SL:party_size_number] @ptr_17 [SL:state @ptr_18 SL:state]
I'm looking to get reservations for me, jillian and louella at a restaurant that is faraway from TX	I 'm Ġlooking Ġto Ġget Ġreservations Ġfor Ġme , Ġj illian Ġand Ġlou ella Ġat Ġa Ġrestaurant Ġthat Ġis Ġfar away Ġfrom ĠTX	@ptr_0 @ptr_1 @ptr_2 @ptr_3 @ptr_4 @ptr_5 @ptr_6 [SL:party_size_description @ptr_7 @ptr_8 @ptr_9 @ptr_10 @ptr_11 @ptr_12 @ptr_13 SL:party_size_description] @ptr_14 @ptr_15 [SL:restaurant_type @ptr_16 SL:restaurant_type] @ptr_17 @ptr_18 [SL:spatial_relation @ptr_19 @ptr_20 SL:spatial_relation] @ptr_21 [SL:state @ptr_22 SL:state]
I want to book a restaurant in Glenarden South Dakota for two	I Ġwant Ġto Ġbook Ġa Ġrestaurant Ġin ĠGlen arden ĠSouth ĠDakota Ġfor Ġtwo	@ptr_0 @ptr_1 @ptr_2 @ptr_3 @ptr_4 [SL:restaurant_type @ptr_5 SL:restaurant_type] @ptr_6 [SL:city @ptr_7 @ptr_8 SL:city] [SL:state @ptr_9 @ptr_10 SL:state] @ptr_11 [SL:party_size_number @ptr_12 SL:party_size_number]
book near Montana restaurant serving sri lankan food for 6 that is highly rated on tues.	book Ġnear ĠMontana Ġrestaurant Ġserving Ġs ri Ġl ank an Ġfood Ġfor Ġ6 Ġthat Ġis Ġhighly Ġrated Ġon Ġt ues .	@ptr_0 [SL:spatial_relation @ptr_1 SL:spatial_relation] [SL:state @ptr_2 SL:state] [SL:restaurant_type @ptr_3 SL:restaurant_type] @ptr_4 [SL:cuisine @ptr_5 @ptr_6 @ptr_7 @ptr_8 @ptr_9 SL:cuisine] @ptr_10 @ptr_11 [SL:party_size_number @ptr_12 SL:party_size_number] @ptr_13 @ptr_14 [SL:sort @ptr_15 @ptr_16 SL:sort] @ptr_17 [SL:timeRange @ptr_18 @ptr_19 @ptr_20 SL:timeRange]
Book the nearby Meriton Grand Hotel Tallinn in Missouri	Book Ġthe Ġnearby ĠMer iton ĠGrand ĠHotel ĠTall inn Ġin ĠMissouri	@ptr_0 @ptr_1 [SL:spatial_relation @ptr_2 SL:spatial_relation] [SL:restaurant_name @ptr_3 @ptr_4 @ptr_5 @ptr_6 @ptr_7 @ptr_8 SL:restaurant_name] @ptr_9 [SL:state @ptr_10 SL:state]
need a table at Uncommon Grounds Coffeehouse at eleven for nine	need Ġa Ġtable Ġat ĠUncommon ĠGrounds ĠCoffee house Ġat Ġeleven Ġfor Ġnine	@ptr_0 @ptr_1 @ptr_2 @ptr_3 [SL:restaurant_name @ptr_4 @ptr_5 @ptr_6 @ptr_7 SL:restaurant_name] @ptr_8 [SL:timeRange @ptr_9 SL:timeRange] @ptr_10 [SL:party_size_number @ptr_11 SL:party_size_number]
Book a breakfast in a restaurant for eight	Book Ġa Ġbreakfast Ġin Ġa Ġrestaurant Ġfor Ġeight	@ptr_0 @ptr_1 [SL:timeRange @ptr_2 SL:timeRange] @ptr_3 @ptr_4 [SL:restaurant_type @ptr_5 SL:restaurant_type] @ptr_6 [SL:party_size_number @ptr_7 SL:party_size_number]
Book a restaurant this year for party of 2	Book Ġa Ġrestaurant Ġthis Ġyear Ġfor Ġparty Ġof Ġ2	@ptr_0 @ptr_1 [SL:restaurant_type @ptr_2 SL:restaurant_type] [SL:timeRange @ptr_3 @ptr_4 SL:timeRange] @ptr_5 @ptr_6 @ptr_7 [SL:party_size_number @ptr_8 SL:party_size_number]
I need a reservation, looking for a place with pool at Midnight in a pub	I Ġneed Ġa Ġreservation , Ġlooking Ġfor Ġa Ġplace Ġwith Ġpool Ġat ĠMidnight Ġin Ġa Ġpub	@ptr_0 @ptr_1 @ptr_2 @ptr_3 @ptr_4 @ptr_5 @ptr_6 @ptr_7 @ptr_8 @ptr_9 [SL:facility @ptr_10 SL:facility] @ptr_11 [SL:timeRange @ptr_12 SL:timeRange] @ptr_13 @ptr_14 [SL:restaurant_type @ptr_15 SL:restaurant_type]
I'd like to eat in 1 minute at a neighboring neighborhood restaurant	I 'd Ġlike Ġto Ġeat Ġin Ġ1 Ġminute Ġat Ġa Ġneighboring Ġneighborhood Ġrestaurant	@ptr_0 @ptr_1 @ptr_2 @ptr_3 @ptr_4 [SL:timeRange @ptr_5 @ptr_6 @ptr_7 SL:timeRange] @ptr_8 @ptr_9 [SL:spatial_relation @ptr_10 SL:spatial_relation] [SL:poi @ptr_11 SL:poi] [SL:restaurant_type @ptr_12 SL:restaurant_type]
I want to eat panisses the nearby cafeteria in Naytahwaush	I Ġwant Ġto Ġeat Ġpan iss es Ġthe Ġnearby Ġcafeteria Ġin ĠNay t ah wa ush	@ptr_0 @ptr_1 @ptr_2 @ptr_3 [SL:served_dish @ptr_4 @ptr_5 @ptr_6 SL:served_dish] @ptr_7 [SL:spatial_relation @ptr_8 SL:spatial_relation] [SL:restaurant_type @ptr_9 SL:restaurant_type] @ptr_10 [SL:city @ptr_11 @ptr_12 @ptr_13 @ptr_14 @ptr_15 SL:city]
Can you get me a table reserved for three hundred thirty three days from now for eight people at a highly rated fast food place that serves north indian food not distant from Moores Mill	Can Ġyou Ġget Ġme Ġa Ġtable Ġreserved Ġfor Ġthree Ġhundred Ġthirty Ġthree Ġdays Ġfrom Ġnow Ġfor Ġeight Ġpeople Ġat Ġa Ġhighly Ġrated Ġfast Ġfood Ġplace Ġthat Ġserves Ġnorth Ġind ian Ġfood Ġnot Ġdistant Ġfrom ĠMo ores ĠMill	@ptr_0 @ptr_1 @ptr_2 @ptr_3 @ptr_4 @ptr_5 @ptr_6 @ptr_7 [SL:timeRange @ptr_8 @ptr_9 @ptr_10 @ptr_11 @ptr_12 @ptr_13 @ptr_14 SL:timeRange] @ptr_15 [SL:party_size_number @ptr_16 SL:party_size_number] @ptr_17 @ptr_18 @ptr_19 [SL:sort @ptr_20 @ptr_21 SL:sort] [SL:restaurant_type @ptr_22 @ptr_23 SL:restaurant_type] @ptr_24 @ptr_25 @ptr_26 [SL:cuisine @ptr_27 @ptr_28 @ptr_29 SL:cuisine] @ptr_30 [SL:spatial_relation @ptr_31 @ptr_32 SL:spatial_relation] @ptr_33 [SL:city @ptr_34 @ptr_35 @ptr_36 SL:city]
I would like to book the best food court with persian food within the same area as OK for my ex husband and I	I Ġwould Ġlike Ġto Ġbook Ġthe Ġbest Ġfood Ġcourt Ġwith Ġpers ian Ġfood Ġwithin Ġthe Ġsame Ġarea Ġas ĠOK Ġfor Ġmy Ġex Ġhusband Ġand ĠI	@ptr_0 @ptr_1 @ptr_2 @ptr_3 @ptr_4 @ptr_5 [SL:sort @ptr_6 SL:sort] [SL:restaurant_type @ptr_7 @ptr_8 SL:restaurant_type] @ptr_9 [SL:cuisine @ptr_10 @ptr_11 SL:cuisine] @ptr_12 [SL:spatial_relation @ptr_13 @ptr_14 @ptr_15 @ptr_16 SL:spatial_relation] @ptr_17 [SL:state @ptr_18 SL:state] @ptr_19 [SL:party_size_description @ptr_20 @ptr_21 @ptr_22 @ptr_23 @ptr_24 SL:party_size_description]
I need to book a table at a nearby restaurant	I Ġneed Ġto Ġbook Ġa Ġtable Ġat Ġa Ġnearby Ġrestaurant	@ptr_0 @ptr_1 @ptr_2 @ptr_3 @ptr_4 @ptr_5 @ptr_6 @ptr_7 [SL:spatial_relation @ptr_8 SL:spatial_relation] [SL:restaurant_type @ptr_9 SL:restaurant_type]
I want to eat close to Bowlegs seven years from now	I Ġwant Ġto Ġeat Ġclose Ġto ĠBow leg s Ġseven Ġyears Ġfrom Ġnow	@ptr_0 @ptr_1 @ptr_2 @ptr_3 [SL:spatial_relation @ptr_4 SL:spatial_relation] @ptr_5 [SL:city @ptr_6 @ptr_7 @ptr_8 SL:city] [SL:timeRange @ptr_9 @ptr_10 @ptr_11 @ptr_12 SL:timeRange]
book this week for their step sister's workplace close	book Ġthis Ġweek Ġfor Ġtheir Ġstep Ġsister 's Ġworkplace Ġclose	@ptr_0 [SL:timeRange @ptr_1 @ptr_2 SL:timeRange] @ptr_3 [SL:poi @ptr_4 @ptr_5 @ptr_6 @ptr_7 @ptr_8 SL:poi] [SL:spatial_relation @ptr_9 SL:spatial_relation]
I want to book the best manadonese restaurant for six at 21:49 that is distant from my baby's work	I Ġwant Ġto Ġbook Ġthe Ġbest Ġman ad ones e Ġrestaurant Ġfor Ġsix Ġat Ġ21 : 49 Ġthat Ġis Ġdistant Ġfrom Ġmy Ġbaby 's Ġwork	@ptr_0 @ptr_1 @ptr_2 @ptr_3 @ptr_4 [SL:sort @ptr_5 SL:sort] [SL:cuisine @ptr_6 @ptr_7 @ptr_8 @ptr_9 SL:cuisine] [SL:restaurant_type @ptr_10 SL:restaurant_type] @ptr_11 [SL:party_size_number @ptr_12 SL:party_size_number] @ptr_13 [SL:timeRange @ptr_14 @ptr_15 @ptr_16 SL:timeRange] @ptr_17 @ptr_18 [SL:spatial_relation @ptr_19 SL:spatial_relation] @ptr_20 [SL:poi @ptr_21 @ptr_22 @ptr_23 @ptr_24 SL:poi]
Book a table at T-Rex distant from Halsey St	Book Ġa Ġtable Ġat ĠT - Rex Ġdistant Ġfrom ĠH alse y ĠSt	@ptr_0 @ptr_1 @ptr_2 @ptr_3 [SL:restaurant_name @ptr_4 @ptr_5 @ptr_6 SL:restaurant_name] [SL:spatial_relation @ptr_7 SL:spatial_relation] @ptr_8 [SL:poi @ptr_9 @ptr_10 @ptr_11 @ptr_12 SL:poi]
I need a reservation for 2 within walking distance of Hoyt St	I Ġneed Ġa Ġreservation Ġfor Ġ2 Ġwithin Ġwalking Ġdistance Ġof ĠHoy t ĠSt	@ptr_0 @ptr_1 @ptr_2 @ptr_3 @ptr_4 [SL:party_size_number @ptr_5 SL:party_size_number] [SL:spatial_relation @ptr_6 @ptr_7 @ptr_8 SL:spatial_relation] @ptr_9 [SL:poi @ptr_10 @ptr_11 @ptr_12 SL:poi]
book a spot for 1 close to geraldine's house	book Ġa Ġspot Ġfor Ġ1 Ġclose Ġto Ġg erald ine 's Ġhouse	@ptr_0 @ptr_1 @ptr_2 @ptr_3 [SL:party_size_number @ptr_4 SL:party_size_number] [SL:spatial_relation @ptr_5 SL:spatial_relation] @ptr_6 [SL:poi @ptr_7 @ptr_8 @ptr_9 @ptr_10 @ptr_11 SL:poi]
book a restaurant for tortelloni for eight	book Ġa Ġrestaurant Ġfor Ġtort ell oni Ġfor Ġeight	@ptr_0 @ptr_1 [SL:restaurant_type @ptr_2 SL:restaurant_type] @ptr_3 [SL:served_dish @ptr_4 @ptr_5 @ptr_6 SL:served_dish] @ptr_7 [SL:party_size_number @ptr_8 SL:party_size_number]
book me a diner close-by Benin that serves strolghino for eight	book Ġme Ġa Ġdiner Ġclose - by ĠBen in Ġthat Ġserves Ġst rol gh ino Ġfor Ġeight	@ptr_0 @ptr_1 @ptr_2 [SL:restaurant_type @ptr_3 SL:restaurant_type] [SL:spatial_relation @ptr_4 @ptr_5 @ptr_6 SL:spatial_relation] [SL:country @ptr_7 @ptr_8 SL:country] @ptr_9 @ptr_10 [SL:served_dish @ptr_11 @ptr_12 @ptr_13 @ptr_14 SL:served_dish] @ptr_15 [SL:party_size_number @ptr_16 SL:party_size_number]
Book a brasserie that serves mezzes in Iowa	Book Ġa Ġbrass erie Ġthat Ġserves Ġme zz es Ġin ĠIowa	@ptr_0 @ptr_1 [SL:restaurant_type @ptr_2 @ptr_3 SL:restaurant_type] @ptr_4 @ptr_5 [SL:served_dish @ptr_6 @ptr_7 @ptr_8 SL:served_dish] @ptr_9 [SL:state @ptr_10 SL:state]
book a table for me and belinda serving minestra in a bar	book Ġa Ġtable Ġfor Ġme Ġand Ġbel inda Ġserving Ġmin est ra Ġin Ġa Ġbar	@ptr_0 @ptr_1 @ptr_2 @ptr_3 [SL:party_size_description @ptr_4 @ptr_5 @ptr_6 @ptr_7 SL:party_size_description] @ptr_8 [SL:served_dish @ptr_9 @ptr_10 @ptr_11 SL:served_dish] @ptr_12 @ptr_13 [SL:restaurant_type @ptr_14 SL:restaurant_type]
book a stuffed peppers serving bakery for 9 at Woodsfield VI	book Ġa Ġstuffed Ġpeppers Ġserving Ġbakery Ġfor Ġ9 Ġat ĠWoods field ĠVI	@ptr_0 @ptr_1 [SL:served_dish @ptr_2 @ptr_3 SL:served_dish] @ptr_4 [SL:restaurant_type @ptr_5 SL:restaurant_type] @ptr_6 [SL:party_size_number @ptr_7 SL:party_size_number] @ptr_8 [SL:city @ptr_9 @ptr_10 SL:city] [SL:state @ptr_11 SL:state]
I'd like a table for 7 at ten pm at a cafeteria in AL that serves malaysian	I 'd Ġlike Ġa Ġtable Ġfor Ġ7 Ġat Ġten Ġpm Ġat Ġa Ġcafeteria Ġin ĠAL Ġthat Ġserves Ġmal ays ian	@ptr_0 @ptr_1 @ptr_2 @ptr_3 @ptr_4 @ptr_5 [SL:party_size_number @ptr_6 SL:party_size_number] @ptr_7 [SL:timeRange @ptr_8 @ptr_9 SL:timeRange] @ptr_10 @ptr_11 [SL:restaurant_type @ptr_12 SL:restaurant_type] @ptr_13 [SL:state @ptr_14 SL:state] @ptr_15 @ptr_16 [SL:cuisine @ptr_17 @ptr_18 @ptr_19 SL:cuisine]
I'd like to eat at a taverna that serves chili con carne for a party of 10	I 'd Ġlike Ġto Ġeat Ġat Ġa Ġtavern a Ġthat Ġserves Ġchili Ġcon Ġcar ne Ġfor Ġa Ġparty Ġof Ġ10	@ptr_0 @ptr_1 @ptr_2 @ptr_3 @ptr_4 @ptr_5 @ptr_6 [SL:restaurant_type @ptr_7 @ptr_8 SL:restaurant_type] @ptr_9 @ptr_10 [SL:served_dish @ptr_11 @ptr_12 @ptr_13 @ptr_14 SL:served_dish] @ptr_15 @ptr_16 @ptr_17 @ptr_18 [SL:party_size_number @ptr_19 SL:party_size_number]
I require a reservation for one at the most highly rated restaurant in Uzbekistan	I Ġrequire Ġa Ġreservation Ġfor Ġone Ġat Ġthe Ġmost Ġhighly Ġrated Ġrestaurant Ġin ĠUzbek istan	@ptr_0 @ptr_1 @ptr_2 @ptr_3 @ptr_4 [SL:party_size_number @ptr_5 SL:party_size_number] @ptr_6 @ptr_7 @ptr_8 [SL:sort @ptr_9 @ptr_10 SL:sort] [SL:restaurant_type @ptr_11 SL:restaurant_type] @ptr_12 [SL:country @ptr_13 @ptr_14 SL:country]
I want to book an oyster bar for five	I Ġwant Ġto Ġbook Ġan Ġoy ster Ġbar Ġfor Ġfive	@ptr_0 @ptr_1 @ptr_2 @ptr_3 @ptr_4 [SL:restaurant_type @ptr_5 @ptr_6 @ptr_7 SL:restaurant_type] @ptr_8 [SL:party_size_number @ptr_9 SL:party_size_number]
restaurant in Kuwait for seven , Mar. eighteenth, 2030	rest aur ant Ġin ĠKuwait Ġfor Ġseven Ġ, ĠMar . Ġeighteenth , Ġ2030	[SL:restaurant_type @ptr_0 @ptr_1 @ptr_2 SL:restaurant_type] @ptr_3 [SL:country @ptr_4 SL:country] @ptr_5 [SL:party_size_number @ptr_6 SL:party_size_number] @ptr_7 [SL:timeRange @ptr_8 @ptr_9 @ptr_10 @ptr_11 @ptr_12 SL:timeRange]
I want to book a restaurant in Botswana for four	I Ġwant Ġto Ġbook Ġa Ġrestaurant Ġin ĠBots wana Ġfor Ġfour	@ptr_0 @ptr_1 @ptr_2 @ptr_3 @ptr_4 [SL:restaurant_type @ptr_5 SL:restaurant_type] @ptr_6 [SL:country @ptr_7 @ptr_8 SL:country] @ptr_9 [SL:party_size_number @ptr_10 SL:party_size_number]
Make a reservation for 7 people at a gastropub on Isle of Man	Make Ġa Ġreservation Ġfor Ġ7 Ġpeople Ġat Ġa Ġgast rop ub Ġon ĠIsle Ġof ĠMan	@ptr_0 @ptr_1 @ptr_2 @ptr_3 [SL:party_size_number @ptr_4 SL:party_size_number] @ptr_5 @ptr_6 @ptr_7 [SL:restaurant_type @ptr_8 @ptr_9 @ptr_10 SL:restaurant_type] @ptr_11 [SL:country @ptr_12 @ptr_13 @ptr_14 SL:country]
I need a table for 3 at David Whitney House in Brazil	I Ġneed Ġa Ġtable Ġfor Ġ3 Ġat ĠDavid ĠWhitney ĠHouse Ġin ĠBrazil	@ptr_0 @ptr_1 @ptr_2 @ptr_3 @ptr_4 [SL:party_size_number @ptr_5 SL:party_size_number] @ptr_6 [SL:restaurant_name @ptr_7 @ptr_8 @ptr_9 SL:restaurant_name] @ptr_10 [SL:country @ptr_11 SL:country]
I have a party of 7 in East Timor	I Ġhave Ġa Ġparty Ġof Ġ7 Ġin ĠEast ĠTim or	@ptr_0 @ptr_1 @ptr_2 @ptr_3 @ptr_4 [SL:party_size_number @ptr_5 SL:party_size_number] @ptr_6 [SL:country @ptr_7 @ptr_8 @ptr_9 SL:country]
in 1 second I need a restaurant in San Marino for 9	in Ġ1 Ġsecond ĠI Ġneed Ġa Ġrestaurant Ġin ĠSan ĠMarino Ġfor Ġ9	[SL:timeRange @ptr_0 @ptr_1 @ptr_2 SL:timeRange] @ptr_3 @ptr_4 @ptr_5 [SL:restaurant_type @ptr_6 SL:restaurant_type] @ptr_7 [SL:country @ptr_8 @ptr_9 SL:country] @ptr_10 [SL:party_size_number @ptr_11 SL:party_size_number]
Find a reservation for a tea house in Lorain	Find Ġa Ġreservation Ġfor Ġa Ġtea Ġhouse Ġin ĠLor ain	@ptr_0 @ptr_1 @ptr_2 @ptr_3 @ptr_4 [SL:restaurant_type @ptr_5 @ptr_6 SL:restaurant_type] @ptr_7 [SL:city @ptr_8 @ptr_9 SL:city]
book a table for 2 in Gleed	book Ġa Ġtable Ġfor Ġ2 Ġin ĠGle ed	@ptr_0 @ptr_1 @ptr_2 @ptr_3 [SL:party_size_number @ptr_4 SL:party_size_number] @ptr_5 [SL:city @ptr_6 @ptr_7 SL:city]
book a food truck in Nisswa for 4 at 5 pm	book Ġa Ġfood Ġtruck Ġin ĠN iss wa Ġfor Ġ4 Ġat Ġ5 Ġpm	@ptr_0 @ptr_1 [SL:restaurant_type @ptr_2 @ptr_3 SL:restaurant_type] @ptr_4 [SL:city @ptr_5 @ptr_6 @ptr_7 SL:city] @ptr_8 [SL:party_size_number @ptr_9 SL:party_size_number] @ptr_10 [SL:timeRange @ptr_11 @ptr_12 SL:timeRange]
book a table at SkyCity in Salado for me and hannah	book Ġa Ġtable Ġat ĠSky City Ġin ĠSal ado Ġfor Ġme Ġand Ġh annah	@ptr_0 @ptr_1 @ptr_2 @ptr_3 [SL:restaurant_name @ptr_4 @ptr_5 SL:restaurant_name] @ptr_6 [SL:city @ptr_7 @ptr_8 SL:city] @ptr_9 [SL:party_size_description @ptr_10 @ptr_11 @ptr_12 @ptr_13 SL:party_size_description]
Book a reservation for City Tavern in Long Bridge	Book Ġa Ġreservation Ġfor ĠCity ĠTavern Ġin ĠLong ĠBridge	@ptr_0 @ptr_1 @ptr_2 @ptr_3 [SL:restaurant_name @ptr_4 @ptr_5 SL:restaurant_name] @ptr_6 [SL:city @ptr_7 @ptr_8 SL:city]
Book a reservation for one at a highly rated restaurant in Datil	Book Ġa Ġreservation Ġfor Ġone Ġat Ġa Ġhighly Ġrated Ġrestaurant Ġin ĠDat il	@ptr_0 @ptr_1 @ptr_2 @ptr_3 [SL:party_size_number @ptr_4 SL:party_size_number] @ptr_5 @ptr_6 [SL:sort @ptr_7 @ptr_8 SL:sort] [SL:restaurant_type @ptr_9 SL:restaurant_type] @ptr_10 [SL:city @ptr_11 @ptr_12 SL:city]
Book a popular joint in Ocean Gate for seven people at elevenses	Book Ġa Ġpopular Ġjoint Ġin ĠOcean ĠGate Ġfor Ġseven Ġpeople Ġat Ġeleven ses	@ptr_0 @ptr_1 [SL:sort @ptr_2 SL:sort] [SL:restaurant_type @ptr_3 SL:restaurant_type] @ptr_4 [SL:city @ptr_5 @ptr_6 SL:city] @ptr_7 [SL:party_size_number @ptr_8 SL:party_size_number] @ptr_9 @ptr_10 [SL:timeRange @ptr_11 @ptr_12 SL:timeRange]
Book a reservation for a top-rated lebanese fast food	Book Ġa Ġreservation Ġfor Ġa Ġtop - rated Ġle ban ese Ġfast Ġfood	@ptr_0 @ptr_1 @ptr_2 @ptr_3 @ptr_4 [SL:sort @ptr_5 @ptr_6 @ptr_7 SL:sort] [SL:cuisine @ptr_8 @ptr_9 @ptr_10 SL:cuisine] [SL:restaurant_type @ptr_11 @ptr_12 SL:restaurant_type]
book midday at a faraway cuban place for five at a top-rated bakery in Grainola	book Ġmidday Ġat Ġa Ġfar away Ġcub an Ġplace Ġfor Ġfive Ġat Ġa Ġtop - rated Ġbakery Ġin ĠGrain ola	@ptr_0 [SL:timeRange @ptr_1 SL:timeRange] @ptr_2 @ptr_3 [SL:spatial_relation @ptr_4 @ptr_5 SL:spatial_relation] [SL:cuisine @ptr_6 @ptr_7 SL:cuisine] @ptr_8 @ptr_9 [SL:party_size_number @ptr_10 SL:party_size_number] @ptr_11 @ptr_12 [SL:sort @ptr_13 @ptr_14 @ptr_15 SL:sort] [SL:restaurant_type @ptr_16 SL:restaurant_type] @ptr_17 [SL:city @ptr_18 @ptr_19 SL:city]
Book a reservation for three at a top-rated sicilian restaurant in Portugal	Book Ġa Ġreservation Ġfor Ġthree Ġat Ġa Ġtop - rated Ġs ic ilian Ġrestaurant Ġin ĠPortugal	@ptr_0 @ptr_1 @ptr_2 @ptr_3 [SL:party_size_number @ptr_4 SL:party_size_number] @ptr_5 @ptr_6 [SL:sort @ptr_7 @ptr_8 @ptr_9 SL:sort] [SL:cuisine @ptr_10 @ptr_11 @ptr_12 SL:cuisine] [SL:restaurant_type @ptr_13 SL:restaurant_type] @ptr_14 [SL:country @ptr_15 SL:country]
book any popular puglia serving oyster bar for 10 in Jemez Springs	book Ġany Ġpopular Ġp ug lia Ġserving Ġoy ster Ġbar Ġfor Ġ10 Ġin ĠJem ez ĠSprings	@ptr_0 @ptr_1 [SL:sort @ptr_2 SL:sort] [SL:cuisine @ptr_3 @ptr_4 @ptr_5 SL:cuisine] @ptr_6 [SL:restaurant_type @ptr_7 @ptr_8 @ptr_9 SL:restaurant_type] @ptr_10 [SL:party_size_number @ptr_11 SL:party_size_number] @ptr_12 [SL:city @ptr_13 @ptr_14 @ptr_15 SL:city]
I am looking for a top-rated restaurant near bougatsa that can feed 3 that is close to Pelham Bay Park	I Ġam Ġlooking Ġfor Ġa Ġtop - rated Ġrestaurant Ġnear Ġb oug ats a Ġthat Ġcan Ġfeed Ġ3 Ġthat Ġis Ġclose Ġto ĠPel ham ĠBay ĠPark	@ptr_0 @ptr_1 @ptr_2 @ptr_3 @ptr_4 [SL:sort @ptr_5 @ptr_6 @ptr_7 SL:sort] [SL:restaurant_type @ptr_8 SL:restaurant_type] [SL:spatial_relation @ptr_9 SL:spatial_relation] [SL:cuisine @ptr_10 @ptr_11 @ptr_12 @ptr_13 SL:cuisine] @ptr_14 @ptr_15 @ptr_16 [SL:party_size_number @ptr_17 SL:party_size_number] @ptr_18 @ptr_19 [SL:spatial_relation @ptr_20 SL:spatial_relation] @ptr_21 [SL:poi @ptr_22 @ptr_23 @ptr_24 @ptr_25 SL:poi]
book a spot at a tsipouro restaurant in Connecticut	book Ġa Ġspot Ġat Ġa Ġts ip ou ro Ġrestaurant Ġin ĠConnecticut	@ptr_0 @ptr_1 @ptr_2 @ptr_3 @ptr_4 [SL:cuisine @ptr_5 @ptr_6 @ptr_7 @ptr_8 SL:cuisine] [SL:restaurant_type @ptr_9 SL:restaurant_type] @ptr_10 [SL:state @ptr_11 SL:state]
I need a table booking for a highly rated sardinian pub	I Ġneed Ġa Ġtable Ġbooking Ġfor Ġa Ġhighly Ġrated Ġs ard inian Ġpub	@ptr_0 @ptr_1 @ptr_2 @ptr_3 @ptr_4 @ptr_5 @ptr_6 [SL:sort @ptr_7 @ptr_8 SL:sort] [SL:cuisine @ptr_9 @ptr_10 @ptr_11 SL:cuisine] [SL:restaurant_type @ptr_12 SL:restaurant_type]
I want to book the best manadonese restaurant for six at 21:49 that is distant from my baby's work	I Ġwant Ġto Ġbook Ġthe Ġbest Ġman ad ones e Ġrestaurant Ġfor Ġsix Ġat Ġ21 : 49 Ġthat Ġis Ġdistant Ġfrom Ġmy Ġbaby 's Ġwork	@ptr_0 @ptr_1 @ptr_2 @ptr_3 @ptr_4 [SL:sort @ptr_5 SL:sort] [SL:cuisine @ptr_6 @ptr_7 @ptr_8 @ptr_9 SL:cuisine] [SL:restaurant_type @ptr_10 SL:restaurant_type] @ptr_11 [SL:party_size_number @ptr_12 SL:party_size_number] @ptr_13 [SL:timeRange @ptr_14 @ptr_15 @ptr_16 SL:timeRange] @ptr_17 @ptr_18 [SL:spatial_relation @ptr_19 SL:spatial_relation] @ptr_20 [SL:poi @ptr_21 @ptr_22 @ptr_23 @ptr_24 SL:poi]
I'd like to visit a pizzeria with a pool at fourteen o'clock	I 'd Ġlike Ġto Ġvisit Ġa Ġpizz eria Ġwith Ġa Ġpool Ġat Ġfourteen Ġo ' clock	@ptr_0 @ptr_1 @ptr_2 @ptr_3 @ptr_4 @ptr_5 [SL:restaurant_type @ptr_6 @ptr_7 SL:restaurant_type] @ptr_8 @ptr_9 [SL:facility @ptr_10 SL:facility] @ptr_11 [SL:timeRange @ptr_12 @ptr_13 @ptr_14 @ptr_15 SL:timeRange]
Book a pub with a pool in White Heath South Carolina	Book Ġa Ġpub Ġwith Ġa Ġpool Ġin ĠWhite ĠHeath ĠSouth ĠCarolina	@ptr_0 @ptr_1 [SL:restaurant_type @ptr_2 SL:restaurant_type] @ptr_3 @ptr_4 [SL:facility @ptr_5 SL:facility] @ptr_6 [SL:city @ptr_7 @ptr_8 SL:city] [SL:state @ptr_9 @ptr_10 SL:state]
Book an indoor restaurant near Wallington for 2	Book Ġan Ġindoor Ġrestaurant Ġnear ĠWall ington Ġfor Ġ2	@ptr_0 @ptr_1 [SL:facility @ptr_2 SL:facility] [SL:restaurant_type @ptr_3 SL:restaurant_type] [SL:spatial_relation @ptr_4 SL:spatial_relation] [SL:poi @ptr_5 @ptr_6 SL:poi] @ptr_7 [SL:party_size_number @ptr_8 SL:party_size_number]
Book a reservation for 2 at a food truck with pool in New York	Book Ġa Ġreservation Ġfor Ġ2 Ġat Ġa Ġfood Ġtruck Ġwith Ġpool Ġin ĠNew ĠYork	@ptr_0 @ptr_1 @ptr_2 @ptr_3 [SL:party_size_number @ptr_4 SL:party_size_number] @ptr_5 @ptr_6 [SL:restaurant_type @ptr_7 @ptr_8 SL:restaurant_type] @ptr_9 [SL:facility @ptr_10 SL:facility] @ptr_11 [SL:state @ptr_12 @ptr_13 SL:state]
Book a table for me, naomi and elisabeth at a brasserie with wifi	Book Ġa Ġtable Ġfor Ġme , Ġna omi Ġand Ġel is abeth Ġat Ġa Ġbrass erie Ġwith Ġwifi	@ptr_0 @ptr_1 @ptr_2 @ptr_3 [SL:party_size_description @ptr_4 @ptr_5 @ptr_6 @ptr_7 @ptr_8 @ptr_9 @ptr_10 @ptr_11 SL:party_size_description] @ptr_12 @ptr_13 [SL:restaurant_type @ptr_14 @ptr_15 SL:restaurant_type] @ptr_16 [SL:facility @ptr_17 SL:facility]
I want to book a popular fast food food place in MN for my friend and I	I Ġwant Ġto Ġbook Ġa Ġpopular Ġfast Ġfood Ġfood Ġplace Ġin ĠMN Ġfor Ġmy Ġfriend Ġand ĠI	@ptr_0 @ptr_1 @ptr_2 @ptr_3 @ptr_4 [SL:sort @ptr_5 SL:sort] [SL:restaurant_type @ptr_6 @ptr_7 SL:restaurant_type] @ptr_8 @ptr_9 @ptr_10 [SL:state @ptr_11 SL:state] @ptr_12 [SL:party_size_description @ptr_13 @ptr_14 @ptr_15 @ptr_16 SL:party_size_description]
BOok a table for me and georgina at a pub in a spa	BO ok Ġa Ġtable Ġfor Ġme Ġand Ġge org ina Ġat Ġa Ġpub Ġin Ġa Ġspa	@ptr_0 @ptr_1 @ptr_2 @ptr_3 @ptr_4 [SL:party_size_description @ptr_5 @ptr_6 @ptr_7 @ptr_8 @ptr_9 SL:party_size_description] @ptr_10 @ptr_11 [SL:restaurant_type @ptr_12 SL:restaurant_type] @ptr_13 @ptr_14 [SL:facility @ptr_15 SL:facility]
I need to book the best food court in within the same area as OK that serves persian food for my ex husband and I	I Ġneed Ġto Ġbook Ġthe Ġbest Ġfood Ġcourt Ġin Ġwithin Ġthe Ġsame Ġarea Ġas ĠOK Ġthat Ġserves Ġpers ian Ġfood Ġfor Ġmy Ġex Ġhusband Ġand ĠI	@ptr_0 @ptr_1 @ptr_2 @ptr_3 @ptr_4 [SL:sort @ptr_5 SL:sort] [SL:restaurant_type @ptr_6 @ptr_7 SL:restaurant_type] @ptr_8 [SL:spatial_relation @ptr_9 @ptr_10 @ptr_11 @ptr_12 SL:spatial_relation] @ptr_13 [SL:state @ptr_14 SL:state] @ptr_15 @ptr_16 [SL:cuisine @ptr_17 @ptr_18 SL:cuisine] @ptr_19 @ptr_20 [SL:party_size_description @ptr_21 @ptr_22 @ptr_23 @ptr_24 @ptr_25 SL:party_size_description]
book a spot for my colleague and I at a pizzeria with a pool in Owings Mills Wisconsin	book Ġa Ġspot Ġfor Ġmy Ġcolleague Ġand ĠI Ġat Ġa Ġpizz eria Ġwith Ġa Ġpool Ġin ĠOw ings ĠMills ĠWisconsin	@ptr_0 @ptr_1 @ptr_2 @ptr_3 [SL:party_size_description @ptr_4 @ptr_5 @ptr_6 @ptr_7 SL:party_size_description] @ptr_8 @ptr_9 [SL:restaurant_type @ptr_10 @ptr_11 SL:restaurant_type] @ptr_12 @ptr_13 [SL:facility @ptr_14 SL:facility] @ptr_15 [SL:city @ptr_16 @ptr_17 @ptr_18 SL:city] [SL:state @ptr_19 SL:state]
Book a table at a restaurant in Portugal with parking for me and bonnie in 19 minutes	Book Ġa Ġtable Ġat Ġa Ġrestaurant Ġin ĠPortugal Ġwith Ġparking Ġfor Ġme Ġand Ġbon nie Ġin Ġ19 Ġminutes	@ptr_0 @ptr_1 @ptr_2 @ptr_3 @ptr_4 [SL:restaurant_type @ptr_5 SL:restaurant_type] @ptr_6 [SL:country @ptr_7 SL:country] @ptr_8 [SL:facility @ptr_9 SL:facility] @ptr_10 [SL:party_size_description @ptr_11 @ptr_12 @ptr_13 @ptr_14 SL:party_size_description] [SL:timeRange @ptr_15 @ptr_16 @ptr_17 SL:timeRange]
