play the newest ep from the sixties	play Ġthe Ġnewest Ġep Ġfrom Ġthe Ġs ixties	@ptr_0 @ptr_1 [SL:sort @ptr_2 SL:sort] [SL:music_item @ptr_3 SL:music_item] @ptr_4 @ptr_5 [SL:year @ptr_6 @ptr_7 SL:year]
I want to hear a fourties ballad by Luciano	I Ġwant Ġto Ġhear Ġa Ġfour ties Ġball ad Ġby ĠLuc iano	@ptr_0 @ptr_1 @ptr_2 @ptr_3 @ptr_4 [SL:year @ptr_5 @ptr_6 SL:year] [SL:music_item @ptr_7 @ptr_8 SL:music_item] @ptr_9 [SL:artist @ptr_10 @ptr_11 SL:artist]
I want to hear that tune from 2010	I Ġwant Ġto Ġhear Ġthat Ġtune Ġfrom Ġ2010	@ptr_0 @ptr_1 @ptr_2 @ptr_3 @ptr_4 [SL:music_item @ptr_5 SL:music_item] @ptr_6 [SL:year @ptr_7 SL:year]
Play an album from the fourties , new	Play Ġan Ġalbum Ġfrom Ġthe Ġfour ties Ġ, Ġnew	@ptr_0 @ptr_1 [SL:music_item @ptr_2 SL:music_item] @ptr_3 @ptr_4 [SL:year @ptr_5 @ptr_6 SL:year] @ptr_7 [SL:sort @ptr_8 SL:sort]
Play some steve boyett chant	Play Ġsome Ġste ve Ġboy ett Ġchant	@ptr_0 @ptr_1 [SL:artist @ptr_2 @ptr_3 @ptr_4 @ptr_5 SL:artist] [SL:music_item @ptr_6 SL:music_item]
Play In Every Dream Home A Heartache by vincent paul abbott	Play ĠIn ĠEvery ĠDream ĠHome ĠA ĠHeart ache Ġby Ġv incent Ġp aul Ġab bott	@ptr_0 [SL:track @ptr_1 @ptr_2 @ptr_3 @ptr_4 @ptr_5 @ptr_6 @ptr_7 SL:track] @ptr_8 [SL:artist @ptr_9 @ptr_10 @ptr_11 @ptr_12 @ptr_13 @ptr_14 SL:artist]
Play Within You Without You by Distance on zvooq	Play ĠWithin ĠYou ĠWithout ĠYou Ġby ĠDistance Ġon Ġz v oo q	@ptr_0 [SL:track @ptr_1 @ptr_2 @ptr_3 @ptr_4 SL:track] @ptr_5 [SL:artist @ptr_6 SL:artist] @ptr_7 [SL:service @ptr_8 @ptr_9 @ptr_10 @ptr_11 SL:service]
Play Tenerife Sea by Daniel Salomon on Lastfm	Play ĠT ener ife ĠSea Ġby ĠDaniel ĠSal omon Ġon ĠLast fm	@ptr_0 [SL:track @ptr_1 @ptr_2 @ptr_3 @ptr_4 SL:track] @ptr_5 [SL:artist @ptr_6 @ptr_7 @ptr_8 SL:artist] @ptr_9 [SL:service @ptr_10 @ptr_11 SL:service]
Play Maggot Brain by Albano Carrisi	Play ĠMag got ĠBrain Ġby ĠAlban o ĠCar ris i	@ptr_0 [SL:track @ptr_1 @ptr_2 @ptr_3 SL:track] @ptr_4 [SL:artist @ptr_5 @ptr_6 @ptr_7 @ptr_8 @ptr_9 SL:artist]
play Wow by Jon Theodore	play ĠWow Ġby ĠJon ĠTheodore	@ptr_0 [SL:track @ptr_1 SL:track] @ptr_2 [SL:artist @ptr_3 @ptr_4 SL:artist]
Play That Would Be Something by Eden Ahbez	Play ĠThat ĠWould ĠBe ĠSomething Ġby ĠEden ĠAh be z	@ptr_0 [SL:track @ptr_1 @ptr_2 @ptr_3 @ptr_4 SL:track] @ptr_5 [SL:artist @ptr_6 @ptr_7 @ptr_8 @ptr_9 SL:artist]
play Jeff Pilson on Youtube	play ĠJeff ĠPil son Ġon ĠYoutube	@ptr_0 [SL:artist @ptr_1 @ptr_2 @ptr_3 SL:artist] @ptr_4 [SL:service @ptr_5 SL:service]
Play me a symphony by Ricky Bell	Play Ġme Ġa Ġsym phony Ġby ĠRicky ĠBell	@ptr_0 @ptr_1 @ptr_2 [SL:music_item @ptr_3 @ptr_4 SL:music_item] @ptr_5 [SL:artist @ptr_6 @ptr_7 SL:artist]
play the latest melody from Cliff Edwards on Deezer	play Ġthe Ġlatest Ġmelody Ġfrom ĠCliff ĠEdwards Ġon ĠDe ez er	@ptr_0 @ptr_1 [SL:sort @ptr_2 SL:sort] [SL:music_item @ptr_3 SL:music_item] @ptr_4 [SL:artist @ptr_5 @ptr_6 SL:artist] @ptr_7 [SL:service @ptr_8 @ptr_9 @ptr_10 SL:service]
Play music by Sha Money Xl sort by good	Play Ġmusic Ġby ĠSha ĠMoney ĠX l Ġsort Ġby Ġgood	@ptr_0 @ptr_1 @ptr_2 [SL:artist @ptr_3 @ptr_4 @ptr_5 @ptr_6 SL:artist] @ptr_7 @ptr_8 [SL:sort @ptr_9 SL:sort]
Play music off Youtube	Play Ġmusic Ġoff ĠYoutube	@ptr_0 @ptr_1 @ptr_2 [SL:service @ptr_3 SL:service]
Use Deezer	Use ĠDe ez er	@ptr_0 [SL:service @ptr_1 @ptr_2 @ptr_3 SL:service]
give me some Hank Shermann from 1975 on Lastfm	give Ġme Ġsome ĠHank ĠSher mann Ġfrom Ġ1975 Ġon ĠLast fm	@ptr_0 @ptr_1 @ptr_2 [SL:artist @ptr_3 @ptr_4 @ptr_5 SL:artist] @ptr_6 [SL:year @ptr_7 SL:year] @ptr_8 [SL:service @ptr_9 @ptr_10 SL:service]
Play Pease Porridge Hot by Johnny Vicious on Zvooq	Play ĠPe ase ĠPor ridge ĠHot Ġby ĠJohnny ĠV icious Ġon ĠZ v oo q	@ptr_0 [SL:track @ptr_1 @ptr_2 @ptr_3 @ptr_4 @ptr_5 SL:track] @ptr_6 [SL:artist @ptr_7 @ptr_8 @ptr_9 SL:artist] @ptr_10 [SL:service @ptr_11 @ptr_12 @ptr_13 @ptr_14 SL:service]
Play me a ballad by Dres on groove shark	Play Ġme Ġa Ġball ad Ġby ĠDres Ġon Ġgroove Ġshark	@ptr_0 @ptr_1 @ptr_2 [SL:music_item @ptr_3 @ptr_4 SL:music_item] @ptr_5 [SL:artist @ptr_6 SL:artist] @ptr_7 [SL:service @ptr_8 @ptr_9 SL:service]
Play Miyavi 's music from seventies on Google Music	Play ĠMiy avi Ġ' s Ġmusic Ġfrom Ġsevent ies Ġon ĠGoogle ĠMusic	@ptr_0 [SL:artist @ptr_1 @ptr_2 SL:artist] @ptr_3 @ptr_4 @ptr_5 @ptr_6 [SL:year @ptr_7 @ptr_8 SL:year] @ptr_9 [SL:service @ptr_10 @ptr_11 SL:service]
Play some music from 1989 by Sanjeev Abhyankar	Play Ġsome Ġmusic Ġfrom Ġ1989 Ġby ĠSan jee v ĠAb hy ank ar	@ptr_0 @ptr_1 @ptr_2 @ptr_3 [SL:year @ptr_4 SL:year] @ptr_5 [SL:artist @ptr_6 @ptr_7 @ptr_8 @ptr_9 @ptr_10 @ptr_11 @ptr_12 SL:artist]
I want to hear music from the sixties	I Ġwant Ġto Ġhear Ġmusic Ġfrom Ġthe Ġs ixties	@ptr_0 @ptr_1 @ptr_2 @ptr_3 @ptr_4 @ptr_5 @ptr_6 [SL:year @ptr_7 @ptr_8 SL:year]
Play a 1964 symphony on Netflix	Play Ġa Ġ1964 Ġsym phony Ġon ĠNetflix	@ptr_0 @ptr_1 [SL:year @ptr_2 SL:year] [SL:music_item @ptr_3 @ptr_4 SL:music_item] @ptr_5 [SL:service @ptr_6 SL:service]
Play a top fifty track from the twenties	Play Ġa Ġtop Ġfifty Ġtrack Ġfrom Ġthe Ġtwenties	@ptr_0 @ptr_1 [SL:sort @ptr_2 @ptr_3 SL:sort] [SL:music_item @ptr_4 SL:music_item] @ptr_5 @ptr_6 [SL:year @ptr_7 SL:year]
Play a song off The Best Of Siouxsie & The Banshees by Faustino Oramas	Play Ġa Ġsong Ġoff ĠThe ĠBest ĠOf ĠSioux sie Ġ& ĠThe ĠBans he es Ġby ĠFaust ino ĠO ram as	@ptr_0 @ptr_1 [SL:music_item @ptr_2 SL:music_item] @ptr_3 [SL:album @ptr_4 @ptr_5 @ptr_6 @ptr_7 @ptr_8 @ptr_9 @ptr_10 @ptr_11 @ptr_12 @ptr_13 SL:album] @ptr_14 [SL:artist @ptr_15 @ptr_16 @ptr_17 @ptr_18 @ptr_19 SL:artist]
Play sweet shanghai devil by Teddy Diaz	Play Ġsweet Ġsh an ghai Ġdevil Ġby ĠTeddy ĠDiaz	@ptr_0 [SL:album @ptr_1 @ptr_2 @ptr_3 @ptr_4 @ptr_5 SL:album] @ptr_6 [SL:artist @ptr_7 @ptr_8 SL:artist]
Open Lastfm and play a voluntad del cielo from Wax	Open ĠLast fm Ġand Ġplay Ġa Ġvolunt ad Ġdel Ġc iel o Ġfrom ĠWax	@ptr_0 [SL:service @ptr_1 @ptr_2 SL:service] @ptr_3 @ptr_4 [SL:album @ptr_5 @ptr_6 @ptr_7 @ptr_8 @ptr_9 @ptr_10 @ptr_11 SL:album] @ptr_12 [SL:artist @ptr_13 SL:artist]
Please play a song off the Curtis Lee album Rough Diamonds	Please Ġplay Ġa Ġsong Ġoff Ġthe ĠCurtis ĠLee Ġalbum ĠRough ĠDiamond s	@ptr_0 @ptr_1 @ptr_2 [SL:music_item @ptr_3 SL:music_item] @ptr_4 @ptr_5 [SL:artist @ptr_6 @ptr_7 SL:artist] [SL:music_item @ptr_8 SL:music_item] [SL:album @ptr_9 @ptr_10 @ptr_11 SL:album]
play Bill Evans album The Best Of The 12" Mixes	play ĠBill ĠEvans Ġalbum ĠThe ĠBest ĠOf ĠThe Ġ12 " ĠMix es	@ptr_0 [SL:artist @ptr_1 @ptr_2 SL:artist] [SL:music_item @ptr_3 SL:music_item] [SL:album @ptr_4 @ptr_5 @ptr_6 @ptr_7 @ptr_8 @ptr_9 @ptr_10 @ptr_11 SL:album]
play the last 1957 movement	play Ġthe Ġlast Ġ1957 Ġmovement	@ptr_0 @ptr_1 [SL:sort @ptr_2 SL:sort] [SL:year @ptr_3 SL:year] [SL:music_item @ptr_4 SL:music_item]
Play the best songs by Jes Brieden	Play Ġthe Ġbest Ġsongs Ġby ĠJes ĠB ried en	@ptr_0 @ptr_1 [SL:sort @ptr_2 SL:sort] @ptr_3 @ptr_4 [SL:artist @ptr_5 @ptr_6 @ptr_7 @ptr_8 SL:artist]
Play a top twenty sort by Akinyele	Play Ġa Ġtop Ġtwenty Ġsort Ġby ĠAk iny ele	@ptr_0 @ptr_1 [SL:sort @ptr_2 @ptr_3 SL:sort] @ptr_4 @ptr_5 [SL:artist @ptr_6 @ptr_7 @ptr_8 SL:artist]
play a top Ryuichi Kawamura chant on Groove Shark	play Ġa Ġtop ĠRyu ichi ĠKaw amura Ġchant Ġon ĠGro ove ĠShark	@ptr_0 @ptr_1 [SL:sort @ptr_2 SL:sort] [SL:artist @ptr_3 @ptr_4 @ptr_5 @ptr_6 SL:artist] [SL:music_item @ptr_7 SL:music_item] @ptr_8 [SL:service @ptr_9 @ptr_10 @ptr_11 SL:service]
Play a top five Jonny Buckland symphony from around 1989	Play Ġa Ġtop Ġfive ĠJon ny ĠBuck land Ġsym phony Ġfrom Ġaround Ġ1989	@ptr_0 @ptr_1 [SL:sort @ptr_2 @ptr_3 SL:sort] [SL:artist @ptr_4 @ptr_5 @ptr_6 @ptr_7 SL:artist] [SL:music_item @ptr_8 @ptr_9 SL:music_item] @ptr_10 @ptr_11 [SL:year @ptr_12 SL:year]
Start up my Independent Music Monday	Start Ġup Ġmy ĠIndependent ĠMusic ĠMonday	@ptr_0 @ptr_1 @ptr_2 [SL:playlist @ptr_3 @ptr_4 @ptr_5 SL:playlist]
open the Canciones del Recuerdo	open Ġthe ĠC anc ion es Ġdel ĠRec uer do	@ptr_0 @ptr_1 [SL:playlist @ptr_2 @ptr_3 @ptr_4 @ptr_5 @ptr_6 @ptr_7 @ptr_8 @ptr_9 SL:playlist]
Use Netflix to play In The Arms Of A Woman	Use ĠNetflix Ġto Ġplay ĠIn ĠThe ĠArms ĠOf ĠA ĠWoman	@ptr_0 [SL:service @ptr_1 SL:service] @ptr_2 @ptr_3 [SL:playlist @ptr_4 @ptr_5 @ptr_6 @ptr_7 @ptr_8 @ptr_9 SL:playlist]
Play the energic Itunes	Play Ġthe Ġenerg ic ĠIt unes	@ptr_0 @ptr_1 [SL:playlist @ptr_2 @ptr_3 SL:playlist] [SL:service @ptr_4 @ptr_5 SL:service]
play Women of Jazz	play ĠWomen Ġof ĠJazz	@ptr_0 [SL:playlist @ptr_1 @ptr_2 @ptr_3 SL:playlist]
I want to hear some psychedelic rock	I Ġwant Ġto Ġhear Ġsome Ġpsychedelic Ġrock	@ptr_0 @ptr_1 @ptr_2 @ptr_3 @ptr_4 [SL:genre @ptr_5 @ptr_6 SL:genre]
open Spotify and play a couple of celtic	open ĠSpotify Ġand Ġplay Ġa Ġcouple Ġof Ġc elt ic	@ptr_0 [SL:service @ptr_1 SL:service] @ptr_2 @ptr_3 @ptr_4 @ptr_5 @ptr_6 [SL:genre @ptr_7 @ptr_8 @ptr_9 SL:genre]
Play Punk Rock	Play ĠPunk ĠRock	@ptr_0 [SL:genre @ptr_1 @ptr_2 SL:genre]
play pop music with Groove Shark	play Ġpop Ġmusic Ġwith ĠGro ove ĠShark	@ptr_0 [SL:genre @ptr_1 SL:genre] @ptr_2 @ptr_3 [SL:service @ptr_4 @ptr_5 @ptr_6 SL:service]
Can you play some Synthpop music on Youtube	Can Ġyou Ġplay Ġsome ĠSyn th pop Ġmusic Ġon ĠYoutube	@ptr_0 @ptr_1 @ptr_2 @ptr_3 [SL:genre @ptr_4 @ptr_5 @ptr_6 SL:genre] @ptr_7 @ptr_8 [SL:service @ptr_9 SL:service]
