Rate Renewable Electricity and the Grid one stars out of 6	Rate ĠRenew able ĠElectricity Ġand Ġthe ĠGrid Ġone Ġstars Ġout Ġof Ġ6	@ptr_0 [SL:object_name @ptr_1 @ptr_2 @ptr_3 @ptr_4 @ptr_5 @ptr_6 SL:object_name] [SL:rating_value @ptr_7 SL:rating_value] [SL:rating_unit @ptr_8 SL:rating_unit] @ptr_9 @ptr_10 [SL:best_rating @ptr_11 SL:best_rating]
Rate The Woven Path one stars	Rate ĠThe ĠW oven ĠPath Ġone Ġstars	@ptr_0 [SL:object_name @ptr_1 @ptr_2 @ptr_3 @ptr_4 SL:object_name] [SL:rating_value @ptr_5 SL:rating_value] [SL:rating_unit @ptr_6 SL:rating_unit]
Rate The Philosophic Thought of Ayn Rand three of 6 stars	Rate ĠThe ĠPhilos oph ic ĠThought Ġof ĠA yn ĠRand Ġthree Ġof Ġ6 Ġstars	@ptr_0 [SL:object_name @ptr_1 @ptr_2 @ptr_3 @ptr_4 @ptr_5 @ptr_6 @ptr_7 @ptr_8 @ptr_9 SL:object_name] [SL:rating_value @ptr_10 SL:rating_value] @ptr_11 [SL:best_rating @ptr_12 SL:best_rating] [SL:rating_unit @ptr_13 SL:rating_unit]
Give 99 Coffins 0 stars out of 6	Give Ġ99 ĠCoff ins Ġ0 Ġstars Ġout Ġof Ġ6	@ptr_0 [SL:object_name @ptr_1 @ptr_2 @ptr_3 SL:object_name] [SL:rating_value @ptr_4 SL:rating_value] [SL:rating_unit @ptr_5 SL:rating_unit] @ptr_6 @ptr_7 [SL:best_rating @ptr_8 SL:best_rating]
I give The English Spy a rating of 1 and a best rating of 6	I Ġgive ĠThe ĠEnglish ĠSpy Ġa Ġrating Ġof Ġ1 Ġand Ġa Ġbest Ġrating Ġof Ġ6	@ptr_0 @ptr_1 [SL:object_name @ptr_2 @ptr_3 @ptr_4 SL:object_name] @ptr_5 @ptr_6 @ptr_7 [SL:rating_value @ptr_8 SL:rating_value] @ptr_9 @ptr_10 @ptr_11 @ptr_12 @ptr_13 [SL:best_rating @ptr_14 SL:best_rating]
I give Song of Solomon a rating of one	I Ġgive ĠSong Ġof ĠSolomon Ġa Ġrating Ġof Ġone	@ptr_0 @ptr_1 [SL:object_name @ptr_2 @ptr_3 @ptr_4 SL:object_name] @ptr_5 @ptr_6 @ptr_7 [SL:rating_value @ptr_8 SL:rating_value]
I want to rate The Turbulent Term of Tyke Tiler a 3	I Ġwant Ġto Ġrate ĠThe ĠTur bul ent ĠTerm Ġof ĠTy ke ĠT iler Ġa Ġ3	@ptr_0 @ptr_1 @ptr_2 @ptr_3 [SL:object_name @ptr_4 @ptr_5 @ptr_6 @ptr_7 @ptr_8 @ptr_9 @ptr_10 @ptr_11 @ptr_12 @ptr_13 SL:object_name] @ptr_14 [SL:rating_value @ptr_15 SL:rating_value]
Rate The Documents in the Case series two of 6	Rate ĠThe ĠDocuments Ġin Ġthe ĠCase Ġseries Ġtwo Ġof Ġ6	@ptr_0 [SL:object_name @ptr_1 @ptr_2 @ptr_3 @ptr_4 @ptr_5 SL:object_name] [SL:object_part_of_series_type @ptr_6 SL:object_part_of_series_type] [SL:rating_value @ptr_7 SL:rating_value] @ptr_8 [SL:best_rating @ptr_9 SL:best_rating]
give Power of Faerûn two of 6	give ĠPower Ġof ĠFa er Ã» n Ġtwo Ġof Ġ6	@ptr_0 [SL:object_name @ptr_1 @ptr_2 @ptr_3 @ptr_4 @ptr_5 @ptr_6 SL:object_name] [SL:rating_value @ptr_7 SL:rating_value] @ptr_8 [SL:best_rating @ptr_9 SL:best_rating]
I give the last textbook one out of 6 points	I Ġgive Ġthe Ġlast Ġtextbook Ġone Ġout Ġof Ġ6 Ġpoints	@ptr_0 @ptr_1 @ptr_2 [SL:object_select @ptr_3 SL:object_select] [SL:object_type @ptr_4 SL:object_type] [SL:rating_value @ptr_5 SL:rating_value] @ptr_6 @ptr_7 [SL:best_rating @ptr_8 SL:best_rating] [SL:rating_unit @ptr_9 SL:rating_unit]
Rate my current book four points out of 6	Rate Ġmy Ġcurrent Ġbook Ġfour Ġpoints Ġout Ġof Ġ6	@ptr_0 @ptr_1 [SL:object_select @ptr_2 SL:object_select] [SL:object_type @ptr_3 SL:object_type] [SL:rating_value @ptr_4 SL:rating_value] [SL:rating_unit @ptr_5 SL:rating_unit] @ptr_6 @ptr_7 [SL:best_rating @ptr_8 SL:best_rating]
I rate 4 of 6 points for this textbook	I Ġrate Ġ4 Ġof Ġ6 Ġpoints Ġfor Ġthis Ġtextbook	@ptr_0 @ptr_1 [SL:rating_value @ptr_2 SL:rating_value] @ptr_3 [SL:best_rating @ptr_4 SL:best_rating] [SL:rating_unit @ptr_5 SL:rating_unit] @ptr_6 [SL:object_select @ptr_7 SL:object_select] [SL:object_type @ptr_8 SL:object_type]
Rate my current novel 0 out of 6 points	Rate Ġmy Ġcurrent Ġnovel Ġ0 Ġout Ġof Ġ6 Ġpoints	@ptr_0 @ptr_1 [SL:object_select @ptr_2 SL:object_select] [SL:object_type @ptr_3 SL:object_type] [SL:rating_value @ptr_4 SL:rating_value] @ptr_5 @ptr_6 [SL:best_rating @ptr_7 SL:best_rating] [SL:rating_unit @ptr_8 SL:rating_unit]
rate the book A Brief History of Chinese Fiction 0 out of 6 points	rate Ġthe Ġbook ĠA ĠBrief ĠHistory Ġof ĠChinese ĠFiction Ġ0 Ġout Ġof Ġ6 Ġpoints	@ptr_0 @ptr_1 [SL:object_type @ptr_2 SL:object_type] [SL:object_name @ptr_3 @ptr_4 @ptr_5 @ptr_6 @ptr_7 @ptr_8 SL:object_name] [SL:rating_value @ptr_9 SL:rating_value] @ptr_10 @ptr_11 [SL:best_rating @ptr_12 SL:best_rating] [SL:rating_unit @ptr_13 SL:rating_unit]
Rate the Daughter of the Empire three out of 6	Rate Ġthe ĠDaughter Ġof Ġthe ĠEmpire Ġthree Ġout Ġof Ġ6	@ptr_0 @ptr_1 [SL:object_name @ptr_2 @ptr_3 @ptr_4 @ptr_5 SL:object_name] [SL:rating_value @ptr_6 SL:rating_value] @ptr_7 @ptr_8 [SL:best_rating @ptr_9 SL:best_rating]
Please rate Think Like a Freak 3 points out of 6	Please Ġrate ĠThink ĠLike Ġa ĠFreak Ġ3 Ġpoints Ġout Ġof Ġ6	@ptr_0 @ptr_1 [SL:object_name @ptr_2 @ptr_3 @ptr_4 @ptr_5 SL:object_name] [SL:rating_value @ptr_6 SL:rating_value] [SL:rating_unit @ptr_7 SL:rating_unit] @ptr_8 @ptr_9 [SL:best_rating @ptr_10 SL:best_rating]
Rate Equal Affections one points	Rate ĠEqual ĠAffect ions Ġone Ġpoints	@ptr_0 [SL:object_name @ptr_1 @ptr_2 @ptr_3 SL:object_name] [SL:rating_value @ptr_4 SL:rating_value] [SL:rating_unit @ptr_5 SL:rating_unit]
For the current saga I rate 2 of 6 stars	For Ġthe Ġcurrent Ġsaga ĠI Ġrate Ġ2 Ġof Ġ6 Ġstars	@ptr_0 @ptr_1 [SL:object_select @ptr_2 SL:object_select] [SL:object_part_of_series_type @ptr_3 SL:object_part_of_series_type] @ptr_4 @ptr_5 [SL:rating_value @ptr_6 SL:rating_value] @ptr_7 [SL:best_rating @ptr_8 SL:best_rating] [SL:rating_unit @ptr_9 SL:rating_unit]
Give zero stars to Book of Artifacts	Give Ġzero Ġstars Ġto ĠBook Ġof ĠArt ifacts	@ptr_0 [SL:rating_value @ptr_1 SL:rating_value] [SL:rating_unit @ptr_2 SL:rating_unit] @ptr_3 [SL:object_name @ptr_4 @ptr_5 @ptr_6 @ptr_7 SL:object_name]
Rate They Came from the Sea 1 of 6 points	Rate ĠThey ĠCame Ġfrom Ġthe ĠSea Ġ1 Ġof Ġ6 Ġpoints	@ptr_0 [SL:object_name @ptr_1 @ptr_2 @ptr_3 @ptr_4 @ptr_5 SL:object_name] [SL:rating_value @ptr_6 SL:rating_value] @ptr_7 [SL:best_rating @ptr_8 SL:best_rating] [SL:rating_unit @ptr_9 SL:rating_unit]
Give this series 3 stars	Give Ġthis Ġseries Ġ3 Ġstars	@ptr_0 [SL:object_select @ptr_1 SL:object_select] [SL:object_part_of_series_type @ptr_2 SL:object_part_of_series_type] [SL:rating_value @ptr_3 SL:rating_value] [SL:rating_unit @ptr_4 SL:rating_unit]
I think that this novel should get 2 points and a rating of 6	I Ġthink Ġthat Ġthis Ġnovel Ġshould Ġget Ġ2 Ġpoints Ġand Ġa Ġrating Ġof Ġ6	@ptr_0 @ptr_1 @ptr_2 [SL:object_select @ptr_3 SL:object_select] [SL:object_type @ptr_4 SL:object_type] @ptr_5 @ptr_6 [SL:rating_value @ptr_7 SL:rating_value] [SL:rating_unit @ptr_8 SL:rating_unit] @ptr_9 @ptr_10 @ptr_11 @ptr_12 [SL:best_rating @ptr_13 SL:best_rating]
give this a 0 for this book	give Ġthis Ġa Ġ0 Ġfor Ġthis Ġbook	@ptr_0 [SL:object_select @ptr_1 SL:object_select] @ptr_2 [SL:rating_value @ptr_3 SL:rating_value] @ptr_4 @ptr_5 [SL:object_type @ptr_6 SL:object_type]
Rate this album a 2	Rate Ġthis Ġalbum Ġa Ġ2	@ptr_0 [SL:object_select @ptr_1 SL:object_select] [SL:object_type @ptr_2 SL:object_type] @ptr_3 [SL:rating_value @ptr_4 SL:rating_value]
give one out o 6 stars to this chronicle	give Ġone Ġout Ġo Ġ6 Ġstars Ġto Ġthis Ġchron icle	@ptr_0 [SL:rating_value @ptr_1 SL:rating_value] @ptr_2 @ptr_3 [SL:best_rating @ptr_4 SL:best_rating] [SL:rating_unit @ptr_5 SL:rating_unit] @ptr_6 [SL:object_select @ptr_7 SL:object_select] [SL:object_part_of_series_type @ptr_8 @ptr_9 SL:object_part_of_series_type]
give 1 out of 6 stars to current book	give Ġ1 Ġout Ġof Ġ6 Ġstars Ġto Ġcurrent Ġbook	@ptr_0 [SL:rating_value @ptr_1 SL:rating_value] @ptr_2 @ptr_3 [SL:best_rating @ptr_4 SL:best_rating] [SL:rating_unit @ptr_5 SL:rating_unit] @ptr_6 [SL:object_select @ptr_7 SL:object_select] [SL:object_type @ptr_8 SL:object_type]
this is rated 5 out of 6 for an essay	this Ġis Ġrated Ġ5 Ġout Ġof Ġ6 Ġfor Ġan Ġessay	[SL:object_select @ptr_0 SL:object_select] @ptr_1 @ptr_2 [SL:rating_value @ptr_3 SL:rating_value] @ptr_4 @ptr_5 [SL:best_rating @ptr_6 SL:best_rating] @ptr_7 @ptr_8 [SL:object_type @ptr_9 SL:object_type]
rate current textbook 0	rate Ġcurrent Ġtextbook Ġ0	@ptr_0 [SL:object_select @ptr_1 SL:object_select] [SL:object_type @ptr_2 SL:object_type] [SL:rating_value @ptr_3 SL:rating_value]
give 5 star to the book The Knight of Newts	give Ġ5 Ġstar Ġto Ġthe Ġbook ĠThe ĠKnight Ġof ĠNew ts	@ptr_0 [SL:rating_value @ptr_1 SL:rating_value] @ptr_2 @ptr_3 @ptr_4 [SL:object_type @ptr_5 SL:object_type] [SL:object_name @ptr_6 @ptr_7 @ptr_8 @ptr_9 @ptr_10 SL:object_name]
rate this essay 3 out of 6 points	rate Ġthis Ġessay Ġ3 Ġout Ġof Ġ6 Ġpoints	@ptr_0 [SL:object_select @ptr_1 SL:object_select] [SL:object_type @ptr_2 SL:object_type] [SL:rating_value @ptr_3 SL:rating_value] @ptr_4 @ptr_5 [SL:best_rating @ptr_6 SL:best_rating] [SL:rating_unit @ptr_7 SL:rating_unit]
Rate the Deception chronicle one of 6 points	Rate Ġthe ĠDe ception Ġchron icle Ġone Ġof Ġ6 Ġpoints	@ptr_0 @ptr_1 [SL:object_name @ptr_2 @ptr_3 SL:object_name] [SL:object_part_of_series_type @ptr_4 @ptr_5 SL:object_part_of_series_type] [SL:rating_value @ptr_6 SL:rating_value] @ptr_7 [SL:best_rating @ptr_8 SL:best_rating] [SL:rating_unit @ptr_9 SL:rating_unit]
The Young Lion saga gets a solid 4 points out of 6	The ĠYoung ĠLion Ġsaga Ġgets Ġa Ġsolid Ġ4 Ġpoints Ġout Ġof Ġ6	[SL:object_name @ptr_0 @ptr_1 @ptr_2 SL:object_name] [SL:object_part_of_series_type @ptr_3 SL:object_part_of_series_type] @ptr_4 @ptr_5 @ptr_6 [SL:rating_value @ptr_7 SL:rating_value] [SL:rating_unit @ptr_8 SL:rating_unit] @ptr_9 @ptr_10 [SL:best_rating @ptr_11 SL:best_rating]
rate the last saga 3	rate Ġthe Ġlast Ġsaga Ġ3	@ptr_0 @ptr_1 [SL:object_select @ptr_2 SL:object_select] [SL:object_part_of_series_type @ptr_3 SL:object_part_of_series_type] [SL:rating_value @ptr_4 SL:rating_value]
I give The Battle of Bretton Woods saga two of 6 stars	I Ġgive ĠThe ĠBattle Ġof ĠBrett on ĠWoods Ġsaga Ġtwo Ġof Ġ6 Ġstars	@ptr_0 @ptr_1 [SL:object_name @ptr_2 @ptr_3 @ptr_4 @ptr_5 @ptr_6 @ptr_7 SL:object_name] [SL:object_part_of_series_type @ptr_8 SL:object_part_of_series_type] [SL:rating_value @ptr_9 SL:rating_value] @ptr_10 [SL:best_rating @ptr_11 SL:best_rating] [SL:rating_unit @ptr_12 SL:rating_unit]
rate current saga one point out of 6	rate Ġcurrent Ġsaga Ġone Ġpoint Ġout Ġof Ġ6	@ptr_0 [SL:object_select @ptr_1 SL:object_select] [SL:object_part_of_series_type @ptr_2 SL:object_part_of_series_type] [SL:rating_value @ptr_3 SL:rating_value] @ptr_4 @ptr_5 @ptr_6 [SL:best_rating @ptr_7 SL:best_rating]
