find close by movies movie times	find Ġclose Ġby Ġmovies Ġmovie Ġtimes	@ptr_0 [SL:spatial_relation @ptr_1 @ptr_2 SL:spatial_relation] [SL:movie_type @ptr_3 SL:movie_type] [SL:object_type @ptr_4 @ptr_5 SL:object_type]
Find the schedule for films at night at Great Escape Theatres	Find Ġthe Ġschedule Ġfor Ġfilms Ġat Ġnight Ġat ĠGreat ĠEscape ĠThe at res	@ptr_0 @ptr_1 [SL:object_type @ptr_2 SL:object_type] @ptr_3 [SL:movie_type @ptr_4 SL:movie_type] @ptr_5 [SL:timeRange @ptr_6 SL:timeRange] @ptr_7 [SL:location_name @ptr_8 @ptr_9 @ptr_10 @ptr_11 @ptr_12 SL:location_name]
Fine movie times for Loews Cineplex Entertainment	Fine Ġmovie Ġtimes Ġfor ĠLo ews ĠC ine plex ĠEntertainment	@ptr_0 [SL:object_type @ptr_1 @ptr_2 SL:object_type] @ptr_3 [SL:location_name @ptr_4 @ptr_5 @ptr_6 @ptr_7 @ptr_8 @ptr_9 SL:location_name]
can i have the movie schedules	can Ġi Ġhave Ġthe Ġmovie Ġschedules	@ptr_0 @ptr_1 @ptr_2 @ptr_3 [SL:object_type @ptr_4 @ptr_5 SL:object_type]
Find the movie schedule for B&B Theatres	Find Ġthe Ġmovie Ġschedule Ġfor ĠB & B ĠThe at res	@ptr_0 @ptr_1 [SL:object_type @ptr_2 @ptr_3 SL:object_type] @ptr_4 [SL:location_name @ptr_5 @ptr_6 @ptr_7 @ptr_8 @ptr_9 @ptr_10 SL:location_name]
What movies are playing Douglas Theatre Company	What Ġmovies Ġare Ġplaying ĠDouglas ĠTheatre ĠCompany	@ptr_0 [SL:movie_type @ptr_1 SL:movie_type] @ptr_2 @ptr_3 [SL:location_name @ptr_4 @ptr_5 @ptr_6 SL:location_name]
What is the movie times at Marcus Corporation	What Ġis Ġthe Ġmovie Ġtimes Ġat ĠMarcus ĠCorporation	@ptr_0 @ptr_1 @ptr_2 [SL:object_type @ptr_3 @ptr_4 SL:object_type] @ptr_5 [SL:location_name @ptr_6 @ptr_7 SL:location_name]
Find the schedule for for films at Star Theatres	Find Ġthe Ġschedule Ġfor Ġfor Ġfilms Ġat ĠStar ĠThe at res	@ptr_0 @ptr_1 [SL:object_type @ptr_2 SL:object_type] @ptr_3 @ptr_4 [SL:movie_type @ptr_5 SL:movie_type] @ptr_6 [SL:location_name @ptr_7 @ptr_8 @ptr_9 @ptr_10 SL:location_name]
find a Consolidated Theatres showing The Good Old Naughty Days	find Ġa ĠConsolid ated ĠThe at res Ġshowing ĠThe ĠGood ĠOld ĠN aughty ĠDays	@ptr_0 @ptr_1 [SL:location_name @ptr_2 @ptr_3 @ptr_4 @ptr_5 @ptr_6 SL:location_name] @ptr_7 [SL:movie_name @ptr_8 @ptr_9 @ptr_10 @ptr_11 @ptr_12 @ptr_13 SL:movie_name]
I'd like to watch films at Marcus Corporation at twelve P.M.	I 'd Ġlike Ġto Ġwatch Ġfilms Ġat ĠMarcus ĠCorporation Ġat Ġtwelve ĠP . M .	@ptr_0 @ptr_1 @ptr_2 @ptr_3 @ptr_4 [SL:movie_type @ptr_5 SL:movie_type] @ptr_6 [SL:location_name @ptr_7 @ptr_8 SL:location_name] @ptr_9 [SL:timeRange @ptr_10 @ptr_11 @ptr_12 @ptr_13 @ptr_14 SL:timeRange]
I'm wondering if I can watch Heyy Babyy at a cinema	I 'm Ġwondering Ġif ĠI Ġcan Ġwatch ĠHey y ĠBaby y Ġat Ġa Ġcinema	@ptr_0 @ptr_1 @ptr_2 @ptr_3 @ptr_4 @ptr_5 @ptr_6 [SL:movie_name @ptr_7 @ptr_8 @ptr_9 @ptr_10 SL:movie_name] @ptr_11 @ptr_12 [SL:object_location_type @ptr_13 SL:object_location_type]
What is the closest movie house playing House of the Dead 2	What Ġis Ġthe Ġclosest Ġmovie Ġhouse Ġplaying ĠHouse Ġof Ġthe ĠDead Ġ2	@ptr_0 @ptr_1 @ptr_2 [SL:spatial_relation @ptr_3 SL:spatial_relation] [SL:object_location_type @ptr_4 @ptr_5 SL:object_location_type] @ptr_6 [SL:movie_name @ptr_7 @ptr_8 @ptr_9 @ptr_10 @ptr_11 SL:movie_name]
Can I watch The Sound of War in thirteen minutes at the nearest cinema	Can ĠI Ġwatch ĠThe ĠSound Ġof ĠWar Ġin Ġthirteen Ġminutes Ġat Ġthe Ġnearest Ġcinema	@ptr_0 @ptr_1 @ptr_2 [SL:movie_name @ptr_3 @ptr_4 @ptr_5 @ptr_6 SL:movie_name] [SL:timeRange @ptr_7 @ptr_8 @ptr_9 SL:timeRange] @ptr_10 @ptr_11 [SL:spatial_relation @ptr_12 SL:spatial_relation] [SL:object_location_type @ptr_13 SL:object_location_type]
what time is The Eddy Duchin Story	what Ġtime Ġis ĠThe ĠEd dy ĠD uchin ĠStory	@ptr_0 @ptr_1 @ptr_2 [SL:movie_name @ptr_3 @ptr_4 @ptr_5 @ptr_6 @ptr_7 @ptr_8 SL:movie_name]
find me the nearest movie theatre that's showing The Spell of the Yukon	find Ġme Ġthe Ġnearest Ġmovie Ġtheatre Ġthat 's Ġshowing ĠThe ĠSpell Ġof Ġthe ĠYuk on	@ptr_0 @ptr_1 @ptr_2 [SL:spatial_relation @ptr_3 SL:spatial_relation] [SL:object_location_type @ptr_4 @ptr_5 SL:object_location_type] @ptr_6 @ptr_7 @ptr_8 [SL:movie_name @ptr_9 @ptr_10 @ptr_11 @ptr_12 @ptr_13 @ptr_14 SL:movie_name]
Check films screened at the closest cinema	Check Ġfilms Ġscreened Ġat Ġthe Ġclosest Ġcinema	@ptr_0 [SL:movie_type @ptr_1 SL:movie_type] @ptr_2 @ptr_3 @ptr_4 [SL:spatial_relation @ptr_5 SL:spatial_relation] [SL:object_location_type @ptr_6 SL:object_location_type]
What films are playing at the nearest movie theatre	What Ġfilms Ġare Ġplaying Ġat Ġthe Ġnearest Ġmovie Ġtheatre	@ptr_0 [SL:movie_type @ptr_1 SL:movie_type] @ptr_2 @ptr_3 @ptr_4 @ptr_5 [SL:spatial_relation @ptr_6 SL:spatial_relation] [SL:object_location_type @ptr_7 @ptr_8 SL:object_location_type]
What films are playing at the nearest movie theatre	What Ġfilms Ġare Ġplaying Ġat Ġthe Ġnearest Ġmovie Ġtheatre	@ptr_0 [SL:movie_type @ptr_1 SL:movie_type] @ptr_2 @ptr_3 @ptr_4 @ptr_5 [SL:spatial_relation @ptr_6 SL:spatial_relation] [SL:object_location_type @ptr_7 @ptr_8 SL:object_location_type]
find a movie theatre with Beware of Bachelors	find Ġa Ġmovie Ġtheatre Ġwith ĠBeware Ġof ĠB achel ors	@ptr_0 @ptr_1 [SL:object_location_type @ptr_2 @ptr_3 SL:object_location_type] @ptr_4 [SL:movie_name @ptr_5 @ptr_6 @ptr_7 @ptr_8 @ptr_9 SL:movie_name]
What movies are showing at the nearest movie house	What Ġmovies Ġare Ġshowing Ġat Ġthe Ġnearest Ġmovie Ġhouse	@ptr_0 [SL:movie_type @ptr_1 SL:movie_type] @ptr_2 @ptr_3 @ptr_4 @ptr_5 [SL:spatial_relation @ptr_6 SL:spatial_relation] [SL:object_location_type @ptr_7 @ptr_8 SL:object_location_type]
What movie house is showing Flower and Snake at 08:56:29	What Ġmovie Ġhouse Ġis Ġshowing ĠFlower Ġand ĠSnake Ġat Ġ08 : 56 : 29	@ptr_0 [SL:object_location_type @ptr_1 @ptr_2 SL:object_location_type] @ptr_3 @ptr_4 [SL:movie_name @ptr_5 @ptr_6 @ptr_7 SL:movie_name] @ptr_8 [SL:timeRange @ptr_9 @ptr_10 @ptr_11 @ptr_12 @ptr_13 SL:timeRange]
Whats the closest cinema that shows movies at 12 A.M.	Wh ats Ġthe Ġclosest Ġcinema Ġthat Ġshows Ġmovies Ġat Ġ12 ĠA . M .	@ptr_0 @ptr_1 @ptr_2 [SL:spatial_relation @ptr_3 SL:spatial_relation] [SL:object_location_type @ptr_4 SL:object_location_type] @ptr_5 @ptr_6 [SL:movie_type @ptr_7 SL:movie_type] @ptr_8 [SL:timeRange @ptr_9 @ptr_10 @ptr_11 @ptr_12 @ptr_13 SL:timeRange]
Where can I watch Portrait of a Woman, Nude in 1 hour	Where Ġcan ĠI Ġwatch ĠPort rait Ġof Ġa ĠWoman , ĠN ude Ġin Ġ1 Ġhour	@ptr_0 @ptr_1 @ptr_2 @ptr_3 [SL:movie_name @ptr_4 @ptr_5 @ptr_6 @ptr_7 @ptr_8 @ptr_9 @ptr_10 @ptr_11 SL:movie_name] [SL:timeRange @ptr_12 @ptr_13 @ptr_14 SL:timeRange]
find Dipson Theatres with Swiss Army Man at 8 p.m.	find ĠDip son ĠThe at res Ġwith ĠSwiss ĠArmy ĠMan Ġat Ġ8 Ġp . m .	@ptr_0 [SL:location_name @ptr_1 @ptr_2 @ptr_3 @ptr_4 @ptr_5 SL:location_name] @ptr_6 [SL:movie_name @ptr_7 @ptr_8 @ptr_9 SL:movie_name] @ptr_10 [SL:timeRange @ptr_11 @ptr_12 @ptr_13 @ptr_14 @ptr_15 SL:timeRange]
Find me a showing of The Vanquished that starts nine hours and 1 second from now	Find Ġme Ġa Ġshowing Ġof ĠThe ĠVan quished Ġthat Ġstarts Ġnine Ġhours Ġand Ġ1 Ġsecond Ġfrom Ġnow	@ptr_0 @ptr_1 @ptr_2 @ptr_3 @ptr_4 [SL:movie_name @ptr_5 @ptr_6 @ptr_7 SL:movie_name] @ptr_8 @ptr_9 [SL:timeRange @ptr_10 @ptr_11 @ptr_12 @ptr_13 @ptr_14 @ptr_15 @ptr_16 SL:timeRange]
Can I get the movie times for films in the neighborhood	Can ĠI Ġget Ġthe Ġmovie Ġtimes Ġfor Ġfilms Ġin Ġthe Ġneighborhood	@ptr_0 @ptr_1 @ptr_2 @ptr_3 [SL:object_type @ptr_4 @ptr_5 SL:object_type] @ptr_6 [SL:movie_type @ptr_7 SL:movie_type] [SL:spatial_relation @ptr_8 @ptr_9 @ptr_10 SL:spatial_relation]
what is playing for movies at B&B Theatres	what Ġis Ġplaying Ġfor Ġmovies Ġat ĠB & B ĠThe at res	@ptr_0 @ptr_1 @ptr_2 @ptr_3 [SL:movie_type @ptr_4 SL:movie_type] @ptr_5 [SL:location_name @ptr_6 @ptr_7 @ptr_8 @ptr_9 @ptr_10 @ptr_11 SL:location_name]
Which animated movies are playing at Fox Theatres	Which Ġanimated Ġmovies Ġare Ġplaying Ġat ĠFox ĠThe at res	@ptr_0 [SL:movie_type @ptr_1 @ptr_2 SL:movie_type] @ptr_3 @ptr_4 @ptr_5 [SL:location_name @ptr_6 @ptr_7 @ptr_8 @ptr_9 SL:location_name]
What films are showing at Kerasotes Theatres	What Ġfilms Ġare Ġshowing Ġat ĠKer as otes ĠThe at res	@ptr_0 [SL:movie_type @ptr_1 SL:movie_type] @ptr_2 @ptr_3 @ptr_4 [SL:location_name @ptr_5 @ptr_6 @ptr_7 @ptr_8 @ptr_9 @ptr_10 SL:location_name]
showings for animated movies in the area	show ings Ġfor Ġanimated Ġmovies Ġin Ġthe Ġarea	@ptr_0 @ptr_1 @ptr_2 [SL:movie_type @ptr_3 @ptr_4 SL:movie_type] [SL:spatial_relation @ptr_5 @ptr_6 @ptr_7 SL:spatial_relation]
What animated movies are on the movie schedule close by	What Ġanimated Ġmovies Ġare Ġon Ġthe Ġmovie Ġschedule Ġclose Ġby	@ptr_0 [SL:movie_type @ptr_1 @ptr_2 SL:movie_type] @ptr_3 @ptr_4 @ptr_5 [SL:object_type @ptr_6 @ptr_7 SL:object_type] [SL:spatial_relation @ptr_8 @ptr_9 SL:spatial_relation]
I'd like to watch movies at the nearest movie house	I 'd Ġlike Ġto Ġwatch Ġmovies Ġat Ġthe Ġnearest Ġmovie Ġhouse	@ptr_0 @ptr_1 @ptr_2 @ptr_3 @ptr_4 [SL:movie_type @ptr_5 SL:movie_type] @ptr_6 @ptr_7 [SL:spatial_relation @ptr_8 SL:spatial_relation] [SL:object_location_type @ptr_9 @ptr_10 SL:object_location_type]
What animated movies are playing at the closest cinema	What Ġanimated Ġmovies Ġare Ġplaying Ġat Ġthe Ġclosest Ġcinema	@ptr_0 [SL:movie_type @ptr_1 @ptr_2 SL:movie_type] @ptr_3 @ptr_4 @ptr_5 @ptr_6 [SL:spatial_relation @ptr_7 SL:spatial_relation] [SL:object_location_type @ptr_8 SL:object_location_type]
Which animated movies are showing close by	Which Ġanimated Ġmovies Ġare Ġshowing Ġclose Ġby	@ptr_0 [SL:movie_type @ptr_1 @ptr_2 SL:movie_type] @ptr_3 @ptr_4 [SL:spatial_relation @ptr_5 @ptr_6 SL:spatial_relation]
find films in the neighborhood	find Ġfilms Ġin Ġthe Ġneighborhood	@ptr_0 [SL:movie_type @ptr_1 SL:movie_type] [SL:spatial_relation @ptr_2 @ptr_3 @ptr_4 SL:spatial_relation]
