Find a photograph called Sleeping with the Enemy	Find Ġa Ġphotograph Ġcalled ĠSleeping Ġwith Ġthe ĠEnemy	@ptr_0 @ptr_1 [SL:object_type @ptr_2 SL:object_type] @ptr_3 [SL:object_name @ptr_4 @ptr_5 @ptr_6 @ptr_7 SL:object_name]
Find a soundtrack called I Still Believe in You	Find Ġa Ġsoundtrack Ġcalled ĠI ĠStill ĠBelieve Ġin ĠYou	@ptr_0 @ptr_1 [SL:object_type @ptr_2 SL:object_type] @ptr_3 [SL:object_name @ptr_4 @ptr_5 @ptr_6 @ptr_7 @ptr_8 SL:object_name]
Find the book called Black Wings of Destiny	Find Ġthe Ġbook Ġcalled ĠBlack ĠWings Ġof ĠDestiny	@ptr_0 @ptr_1 [SL:object_type @ptr_2 SL:object_type] @ptr_3 [SL:object_name @ptr_4 @ptr_5 @ptr_6 @ptr_7 SL:object_name]
Look for the District 9 novel	Look Ġfor Ġthe ĠDistrict Ġ9 Ġnovel	@ptr_0 @ptr_1 @ptr_2 [SL:object_name @ptr_3 @ptr_4 SL:object_name] [SL:object_type @ptr_5 SL:object_type]
Search for The Dark Side of the Mind movie	Search Ġfor ĠThe ĠDark ĠSide Ġof Ġthe ĠMind Ġmovie	@ptr_0 @ptr_1 [SL:object_name @ptr_2 @ptr_3 @ptr_4 @ptr_5 @ptr_6 @ptr_7 SL:object_name] [SL:object_type @ptr_8 SL:object_type]
Find Pursuit of Radical Rhapsody	Find ĠPurs uit Ġof ĠRadical ĠR haps ody	@ptr_0 [SL:object_name @ptr_1 @ptr_2 @ptr_3 @ptr_4 @ptr_5 @ptr_6 @ptr_7 SL:object_name]
Find a book called Environment and Behavior	Find Ġa Ġbook Ġcalled ĠEnvironment Ġand ĠBehavior	@ptr_0 @ptr_1 [SL:object_type @ptr_2 SL:object_type] @ptr_3 [SL:object_name @ptr_4 @ptr_5 @ptr_6 SL:object_name]
Find the Steady as She Goes saga	Find Ġthe ĠStead y Ġas ĠShe ĠGoes Ġsaga	@ptr_0 @ptr_1 [SL:object_name @ptr_2 @ptr_3 @ptr_4 @ptr_5 @ptr_6 SL:object_name] [SL:object_type @ptr_7 SL:object_type]
I want to listen to Keep the Faith	I Ġwant Ġto Ġlisten Ġto ĠKeep Ġthe ĠFaith	@ptr_0 @ptr_1 @ptr_2 @ptr_3 @ptr_4 [SL:object_name @ptr_5 @ptr_6 @ptr_7 SL:object_name]
What is the cheapest online price for the Instincts saga	What Ġis Ġthe Ġcheapest Ġonline Ġprice Ġfor Ġthe ĠInst inct s Ġsaga	@ptr_0 @ptr_1 @ptr_2 @ptr_3 @ptr_4 @ptr_5 @ptr_6 @ptr_7 [SL:object_name @ptr_8 @ptr_9 @ptr_10 SL:object_name] [SL:object_type @ptr_11 SL:object_type]
