add an album in Guitar Hero Live Playlist	add Ġan Ġalbum Ġin ĠGuitar ĠHero ĠLive ĠPlay list	@ptr_0 @ptr_1 [SL:music_item @ptr_2 SL:music_item] @ptr_3 [SL:playlist @ptr_4 @ptr_5 @ptr_6 @ptr_7 @ptr_8 SL:playlist]
add tune to my playlist ironing	add Ġtune Ġto Ġmy Ġplaylist Ġiron ing	@ptr_0 [SL:music_item @ptr_1 SL:music_item] @ptr_2 [SL:playlist_owner @ptr_3 SL:playlist_owner] @ptr_4 [SL:playlist @ptr_5 @ptr_6 SL:playlist]
add this tune to my guest list gamesradar	add Ġthis Ġtune Ġto Ġmy Ġguest Ġlist Ġgames rad ar	@ptr_0 @ptr_1 [SL:music_item @ptr_2 SL:music_item] @ptr_3 [SL:playlist_owner @ptr_4 SL:playlist_owner] [SL:playlist @ptr_5 @ptr_6 @ptr_7 @ptr_8 @ptr_9 SL:playlist]
Add this song onto my playlist entitled chill out	Add Ġthis Ġsong Ġonto Ġmy Ġplaylist Ġentitled Ġchill Ġout	@ptr_0 @ptr_1 [SL:music_item @ptr_2 SL:music_item] @ptr_3 [SL:playlist_owner @ptr_4 SL:playlist_owner] @ptr_5 @ptr_6 [SL:playlist @ptr_7 @ptr_8 SL:playlist]
Add this track to anochecer urbano	Add Ġthis Ġtrack Ġto Ġan oche cer Ġurban o	@ptr_0 @ptr_1 [SL:music_item @ptr_2 SL:music_item] @ptr_3 [SL:playlist @ptr_4 @ptr_5 @ptr_6 @ptr_7 @ptr_8 SL:playlist]
add tune to my playlist eletro br	add Ġtune Ġto Ġmy Ġplaylist Ġe let ro Ġbr	@ptr_0 [SL:music_item @ptr_1 SL:music_item] @ptr_2 [SL:playlist_owner @ptr_3 SL:playlist_owner] @ptr_4 [SL:playlist @ptr_5 @ptr_6 @ptr_7 @ptr_8 SL:playlist]
add this track to Punk Rock Workout	add Ġthis Ġtrack Ġto ĠPunk ĠRock ĠWork out	@ptr_0 @ptr_1 [SL:music_item @ptr_2 SL:music_item] @ptr_3 [SL:playlist @ptr_4 @ptr_5 @ptr_6 @ptr_7 SL:playlist]
Add this jimmy london tune to The New Waltz	Add Ġthis Ġj im my Ġl ondon Ġtune Ġto ĠThe ĠNew ĠWalt z	@ptr_0 @ptr_1 [SL:artist @ptr_2 @ptr_3 @ptr_4 @ptr_5 @ptr_6 SL:artist] [SL:music_item @ptr_7 SL:music_item] @ptr_8 [SL:playlist @ptr_9 @ptr_10 @ptr_11 @ptr_12 SL:playlist]
put this Kan Mikami tune on fresh finds cyclone	put Ġthis ĠKan ĠMik ami Ġtune Ġon Ġfresh Ġfinds Ġcycl one	@ptr_0 @ptr_1 [SL:artist @ptr_2 @ptr_3 @ptr_4 SL:artist] [SL:music_item @ptr_5 SL:music_item] @ptr_6 [SL:playlist @ptr_7 @ptr_8 @ptr_9 @ptr_10 SL:playlist]
add track to This Is Zezé Di Camargo & Luciano	add Ġtrack Ġto ĠThis ĠIs ĠZ ez Ã© ĠDi ĠCam argo Ġ& ĠLuc iano	@ptr_0 [SL:music_item @ptr_1 SL:music_item] @ptr_2 [SL:playlist @ptr_3 @ptr_4 @ptr_5 @ptr_6 @ptr_7 @ptr_8 @ptr_9 @ptr_10 @ptr_11 @ptr_12 @ptr_13 SL:playlist]
Add artist danny carey to my Classic Jazz Singers	Add Ġartist Ġd anny Ġcare y Ġto Ġmy ĠClassic ĠJazz ĠSing ers	@ptr_0 [SL:music_item @ptr_1 SL:music_item] [SL:artist @ptr_2 @ptr_3 @ptr_4 @ptr_5 SL:artist] @ptr_6 [SL:playlist_owner @ptr_7 SL:playlist_owner] [SL:playlist @ptr_8 @ptr_9 @ptr_10 @ptr_11 SL:playlist]
add this tune to my playlist titled uncharted 4 nathan drake	add Ġthis Ġtune Ġto Ġmy Ġplaylist Ġtitled Ġunch arted Ġ4 Ġn athan Ġdra ke	@ptr_0 @ptr_1 [SL:music_item @ptr_2 SL:music_item] @ptr_3 [SL:playlist_owner @ptr_4 SL:playlist_owner] @ptr_5 @ptr_6 [SL:playlist @ptr_7 @ptr_8 @ptr_9 @ptr_10 @ptr_11 @ptr_12 @ptr_13 SL:playlist]
Add another song to daphne's retrowave outrun	Add Ġanother Ġsong Ġto Ġd aph ne 's Ġret row ave Ġout run	@ptr_0 @ptr_1 [SL:music_item @ptr_2 SL:music_item] @ptr_3 [SL:playlist_owner @ptr_4 @ptr_5 @ptr_6 @ptr_7 SL:playlist_owner] [SL:playlist @ptr_8 @ptr_9 @ptr_10 @ptr_11 @ptr_12 SL:playlist]
add the artist cho kyu hyun to Funky Jams	add Ġthe Ġartist Ġcho Ġk yu Ġhy un Ġto ĠFun ky ĠJ ams	@ptr_0 @ptr_1 [SL:music_item @ptr_2 SL:music_item] [SL:artist @ptr_3 @ptr_4 @ptr_5 @ptr_6 @ptr_7 SL:artist] @ptr_8 [SL:playlist @ptr_9 @ptr_10 @ptr_11 @ptr_12 SL:playlist]
add this track to my party	add Ġthis Ġtrack Ġto Ġmy Ġparty	@ptr_0 @ptr_1 [SL:music_item @ptr_2 SL:music_item] @ptr_3 [SL:playlist_owner @ptr_4 SL:playlist_owner] [SL:playlist @ptr_5 SL:playlist]
Add the album to the fantasía	Add Ġthe Ġalbum Ġto Ġthe Ġfantas ÃŃa	@ptr_0 @ptr_1 [SL:music_item @ptr_2 SL:music_item] @ptr_3 @ptr_4 [SL:playlist @ptr_5 @ptr_6 SL:playlist]
Add a Kanon Wakeshima track to the Feeling Blue	Add Ġa ĠKan on ĠW akes h ima Ġtrack Ġto Ġthe ĠFeeling ĠBlue	@ptr_0 @ptr_1 [SL:artist @ptr_2 @ptr_3 @ptr_4 @ptr_5 @ptr_6 @ptr_7 SL:artist] [SL:music_item @ptr_8 SL:music_item] @ptr_9 @ptr_10 [SL:playlist @ptr_11 @ptr_12 SL:playlist]
Add a track to my dinner	Add Ġa Ġtrack Ġto Ġmy Ġdinner	@ptr_0 @ptr_1 [SL:music_item @ptr_2 SL:music_item] @ptr_3 [SL:playlist_owner @ptr_4 SL:playlist_owner] [SL:playlist @ptr_5 SL:playlist]
Put this tune on All A Cappella	Put Ġthis Ġtune Ġon ĠAll ĠA ĠC app ella	@ptr_0 @ptr_1 [SL:music_item @ptr_2 SL:music_item] @ptr_3 [SL:playlist @ptr_4 @ptr_5 @ptr_6 @ptr_7 @ptr_8 SL:playlist]
Add this artist to the playlist called Evening Groove	Add Ġthis Ġartist Ġto Ġthe Ġplaylist Ġcalled ĠEvening ĠGro ove	@ptr_0 @ptr_1 [SL:music_item @ptr_2 SL:music_item] @ptr_3 @ptr_4 @ptr_5 @ptr_6 [SL:playlist @ptr_7 @ptr_8 @ptr_9 SL:playlist]
Add track to my Digster Future Hits	Add Ġtrack Ġto Ġmy ĠDig ster ĠFuture ĠHits	@ptr_0 [SL:music_item @ptr_1 SL:music_item] @ptr_2 [SL:playlist_owner @ptr_3 SL:playlist_owner] [SL:playlist @ptr_4 @ptr_5 @ptr_6 @ptr_7 SL:playlist]
Add another song to my 88 keys	Add Ġanother Ġsong Ġto Ġmy Ġ88 Ġkeys	@ptr_0 @ptr_1 [SL:music_item @ptr_2 SL:music_item] @ptr_3 [SL:playlist_owner @ptr_4 SL:playlist_owner] [SL:playlist @ptr_5 @ptr_6 SL:playlist]
Add tune to Genuine R&B	Add Ġtune Ġto ĠGen uine ĠR & B	@ptr_0 [SL:music_item @ptr_1 SL:music_item] @ptr_2 [SL:playlist @ptr_3 @ptr_4 @ptr_5 @ptr_6 @ptr_7 SL:playlist]
add song to This Is Philip Glass	add Ġsong Ġto ĠThis ĠIs ĠPhilip ĠGlass	@ptr_0 [SL:music_item @ptr_1 SL:music_item] @ptr_2 [SL:playlist @ptr_3 @ptr_4 @ptr_5 @ptr_6 SL:playlist]
I want a Mi Lu Bing song in my Pop Dance	I Ġwant Ġa ĠMi ĠLu ĠBing Ġsong Ġin Ġmy ĠPop ĠDance	@ptr_0 @ptr_1 @ptr_2 [SL:artist @ptr_3 @ptr_4 @ptr_5 SL:artist] [SL:music_item @ptr_6 SL:music_item] @ptr_7 [SL:playlist_owner @ptr_8 SL:playlist_owner] [SL:playlist @ptr_9 @ptr_10 SL:playlist]
I want to put this track on diann's Just Smile	I Ġwant Ġto Ġput Ġthis Ġtrack Ġon Ġd iann 's ĠJust ĠSmile	@ptr_0 @ptr_1 @ptr_2 @ptr_3 @ptr_4 [SL:music_item @ptr_5 SL:music_item] @ptr_6 [SL:playlist_owner @ptr_7 @ptr_8 @ptr_9 SL:playlist_owner] [SL:playlist @ptr_10 @ptr_11 SL:playlist]
Add Spanish Harlem Incident to cleaning the house	Add ĠSpanish ĠHarlem ĠIncident Ġto Ġcleaning Ġthe Ġhouse	@ptr_0 [SL:entity_name @ptr_1 @ptr_2 @ptr_3 SL:entity_name] @ptr_4 [SL:playlist @ptr_5 @ptr_6 @ptr_7 SL:playlist]
Add 2012 Zwanzig Zwölf to my miami 2017 guest list	Add Ġ2012 ĠZ wan zig ĠZ w Ã¶ lf Ġto Ġmy Ġm iami Ġ2017 Ġguest Ġlist	@ptr_0 [SL:entity_name @ptr_1 @ptr_2 @ptr_3 @ptr_4 @ptr_5 @ptr_6 @ptr_7 @ptr_8 SL:entity_name] @ptr_9 [SL:playlist_owner @ptr_10 SL:playlist_owner] [SL:playlist @ptr_11 @ptr_12 @ptr_13 @ptr_14 @ptr_15 SL:playlist]
I want to move this album to the selektor	I Ġwant Ġto Ġmove Ġthis Ġalbum Ġto Ġthe Ġse le k tor	@ptr_0 @ptr_1 @ptr_2 @ptr_3 @ptr_4 [SL:music_item @ptr_5 SL:music_item] @ptr_6 [SL:playlist @ptr_7 @ptr_8 @ptr_9 @ptr_10 @ptr_11 SL:playlist]
add this artist to my 80'S PARTY	add Ġthis Ġartist Ġto Ġmy Ġ80 ' S ĠPART Y	@ptr_0 @ptr_1 [SL:music_item @ptr_2 SL:music_item] @ptr_3 [SL:playlist_owner @ptr_4 SL:playlist_owner] [SL:playlist @ptr_5 @ptr_6 @ptr_7 @ptr_8 @ptr_9 SL:playlist]
add kenneth c "jethro" burns songs in my playlist soundscapes for gaming	add Ġk enn eth Ġc Ġ" j eth ro " Ġburns Ġsongs Ġin Ġmy Ġplaylist Ġsound sc apes Ġfor Ġgaming	@ptr_0 [SL:artist @ptr_1 @ptr_2 @ptr_3 @ptr_4 @ptr_5 @ptr_6 @ptr_7 @ptr_8 @ptr_9 @ptr_10 SL:artist] @ptr_11 @ptr_12 [SL:playlist_owner @ptr_13 SL:playlist_owner] @ptr_14 [SL:playlist @ptr_15 @ptr_16 @ptr_17 @ptr_18 @ptr_19 SL:playlist]
add Animal Stories to maryanne's by Per Yngve Ohlin	add ĠAnimal ĠStories Ġto Ġm ary anne 's Ġby ĠPer ĠY ng ve ĠOh lin	@ptr_0 [SL:playlist @ptr_1 @ptr_2 SL:playlist] @ptr_3 [SL:playlist_owner @ptr_4 @ptr_5 @ptr_6 @ptr_7 SL:playlist_owner] @ptr_8 [SL:artist @ptr_9 @ptr_10 @ptr_11 @ptr_12 @ptr_13 @ptr_14 SL:artist]
Add artist hex hector to my old school death metal	Add Ġartist Ġhex Ġhe ctor Ġto Ġmy Ġold Ġschool Ġdeath Ġmetal	@ptr_0 [SL:music_item @ptr_1 SL:music_item] [SL:artist @ptr_2 @ptr_3 @ptr_4 SL:artist] @ptr_5 [SL:playlist_owner @ptr_6 SL:playlist_owner] [SL:playlist @ptr_7 @ptr_8 @ptr_9 @ptr_10 SL:playlist]
Add this song to my the perfect italian dinner	Add Ġthis Ġsong Ġto Ġmy Ġthe Ġperfect Ġit alian Ġdinner	@ptr_0 @ptr_1 [SL:music_item @ptr_2 SL:music_item] @ptr_3 [SL:playlist_owner @ptr_4 SL:playlist_owner] [SL:playlist @ptr_5 @ptr_6 @ptr_7 @ptr_8 @ptr_9 SL:playlist]
I want this artist on the Cena Elegante	I Ġwant Ġthis Ġartist Ġon Ġthe ĠCena ĠE leg ante	@ptr_0 @ptr_1 @ptr_2 [SL:music_item @ptr_3 SL:music_item] @ptr_4 @ptr_5 [SL:playlist @ptr_6 @ptr_7 @ptr_8 @ptr_9 SL:playlist]
Add a tune to Skylar Diggins' Training Mix	Add Ġa Ġtune Ġto ĠSky lar ĠD iggins ' ĠTraining ĠMix	@ptr_0 @ptr_1 [SL:music_item @ptr_2 SL:music_item] @ptr_3 [SL:playlist @ptr_4 @ptr_5 @ptr_6 @ptr_7 @ptr_8 @ptr_9 @ptr_10 SL:playlist]
Add the name the Song about the Towel to playlist piano in the background	Add Ġthe Ġname Ġthe ĠSong Ġabout Ġthe ĠTow el Ġto Ġplaylist Ġpiano Ġin Ġthe Ġbackground	@ptr_0 @ptr_1 @ptr_2 @ptr_3 [SL:entity_name @ptr_4 @ptr_5 @ptr_6 @ptr_7 @ptr_8 SL:entity_name] @ptr_9 @ptr_10 [SL:playlist @ptr_11 @ptr_12 @ptr_13 @ptr_14 SL:playlist]
Add sammy hagar to Ultra Metal	Add Ġsam my Ġh agar Ġto ĠUltra ĠMetal	@ptr_0 [SL:artist @ptr_1 @ptr_2 @ptr_3 @ptr_4 SL:artist] @ptr_5 [SL:playlist @ptr_6 @ptr_7 SL:playlist]
add Be Yourself Tonight to I Love My 90s Hip Hop	add ĠBe ĠYourself ĠTonight Ġto ĠI ĠLove ĠMy Ġ90 s ĠHip ĠHop	@ptr_0 [SL:entity_name @ptr_1 @ptr_2 @ptr_3 SL:entity_name] @ptr_4 [SL:playlist @ptr_5 @ptr_6 @ptr_7 @ptr_8 @ptr_9 @ptr_10 @ptr_11 SL:playlist]
Put sleeping with ghosts into my 90s Indie	Put Ġsleeping Ġwith Ġghosts Ġinto Ġmy Ġ90 s ĠIndie	@ptr_0 [SL:entity_name @ptr_1 @ptr_2 @ptr_3 SL:entity_name] @ptr_4 [SL:playlist_owner @ptr_5 SL:playlist_owner] [SL:playlist @ptr_6 @ptr_7 @ptr_8 SL:playlist]
Add Cream to the funk	Add ĠCream Ġto Ġthe Ġfunk	@ptr_0 [SL:entity_name @ptr_1 SL:entity_name] @ptr_2 @ptr_3 [SL:playlist @ptr_4 SL:playlist]
Put this shelter from the storm on r&b party classics	Put Ġthis Ġshelter Ġfrom Ġthe Ġstorm Ġon Ġr & b Ġparty Ġclassics	@ptr_0 @ptr_1 [SL:entity_name @ptr_2 @ptr_3 @ptr_4 @ptr_5 SL:entity_name] @ptr_6 [SL:playlist @ptr_7 @ptr_8 @ptr_9 @ptr_10 @ptr_11 SL:playlist]
Can you put live in detroit on the playlist Peaceful Piano	Can Ġyou Ġput Ġlive Ġin Ġdet roit Ġon Ġthe Ġplaylist ĠPeace ful ĠPiano	@ptr_0 @ptr_1 @ptr_2 [SL:entity_name @ptr_3 @ptr_4 @ptr_5 @ptr_6 SL:entity_name] @ptr_7 @ptr_8 @ptr_9 [SL:playlist @ptr_10 @ptr_11 @ptr_12 SL:playlist]
add det kimer nu til julefest to my playlist technical&brutal death metal	add Ġdet Ġk imer Ġnu Ġtil Ġj ule fest Ġto Ġmy Ġplaylist Ġtechnical & br ut al Ġdeath Ġmetal	@ptr_0 [SL:entity_name @ptr_1 @ptr_2 @ptr_3 @ptr_4 @ptr_5 @ptr_6 @ptr_7 @ptr_8 SL:entity_name] @ptr_9 [SL:playlist_owner @ptr_10 SL:playlist_owner] @ptr_11 [SL:playlist @ptr_12 @ptr_13 @ptr_14 @ptr_15 @ptr_16 @ptr_17 @ptr_18 SL:playlist]
Add beijing huanying ni to my workday lounge	Add Ġbe ijing Ġh u any ing Ġni Ġto Ġmy Ġwork day Ġlounge	@ptr_0 [SL:entity_name @ptr_1 @ptr_2 @ptr_3 @ptr_4 @ptr_5 @ptr_6 @ptr_7 SL:entity_name] @ptr_8 [SL:playlist_owner @ptr_9 SL:playlist_owner] [SL:playlist @ptr_10 @ptr_11 @ptr_12 SL:playlist]
add Metal Church to my playlist named Stress Relief	add ĠMetal ĠChurch Ġto Ġmy Ġplaylist Ġnamed ĠStress ĠRelief	@ptr_0 [SL:entity_name @ptr_1 @ptr_2 SL:entity_name] @ptr_3 [SL:playlist_owner @ptr_4 SL:playlist_owner] @ptr_5 @ptr_6 [SL:playlist @ptr_7 @ptr_8 SL:playlist]
Put another track in my electronica & dance	Put Ġanother Ġtrack Ġin Ġmy Ġelectron ica Ġ& Ġdance	@ptr_0 @ptr_1 [SL:music_item @ptr_2 SL:music_item] @ptr_3 [SL:playlist_owner @ptr_4 SL:playlist_owner] [SL:playlist @ptr_5 @ptr_6 @ptr_7 @ptr_8 SL:playlist]
Add a song to my playlist Black History Salute	Add Ġa Ġsong Ġto Ġmy Ġplaylist ĠBlack ĠHistory ĠSal ute	@ptr_0 @ptr_1 [SL:music_item @ptr_2 SL:music_item] @ptr_3 [SL:playlist_owner @ptr_4 SL:playlist_owner] @ptr_5 [SL:playlist @ptr_6 @ptr_7 @ptr_8 @ptr_9 SL:playlist]
Add another album to my friendesemana	Add Ġanother Ġalbum Ġto Ġmy Ġfriend es em ana	@ptr_0 @ptr_1 [SL:music_item @ptr_2 SL:music_item] @ptr_3 [SL:playlist_owner @ptr_4 SL:playlist_owner] [SL:playlist @ptr_5 @ptr_6 @ptr_7 @ptr_8 SL:playlist]
Add an album by Liza Oumarova to the Steampunk	Add Ġan Ġalbum Ġby ĠL iza ĠO umar ova Ġto Ġthe ĠSte ampunk	@ptr_0 @ptr_1 [SL:music_item @ptr_2 SL:music_item] @ptr_3 [SL:artist @ptr_4 @ptr_5 @ptr_6 @ptr_7 @ptr_8 SL:artist] @ptr_9 @ptr_10 [SL:playlist @ptr_11 @ptr_12 SL:playlist]
add Jovanotti to punk español	add ĠJ ovan otti Ġto Ġpunk Ġes pa Ã± ol	@ptr_0 [SL:artist @ptr_1 @ptr_2 @ptr_3 SL:artist] @ptr_4 [SL:playlist @ptr_5 @ptr_6 @ptr_7 @ptr_8 @ptr_9 SL:playlist]
Add Shooter Jennings to the All Out 70s	Add ĠShooter ĠJennings Ġto Ġthe ĠAll ĠOut Ġ70 s	@ptr_0 [SL:artist @ptr_1 @ptr_2 SL:artist] @ptr_3 @ptr_4 [SL:playlist @ptr_5 @ptr_6 @ptr_7 @ptr_8 SL:playlist]
Add irving berlin to my dishwashing	Add Ġir ving Ġber lin Ġto Ġmy Ġdish washing	@ptr_0 [SL:artist @ptr_1 @ptr_2 @ptr_3 @ptr_4 SL:artist] @ptr_5 [SL:playlist_owner @ptr_6 SL:playlist_owner] [SL:playlist @ptr_7 @ptr_8 SL:playlist]
Include Sean Yseult in kaitlin's metal overload	In clude ĠSean ĠY se ult Ġin Ġk ait lin 's Ġmetal Ġoverload	@ptr_0 @ptr_1 [SL:artist @ptr_2 @ptr_3 @ptr_4 @ptr_5 SL:artist] @ptr_6 [SL:playlist_owner @ptr_7 @ptr_8 @ptr_9 @ptr_10 SL:playlist_owner] [SL:playlist @ptr_11 @ptr_12 SL:playlist]
Add J J Cale to my heavy gamer	Add ĠJ ĠJ ĠC ale Ġto Ġmy Ġheavy Ġgamer	@ptr_0 [SL:artist @ptr_1 @ptr_2 @ptr_3 @ptr_4 SL:artist] @ptr_5 [SL:playlist_owner @ptr_6 SL:playlist_owner] [SL:playlist @ptr_7 @ptr_8 SL:playlist]
Add Ihsahn to Hip Hop 2017 New School	Add ĠI hs ahn Ġto ĠHip ĠHop Ġ2017 ĠNew ĠSchool	@ptr_0 [SL:artist @ptr_1 @ptr_2 @ptr_3 SL:artist] @ptr_4 [SL:playlist @ptr_5 @ptr_6 @ptr_7 @ptr_8 @ptr_9 SL:playlist]
Can you add danny carey to my masters of metal	Can Ġyou Ġadd Ġd anny Ġcare y Ġto Ġmy Ġmasters Ġof Ġmetal	@ptr_0 @ptr_1 @ptr_2 [SL:artist @ptr_3 @ptr_4 @ptr_5 @ptr_6 SL:artist] @ptr_7 [SL:playlist_owner @ptr_8 SL:playlist_owner] [SL:playlist @ptr_9 @ptr_10 @ptr_11 SL:playlist]
Add some martine mccutcheon to my original columbia jazzmasters	Add Ġsome Ġmart ine Ġm cc ut cheon Ġto Ġmy Ġoriginal Ġcol umb ia Ġjazz masters	@ptr_0 @ptr_1 [SL:artist @ptr_2 @ptr_3 @ptr_4 @ptr_5 @ptr_6 @ptr_7 SL:artist] @ptr_8 [SL:playlist_owner @ptr_9 SL:playlist_owner] [SL:playlist @ptr_10 @ptr_11 @ptr_12 @ptr_13 @ptr_14 @ptr_15 SL:playlist]
Add a yesudas song in my piano chill	Add Ġa Ġyes ud as Ġsong Ġin Ġmy Ġpiano Ġchill	@ptr_0 @ptr_1 [SL:artist @ptr_2 @ptr_3 @ptr_4 SL:artist] [SL:music_item @ptr_5 SL:music_item] @ptr_6 [SL:playlist_owner @ptr_7 SL:playlist_owner] [SL:playlist @ptr_8 @ptr_9 SL:playlist]
add Rakim y Ken Y to my Gold Edition	add ĠRak im Ġy ĠKen ĠY Ġto Ġmy ĠGold ĠEdition	@ptr_0 [SL:artist @ptr_1 @ptr_2 @ptr_3 @ptr_4 @ptr_5 SL:artist] @ptr_6 [SL:playlist_owner @ptr_7 SL:playlist_owner] [SL:playlist @ptr_8 @ptr_9 SL:playlist]
Add big bill broonzy to my Impulso Creativo	Add Ġbig Ġbill Ġbro on zy Ġto Ġmy ĠImp ul so ĠCreat ivo	@ptr_0 [SL:artist @ptr_1 @ptr_2 @ptr_3 @ptr_4 @ptr_5 SL:artist] @ptr_6 [SL:playlist_owner @ptr_7 SL:playlist_owner] [SL:playlist @ptr_8 @ptr_9 @ptr_10 @ptr_11 @ptr_12 SL:playlist]
add this matt bachand tune to pure rock & roll	add Ġthis Ġmatt Ġb ach and Ġtune Ġto Ġpure Ġrock Ġ& Ġroll	@ptr_0 @ptr_1 [SL:artist @ptr_2 @ptr_3 @ptr_4 @ptr_5 SL:artist] [SL:music_item @ptr_6 SL:music_item] @ptr_7 [SL:playlist @ptr_8 @ptr_9 @ptr_10 @ptr_11 SL:playlist]
add jason webley to Classical Intimate Dinner	add Ġj ason Ġwe bley Ġto ĠClassical ĠInt imate ĠDinner	@ptr_0 [SL:artist @ptr_1 @ptr_2 @ptr_3 @ptr_4 SL:artist] @ptr_5 [SL:playlist @ptr_6 @ptr_7 @ptr_8 @ptr_9 SL:playlist]
add rob tyner to betsy's We Everywhere	add Ġrob Ġty ner Ġto Ġbet sy 's ĠWe ĠEverywhere	@ptr_0 [SL:artist @ptr_1 @ptr_2 @ptr_3 SL:artist] @ptr_4 [SL:playlist_owner @ptr_5 @ptr_6 @ptr_7 SL:playlist_owner] [SL:playlist @ptr_8 @ptr_9 SL:playlist]
add this Michael V track to my Folk & Americana	add Ġthis ĠMichael ĠV Ġtrack Ġto Ġmy ĠFolk Ġ& ĠAmerican a	@ptr_0 @ptr_1 [SL:artist @ptr_2 @ptr_3 SL:artist] [SL:music_item @ptr_4 SL:music_item] @ptr_5 [SL:playlist_owner @ptr_6 SL:playlist_owner] [SL:playlist @ptr_7 @ptr_8 @ptr_9 @ptr_10 SL:playlist]
Add the tune by Cassie Ventura to my genre bender	Add Ġthe Ġtune Ġby ĠCass ie ĠVentura Ġto Ġmy Ġgenre Ġb ender	@ptr_0 @ptr_1 [SL:music_item @ptr_2 SL:music_item] @ptr_3 [SL:artist @ptr_4 @ptr_5 @ptr_6 SL:artist] @ptr_7 [SL:playlist_owner @ptr_8 SL:playlist_owner] [SL:playlist @ptr_9 @ptr_10 @ptr_11 SL:playlist]
add billy strayhorn to my highway 61	add Ġbill y Ġstray horn Ġto Ġmy Ġhighway Ġ61	@ptr_0 [SL:artist @ptr_1 @ptr_2 @ptr_3 @ptr_4 SL:artist] @ptr_5 [SL:playlist_owner @ptr_6 SL:playlist_owner] [SL:playlist @ptr_7 @ptr_8 SL:playlist]
Can you put dj kay slay onto the 2010 Decade	Can Ġyou Ġput Ġdj Ġkay Ġslay Ġonto Ġthe Ġ2010 ĠDec ade	@ptr_0 @ptr_1 @ptr_2 [SL:artist @ptr_3 @ptr_4 @ptr_5 SL:artist] @ptr_6 @ptr_7 [SL:playlist @ptr_8 @ptr_9 @ptr_10 SL:playlist]
Add Buddy Tate to just dance by aftercluv	Add ĠBuddy ĠTate Ġto Ġjust Ġdance Ġby Ġafter cl uv	@ptr_0 [SL:artist @ptr_1 @ptr_2 SL:artist] @ptr_3 [SL:playlist @ptr_4 @ptr_5 @ptr_6 @ptr_7 @ptr_8 @ptr_9 SL:playlist]
add Yoshiki to the 35 Soul Classics 1970 to 1975	add ĠYosh iki Ġto Ġthe Ġ35 ĠSoul ĠClassics Ġ1970 Ġto Ġ1975	@ptr_0 [SL:artist @ptr_1 @ptr_2 SL:artist] @ptr_3 @ptr_4 [SL:playlist @ptr_5 @ptr_6 @ptr_7 @ptr_8 @ptr_9 @ptr_10 SL:playlist]
Add a tune by alex gaudino to my The New Waltz	Add Ġa Ġtune Ġby Ġa lex Ġg aud ino Ġto Ġmy ĠThe ĠNew ĠWalt z	@ptr_0 @ptr_1 [SL:music_item @ptr_2 SL:music_item] @ptr_3 [SL:artist @ptr_4 @ptr_5 @ptr_6 @ptr_7 @ptr_8 SL:artist] @ptr_9 [SL:playlist_owner @ptr_10 SL:playlist_owner] [SL:playlist @ptr_11 @ptr_12 @ptr_13 @ptr_14 SL:playlist]
Add Ava Leigh to my Grime Instrumentals	Add ĠAv a ĠLeigh Ġto Ġmy ĠGr ime ĠInstrument als	@ptr_0 [SL:artist @ptr_1 @ptr_2 @ptr_3 SL:artist] @ptr_4 [SL:playlist_owner @ptr_5 SL:playlist_owner] [SL:playlist @ptr_6 @ptr_7 @ptr_8 @ptr_9 SL:playlist]
Add maki ohguro to the rock hard	Add Ġm aki Ġoh g uro Ġto Ġthe Ġrock Ġhard	@ptr_0 [SL:artist @ptr_1 @ptr_2 @ptr_3 @ptr_4 @ptr_5 SL:artist] @ptr_6 @ptr_7 [SL:playlist @ptr_8 @ptr_9 SL:playlist]
Add a Tom Thacker tune to my rock classics	Add Ġa ĠTom ĠTh acker Ġtune Ġto Ġmy Ġrock Ġclassics	@ptr_0 @ptr_1 [SL:artist @ptr_2 @ptr_3 @ptr_4 SL:artist] [SL:music_item @ptr_5 SL:music_item] @ptr_6 [SL:playlist_owner @ptr_7 SL:playlist_owner] [SL:playlist @ptr_8 @ptr_9 SL:playlist]
I want lance king in my list called One Love	I Ġwant Ġl ance Ġking Ġin Ġmy Ġlist Ġcalled ĠOne ĠLove	@ptr_0 @ptr_1 [SL:artist @ptr_2 @ptr_3 @ptr_4 SL:artist] @ptr_5 [SL:playlist_owner @ptr_6 SL:playlist_owner] @ptr_7 @ptr_8 [SL:playlist @ptr_9 @ptr_10 SL:playlist]
Incorporate time warp into my fairy tales	In cor porate Ġtime Ġwarp Ġinto Ġmy Ġfairy Ġtales	@ptr_0 @ptr_1 @ptr_2 [SL:entity_name @ptr_3 @ptr_4 SL:entity_name] @ptr_5 [SL:playlist_owner @ptr_6 SL:playlist_owner] [SL:playlist @ptr_7 @ptr_8 SL:playlist]
Put horace silver and the jazz messengers on my running to rock 170 to 190 bpm	Put Ġhor ace Ġsilver Ġand Ġthe Ġjazz Ġmess engers Ġon Ġmy Ġrunning Ġto Ġrock Ġ170 Ġto Ġ190 Ġb pm	@ptr_0 [SL:entity_name @ptr_1 @ptr_2 @ptr_3 @ptr_4 @ptr_5 @ptr_6 @ptr_7 @ptr_8 SL:entity_name] @ptr_9 [SL:playlist_owner @ptr_10 SL:playlist_owner] [SL:playlist @ptr_11 @ptr_12 @ptr_13 @ptr_14 @ptr_15 @ptr_16 @ptr_17 @ptr_18 SL:playlist]
Add the singer Barbara to my COUNTRY RADIO	Add Ġthe Ġsinger ĠBarbara Ġto Ġmy ĠCOUN TRY ĠRAD IO	@ptr_0 @ptr_1 @ptr_2 [SL:artist @ptr_3 SL:artist] @ptr_4 [SL:playlist_owner @ptr_5 SL:playlist_owner] [SL:playlist @ptr_6 @ptr_7 @ptr_8 @ptr_9 SL:playlist]
Incorporate a russel walder track onto gay's Funk Rock	In cor porate Ġa Ġr us sel Ġwal der Ġtrack Ġonto Ġgay 's ĠFunk ĠRock	@ptr_0 @ptr_1 @ptr_2 @ptr_3 [SL:artist @ptr_4 @ptr_5 @ptr_6 @ptr_7 @ptr_8 SL:artist] [SL:music_item @ptr_9 SL:music_item] @ptr_10 [SL:playlist_owner @ptr_11 @ptr_12 SL:playlist_owner] [SL:playlist @ptr_13 @ptr_14 SL:playlist]
add rock & roll to my playlist named night out	add Ġrock Ġ& Ġroll Ġto Ġmy Ġplaylist Ġnamed Ġnight Ġout	@ptr_0 [SL:entity_name @ptr_1 @ptr_2 @ptr_3 SL:entity_name] @ptr_4 [SL:playlist_owner @ptr_5 SL:playlist_owner] @ptr_6 @ptr_7 [SL:playlist @ptr_8 @ptr_9 SL:playlist]
add track to my Cloud Rap	add Ġtrack Ġto Ġmy ĠCloud ĠRap	@ptr_0 [SL:music_item @ptr_1 SL:music_item] @ptr_2 [SL:playlist_owner @ptr_3 SL:playlist_owner] [SL:playlist @ptr_4 @ptr_5 SL:playlist]
Add an album by Jenifer to my travelling	Add Ġan Ġalbum Ġby ĠJen ifer Ġto Ġmy Ġtravelling	@ptr_0 @ptr_1 [SL:music_item @ptr_2 SL:music_item] @ptr_3 [SL:artist @ptr_4 @ptr_5 SL:artist] @ptr_6 [SL:playlist_owner @ptr_7 SL:playlist_owner] [SL:playlist @ptr_8 SL:playlist]
I want to add Kool Keith to my chill out dinner	I Ġwant Ġto Ġadd ĠK ool ĠKeith Ġto Ġmy Ġchill Ġout Ġdinner	@ptr_0 @ptr_1 @ptr_2 @ptr_3 [SL:artist @ptr_4 @ptr_5 @ptr_6 SL:artist] @ptr_7 [SL:playlist_owner @ptr_8 SL:playlist_owner] [SL:playlist @ptr_9 @ptr_10 @ptr_11 SL:playlist]
Add shi xin hui to my piano chill	Add Ġsh i Ġx in Ġh ui Ġto Ġmy Ġpiano Ġchill	@ptr_0 [SL:artist @ptr_1 @ptr_2 @ptr_3 @ptr_4 @ptr_5 @ptr_6 SL:artist] @ptr_7 [SL:playlist_owner @ptr_8 SL:playlist_owner] [SL:playlist @ptr_9 @ptr_10 SL:playlist]
add the track to my playlist with the title showstopper being mary jane	add Ġthe Ġtrack Ġto Ġmy Ġplaylist Ġwith Ġthe Ġtitle Ġshow st o pper Ġbeing Ġm ary Ġj ane	@ptr_0 @ptr_1 [SL:music_item @ptr_2 SL:music_item] @ptr_3 [SL:playlist_owner @ptr_4 SL:playlist_owner] @ptr_5 @ptr_6 @ptr_7 @ptr_8 [SL:playlist @ptr_9 @ptr_10 @ptr_11 @ptr_12 @ptr_13 @ptr_14 @ptr_15 @ptr_16 @ptr_17 SL:playlist]
for my té para tres list add cut the world	for Ġmy Ġt Ã© Ġpara Ġt res Ġlist Ġadd Ġcut Ġthe Ġworld	@ptr_0 [SL:playlist_owner @ptr_1 SL:playlist_owner] [SL:playlist @ptr_2 @ptr_3 @ptr_4 @ptr_5 @ptr_6 SL:playlist] @ptr_7 @ptr_8 [SL:entity_name @ptr_9 @ptr_10 @ptr_11 SL:entity_name]
Add this album to my spotify orchestra cello	Add Ġthis Ġalbum Ġto Ġmy Ġspot ify Ġorchestra Ġcell o	@ptr_0 @ptr_1 [SL:music_item @ptr_2 SL:music_item] @ptr_3 [SL:playlist_owner @ptr_4 SL:playlist_owner] [SL:playlist @ptr_5 @ptr_6 @ptr_7 @ptr_8 @ptr_9 SL:playlist]
I want to put this track on diann's Just Smile	I Ġwant Ġto Ġput Ġthis Ġtrack Ġon Ġd iann 's ĠJust ĠSmile	@ptr_0 @ptr_1 @ptr_2 @ptr_3 @ptr_4 [SL:music_item @ptr_5 SL:music_item] @ptr_6 [SL:playlist_owner @ptr_7 @ptr_8 @ptr_9 SL:playlist_owner] [SL:playlist @ptr_10 @ptr_11 SL:playlist]
Please add a track from jeff mills to my hiphop hot 50	Please Ġadd Ġa Ġtrack Ġfrom Ġje ff Ġmills Ġto Ġmy Ġhip hop Ġhot Ġ50	@ptr_0 @ptr_1 @ptr_2 [SL:music_item @ptr_3 SL:music_item] @ptr_4 [SL:artist @ptr_5 @ptr_6 @ptr_7 SL:artist] @ptr_8 [SL:playlist_owner @ptr_9 SL:playlist_owner] [SL:playlist @ptr_10 @ptr_11 @ptr_12 @ptr_13 SL:playlist]
Add Waltz for Debby to my Soft Pop Hits	Add ĠWalt z Ġfor ĠDeb by Ġto Ġmy ĠSoft ĠPop ĠHits	@ptr_0 [SL:entity_name @ptr_1 @ptr_2 @ptr_3 @ptr_4 @ptr_5 SL:entity_name] @ptr_6 [SL:playlist_owner @ptr_7 SL:playlist_owner] [SL:playlist @ptr_8 @ptr_9 @ptr_10 SL:playlist]
Add lisa dalbello to my 2015 CMA Awards Nominees	Add Ġl isa Ġd al bell o Ġto Ġmy Ġ2015 ĠC MA ĠAwards ĠNom ine es	@ptr_0 [SL:artist @ptr_1 @ptr_2 @ptr_3 @ptr_4 @ptr_5 @ptr_6 SL:artist] @ptr_7 [SL:playlist_owner @ptr_8 SL:playlist_owner] [SL:playlist @ptr_9 @ptr_10 @ptr_11 @ptr_12 @ptr_13 @ptr_14 @ptr_15 SL:playlist]
Put another tune into my dancehall official	Put Ġanother Ġtune Ġinto Ġmy Ġdance hall Ġofficial	@ptr_0 @ptr_1 [SL:music_item @ptr_2 SL:music_item] @ptr_3 [SL:playlist_owner @ptr_4 SL:playlist_owner] [SL:playlist @ptr_5 @ptr_6 @ptr_7 SL:playlist]
Add another tune to kristine's laundry	Add Ġanother Ġtune Ġto Ġk rist ine 's Ġlaundry	@ptr_0 @ptr_1 [SL:music_item @ptr_2 SL:music_item] @ptr_3 [SL:playlist_owner @ptr_4 @ptr_5 @ptr_6 @ptr_7 SL:playlist_owner] [SL:playlist @ptr_8 SL:playlist]
Add a song to my playlist a peaceful rush hour	Add Ġa Ġsong Ġto Ġmy Ġplaylist Ġa Ġpeaceful Ġrush Ġhour	@ptr_0 @ptr_1 [SL:music_item @ptr_2 SL:music_item] @ptr_3 [SL:playlist_owner @ptr_4 SL:playlist_owner] @ptr_5 [SL:playlist @ptr_6 @ptr_7 @ptr_8 @ptr_9 SL:playlist]
Add Priscilla to my playlist Classical Dance Music Ballet & Beyond	Add ĠPr isc illa Ġto Ġmy Ġplaylist ĠClassical ĠDance ĠMusic ĠBal let Ġ& ĠBeyond	@ptr_0 [SL:artist @ptr_1 @ptr_2 @ptr_3 SL:artist] @ptr_4 [SL:playlist_owner @ptr_5 SL:playlist_owner] @ptr_6 [SL:playlist @ptr_7 @ptr_8 @ptr_9 @ptr_10 @ptr_11 @ptr_12 @ptr_13 SL:playlist]
Add big bill broonzy to my Impulso Creativo	Add Ġbig Ġbill Ġbro on zy Ġto Ġmy ĠImp ul so ĠCreat ivo	@ptr_0 [SL:artist @ptr_1 @ptr_2 @ptr_3 @ptr_4 @ptr_5 SL:artist] @ptr_6 [SL:playlist_owner @ptr_7 SL:playlist_owner] [SL:playlist @ptr_8 @ptr_9 @ptr_10 @ptr_11 @ptr_12 SL:playlist]
Add The “Chirping” Crickets to my Mellowed Out Gaming	Add ĠThe ĠâĢ ľ Ch ir ping âĢ Ŀ ĠCr ickets Ġto Ġmy ĠM ellow ed ĠOut ĠGaming	@ptr_0 [SL:entity_name @ptr_1 @ptr_2 @ptr_3 @ptr_4 @ptr_5 @ptr_6 @ptr_7 @ptr_8 @ptr_9 @ptr_10 SL:entity_name] @ptr_11 [SL:playlist_owner @ptr_12 SL:playlist_owner] [SL:playlist @ptr_13 @ptr_14 @ptr_15 @ptr_16 @ptr_17 SL:playlist]
ad artist to sxsw latin my	ad Ġartist Ġto Ġs x sw Ġlat in Ġmy	@ptr_0 [SL:music_item @ptr_1 SL:music_item] @ptr_2 [SL:playlist @ptr_3 @ptr_4 @ptr_5 @ptr_6 @ptr_7 SL:playlist] [SL:playlist_owner @ptr_8 SL:playlist_owner]
Put an inyección musical track in the nanette's	Put Ġan Ġin ye cci Ã³n Ġmusical Ġtrack Ġin Ġthe Ġnan ette 's	@ptr_0 @ptr_1 [SL:playlist @ptr_2 @ptr_3 @ptr_4 @ptr_5 @ptr_6 SL:playlist] [SL:music_item @ptr_7 SL:music_item] @ptr_8 @ptr_9 [SL:playlist_owner @ptr_10 @ptr_11 @ptr_12 SL:playlist_owner]
Put a Paul Hardcastle song in my classic jazz funk	Put Ġa ĠPaul ĠHard castle Ġsong Ġin Ġmy Ġclassic Ġjazz Ġfunk	@ptr_0 @ptr_1 [SL:artist @ptr_2 @ptr_3 @ptr_4 SL:artist] [SL:music_item @ptr_5 SL:music_item] @ptr_6 [SL:playlist_owner @ptr_7 SL:playlist_owner] [SL:playlist @ptr_8 @ptr_9 @ptr_10 SL:playlist]
Add Waltz for Debby to my Soft Pop Hits	Add ĠWalt z Ġfor ĠDeb by Ġto Ġmy ĠSoft ĠPop ĠHits	@ptr_0 [SL:entity_name @ptr_1 @ptr_2 @ptr_3 @ptr_4 @ptr_5 SL:entity_name] @ptr_6 [SL:playlist_owner @ptr_7 SL:playlist_owner] [SL:playlist @ptr_8 @ptr_9 @ptr_10 SL:playlist]
Add Kloden drejer to my listas de éxitos	Add ĠKl od en Ġd re jer Ġto Ġmy Ġlist as Ġde ĠÃ© xit os	@ptr_0 [SL:entity_name @ptr_1 @ptr_2 @ptr_3 @ptr_4 @ptr_5 @ptr_6 SL:entity_name] @ptr_7 [SL:playlist_owner @ptr_8 SL:playlist_owner] [SL:playlist @ptr_9 @ptr_10 @ptr_11 @ptr_12 @ptr_13 @ptr_14 SL:playlist]
add Please, Please, Please, Let Me Get What I Want to my crate diggers anonymous	add ĠPlease , ĠPlease , ĠPlease , ĠLet ĠMe ĠGet ĠWhat ĠI ĠWant Ġto Ġmy Ġcrate Ġdig gers Ġanonymous	@ptr_0 [SL:entity_name @ptr_1 @ptr_2 @ptr_3 @ptr_4 @ptr_5 @ptr_6 @ptr_7 @ptr_8 @ptr_9 @ptr_10 @ptr_11 @ptr_12 SL:entity_name] @ptr_13 [SL:playlist_owner @ptr_14 SL:playlist_owner] [SL:playlist @ptr_15 @ptr_16 @ptr_17 @ptr_18 SL:playlist]
Add the unraveling to marina's playlist It's a Southern Thing	Add Ġthe Ġunravel ing Ġto Ġmar ina 's Ġplaylist ĠIt 's Ġa ĠSouthern ĠThing	@ptr_0 [SL:entity_name @ptr_1 @ptr_2 @ptr_3 SL:entity_name] @ptr_4 [SL:playlist_owner @ptr_5 @ptr_6 @ptr_7 SL:playlist_owner] @ptr_8 [SL:playlist @ptr_9 @ptr_10 @ptr_11 @ptr_12 @ptr_13 SL:playlist]
add Días Felices to my todo reggaeton	add ĠD ÃŃ as ĠFel ices Ġto Ġmy Ġto do Ġreg ga eton	@ptr_0 [SL:entity_name @ptr_1 @ptr_2 @ptr_3 @ptr_4 @ptr_5 SL:entity_name] @ptr_6 [SL:playlist_owner @ptr_7 SL:playlist_owner] [SL:playlist @ptr_8 @ptr_9 @ptr_10 @ptr_11 @ptr_12 SL:playlist]
Put say it ain’t so into my Trap Land	Put Ġsay Ġit Ġain âĢ Ļ t Ġso Ġinto Ġmy ĠTrap ĠLand	@ptr_0 [SL:entity_name @ptr_1 @ptr_2 @ptr_3 @ptr_4 @ptr_5 @ptr_6 @ptr_7 SL:entity_name] @ptr_8 [SL:playlist_owner @ptr_9 SL:playlist_owner] [SL:playlist @ptr_10 @ptr_11 SL:playlist]
I'd like a new england added to Classical Moments in Movies	I 'd Ġlike Ġa Ġnew Ġeng land Ġadded Ġto ĠClassical ĠMoments Ġin ĠMovies	@ptr_0 @ptr_1 @ptr_2 [SL:entity_name @ptr_3 @ptr_4 @ptr_5 @ptr_6 SL:entity_name] @ptr_7 @ptr_8 [SL:playlist @ptr_9 @ptr_10 @ptr_11 @ptr_12 SL:playlist]
add Contact to my nu metal	add ĠContact Ġto Ġmy Ġnu Ġmetal	@ptr_0 [SL:entity_name @ptr_1 SL:entity_name] @ptr_2 [SL:playlist_owner @ptr_3 SL:playlist_owner] [SL:playlist @ptr_4 @ptr_5 SL:playlist]
Add I Messed Up to Hit Rewind	Add ĠI ĠM essed ĠUp Ġto ĠHit ĠRew ind	@ptr_0 [SL:entity_name @ptr_1 @ptr_2 @ptr_3 @ptr_4 SL:entity_name] @ptr_5 [SL:playlist @ptr_6 @ptr_7 @ptr_8 SL:playlist]
add Embryo to lessie's hands up	add ĠEmb ry o Ġto Ġless ie 's Ġhands Ġup	@ptr_0 [SL:entity_name @ptr_1 @ptr_2 @ptr_3 SL:entity_name] @ptr_4 [SL:playlist_owner @ptr_5 @ptr_6 @ptr_7 SL:playlist_owner] [SL:playlist @ptr_8 @ptr_9 SL:playlist]
add Coordinates of Confusion to bass face	add ĠCoord inates Ġof ĠConf usion Ġto Ġbass Ġface	@ptr_0 [SL:entity_name @ptr_1 @ptr_2 @ptr_3 @ptr_4 @ptr_5 SL:entity_name] @ptr_6 [SL:playlist @ptr_7 @ptr_8 SL:playlist]
add heresy and the hotel choir to the evening acoustic	add Ġheresy Ġand Ġthe Ġhotel Ġchoir Ġto Ġthe Ġevening Ġacoustic	@ptr_0 [SL:entity_name @ptr_1 @ptr_2 @ptr_3 @ptr_4 @ptr_5 SL:entity_name] @ptr_6 @ptr_7 [SL:playlist @ptr_8 @ptr_9 SL:playlist]
put donnie g don gorilla on my classical romance	put Ġdon nie Ġg Ġdon Ġgorilla Ġon Ġmy Ġclassical Ġromance	@ptr_0 [SL:entity_name @ptr_1 @ptr_2 @ptr_3 @ptr_4 @ptr_5 SL:entity_name] @ptr_6 [SL:playlist_owner @ptr_7 SL:playlist_owner] [SL:playlist @ptr_8 @ptr_9 SL:playlist]
add olympia 1959 to from the delta to chicago	add Ġo lymp ia Ġ1959 Ġto Ġfrom Ġthe Ġdelta Ġto Ġch icago	@ptr_0 [SL:entity_name @ptr_1 @ptr_2 @ptr_3 @ptr_4 SL:entity_name] @ptr_5 [SL:playlist @ptr_6 @ptr_7 @ptr_8 @ptr_9 @ptr_10 @ptr_11 SL:playlist]
Add Fair Charlotte to the We Everywhere	Add ĠFair ĠCharlotte Ġto Ġthe ĠWe ĠEverywhere	@ptr_0 [SL:entity_name @ptr_1 @ptr_2 SL:entity_name] @ptr_3 @ptr_4 [SL:playlist @ptr_5 @ptr_6 SL:playlist]
Incorporate Moribund the Burgermeister into the 50 Shades of Love	In cor porate ĠMor ib und Ġthe ĠBurger me ister Ġinto Ġthe Ġ50 ĠShades Ġof ĠLove	@ptr_0 @ptr_1 @ptr_2 [SL:entity_name @ptr_3 @ptr_4 @ptr_5 @ptr_6 @ptr_7 @ptr_8 @ptr_9 SL:entity_name] @ptr_10 @ptr_11 [SL:playlist @ptr_12 @ptr_13 @ptr_14 @ptr_15 SL:playlist]
Add See Me Now to my enamorándose	Add ĠSee ĠMe ĠNow Ġto Ġmy Ġen am or Ã¡ nd ose	@ptr_0 [SL:entity_name @ptr_1 @ptr_2 @ptr_3 SL:entity_name] @ptr_4 [SL:playlist_owner @ptr_5 SL:playlist_owner] [SL:playlist @ptr_6 @ptr_7 @ptr_8 @ptr_9 @ptr_10 @ptr_11 SL:playlist]
Add child owlet to my Sleep Sounds	Add Ġchild Ġow let Ġto Ġmy ĠSleep ĠSounds	@ptr_0 [SL:entity_name @ptr_1 @ptr_2 @ptr_3 SL:entity_name] @ptr_4 [SL:playlist_owner @ptr_5 SL:playlist_owner] [SL:playlist @ptr_6 @ptr_7 SL:playlist]
Add Hallucinations of Despair to my this is trey songz	Add ĠHall uc inations Ġof ĠDespair Ġto Ġmy Ġthis Ġis Ġtre y Ġsong z	@ptr_0 [SL:entity_name @ptr_1 @ptr_2 @ptr_3 @ptr_4 @ptr_5 SL:entity_name] @ptr_6 [SL:playlist_owner @ptr_7 SL:playlist_owner] [SL:playlist @ptr_8 @ptr_9 @ptr_10 @ptr_11 @ptr_12 @ptr_13 SL:playlist]
put coming back to life onto winter music	put Ġcoming Ġback Ġto Ġlife Ġonto Ġwinter Ġmusic	@ptr_0 [SL:entity_name @ptr_1 @ptr_2 @ptr_3 @ptr_4 SL:entity_name] @ptr_5 [SL:playlist @ptr_6 @ptr_7 SL:playlist]
add det kimer nu til julefest to my playlist technical&brutal death metal	add Ġdet Ġk imer Ġnu Ġtil Ġj ule fest Ġto Ġmy Ġplaylist Ġtechnical & br ut al Ġdeath Ġmetal	@ptr_0 [SL:entity_name @ptr_1 @ptr_2 @ptr_3 @ptr_4 @ptr_5 @ptr_6 @ptr_7 @ptr_8 SL:entity_name] @ptr_9 [SL:playlist_owner @ptr_10 SL:playlist_owner] @ptr_11 [SL:playlist @ptr_12 @ptr_13 @ptr_14 @ptr_15 @ptr_16 @ptr_17 @ptr_18 SL:playlist]
I want to add No Mystery to alejandra's Acoustic Love	I Ġwant Ġto Ġadd ĠNo ĠMystery Ġto Ġale j andra 's ĠAc oustic ĠLove	@ptr_0 @ptr_1 @ptr_2 @ptr_3 [SL:entity_name @ptr_4 @ptr_5 SL:entity_name] @ptr_6 [SL:playlist_owner @ptr_7 @ptr_8 @ptr_9 @ptr_10 SL:playlist_owner] [SL:playlist @ptr_11 @ptr_12 @ptr_13 SL:playlist]
Add splendido hotel to my verano forever	Add Ġsplend ido Ġhotel Ġto Ġmy Ġver ano Ġforever	@ptr_0 [SL:entity_name @ptr_1 @ptr_2 @ptr_3 SL:entity_name] @ptr_4 [SL:playlist_owner @ptr_5 SL:playlist_owner] [SL:playlist @ptr_6 @ptr_7 @ptr_8 SL:playlist]
Add beijing huanying ni to my workday lounge	Add Ġbe ijing Ġh u any ing Ġni Ġto Ġmy Ġwork day Ġlounge	@ptr_0 [SL:entity_name @ptr_1 @ptr_2 @ptr_3 @ptr_4 @ptr_5 @ptr_6 @ptr_7 SL:entity_name] @ptr_8 [SL:playlist_owner @ptr_9 SL:playlist_owner] [SL:playlist @ptr_10 @ptr_11 @ptr_12 SL:playlist]
add Partners in Crime to joann's Lo Que Suena Los Angeles	add ĠPartners Ġin ĠCrime Ġto Ġjo ann 's ĠLo ĠQue ĠSu ena ĠLos ĠAngeles	@ptr_0 [SL:entity_name @ptr_1 @ptr_2 @ptr_3 SL:entity_name] @ptr_4 [SL:playlist_owner @ptr_5 @ptr_6 @ptr_7 SL:playlist_owner] [SL:playlist @ptr_8 @ptr_9 @ptr_10 @ptr_11 @ptr_12 @ptr_13 SL:playlist]
