Find the movie schedules	Find Ġthe Ġmovie Ġschedules	@ptr_0 @ptr_1 [SL:object_type @ptr_2 @ptr_3 SL:object_type]
Find the schedule for Metallica Through the Never	Find Ġthe Ġschedule Ġfor ĠMetall ica ĠThrough Ġthe ĠNever	@ptr_0 @ptr_1 [SL:object_type @ptr_2 SL:object_type] @ptr_3 [SL:movie_name @ptr_4 @ptr_5 @ptr_6 @ptr_7 @ptr_8 SL:movie_name]
Can I see the movie schedules	Can ĠI Ġsee Ġthe Ġmovie Ġschedules	@ptr_0 @ptr_1 @ptr_2 @ptr_3 [SL:object_type @ptr_4 @ptr_5 SL:object_type]
find movie times for films close by	find Ġmovie Ġtimes Ġfor Ġfilms Ġclose Ġby	@ptr_0 [SL:object_type @ptr_1 @ptr_2 SL:object_type] @ptr_3 [SL:movie_type @ptr_4 SL:movie_type] [SL:spatial_relation @ptr_5 @ptr_6 SL:spatial_relation]
What are the movie schedules for the Caribbean Cinemas	What Ġare Ġthe Ġmovie Ġschedules Ġfor Ġthe ĠCaribbean ĠCinem as	@ptr_0 @ptr_1 @ptr_2 [SL:object_type @ptr_3 @ptr_4 SL:object_type] @ptr_5 @ptr_6 [SL:location_name @ptr_7 @ptr_8 @ptr_9 SL:location_name]
Find the movie schedule	Find Ġthe Ġmovie Ġschedule	@ptr_0 @ptr_1 [SL:object_type @ptr_2 @ptr_3 SL:object_type]
Find the schedule for Salt of the Black Earth at the closest movie house	Find Ġthe Ġschedule Ġfor ĠSalt Ġof Ġthe ĠBlack ĠEarth Ġat Ġthe Ġclosest Ġmovie Ġhouse	@ptr_0 @ptr_1 [SL:object_type @ptr_2 SL:object_type] @ptr_3 [SL:movie_name @ptr_4 @ptr_5 @ptr_6 @ptr_7 @ptr_8 SL:movie_name] @ptr_9 @ptr_10 [SL:spatial_relation @ptr_11 SL:spatial_relation] [SL:object_location_type @ptr_12 @ptr_13 SL:object_location_type]
Can I see the movie times for the Great Escape Theatres	Can ĠI Ġsee Ġthe Ġmovie Ġtimes Ġfor Ġthe ĠGreat ĠEscape ĠThe at res	@ptr_0 @ptr_1 @ptr_2 @ptr_3 [SL:object_type @ptr_4 @ptr_5 SL:object_type] @ptr_6 @ptr_7 [SL:location_name @ptr_8 @ptr_9 @ptr_10 @ptr_11 @ptr_12 SL:location_name]
Find the movie schedule for 12:53 AM	Find Ġthe Ġmovie Ġschedule Ġfor Ġ12 : 53 ĠAM	@ptr_0 @ptr_1 [SL:object_type @ptr_2 @ptr_3 SL:object_type] @ptr_4 [SL:timeRange @ptr_5 @ptr_6 @ptr_7 @ptr_8 SL:timeRange]
Is The Country Doctor on the schedule	Is ĠThe ĠCountry ĠDoctor Ġon Ġthe Ġschedule	@ptr_0 [SL:movie_name @ptr_1 @ptr_2 @ptr_3 SL:movie_name] @ptr_4 @ptr_5 [SL:object_type @ptr_6 SL:object_type]
Find the movie schedule	Find Ġthe Ġmovie Ġschedule	@ptr_0 @ptr_1 [SL:object_type @ptr_2 @ptr_3 SL:object_type]
I'd like the movie schedules nearby me for animated movies	I 'd Ġlike Ġthe Ġmovie Ġschedules Ġnearby Ġme Ġfor Ġanimated Ġmovies	@ptr_0 @ptr_1 @ptr_2 @ptr_3 [SL:object_type @ptr_4 @ptr_5 SL:object_type] [SL:spatial_relation @ptr_6 SL:spatial_relation] @ptr_7 @ptr_8 [SL:movie_type @ptr_9 @ptr_10 SL:movie_type]
find movie schedules for AMC Theaters	find Ġmovie Ġschedules Ġfor ĠAMC ĠThe aters	@ptr_0 [SL:object_type @ptr_1 @ptr_2 SL:object_type] @ptr_3 [SL:location_name @ptr_4 @ptr_5 @ptr_6 SL:location_name]
find movie times for movies in the neighborhood	find Ġmovie Ġtimes Ġfor Ġmovies Ġin Ġthe Ġneighborhood	@ptr_0 [SL:object_type @ptr_1 @ptr_2 SL:object_type] @ptr_3 [SL:movie_type @ptr_4 SL:movie_type] [SL:spatial_relation @ptr_5 @ptr_6 @ptr_7 SL:spatial_relation]
give me the movie schedule at Santikos Theatres	give Ġme Ġthe Ġmovie Ġschedule Ġat ĠSant ik os ĠThe at res	@ptr_0 @ptr_1 @ptr_2 [SL:object_type @ptr_3 @ptr_4 SL:object_type] @ptr_5 [SL:location_name @ptr_6 @ptr_7 @ptr_8 @ptr_9 @ptr_10 @ptr_11 SL:location_name]
show me animated movies with movie times close by	show Ġme Ġanimated Ġmovies Ġwith Ġmovie Ġtimes Ġclose Ġby	@ptr_0 @ptr_1 [SL:movie_type @ptr_2 @ptr_3 SL:movie_type] @ptr_4 [SL:object_type @ptr_5 @ptr_6 SL:object_type] [SL:spatial_relation @ptr_7 @ptr_8 SL:spatial_relation]
Show me the movie schedules for movies playing nearby	Show Ġme Ġthe Ġmovie Ġschedules Ġfor Ġmovies Ġplaying Ġnearby	@ptr_0 @ptr_1 @ptr_2 [SL:object_type @ptr_3 @ptr_4 SL:object_type] @ptr_5 [SL:movie_type @ptr_6 SL:movie_type] @ptr_7 [SL:spatial_relation @ptr_8 SL:spatial_relation]
Find the schedule for Chronicle of My Mother at the nearest cinema in 1 minute and 8 seconds	Find Ġthe Ġschedule Ġfor ĠChronicle Ġof ĠMy ĠMother Ġat Ġthe Ġnearest Ġcinema Ġin Ġ1 Ġminute Ġand Ġ8 Ġseconds	@ptr_0 @ptr_1 [SL:object_type @ptr_2 SL:object_type] @ptr_3 [SL:movie_name @ptr_4 @ptr_5 @ptr_6 @ptr_7 SL:movie_name] @ptr_8 @ptr_9 [SL:spatial_relation @ptr_10 SL:spatial_relation] [SL:object_location_type @ptr_11 SL:object_location_type] [SL:timeRange @ptr_12 @ptr_13 @ptr_14 @ptr_15 @ptr_16 @ptr_17 SL:timeRange]
show movie times of Regal Entertainment Group	show Ġmovie Ġtimes Ġof ĠReg al ĠEntertainment ĠGroup	@ptr_0 [SL:object_type @ptr_1 @ptr_2 SL:object_type] @ptr_3 [SL:location_name @ptr_4 @ptr_5 @ptr_6 @ptr_7 SL:location_name]
Can I get the movie times for films in the neighborhood	Can ĠI Ġget Ġthe Ġmovie Ġtimes Ġfor Ġfilms Ġin Ġthe Ġneighborhood	@ptr_0 @ptr_1 @ptr_2 @ptr_3 [SL:object_type @ptr_4 @ptr_5 SL:object_type] @ptr_6 [SL:movie_type @ptr_7 SL:movie_type] [SL:spatial_relation @ptr_8 @ptr_9 @ptr_10 SL:spatial_relation]
find movie schedules at Goodrich Quality Theaters	find Ġmovie Ġschedules Ġat ĠGood rich ĠQuality ĠThe aters	@ptr_0 [SL:object_type @ptr_1 @ptr_2 SL:object_type] @ptr_3 [SL:location_name @ptr_4 @ptr_5 @ptr_6 @ptr_7 @ptr_8 SL:location_name]
I want to see the movie schedule for North American Cinemas	I Ġwant Ġto Ġsee Ġthe Ġmovie Ġschedule Ġfor ĠNorth ĠAmerican ĠCinem as	@ptr_0 @ptr_1 @ptr_2 @ptr_3 @ptr_4 [SL:object_type @ptr_5 @ptr_6 SL:object_type] @ptr_7 [SL:location_name @ptr_8 @ptr_9 @ptr_10 @ptr_11 SL:location_name]
Show me movie times	Show Ġme Ġmovie Ġtimes	@ptr_0 @ptr_1 [SL:object_type @ptr_2 @ptr_3 SL:object_type]
What is the movie schedule 1 second from now	What Ġis Ġthe Ġmovie Ġschedule Ġ1 Ġsecond Ġfrom Ġnow	@ptr_0 @ptr_1 @ptr_2 [SL:object_type @ptr_3 @ptr_4 SL:object_type] [SL:timeRange @ptr_5 @ptr_6 @ptr_7 @ptr_8 SL:timeRange]
I need to see the movie schedules	I Ġneed Ġto Ġsee Ġthe Ġmovie Ġschedules	@ptr_0 @ptr_1 @ptr_2 @ptr_3 @ptr_4 [SL:object_type @ptr_5 @ptr_6 SL:object_type]
What time is Chandranath playing MJR Theatres	What Ġtime Ġis ĠChand ran ath Ġplaying ĠMJ R ĠThe at res	@ptr_0 @ptr_1 @ptr_2 [SL:movie_name @ptr_3 @ptr_4 @ptr_5 SL:movie_name] @ptr_6 [SL:location_name @ptr_7 @ptr_8 @ptr_9 @ptr_10 @ptr_11 SL:location_name]
show me movie times for Southern Theatres	show Ġme Ġmovie Ġtimes Ġfor ĠSouthern ĠThe at res	@ptr_0 @ptr_1 [SL:object_type @ptr_2 @ptr_3 SL:object_type] @ptr_4 [SL:location_name @ptr_5 @ptr_6 @ptr_7 @ptr_8 SL:location_name]
What is the movie schedule at Douglas Theatre Company	What Ġis Ġthe Ġmovie Ġschedule Ġat ĠDouglas ĠTheatre ĠCompany	@ptr_0 @ptr_1 @ptr_2 [SL:object_type @ptr_3 @ptr_4 SL:object_type] @ptr_5 [SL:location_name @ptr_6 @ptr_7 @ptr_8 SL:location_name]
find movie times at National Amusements	find Ġmovie Ġtimes Ġat ĠNational ĠAm use ments	@ptr_0 [SL:object_type @ptr_1 @ptr_2 SL:object_type] @ptr_3 [SL:location_name @ptr_4 @ptr_5 @ptr_6 @ptr_7 SL:location_name]
Give me the showtimes for The Rum Diary at MJR Theatres at meal	Give Ġme Ġthe Ġshow times Ġfor ĠThe ĠRum ĠDiary Ġat ĠMJ R ĠThe at res Ġat Ġmeal	@ptr_0 @ptr_1 @ptr_2 @ptr_3 @ptr_4 @ptr_5 [SL:movie_name @ptr_6 @ptr_7 @ptr_8 SL:movie_name] @ptr_9 [SL:location_name @ptr_10 @ptr_11 @ptr_12 @ptr_13 @ptr_14 SL:location_name] @ptr_15 [SL:timeRange @ptr_16 SL:timeRange]
Find the movie schedule for B&B Theatres	Find Ġthe Ġmovie Ġschedule Ġfor ĠB & B ĠThe at res	@ptr_0 @ptr_1 [SL:object_type @ptr_2 @ptr_3 SL:object_type] @ptr_4 [SL:location_name @ptr_5 @ptr_6 @ptr_7 @ptr_8 @ptr_9 @ptr_10 SL:location_name]
Show me the movie schedule for Caribbean Cinemas	Show Ġme Ġthe Ġmovie Ġschedule Ġfor ĠCaribbean ĠCinem as	@ptr_0 @ptr_1 @ptr_2 [SL:object_type @ptr_3 @ptr_4 SL:object_type] @ptr_5 [SL:location_name @ptr_6 @ptr_7 @ptr_8 SL:location_name]
show the movie schedules at United Paramount Theatres	show Ġthe Ġmovie Ġschedules Ġat ĠUnited ĠParamount ĠThe at res	@ptr_0 @ptr_1 [SL:object_type @ptr_2 @ptr_3 SL:object_type] @ptr_4 [SL:location_name @ptr_5 @ptr_6 @ptr_7 @ptr_8 @ptr_9 SL:location_name]
What films are being shown at the National Amusements	What Ġfilms Ġare Ġbeing Ġshown Ġat Ġthe ĠNational ĠAm use ments	@ptr_0 [SL:movie_type @ptr_1 SL:movie_type] @ptr_2 @ptr_3 @ptr_4 @ptr_5 @ptr_6 [SL:location_name @ptr_7 @ptr_8 @ptr_9 @ptr_10 SL:location_name]
What is the movie schedule for the North American Cinemas	What Ġis Ġthe Ġmovie Ġschedule Ġfor Ġthe ĠNorth ĠAmerican ĠCinem as	@ptr_0 @ptr_1 @ptr_2 [SL:object_type @ptr_3 @ptr_4 SL:object_type] @ptr_5 @ptr_6 [SL:location_name @ptr_7 @ptr_8 @ptr_9 @ptr_10 SL:location_name]
Show me the movie schedule for Neighborhood Cinema Group	Show Ġme Ġthe Ġmovie Ġschedule Ġfor ĠNeighborhood ĠCinema ĠGroup	@ptr_0 @ptr_1 @ptr_2 [SL:object_type @ptr_3 @ptr_4 SL:object_type] @ptr_5 [SL:location_name @ptr_6 @ptr_7 @ptr_8 SL:location_name]
Find the movie schedules for Great Escape Theatres	Find Ġthe Ġmovie Ġschedules Ġfor ĠGreat ĠEscape ĠThe at res	@ptr_0 @ptr_1 [SL:object_type @ptr_2 @ptr_3 SL:object_type] @ptr_4 [SL:location_name @ptr_5 @ptr_6 @ptr_7 @ptr_8 @ptr_9 SL:location_name]
Is Love Coach playing at Speakeasy Theaters	Is ĠLove ĠCoach Ġplaying Ġat ĠSpe ake asy ĠThe aters	@ptr_0 [SL:movie_name @ptr_1 @ptr_2 SL:movie_name] @ptr_3 @ptr_4 [SL:location_name @ptr_5 @ptr_6 @ptr_7 @ptr_8 @ptr_9 SL:location_name]
Are any animated movies playing at Magic Johnson Theatres	Are Ġany Ġanimated Ġmovies Ġplaying Ġat ĠMagic ĠJohnson ĠThe at res	@ptr_0 @ptr_1 [SL:movie_type @ptr_2 @ptr_3 SL:movie_type] @ptr_4 @ptr_5 [SL:location_name @ptr_6 @ptr_7 @ptr_8 @ptr_9 @ptr_10 SL:location_name]
What animated movies are playing at Pacific Theatres	What Ġanimated Ġmovies Ġare Ġplaying Ġat ĠPacific ĠThe at res	@ptr_0 [SL:movie_type @ptr_1 @ptr_2 SL:movie_type] @ptr_3 @ptr_4 @ptr_5 [SL:location_name @ptr_6 @ptr_7 @ptr_8 @ptr_9 SL:location_name]
find Cinemark Theatres with films	find ĠCinem ark ĠThe at res Ġwith Ġfilms	@ptr_0 [SL:location_name @ptr_1 @ptr_2 @ptr_3 @ptr_4 @ptr_5 SL:location_name] @ptr_6 [SL:movie_type @ptr_7 SL:movie_type]
What movie times are at Bow Tie Cinemas	What Ġmovie Ġtimes Ġare Ġat ĠBow ĠTie ĠCinem as	@ptr_0 [SL:object_type @ptr_1 @ptr_2 SL:object_type] @ptr_3 @ptr_4 [SL:location_name @ptr_5 @ptr_6 @ptr_7 @ptr_8 SL:location_name]
Find the movie schedule for Cooper Foundation	Find Ġthe Ġmovie Ġschedule Ġfor ĠCooper ĠFoundation	@ptr_0 @ptr_1 [SL:object_type @ptr_2 @ptr_3 SL:object_type] @ptr_4 [SL:location_name @ptr_5 @ptr_6 SL:location_name]
When is Eye of the Spider playing at Regal Entertainment Group	When Ġis ĠEye Ġof Ġthe ĠSpider Ġplaying Ġat ĠReg al ĠEntertainment ĠGroup	@ptr_0 @ptr_1 [SL:movie_name @ptr_2 @ptr_3 @ptr_4 @ptr_5 SL:movie_name] @ptr_6 @ptr_7 [SL:location_name @ptr_8 @ptr_9 @ptr_10 @ptr_11 SL:location_name]
What is the movie schedule today at Neighborhood Cinema Group	What Ġis Ġthe Ġmovie Ġschedule Ġtoday Ġat ĠNeighborhood ĠCinema ĠGroup	@ptr_0 @ptr_1 @ptr_2 [SL:object_type @ptr_3 @ptr_4 SL:object_type] @ptr_5 @ptr_6 [SL:location_name @ptr_7 @ptr_8 @ptr_9 SL:location_name]
what movies are at Loews Cineplex	what Ġmovies Ġare Ġat ĠLo ews ĠC ine plex	@ptr_0 [SL:movie_type @ptr_1 SL:movie_type] @ptr_2 @ptr_3 [SL:location_name @ptr_4 @ptr_5 @ptr_6 @ptr_7 @ptr_8 SL:location_name]
What is the AMC Theaters movie schedule	What Ġis Ġthe ĠAMC ĠThe aters Ġmovie Ġschedule	@ptr_0 @ptr_1 @ptr_2 [SL:location_name @ptr_3 @ptr_4 @ptr_5 SL:location_name] [SL:object_type @ptr_6 @ptr_7 SL:object_type]
Find movie times for B&B Theatres	Find Ġmovie Ġtimes Ġfor ĠB & B ĠThe at res	@ptr_0 [SL:object_type @ptr_1 @ptr_2 SL:object_type] @ptr_3 [SL:location_name @ptr_4 @ptr_5 @ptr_6 @ptr_7 @ptr_8 @ptr_9 SL:location_name]
Find the movie schedules for Cineplex Odeon Corporation	Find Ġthe Ġmovie Ġschedules Ġfor ĠC ine plex ĠO de on ĠCorporation	@ptr_0 @ptr_1 [SL:object_type @ptr_2 @ptr_3 SL:object_type] @ptr_4 [SL:location_name @ptr_5 @ptr_6 @ptr_7 @ptr_8 @ptr_9 @ptr_10 @ptr_11 SL:location_name]
Find me The Twinkler playing at National Amusements in 2 minutes	Find Ġme ĠThe ĠTw ink ler Ġplaying Ġat ĠNational ĠAm use ments Ġin Ġ2 Ġminutes	@ptr_0 @ptr_1 [SL:movie_name @ptr_2 @ptr_3 @ptr_4 @ptr_5 SL:movie_name] @ptr_6 @ptr_7 [SL:location_name @ptr_8 @ptr_9 @ptr_10 @ptr_11 SL:location_name] [SL:timeRange @ptr_12 @ptr_13 @ptr_14 SL:timeRange]
what's the closest movie theatre showing Harbour Beat	what 's Ġthe Ġclosest Ġmovie Ġtheatre Ġshowing ĠHarbour ĠBeat	@ptr_0 @ptr_1 @ptr_2 [SL:spatial_relation @ptr_3 SL:spatial_relation] [SL:object_location_type @ptr_4 @ptr_5 SL:object_location_type] @ptr_6 [SL:movie_name @ptr_7 @ptr_8 SL:movie_name]
What time is Showcase Cinemas playing Straight Is the Way	What Ġtime Ġis ĠShow case ĠCinem as Ġplaying ĠStraight ĠIs Ġthe ĠWay	@ptr_0 @ptr_1 @ptr_2 [SL:location_name @ptr_3 @ptr_4 @ptr_5 @ptr_6 SL:location_name] @ptr_7 [SL:movie_name @ptr_8 @ptr_9 @ptr_10 @ptr_11 SL:movie_name]
Where is The Beach of Lost Children	Where Ġis ĠThe ĠBeach Ġof ĠLost ĠChildren	@ptr_0 @ptr_1 [SL:movie_name @ptr_2 @ptr_3 @ptr_4 @ptr_5 @ptr_6 SL:movie_name]
where is Beyblade: Fierce Battle	where Ġis ĠBe y blade : ĠF ierce ĠBattle	@ptr_0 @ptr_1 [SL:movie_name @ptr_2 @ptr_3 @ptr_4 @ptr_5 @ptr_6 @ptr_7 @ptr_8 SL:movie_name]
I'd like to see showings for All the Way Home at Kerasotes Theatres	I 'd Ġlike Ġto Ġsee Ġshow ings Ġfor ĠAll Ġthe ĠWay ĠHome Ġat ĠKer as otes ĠThe at res	@ptr_0 @ptr_1 @ptr_2 @ptr_3 @ptr_4 @ptr_5 @ptr_6 @ptr_7 [SL:movie_name @ptr_8 @ptr_9 @ptr_10 @ptr_11 SL:movie_name] @ptr_12 [SL:location_name @ptr_13 @ptr_14 @ptr_15 @ptr_16 @ptr_17 @ptr_18 SL:location_name]
Give me showtimes for The Tenth Woman at the movie house	Give Ġme Ġshow times Ġfor ĠThe ĠTenth ĠWoman Ġat Ġthe Ġmovie Ġhouse	@ptr_0 @ptr_1 @ptr_2 @ptr_3 @ptr_4 [SL:movie_name @ptr_5 @ptr_6 @ptr_7 SL:movie_name] @ptr_8 @ptr_9 [SL:object_location_type @ptr_10 @ptr_11 SL:object_location_type]
I want to go see A Simple Noodle Story in seventeen seconds at Goodrich Quality Theaters	I Ġwant Ġto Ġgo Ġsee ĠA ĠSimple ĠN oodle ĠStory Ġin Ġseventeen Ġseconds Ġat ĠGood rich ĠQuality ĠThe aters	@ptr_0 @ptr_1 @ptr_2 @ptr_3 @ptr_4 [SL:movie_name @ptr_5 @ptr_6 @ptr_7 @ptr_8 @ptr_9 SL:movie_name] [SL:timeRange @ptr_10 @ptr_11 @ptr_12 SL:timeRange] @ptr_13 [SL:location_name @ptr_14 @ptr_15 @ptr_16 @ptr_17 @ptr_18 SL:location_name]
Check which cinema currently runs When the Last Sword is Drawn	Check Ġwhich Ġcinema Ġcurrently Ġruns ĠWhen Ġthe ĠLast ĠSword Ġis ĠDrawn	@ptr_0 @ptr_1 [SL:object_location_type @ptr_2 SL:object_location_type] @ptr_3 @ptr_4 [SL:movie_name @ptr_5 @ptr_6 @ptr_7 @ptr_8 @ptr_9 @ptr_10 SL:movie_name]
Where is the nearest cinema that has Southside 1-1000	Where Ġis Ġthe Ġnearest Ġcinema Ġthat Ġhas ĠSouth side Ġ1 - 1000	@ptr_0 @ptr_1 @ptr_2 [SL:spatial_relation @ptr_3 SL:spatial_relation] [SL:object_location_type @ptr_4 SL:object_location_type] @ptr_5 @ptr_6 [SL:movie_name @ptr_7 @ptr_8 @ptr_9 @ptr_10 @ptr_11 SL:movie_name]
When can I go see The Untold Story	When Ġcan ĠI Ġgo Ġsee ĠThe ĠUnt old ĠStory	@ptr_0 @ptr_1 @ptr_2 @ptr_3 @ptr_4 [SL:movie_name @ptr_5 @ptr_6 @ptr_7 @ptr_8 SL:movie_name]
Is Millions in the Air playing at the cinema	Is ĠMillions Ġin Ġthe ĠAir Ġplaying Ġat Ġthe Ġcinema	@ptr_0 [SL:movie_name @ptr_1 @ptr_2 @ptr_3 @ptr_4 SL:movie_name] @ptr_5 @ptr_6 @ptr_7 [SL:object_location_type @ptr_8 SL:object_location_type]
What time is Truth About Kerry playing at movie house	What Ġtime Ġis ĠTruth ĠAbout ĠKerry Ġplaying Ġat Ġmovie Ġhouse	@ptr_0 @ptr_1 @ptr_2 [SL:movie_name @ptr_3 @ptr_4 @ptr_5 SL:movie_name] @ptr_6 @ptr_7 [SL:object_location_type @ptr_8 @ptr_9 SL:object_location_type]
When is Romance on the Range playing at movie house	When Ġis ĠRomance Ġon Ġthe ĠRange Ġplaying Ġat Ġmovie Ġhouse	@ptr_0 @ptr_1 [SL:movie_name @ptr_2 @ptr_3 @ptr_4 @ptr_5 SL:movie_name] @ptr_6 @ptr_7 [SL:object_location_type @ptr_8 @ptr_9 SL:object_location_type]
Is The Mystical Adventures of Billy Owens playing at the closest movie house	Is ĠThe ĠMyst ical ĠAdventures Ġof ĠBilly ĠOwens Ġplaying Ġat Ġthe Ġclosest Ġmovie Ġhouse	@ptr_0 [SL:movie_name @ptr_1 @ptr_2 @ptr_3 @ptr_4 @ptr_5 @ptr_6 @ptr_7 SL:movie_name] @ptr_8 @ptr_9 @ptr_10 [SL:spatial_relation @ptr_11 SL:spatial_relation] [SL:object_location_type @ptr_12 @ptr_13 SL:object_location_type]
find Hear Me Good	find ĠHear ĠMe ĠGood	@ptr_0 [SL:movie_name @ptr_1 @ptr_2 @ptr_3 SL:movie_name]
Is The Young Guard playing at the closest cinema	Is ĠThe ĠYoung ĠGuard Ġplaying Ġat Ġthe Ġclosest Ġcinema	@ptr_0 [SL:movie_name @ptr_1 @ptr_2 @ptr_3 SL:movie_name] @ptr_4 @ptr_5 @ptr_6 [SL:spatial_relation @ptr_7 SL:spatial_relation] [SL:object_location_type @ptr_8 SL:object_location_type]
When is Watchman Vadivel	When Ġis ĠWatch man ĠV ad ive l	@ptr_0 @ptr_1 [SL:movie_name @ptr_2 @ptr_3 @ptr_4 @ptr_5 @ptr_6 @ptr_7 SL:movie_name]
What's the closest cinema playing Chuckys Baby now	What 's Ġthe Ġclosest Ġcinema Ġplaying ĠChuck ys ĠBaby Ġnow	@ptr_0 @ptr_1 @ptr_2 [SL:spatial_relation @ptr_3 SL:spatial_relation] [SL:object_location_type @ptr_4 SL:object_location_type] @ptr_5 [SL:movie_name @ptr_6 @ptr_7 @ptr_8 SL:movie_name] [SL:timeRange @ptr_9 SL:timeRange]
What time does Lilacs in the Spring play at the closest movie house	What Ġtime Ġdoes ĠLil acs Ġin Ġthe ĠSpring Ġplay Ġat Ġthe Ġclosest Ġmovie Ġhouse	@ptr_0 @ptr_1 @ptr_2 [SL:movie_name @ptr_3 @ptr_4 @ptr_5 @ptr_6 @ptr_7 SL:movie_name] @ptr_8 @ptr_9 @ptr_10 [SL:spatial_relation @ptr_11 SL:spatial_relation] [SL:object_location_type @ptr_12 @ptr_13 SL:object_location_type]
Is The Strange Case of the End of Civilization as We Know It playing at the movie theatre	Is ĠThe ĠStrange ĠCase Ġof Ġthe ĠEnd Ġof ĠCivilization Ġas ĠWe ĠKnow ĠIt Ġplaying Ġat Ġthe Ġmovie Ġtheatre	@ptr_0 [SL:movie_name @ptr_1 @ptr_2 @ptr_3 @ptr_4 @ptr_5 @ptr_6 @ptr_7 @ptr_8 @ptr_9 @ptr_10 @ptr_11 @ptr_12 SL:movie_name] @ptr_13 @ptr_14 @ptr_15 [SL:object_location_type @ptr_16 @ptr_17 SL:object_location_type]
find the nearest movie house for The Mystery of Picasso	find Ġthe Ġnearest Ġmovie Ġhouse Ġfor ĠThe ĠMystery Ġof ĠPic asso	@ptr_0 @ptr_1 [SL:spatial_relation @ptr_2 SL:spatial_relation] [SL:object_location_type @ptr_3 @ptr_4 SL:object_location_type] @ptr_5 [SL:movie_name @ptr_6 @ptr_7 @ptr_8 @ptr_9 @ptr_10 SL:movie_name]
Is Green Grass Widows playing at the cinema	Is ĠGreen ĠGrass ĠWid ows Ġplaying Ġat Ġthe Ġcinema	@ptr_0 [SL:movie_name @ptr_1 @ptr_2 @ptr_3 @ptr_4 SL:movie_name] @ptr_5 @ptr_6 @ptr_7 [SL:object_location_type @ptr_8 SL:object_location_type]
What local movie house is playing Beat the Drum	What Ġlocal Ġmovie Ġhouse Ġis Ġplaying ĠBeat Ġthe ĠDrum	@ptr_0 @ptr_1 [SL:object_location_type @ptr_2 @ptr_3 SL:object_location_type] @ptr_4 @ptr_5 [SL:movie_name @ptr_6 @ptr_7 @ptr_8 SL:movie_name]
What time is Beat the Devil coming on at Mann Theatres	What Ġtime Ġis ĠBeat Ġthe ĠDevil Ġcoming Ġon Ġat ĠMann ĠThe at res	@ptr_0 @ptr_1 @ptr_2 [SL:movie_name @ptr_3 @ptr_4 @ptr_5 SL:movie_name] @ptr_6 @ptr_7 @ptr_8 [SL:location_name @ptr_9 @ptr_10 @ptr_11 @ptr_12 SL:location_name]
what time is The Dungeonmaster playing at AMC Theaters	what Ġtime Ġis ĠThe ĠDungeon master Ġplaying Ġat ĠAMC ĠThe aters	@ptr_0 @ptr_1 @ptr_2 [SL:movie_name @ptr_3 @ptr_4 @ptr_5 SL:movie_name] @ptr_6 @ptr_7 [SL:location_name @ptr_8 @ptr_9 @ptr_10 SL:location_name]
Is A Man Called Hero playing during brunch at the cinema	Is ĠA ĠMan ĠCalled ĠHero Ġplaying Ġduring Ġbrunch Ġat Ġthe Ġcinema	@ptr_0 [SL:movie_name @ptr_1 @ptr_2 @ptr_3 @ptr_4 SL:movie_name] @ptr_5 @ptr_6 [SL:timeRange @ptr_7 SL:timeRange] @ptr_8 @ptr_9 [SL:object_location_type @ptr_10 SL:object_location_type]
Which films are playing at the closest movie house	Which Ġfilms Ġare Ġplaying Ġat Ġthe Ġclosest Ġmovie Ġhouse	@ptr_0 [SL:movie_type @ptr_1 SL:movie_type] @ptr_2 @ptr_3 @ptr_4 @ptr_5 [SL:spatial_relation @ptr_6 SL:spatial_relation] [SL:object_location_type @ptr_7 @ptr_8 SL:object_location_type]
find The Good Girl at a movie house	find ĠThe ĠGood ĠGirl Ġat Ġa Ġmovie Ġhouse	@ptr_0 [SL:movie_name @ptr_1 @ptr_2 @ptr_3 SL:movie_name] @ptr_4 @ptr_5 [SL:object_location_type @ptr_6 @ptr_7 SL:object_location_type]
what's the nearest cinema showing The Death of Stalinism in Bohemia 1 second from now	what 's Ġthe Ġnearest Ġcinema Ġshowing ĠThe ĠDeath Ġof ĠStalin ism Ġin ĠBohem ia Ġ1 Ġsecond Ġfrom Ġnow	@ptr_0 @ptr_1 @ptr_2 [SL:spatial_relation @ptr_3 SL:spatial_relation] [SL:object_location_type @ptr_4 SL:object_location_type] @ptr_5 [SL:movie_name @ptr_6 @ptr_7 @ptr_8 @ptr_9 @ptr_10 @ptr_11 @ptr_12 @ptr_13 SL:movie_name] [SL:timeRange @ptr_14 @ptr_15 @ptr_16 @ptr_17 SL:timeRange]
What movie theatre playing animated movies is the closest	What Ġmovie Ġtheatre Ġplaying Ġanimated Ġmovies Ġis Ġthe Ġclosest	@ptr_0 [SL:object_location_type @ptr_1 @ptr_2 SL:object_location_type] @ptr_3 [SL:movie_type @ptr_4 @ptr_5 SL:movie_type] @ptr_6 @ptr_7 [SL:spatial_relation @ptr_8 SL:spatial_relation]
What time does Lilacs in the Spring play at the closest movie house	What Ġtime Ġdoes ĠLil acs Ġin Ġthe ĠSpring Ġplay Ġat Ġthe Ġclosest Ġmovie Ġhouse	@ptr_0 @ptr_1 @ptr_2 [SL:movie_name @ptr_3 @ptr_4 @ptr_5 @ptr_6 @ptr_7 SL:movie_name] @ptr_8 @ptr_9 @ptr_10 [SL:spatial_relation @ptr_11 SL:spatial_relation] [SL:object_location_type @ptr_12 @ptr_13 SL:object_location_type]
I'd like to watch Glass Chin at the movie house at 17:32:30	I 'd Ġlike Ġto Ġwatch ĠGlass ĠChin Ġat Ġthe Ġmovie Ġhouse Ġat Ġ17 : 32 : 30	@ptr_0 @ptr_1 @ptr_2 @ptr_3 @ptr_4 [SL:movie_name @ptr_5 @ptr_6 SL:movie_name] @ptr_7 @ptr_8 [SL:object_location_type @ptr_9 @ptr_10 SL:object_location_type] @ptr_11 [SL:timeRange @ptr_12 @ptr_13 @ptr_14 @ptr_15 @ptr_16 SL:timeRange]
Find time for College Rock Stars at any movie theatre	Find Ġtime Ġfor ĠCollege ĠRock ĠStars Ġat Ġany Ġmovie Ġtheatre	@ptr_0 @ptr_1 @ptr_2 [SL:movie_name @ptr_3 @ptr_4 @ptr_5 SL:movie_name] @ptr_6 @ptr_7 [SL:object_location_type @ptr_8 @ptr_9 SL:object_location_type]
find animated movies at the nearest movie theatre	find Ġanimated Ġmovies Ġat Ġthe Ġnearest Ġmovie Ġtheatre	@ptr_0 [SL:movie_type @ptr_1 @ptr_2 SL:movie_type] @ptr_3 @ptr_4 [SL:spatial_relation @ptr_5 SL:spatial_relation] [SL:object_location_type @ptr_6 @ptr_7 SL:object_location_type]
Show the nearest movie house with The Expendables starting 1 minute from now	Show Ġthe Ġnearest Ġmovie Ġhouse Ġwith ĠThe ĠExpend ables Ġstarting Ġ1 Ġminute Ġfrom Ġnow	@ptr_0 @ptr_1 [SL:spatial_relation @ptr_2 SL:spatial_relation] [SL:object_location_type @ptr_3 @ptr_4 SL:object_location_type] @ptr_5 [SL:movie_name @ptr_6 @ptr_7 @ptr_8 SL:movie_name] @ptr_9 [SL:timeRange @ptr_10 @ptr_11 @ptr_12 @ptr_13 SL:timeRange]
What movie theatre is palying The Hurricane five hours from now	What Ġmovie Ġtheatre Ġis Ġpal ying ĠThe ĠHurricane Ġfive Ġhours Ġfrom Ġnow	@ptr_0 [SL:object_location_type @ptr_1 @ptr_2 SL:object_location_type] @ptr_3 @ptr_4 @ptr_5 [SL:movie_name @ptr_6 @ptr_7 SL:movie_name] [SL:timeRange @ptr_8 @ptr_9 @ptr_10 @ptr_11 SL:timeRange]
Give me the showtimes for animated movies at the nearest cinema	Give Ġme Ġthe Ġshow times Ġfor Ġanimated Ġmovies Ġat Ġthe Ġnearest Ġcinema	@ptr_0 @ptr_1 @ptr_2 @ptr_3 @ptr_4 @ptr_5 [SL:movie_type @ptr_6 @ptr_7 SL:movie_type] @ptr_8 @ptr_9 [SL:spatial_relation @ptr_10 SL:spatial_relation] [SL:object_location_type @ptr_11 SL:object_location_type]
When is Blood and Ice Cream-trilogie playing at the nearest movie theatre	When Ġis ĠBlood Ġand ĠIce ĠCream - tr il ogie Ġplaying Ġat Ġthe Ġnearest Ġmovie Ġtheatre	@ptr_0 @ptr_1 [SL:movie_name @ptr_2 @ptr_3 @ptr_4 @ptr_5 @ptr_6 @ptr_7 @ptr_8 @ptr_9 SL:movie_name] @ptr_10 @ptr_11 @ptr_12 [SL:spatial_relation @ptr_13 SL:spatial_relation] [SL:object_location_type @ptr_14 @ptr_15 SL:object_location_type]
I'd like to watch Dirty Laundry at the movie house	I 'd Ġlike Ġto Ġwatch ĠDirty ĠL aund ry Ġat Ġthe Ġmovie Ġhouse	@ptr_0 @ptr_1 @ptr_2 @ptr_3 @ptr_4 [SL:movie_name @ptr_5 @ptr_6 @ptr_7 @ptr_8 SL:movie_name] @ptr_9 @ptr_10 [SL:object_location_type @ptr_11 @ptr_12 SL:object_location_type]
What movies are playing at the closest movie theatre	What Ġmovies Ġare Ġplaying Ġat Ġthe Ġclosest Ġmovie Ġtheatre	@ptr_0 [SL:movie_type @ptr_1 SL:movie_type] @ptr_2 @ptr_3 @ptr_4 @ptr_5 [SL:spatial_relation @ptr_6 SL:spatial_relation] [SL:object_location_type @ptr_7 @ptr_8 SL:object_location_type]
What movie house is playing Something for the Birds	What Ġmovie Ġhouse Ġis Ġplaying ĠSomething Ġfor Ġthe ĠBirds	@ptr_0 [SL:object_location_type @ptr_1 @ptr_2 SL:object_location_type] @ptr_3 @ptr_4 [SL:movie_name @ptr_5 @ptr_6 @ptr_7 @ptr_8 SL:movie_name]
Where is the nearest cinema that is playing films	Where Ġis Ġthe Ġnearest Ġcinema Ġthat Ġis Ġplaying Ġfilms	@ptr_0 @ptr_1 @ptr_2 [SL:spatial_relation @ptr_3 SL:spatial_relation] [SL:object_location_type @ptr_4 SL:object_location_type] @ptr_5 @ptr_6 @ptr_7 [SL:movie_type @ptr_8 SL:movie_type]
When is The Woman going to be scheduled at the closest movie house	When Ġis ĠThe ĠWoman Ġgoing Ġto Ġbe Ġscheduled Ġat Ġthe Ġclosest Ġmovie Ġhouse	@ptr_0 @ptr_1 [SL:movie_name @ptr_2 @ptr_3 SL:movie_name] @ptr_4 @ptr_5 @ptr_6 @ptr_7 @ptr_8 @ptr_9 [SL:spatial_relation @ptr_10 SL:spatial_relation] [SL:object_location_type @ptr_11 @ptr_12 SL:object_location_type]
Find me the nearest movie house that is showing The Saviour	Find Ġme Ġthe Ġnearest Ġmovie Ġhouse Ġthat Ġis Ġshowing ĠThe ĠSav iour	@ptr_0 @ptr_1 @ptr_2 [SL:spatial_relation @ptr_3 SL:spatial_relation] [SL:object_location_type @ptr_4 @ptr_5 SL:object_location_type] @ptr_6 @ptr_7 @ptr_8 [SL:movie_name @ptr_9 @ptr_10 @ptr_11 SL:movie_name]
What time is cinema playing The Village Priest	What Ġtime Ġis Ġcinema Ġplaying ĠThe ĠVillage ĠPriest	@ptr_0 @ptr_1 @ptr_2 [SL:object_location_type @ptr_3 SL:object_location_type] @ptr_4 [SL:movie_name @ptr_5 @ptr_6 @ptr_7 SL:movie_name]
is Young Policemen In Love at the local movie theatre	is ĠYoung ĠPolic emen ĠIn ĠLove Ġat Ġthe Ġlocal Ġmovie Ġtheatre	@ptr_0 [SL:movie_name @ptr_1 @ptr_2 @ptr_3 @ptr_4 @ptr_5 SL:movie_name] @ptr_6 @ptr_7 @ptr_8 [SL:object_location_type @ptr_9 @ptr_10 SL:object_location_type]
I would like to see a schedule for movies at the nearest movie house	I Ġwould Ġlike Ġto Ġsee Ġa Ġschedule Ġfor Ġmovies Ġat Ġthe Ġnearest Ġmovie Ġhouse	@ptr_0 @ptr_1 @ptr_2 @ptr_3 @ptr_4 @ptr_5 [SL:object_type @ptr_6 SL:object_type] @ptr_7 [SL:movie_type @ptr_8 SL:movie_type] @ptr_9 @ptr_10 [SL:spatial_relation @ptr_11 SL:spatial_relation] [SL:object_location_type @ptr_12 @ptr_13 SL:object_location_type]
Which cinema can I go to to see Lilly the Witch: The Dragon and the Magic Book	Which Ġcinema Ġcan ĠI Ġgo Ġto Ġto Ġsee ĠLilly Ġthe ĠWitch : ĠThe ĠDragon Ġand Ġthe ĠMagic ĠBook	@ptr_0 [SL:object_location_type @ptr_1 SL:object_location_type] @ptr_2 @ptr_3 @ptr_4 @ptr_5 @ptr_6 @ptr_7 [SL:movie_name @ptr_8 @ptr_9 @ptr_10 @ptr_11 @ptr_12 @ptr_13 @ptr_14 @ptr_15 @ptr_16 @ptr_17 SL:movie_name]
When is Romance on the Range playing at movie house	When Ġis ĠRomance Ġon Ġthe ĠRange Ġplaying Ġat Ġmovie Ġhouse	@ptr_0 @ptr_1 [SL:movie_name @ptr_2 @ptr_3 @ptr_4 @ptr_5 SL:movie_name] @ptr_6 @ptr_7 [SL:object_location_type @ptr_8 @ptr_9 SL:object_location_type]
I'd like to watch Bound for Glory at the closest movie theatre at 21:41:08	I 'd Ġlike Ġto Ġwatch ĠBound Ġfor ĠGlory Ġat Ġthe Ġclosest Ġmovie Ġtheatre Ġat Ġ21 : 41 : 08	@ptr_0 @ptr_1 @ptr_2 @ptr_3 @ptr_4 [SL:movie_name @ptr_5 @ptr_6 @ptr_7 SL:movie_name] @ptr_8 @ptr_9 [SL:spatial_relation @ptr_10 SL:spatial_relation] [SL:object_location_type @ptr_11 @ptr_12 SL:object_location_type] @ptr_13 [SL:timeRange @ptr_14 @ptr_15 @ptr_16 @ptr_17 @ptr_18 SL:timeRange]
find start time in 12 seconds for National Bomb	find Ġstart Ġtime Ġin Ġ12 Ġseconds Ġfor ĠNational ĠBomb	@ptr_0 @ptr_1 @ptr_2 [SL:timeRange @ptr_3 @ptr_4 @ptr_5 SL:timeRange] @ptr_6 [SL:movie_name @ptr_7 @ptr_8 SL:movie_name]
What movie theatre is palying The Hurricane five hours from now	What Ġmovie Ġtheatre Ġis Ġpal ying ĠThe ĠHurricane Ġfive Ġhours Ġfrom Ġnow	@ptr_0 [SL:object_location_type @ptr_1 @ptr_2 SL:object_location_type] @ptr_3 @ptr_4 @ptr_5 [SL:movie_name @ptr_6 @ptr_7 SL:movie_name] [SL:timeRange @ptr_8 @ptr_9 @ptr_10 @ptr_11 SL:timeRange]
Let me get the movie schedule for lunch	Let Ġme Ġget Ġthe Ġmovie Ġschedule Ġfor Ġlunch	@ptr_0 @ptr_1 @ptr_2 @ptr_3 [SL:object_type @ptr_4 @ptr_5 SL:object_type] @ptr_6 [SL:timeRange @ptr_7 SL:timeRange]
does Red e Toby nemiciamici start thirteen hours from now	does ĠRed Ġe ĠToby Ġn emic iam ici Ġstart Ġthirteen Ġhours Ġfrom Ġnow	@ptr_0 [SL:movie_name @ptr_1 @ptr_2 @ptr_3 @ptr_4 @ptr_5 @ptr_6 @ptr_7 SL:movie_name] @ptr_8 [SL:timeRange @ptr_9 @ptr_10 @ptr_11 @ptr_12 SL:timeRange]
find a brunch time cinema nearest with The President Is Coming	find Ġa Ġbrunch Ġtime Ġcinema Ġnearest Ġwith ĠThe ĠPresident ĠIs ĠComing	@ptr_0 @ptr_1 [SL:timeRange @ptr_2 SL:timeRange] @ptr_3 [SL:object_location_type @ptr_4 SL:object_location_type] [SL:spatial_relation @ptr_5 SL:spatial_relation] @ptr_6 [SL:movie_name @ptr_7 @ptr_8 @ptr_9 @ptr_10 SL:movie_name]
what's the closest cinema playing Six Days: Three Activists, Three Wars, One Dream at sunrise	what 's Ġthe Ġclosest Ġcinema Ġplaying ĠSix ĠDays : ĠThree ĠActiv ists , ĠThree ĠWars , ĠOne ĠDream Ġat Ġsunrise	@ptr_0 @ptr_1 @ptr_2 [SL:spatial_relation @ptr_3 SL:spatial_relation] [SL:object_location_type @ptr_4 SL:object_location_type] @ptr_5 [SL:movie_name @ptr_6 @ptr_7 @ptr_8 @ptr_9 @ptr_10 @ptr_11 @ptr_12 @ptr_13 @ptr_14 @ptr_15 @ptr_16 @ptr_17 SL:movie_name] @ptr_18 [SL:timeRange @ptr_19 SL:timeRange]
Find the schedule for Rare Birds at the nearest movie theatre at Noon	Find Ġthe Ġschedule Ġfor ĠRare ĠBirds Ġat Ġthe Ġnearest Ġmovie Ġtheatre Ġat ĠNoon	@ptr_0 @ptr_1 [SL:object_type @ptr_2 SL:object_type] @ptr_3 [SL:movie_name @ptr_4 @ptr_5 SL:movie_name] @ptr_6 @ptr_7 [SL:spatial_relation @ptr_8 SL:spatial_relation] [SL:object_location_type @ptr_9 @ptr_10 SL:object_location_type] @ptr_11 [SL:timeRange @ptr_12 SL:timeRange]
Can you let me know the films that are on the movie schedules in the area at noon	Can Ġyou Ġlet Ġme Ġknow Ġthe Ġfilms Ġthat Ġare Ġon Ġthe Ġmovie Ġschedules Ġin Ġthe Ġarea Ġat Ġnoon	@ptr_0 @ptr_1 @ptr_2 @ptr_3 @ptr_4 @ptr_5 [SL:movie_type @ptr_6 SL:movie_type] @ptr_7 @ptr_8 @ptr_9 @ptr_10 [SL:object_type @ptr_11 @ptr_12 SL:object_type] [SL:spatial_relation @ptr_13 @ptr_14 @ptr_15 SL:spatial_relation] @ptr_16 [SL:timeRange @ptr_17 SL:timeRange]
find 16 starting time for Heavenly Body	find Ġ16 Ġstarting Ġtime Ġfor ĠHeavenly ĠBody	@ptr_0 [SL:timeRange @ptr_1 SL:timeRange] @ptr_2 @ptr_3 @ptr_4 [SL:movie_name @ptr_5 @ptr_6 SL:movie_name]
I'd like to watch Bound for Glory at the closest movie theatre at 21:41:08	I 'd Ġlike Ġto Ġwatch ĠBound Ġfor ĠGlory Ġat Ġthe Ġclosest Ġmovie Ġtheatre Ġat Ġ21 : 41 : 08	@ptr_0 @ptr_1 @ptr_2 @ptr_3 @ptr_4 [SL:movie_name @ptr_5 @ptr_6 @ptr_7 SL:movie_name] @ptr_8 @ptr_9 [SL:spatial_relation @ptr_10 SL:spatial_relation] [SL:object_location_type @ptr_11 @ptr_12 SL:object_location_type] @ptr_13 [SL:timeRange @ptr_14 @ptr_15 @ptr_16 @ptr_17 @ptr_18 SL:timeRange]
Where is the closest movie theatre that is playing movies now	Where Ġis Ġthe Ġclosest Ġmovie Ġtheatre Ġthat Ġis Ġplaying Ġmovies Ġnow	@ptr_0 @ptr_1 @ptr_2 [SL:spatial_relation @ptr_3 SL:spatial_relation] [SL:object_location_type @ptr_4 @ptr_5 SL:object_location_type] @ptr_6 @ptr_7 @ptr_8 [SL:movie_type @ptr_9 SL:movie_type] [SL:timeRange @ptr_10 SL:timeRange]
Find the schedule for Evening Clothes in 1 second	Find Ġthe Ġschedule Ġfor ĠEvening ĠCl othes Ġin Ġ1 Ġsecond	@ptr_0 @ptr_1 [SL:object_type @ptr_2 SL:object_type] @ptr_3 [SL:movie_name @ptr_4 @ptr_5 @ptr_6 SL:movie_name] [SL:timeRange @ptr_7 @ptr_8 @ptr_9 SL:timeRange]
What is the movie schedule in five minutes for movies playing in the neighborhood	What Ġis Ġthe Ġmovie Ġschedule Ġin Ġfive Ġminutes Ġfor Ġmovies Ġplaying Ġin Ġthe Ġneighborhood	@ptr_0 @ptr_1 @ptr_2 [SL:object_type @ptr_3 @ptr_4 SL:object_type] [SL:timeRange @ptr_5 @ptr_6 @ptr_7 SL:timeRange] @ptr_8 [SL:movie_type @ptr_9 SL:movie_type] @ptr_10 [SL:spatial_relation @ptr_11 @ptr_12 @ptr_13 SL:spatial_relation]
I'd like to watch Glass Chin at the movie house at 17:32:30	I 'd Ġlike Ġto Ġwatch ĠGlass ĠChin Ġat Ġthe Ġmovie Ġhouse Ġat Ġ17 : 32 : 30	@ptr_0 @ptr_1 @ptr_2 @ptr_3 @ptr_4 [SL:movie_name @ptr_5 @ptr_6 SL:movie_name] @ptr_7 @ptr_8 [SL:object_location_type @ptr_9 @ptr_10 SL:object_location_type] @ptr_11 [SL:timeRange @ptr_12 @ptr_13 @ptr_14 @ptr_15 @ptr_16 SL:timeRange]
where is Wild America showing at zero P.M.	where Ġis ĠWild ĠAmerica Ġshowing Ġat Ġzero ĠP . M .	@ptr_0 @ptr_1 [SL:movie_name @ptr_2 @ptr_3 SL:movie_name] @ptr_4 @ptr_5 [SL:timeRange @ptr_6 @ptr_7 @ptr_8 @ptr_9 @ptr_10 SL:timeRange]
Find movie times for nine PM	Find Ġmovie Ġtimes Ġfor Ġnine ĠPM	@ptr_0 [SL:object_type @ptr_1 @ptr_2 SL:object_type] @ptr_3 [SL:timeRange @ptr_4 @ptr_5 SL:timeRange]
Is The Angelus playing at the movie house at dinner	Is ĠThe ĠAngel us Ġplaying Ġat Ġthe Ġmovie Ġhouse Ġat Ġdinner	@ptr_0 [SL:movie_name @ptr_1 @ptr_2 @ptr_3 SL:movie_name] @ptr_4 @ptr_5 @ptr_6 [SL:object_location_type @ptr_7 @ptr_8 SL:object_location_type] @ptr_9 [SL:timeRange @ptr_10 SL:timeRange]
Show the movie schedule for Cooper Foundation at 9 o'clock	Show Ġthe Ġmovie Ġschedule Ġfor ĠCooper ĠFoundation Ġat Ġ9 Ġo ' clock	@ptr_0 @ptr_1 [SL:object_type @ptr_2 @ptr_3 SL:object_type] @ptr_4 [SL:location_name @ptr_5 @ptr_6 SL:location_name] @ptr_7 [SL:timeRange @ptr_8 @ptr_9 @ptr_10 @ptr_11 SL:timeRange]
I'd like to watch movies now right nearby	I 'd Ġlike Ġto Ġwatch Ġmovies Ġnow Ġright Ġnearby	@ptr_0 @ptr_1 @ptr_2 @ptr_3 @ptr_4 [SL:movie_type @ptr_5 SL:movie_type] [SL:timeRange @ptr_6 SL:timeRange] @ptr_7 [SL:spatial_relation @ptr_8 SL:spatial_relation]
Which movies are playing at AMC Theaters 1 second from now	Which Ġmovies Ġare Ġplaying Ġat ĠAMC ĠThe aters Ġ1 Ġsecond Ġfrom Ġnow	@ptr_0 [SL:movie_type @ptr_1 SL:movie_type] @ptr_2 @ptr_3 @ptr_4 [SL:location_name @ptr_5 @ptr_6 @ptr_7 SL:location_name] [SL:timeRange @ptr_8 @ptr_9 @ptr_10 @ptr_11 SL:timeRange]
Can I see the movie schedules nineteen minutes from now	Can ĠI Ġsee Ġthe Ġmovie Ġschedules Ġnineteen Ġminutes Ġfrom Ġnow	@ptr_0 @ptr_1 @ptr_2 @ptr_3 [SL:object_type @ptr_4 @ptr_5 SL:object_type] [SL:timeRange @ptr_6 @ptr_7 @ptr_8 @ptr_9 SL:timeRange]
Where is the closest movie theatre playing Mighty Baby now	Where Ġis Ġthe Ġclosest Ġmovie Ġtheatre Ġplaying ĠMighty ĠBaby Ġnow	@ptr_0 @ptr_1 @ptr_2 [SL:spatial_relation @ptr_3 SL:spatial_relation] [SL:object_location_type @ptr_4 @ptr_5 SL:object_location_type] @ptr_6 [SL:movie_name @ptr_7 @ptr_8 SL:movie_name] [SL:timeRange @ptr_9 SL:timeRange]
Show me movie times at MJR Theatres at 02:39:23 pm	Show Ġme Ġmovie Ġtimes Ġat ĠMJ R ĠThe at res Ġat Ġ02 : 39 : 23 Ġpm	@ptr_0 @ptr_1 [SL:object_type @ptr_2 @ptr_3 SL:object_type] @ptr_4 [SL:location_name @ptr_5 @ptr_6 @ptr_7 @ptr_8 @ptr_9 SL:location_name] @ptr_10 [SL:timeRange @ptr_11 @ptr_12 @ptr_13 @ptr_14 @ptr_15 @ptr_16 SL:timeRange]
Show me movie times for animated movies playing three hours from now in the neighbourhood	Show Ġme Ġmovie Ġtimes Ġfor Ġanimated Ġmovies Ġplaying Ġthree Ġhours Ġfrom Ġnow Ġin Ġthe Ġneighbourhood	@ptr_0 @ptr_1 [SL:object_type @ptr_2 @ptr_3 SL:object_type] @ptr_4 [SL:movie_type @ptr_5 @ptr_6 SL:movie_type] @ptr_7 [SL:timeRange @ptr_8 @ptr_9 @ptr_10 @ptr_11 SL:timeRange] [SL:spatial_relation @ptr_12 @ptr_13 @ptr_14 SL:spatial_relation]
find seven AM movies at Dipson Theatres	find Ġseven ĠAM Ġmovies Ġat ĠDip son ĠThe at res	@ptr_0 [SL:timeRange @ptr_1 @ptr_2 SL:timeRange] [SL:movie_type @ptr_3 SL:movie_type] @ptr_4 [SL:location_name @ptr_5 @ptr_6 @ptr_7 @ptr_8 @ptr_9 SL:location_name]
Tell me what animated movies are being played at the closest movie house at 01:19:00 AM	Tell Ġme Ġwhat Ġanimated Ġmovies Ġare Ġbeing Ġplayed Ġat Ġthe Ġclosest Ġmovie Ġhouse Ġat Ġ01 : 19 : 00 ĠAM	@ptr_0 @ptr_1 @ptr_2 [SL:movie_type @ptr_3 @ptr_4 SL:movie_type] @ptr_5 @ptr_6 @ptr_7 @ptr_8 @ptr_9 [SL:spatial_relation @ptr_10 SL:spatial_relation] [SL:object_location_type @ptr_11 @ptr_12 SL:object_location_type] @ptr_13 [SL:timeRange @ptr_14 @ptr_15 @ptr_16 @ptr_17 @ptr_18 @ptr_19 SL:timeRange]
what films are showing at Century Theatres	what Ġfilms Ġare Ġshowing Ġat ĠCentury ĠThe at res	@ptr_0 [SL:movie_type @ptr_1 SL:movie_type] @ptr_2 @ptr_3 @ptr_4 [SL:location_name @ptr_5 @ptr_6 @ptr_7 @ptr_8 SL:location_name]
I'd like to watch movies at the nearest movie house	I 'd Ġlike Ġto Ġwatch Ġmovies Ġat Ġthe Ġnearest Ġmovie Ġhouse	@ptr_0 @ptr_1 @ptr_2 @ptr_3 @ptr_4 [SL:movie_type @ptr_5 SL:movie_type] @ptr_6 @ptr_7 [SL:spatial_relation @ptr_8 SL:spatial_relation] [SL:object_location_type @ptr_9 @ptr_10 SL:object_location_type]
show movie times for movies in the area	show Ġmovie Ġtimes Ġfor Ġmovies Ġin Ġthe Ġarea	@ptr_0 [SL:object_type @ptr_1 @ptr_2 SL:object_type] @ptr_3 [SL:movie_type @ptr_4 SL:movie_type] [SL:spatial_relation @ptr_5 @ptr_6 @ptr_7 SL:spatial_relation]
What movies are playing at the nearest cinema	What Ġmovies Ġare Ġplaying Ġat Ġthe Ġnearest Ġcinema	@ptr_0 [SL:movie_type @ptr_1 SL:movie_type] @ptr_2 @ptr_3 @ptr_4 @ptr_5 [SL:spatial_relation @ptr_6 SL:spatial_relation] [SL:object_location_type @ptr_7 SL:object_location_type]
Show me the movie times for films nearby	Show Ġme Ġthe Ġmovie Ġtimes Ġfor Ġfilms Ġnearby	@ptr_0 @ptr_1 @ptr_2 [SL:object_type @ptr_3 @ptr_4 SL:object_type] @ptr_5 [SL:movie_type @ptr_6 SL:movie_type] [SL:spatial_relation @ptr_7 SL:spatial_relation]
Is this film going to be at Malco Theatres	Is Ġthis Ġfilm Ġgoing Ġto Ġbe Ġat ĠMal co ĠThe at res	@ptr_0 @ptr_1 [SL:movie_type @ptr_2 SL:movie_type] @ptr_3 @ptr_4 @ptr_5 @ptr_6 [SL:location_name @ptr_7 @ptr_8 @ptr_9 @ptr_10 @ptr_11 SL:location_name]
find Kerasotes Theatres showing animated movies	find ĠKer as otes ĠThe at res Ġshowing Ġanimated Ġmovies	@ptr_0 [SL:location_name @ptr_1 @ptr_2 @ptr_3 @ptr_4 @ptr_5 @ptr_6 SL:location_name] @ptr_7 [SL:movie_type @ptr_8 @ptr_9 SL:movie_type]
What films are at the nearest movie theatre	What Ġfilms Ġare Ġat Ġthe Ġnearest Ġmovie Ġtheatre	@ptr_0 [SL:movie_type @ptr_1 SL:movie_type] @ptr_2 @ptr_3 @ptr_4 [SL:spatial_relation @ptr_5 SL:spatial_relation] [SL:object_location_type @ptr_6 @ptr_7 SL:object_location_type]
List movie schedules for animated movies playing in the neighbourhood	List Ġmovie Ġschedules Ġfor Ġanimated Ġmovies Ġplaying Ġin Ġthe Ġneighbourhood	@ptr_0 [SL:object_type @ptr_1 @ptr_2 SL:object_type] @ptr_3 [SL:movie_type @ptr_4 @ptr_5 SL:movie_type] @ptr_6 [SL:spatial_relation @ptr_7 @ptr_8 @ptr_9 SL:spatial_relation]
in the neighbourhood find a movie schedule for animated movies	in Ġthe Ġneighbourhood Ġfind Ġa Ġmovie Ġschedule Ġfor Ġanimated Ġmovies	[SL:spatial_relation @ptr_0 @ptr_1 @ptr_2 SL:spatial_relation] @ptr_3 @ptr_4 [SL:object_type @ptr_5 @ptr_6 SL:object_type] @ptr_7 [SL:movie_type @ptr_8 @ptr_9 SL:movie_type]
Will you show me a schedule for movies around here	Will Ġyou Ġshow Ġme Ġa Ġschedule Ġfor Ġmovies Ġaround Ġhere	@ptr_0 @ptr_1 @ptr_2 @ptr_3 @ptr_4 [SL:object_type @ptr_5 SL:object_type] @ptr_6 [SL:movie_type @ptr_7 SL:movie_type] [SL:spatial_relation @ptr_8 @ptr_9 SL:spatial_relation]
Find the schedule for films at night at Great Escape Theatres	Find Ġthe Ġschedule Ġfor Ġfilms Ġat Ġnight Ġat ĠGreat ĠEscape ĠThe at res	@ptr_0 @ptr_1 [SL:object_type @ptr_2 SL:object_type] @ptr_3 [SL:movie_type @ptr_4 SL:movie_type] @ptr_5 [SL:timeRange @ptr_6 SL:timeRange] @ptr_7 [SL:location_name @ptr_8 @ptr_9 @ptr_10 @ptr_11 @ptr_12 SL:location_name]
What films are playing at the closest cinema	What Ġfilms Ġare Ġplaying Ġat Ġthe Ġclosest Ġcinema	@ptr_0 [SL:movie_type @ptr_1 SL:movie_type] @ptr_2 @ptr_3 @ptr_4 @ptr_5 [SL:spatial_relation @ptr_6 SL:spatial_relation] [SL:object_location_type @ptr_7 SL:object_location_type]
What films are being shown at the National Amusements	What Ġfilms Ġare Ġbeing Ġshown Ġat Ġthe ĠNational ĠAm use ments	@ptr_0 [SL:movie_type @ptr_1 SL:movie_type] @ptr_2 @ptr_3 @ptr_4 @ptr_5 @ptr_6 [SL:location_name @ptr_7 @ptr_8 @ptr_9 @ptr_10 SL:location_name]
find movie schedules with animated movies close by	find Ġmovie Ġschedules Ġwith Ġanimated Ġmovies Ġclose Ġby	@ptr_0 [SL:object_type @ptr_1 @ptr_2 SL:object_type] @ptr_3 [SL:movie_type @ptr_4 @ptr_5 SL:movie_type] [SL:spatial_relation @ptr_6 @ptr_7 SL:spatial_relation]
what's the closest movie house showing animated movies	what 's Ġthe Ġclosest Ġmovie Ġhouse Ġshowing Ġanimated Ġmovies	@ptr_0 @ptr_1 @ptr_2 [SL:spatial_relation @ptr_3 SL:spatial_relation] [SL:object_location_type @ptr_4 @ptr_5 SL:object_location_type] @ptr_6 [SL:movie_type @ptr_7 @ptr_8 SL:movie_type]
What time is the closet cinema playing movies the closest	What Ġtime Ġis Ġthe Ġcloset Ġcinema Ġplaying Ġmovies Ġthe Ġclosest	@ptr_0 @ptr_1 @ptr_2 @ptr_3 @ptr_4 [SL:object_location_type @ptr_5 SL:object_location_type] @ptr_6 [SL:movie_type @ptr_7 SL:movie_type] @ptr_8 [SL:spatial_relation @ptr_9 SL:spatial_relation]
find a nearby movie schedules for movies	find Ġa Ġnearby Ġmovie Ġschedules Ġfor Ġmovies	@ptr_0 @ptr_1 [SL:spatial_relation @ptr_2 SL:spatial_relation] [SL:object_type @ptr_3 @ptr_4 SL:object_type] @ptr_5 [SL:movie_type @ptr_6 SL:movie_type]
What animated movies are playing at IMAX Corporation	What Ġanimated Ġmovies Ġare Ġplaying Ġat ĠI MAX ĠCorporation	@ptr_0 [SL:movie_type @ptr_1 @ptr_2 SL:movie_type] @ptr_3 @ptr_4 @ptr_5 [SL:location_name @ptr_6 @ptr_7 @ptr_8 SL:location_name]
Can i get the showtimes for films in the area	Can Ġi Ġget Ġthe Ġshow times Ġfor Ġfilms Ġin Ġthe Ġarea	@ptr_0 @ptr_1 @ptr_2 @ptr_3 @ptr_4 @ptr_5 @ptr_6 [SL:movie_type @ptr_7 SL:movie_type] [SL:spatial_relation @ptr_8 @ptr_9 @ptr_10 SL:spatial_relation]
Give me showtimes for films in the neighbourhood	Give Ġme Ġshow times Ġfor Ġfilms Ġin Ġthe Ġneighbourhood	@ptr_0 @ptr_1 @ptr_2 @ptr_3 @ptr_4 [SL:movie_type @ptr_5 SL:movie_type] [SL:spatial_relation @ptr_6 @ptr_7 @ptr_8 SL:spatial_relation]
What animated movies are playing at Dipson Theatres	What Ġanimated Ġmovies Ġare Ġplaying Ġat ĠDip son ĠThe at res	@ptr_0 [SL:movie_type @ptr_1 @ptr_2 SL:movie_type] @ptr_3 @ptr_4 @ptr_5 [SL:location_name @ptr_6 @ptr_7 @ptr_8 @ptr_9 @ptr_10 SL:location_name]
I'd like to see movie times for animated movies playing in the neighborhood that are starting now	I 'd Ġlike Ġto Ġsee Ġmovie Ġtimes Ġfor Ġanimated Ġmovies Ġplaying Ġin Ġthe Ġneighborhood Ġthat Ġare Ġstarting Ġnow	@ptr_0 @ptr_1 @ptr_2 @ptr_3 @ptr_4 [SL:object_type @ptr_5 @ptr_6 SL:object_type] @ptr_7 [SL:movie_type @ptr_8 @ptr_9 SL:movie_type] @ptr_10 [SL:spatial_relation @ptr_11 @ptr_12 @ptr_13 SL:spatial_relation] @ptr_14 @ptr_15 @ptr_16 [SL:timeRange @ptr_17 SL:timeRange]
whats the nearest movie house showing animated movies	wh ats Ġthe Ġnearest Ġmovie Ġhouse Ġshowing Ġanimated Ġmovies	@ptr_0 @ptr_1 @ptr_2 [SL:spatial_relation @ptr_3 SL:spatial_relation] [SL:object_location_type @ptr_4 @ptr_5 SL:object_location_type] @ptr_6 [SL:movie_type @ptr_7 @ptr_8 SL:movie_type]
Where is the nearest movie theatre I can go watch films	Where Ġis Ġthe Ġnearest Ġmovie Ġtheatre ĠI Ġcan Ġgo Ġwatch Ġfilms	@ptr_0 @ptr_1 @ptr_2 [SL:spatial_relation @ptr_3 SL:spatial_relation] [SL:object_location_type @ptr_4 @ptr_5 SL:object_location_type] @ptr_6 @ptr_7 @ptr_8 @ptr_9 [SL:movie_type @ptr_10 SL:movie_type]
Are there any animated movies playing at the closest cinema	Are Ġthere Ġany Ġanimated Ġmovies Ġplaying Ġat Ġthe Ġclosest Ġcinema	@ptr_0 @ptr_1 @ptr_2 [SL:movie_type @ptr_3 @ptr_4 SL:movie_type] @ptr_5 @ptr_6 @ptr_7 [SL:spatial_relation @ptr_8 SL:spatial_relation] [SL:object_location_type @ptr_9 SL:object_location_type]
Can i get the showtimes for films close by	Can Ġi Ġget Ġthe Ġshow times Ġfor Ġfilms Ġclose Ġby	@ptr_0 @ptr_1 @ptr_2 @ptr_3 @ptr_4 @ptr_5 @ptr_6 [SL:movie_type @ptr_7 SL:movie_type] [SL:spatial_relation @ptr_8 @ptr_9 SL:spatial_relation]
Show me the new showings for animated movies in the neighborhood	Show Ġme Ġthe Ġnew Ġshow ings Ġfor Ġanimated Ġmovies Ġin Ġthe Ġneighborhood	@ptr_0 @ptr_1 @ptr_2 @ptr_3 @ptr_4 @ptr_5 @ptr_6 [SL:movie_type @ptr_7 @ptr_8 SL:movie_type] [SL:spatial_relation @ptr_9 @ptr_10 @ptr_11 SL:spatial_relation]
SHow me the nearest movie house showing Moron 5 and the Crying Lady	S How Ġme Ġthe Ġnearest Ġmovie Ġhouse Ġshowing ĠMor on Ġ5 Ġand Ġthe ĠCry ing ĠLady	@ptr_0 @ptr_1 @ptr_2 @ptr_3 [SL:spatial_relation @ptr_4 SL:spatial_relation] [SL:object_location_type @ptr_5 @ptr_6 SL:object_location_type] @ptr_7 [SL:movie_name @ptr_8 @ptr_9 @ptr_10 @ptr_11 @ptr_12 @ptr_13 @ptr_14 @ptr_15 SL:movie_name]
What movies are showing at the nearest movie house	What Ġmovies Ġare Ġshowing Ġat Ġthe Ġnearest Ġmovie Ġhouse	@ptr_0 [SL:movie_type @ptr_1 SL:movie_type] @ptr_2 @ptr_3 @ptr_4 @ptr_5 [SL:spatial_relation @ptr_6 SL:spatial_relation] [SL:object_location_type @ptr_7 @ptr_8 SL:object_location_type]
Where is the nearest movie theatre playing The Sword of Many Lovers	Where Ġis Ġthe Ġnearest Ġmovie Ġtheatre Ġplaying ĠThe ĠSword Ġof ĠMany ĠLo vers	@ptr_0 @ptr_1 @ptr_2 [SL:spatial_relation @ptr_3 SL:spatial_relation] [SL:object_location_type @ptr_4 @ptr_5 SL:object_location_type] @ptr_6 [SL:movie_name @ptr_7 @ptr_8 @ptr_9 @ptr_10 @ptr_11 @ptr_12 SL:movie_name]
What animated movies are playing at the closest movie theatre	What Ġanimated Ġmovies Ġare Ġplaying Ġat Ġthe Ġclosest Ġmovie Ġtheatre	@ptr_0 [SL:movie_type @ptr_1 @ptr_2 SL:movie_type] @ptr_3 @ptr_4 @ptr_5 @ptr_6 [SL:spatial_relation @ptr_7 SL:spatial_relation] [SL:object_location_type @ptr_8 @ptr_9 SL:object_location_type]
What movies are scheduled at the nearest movie theatre	What Ġmovies Ġare Ġscheduled Ġat Ġthe Ġnearest Ġmovie Ġtheatre	@ptr_0 [SL:movie_type @ptr_1 SL:movie_type] @ptr_2 @ptr_3 @ptr_4 @ptr_5 [SL:spatial_relation @ptr_6 SL:spatial_relation] [SL:object_location_type @ptr_7 @ptr_8 SL:object_location_type]
show movie schedules close by movies	show Ġmovie Ġschedules Ġclose Ġby Ġmovies	@ptr_0 [SL:object_type @ptr_1 @ptr_2 SL:object_type] [SL:spatial_relation @ptr_3 @ptr_4 SL:spatial_relation] [SL:movie_type @ptr_5 SL:movie_type]
What time are the animated movies starting at the nearest movie house	What Ġtime Ġare Ġthe Ġanimated Ġmovies Ġstarting Ġat Ġthe Ġnearest Ġmovie Ġhouse	@ptr_0 @ptr_1 @ptr_2 @ptr_3 [SL:movie_type @ptr_4 @ptr_5 SL:movie_type] @ptr_6 @ptr_7 @ptr_8 [SL:spatial_relation @ptr_9 SL:spatial_relation] [SL:object_location_type @ptr_10 @ptr_11 SL:object_location_type]
find animated movies at the nearest movie theatre	find Ġanimated Ġmovies Ġat Ġthe Ġnearest Ġmovie Ġtheatre	@ptr_0 [SL:movie_type @ptr_1 @ptr_2 SL:movie_type] @ptr_3 @ptr_4 [SL:spatial_relation @ptr_5 SL:spatial_relation] [SL:object_location_type @ptr_6 @ptr_7 SL:object_location_type]
What movies are playing in the neighborhood	What Ġmovies Ġare Ġplaying Ġin Ġthe Ġneighborhood	@ptr_0 [SL:movie_type @ptr_1 SL:movie_type] @ptr_2 @ptr_3 [SL:spatial_relation @ptr_4 @ptr_5 @ptr_6 SL:spatial_relation]
find the closest cinema with animated movies	find Ġthe Ġclosest Ġcinema Ġwith Ġanimated Ġmovies	@ptr_0 @ptr_1 [SL:spatial_relation @ptr_2 SL:spatial_relation] [SL:object_location_type @ptr_3 SL:object_location_type] @ptr_4 [SL:movie_type @ptr_5 @ptr_6 SL:movie_type]
What films are in the neighborhood	What Ġfilms Ġare Ġin Ġthe Ġneighborhood	@ptr_0 [SL:movie_type @ptr_1 SL:movie_type] @ptr_2 [SL:spatial_relation @ptr_3 @ptr_4 @ptr_5 SL:spatial_relation]
What is the movie schedule for movies close by	What Ġis Ġthe Ġmovie Ġschedule Ġfor Ġmovies Ġclose Ġby	@ptr_0 @ptr_1 @ptr_2 [SL:object_type @ptr_3 @ptr_4 SL:object_type] @ptr_5 [SL:movie_type @ptr_6 SL:movie_type] [SL:spatial_relation @ptr_7 @ptr_8 SL:spatial_relation]
What are the movie times for films playing nearby	What Ġare Ġthe Ġmovie Ġtimes Ġfor Ġfilms Ġplaying Ġnearby	@ptr_0 @ptr_1 @ptr_2 [SL:object_type @ptr_3 @ptr_4 SL:object_type] @ptr_5 [SL:movie_type @ptr_6 SL:movie_type] @ptr_7 [SL:spatial_relation @ptr_8 SL:spatial_relation]
I need a movie schedule for any films playing close by	I Ġneed Ġa Ġmovie Ġschedule Ġfor Ġany Ġfilms Ġplaying Ġclose Ġby	@ptr_0 @ptr_1 @ptr_2 [SL:object_type @ptr_3 @ptr_4 SL:object_type] @ptr_5 @ptr_6 [SL:movie_type @ptr_7 SL:movie_type] @ptr_8 [SL:spatial_relation @ptr_9 @ptr_10 SL:spatial_relation]
Find the schedule for The Voice in the Fog at night at the closest movie house	Find Ġthe Ġschedule Ġfor ĠThe ĠVoice Ġin Ġthe ĠFog Ġat Ġnight Ġat Ġthe Ġclosest Ġmovie Ġhouse	@ptr_0 @ptr_1 [SL:object_type @ptr_2 SL:object_type] @ptr_3 [SL:movie_name @ptr_4 @ptr_5 @ptr_6 @ptr_7 @ptr_8 SL:movie_name] @ptr_9 [SL:timeRange @ptr_10 SL:timeRange] @ptr_11 @ptr_12 [SL:spatial_relation @ptr_13 SL:spatial_relation] [SL:object_location_type @ptr_14 @ptr_15 SL:object_location_type]
What is the nearest movie theatre showing Ocean’s 13	What Ġis Ġthe Ġnearest Ġmovie Ġtheatre Ġshowing ĠOcean âĢ Ļ s Ġ13	@ptr_0 @ptr_1 @ptr_2 [SL:spatial_relation @ptr_3 SL:spatial_relation] [SL:object_location_type @ptr_4 @ptr_5 SL:object_location_type] @ptr_6 [SL:movie_name @ptr_7 @ptr_8 @ptr_9 @ptr_10 @ptr_11 SL:movie_name]
Find movie schedules for movies in the area	Find Ġmovie Ġschedules Ġfor Ġmovies Ġin Ġthe Ġarea	@ptr_0 [SL:object_type @ptr_1 @ptr_2 SL:object_type] @ptr_3 [SL:movie_type @ptr_4 SL:movie_type] [SL:spatial_relation @ptr_5 @ptr_6 @ptr_7 SL:spatial_relation]
What movies will be showing around here	What Ġmovies Ġwill Ġbe Ġshowing Ġaround Ġhere	@ptr_0 [SL:movie_type @ptr_1 SL:movie_type] @ptr_2 @ptr_3 @ptr_4 [SL:spatial_relation @ptr_5 @ptr_6 SL:spatial_relation]
What movies are scheduled in the neighbourhood	What Ġmovies Ġare Ġscheduled Ġin Ġthe Ġneighbourhood	@ptr_0 [SL:movie_type @ptr_1 SL:movie_type] @ptr_2 @ptr_3 [SL:spatial_relation @ptr_4 @ptr_5 @ptr_6 SL:spatial_relation]
what films are showing in the neighbourhood	what Ġfilms Ġare Ġshowing Ġin Ġthe Ġneighbourhood	@ptr_0 [SL:movie_type @ptr_1 SL:movie_type] @ptr_2 @ptr_3 [SL:spatial_relation @ptr_4 @ptr_5 @ptr_6 SL:spatial_relation]
What time does Lilacs in the Spring play at the closest movie house	What Ġtime Ġdoes ĠLil acs Ġin Ġthe ĠSpring Ġplay Ġat Ġthe Ġclosest Ġmovie Ġhouse	@ptr_0 @ptr_1 @ptr_2 [SL:movie_name @ptr_3 @ptr_4 @ptr_5 @ptr_6 @ptr_7 SL:movie_name] @ptr_8 @ptr_9 @ptr_10 [SL:spatial_relation @ptr_11 SL:spatial_relation] [SL:object_location_type @ptr_12 @ptr_13 SL:object_location_type]
