Set an alarm for July 31st	Set Ġan Ġalarm Ġfor ĠJuly Ġ31 st	[IN:CREATE_ALARM @ptr_0 @ptr_1 @ptr_2 [SL:DATE_TIME @ptr_3 @ptr_4 @ptr_5 @ptr_6 SL:DATE_TIME] IN:CREATE_ALARM]
Set alarm for 430 am on tuesday and thursday of next week	Set Ġalarm Ġfor Ġ430 Ġam Ġon Ġt uesday Ġand Ġth ursday Ġof Ġnext Ġweek	[IN:CREATE_ALARM @ptr_0 @ptr_1 [SL:DATE_TIME @ptr_2 @ptr_3 @ptr_4 @ptr_5 @ptr_6 @ptr_7 SL:DATE_TIME] @ptr_8 [SL:DATE_TIME @ptr_9 @ptr_10 SL:DATE_TIME] @ptr_11 @ptr_12 @ptr_13 IN:CREATE_ALARM]
I need an alarm for dinner tomorrow	I Ġneed Ġan Ġalarm Ġfor Ġdinner Ġtomorrow	[IN:CREATE_ALARM @ptr_0 @ptr_1 @ptr_2 @ptr_3 @ptr_4 [SL:ALARM_NAME @ptr_5 SL:ALARM_NAME] [SL:DATE_TIME @ptr_6 SL:DATE_TIME] IN:CREATE_ALARM]
Set alarm for 10 am tomorrow	Set Ġalarm Ġfor Ġ10 Ġam Ġtomorrow	[IN:CREATE_ALARM @ptr_0 @ptr_1 [SL:DATE_TIME @ptr_2 @ptr_3 @ptr_4 @ptr_5 SL:DATE_TIME] IN:CREATE_ALARM]
set a july alarm	set Ġa Ġj uly Ġalarm	[IN:CREATE_ALARM @ptr_0 @ptr_1 [SL:DATE_TIME @ptr_2 @ptr_3 SL:DATE_TIME] [SL:ALARM_NAME @ptr_4 SL:ALARM_NAME] IN:CREATE_ALARM]
make an alarm for every wednesday	make Ġan Ġalarm Ġfor Ġevery Ġwed nesday	[IN:CREATE_ALARM @ptr_0 @ptr_1 @ptr_2 [SL:DATE_TIME_RECURRING @ptr_3 @ptr_4 @ptr_5 @ptr_6 SL:DATE_TIME_RECURRING] IN:CREATE_ALARM]
What alarms do I have on Tuesday	What Ġalarms Ġdo ĠI Ġhave Ġon ĠTuesday	[IN:GET_ALARM @ptr_0 @ptr_1 @ptr_2 @ptr_3 @ptr_4 [SL:ALARM_NAME [IN:GET_TIME [SL:DATE_TIME @ptr_5 @ptr_6 SL:DATE_TIME] IN:GET_TIME] SL:ALARM_NAME] IN:GET_ALARM]
Please wake me up every Monday at 8 am for 4 weeks	Please Ġwake Ġme Ġup Ġevery ĠMonday Ġat Ġ8 Ġam Ġfor Ġ4 Ġweeks	[IN:CREATE_ALARM @ptr_0 [SL:ALARM_NAME @ptr_1 @ptr_2 @ptr_3 SL:ALARM_NAME] [SL:DATE_TIME_RECURRING @ptr_4 @ptr_5 @ptr_6 @ptr_7 @ptr_8 SL:DATE_TIME_RECURRING] [SL:DURATION @ptr_9 @ptr_10 @ptr_11 SL:DURATION] IN:CREATE_ALARM]
Please change my alarm set for 10 am .	Please Ġchange Ġmy Ġalarm Ġset Ġfor Ġ10 Ġam Ġ.	[IN:UPDATE_ALARM @ptr_0 @ptr_1 @ptr_2 @ptr_3 @ptr_4 [SL:ALARM_NAME [IN:GET_TIME [SL:DATE_TIME @ptr_5 @ptr_6 @ptr_7 SL:DATE_TIME] IN:GET_TIME] SL:ALARM_NAME] @ptr_8 IN:UPDATE_ALARM]
Divulge me all alarms for Sundays	Div ul ge Ġme Ġall Ġalarms Ġfor ĠSundays	[IN:GET_ALARM @ptr_0 @ptr_1 @ptr_2 @ptr_3 [SL:AMOUNT @ptr_4 SL:AMOUNT] @ptr_5 [SL:DATE_TIME_RECURRING @ptr_6 @ptr_7 SL:DATE_TIME_RECURRING] IN:GET_ALARM]
Show the alarms I have set .	Show Ġthe Ġalarms ĠI Ġhave Ġset Ġ.	[IN:GET_ALARM @ptr_0 @ptr_1 @ptr_2 @ptr_3 @ptr_4 @ptr_5 @ptr_6 IN:GET_ALARM]
When did I set the alarms to go off at ?	When Ġdid ĠI Ġset Ġthe Ġalarms Ġto Ġgo Ġoff Ġat Ġ?	[IN:GET_ALARM @ptr_0 @ptr_1 @ptr_2 @ptr_3 @ptr_4 @ptr_5 @ptr_6 @ptr_7 @ptr_8 @ptr_9 @ptr_10 IN:GET_ALARM]
how many alarms do I have set	how Ġmany Ġalarms Ġdo ĠI Ġhave Ġset	[IN:GET_ALARM @ptr_0 @ptr_1 @ptr_2 @ptr_3 @ptr_4 @ptr_5 @ptr_6 IN:GET_ALARM]
Show me my alarms for weekdays .	Show Ġme Ġmy Ġalarms Ġfor Ġweek days Ġ.	[IN:GET_ALARM @ptr_0 @ptr_1 @ptr_2 @ptr_3 [SL:ALARM_NAME [IN:GET_TIME [SL:DATE_TIME @ptr_4 @ptr_5 @ptr_6 SL:DATE_TIME] IN:GET_TIME] SL:ALARM_NAME] @ptr_7 IN:GET_ALARM]
When will my next alarm start	When Ġwill Ġmy Ġnext Ġalarm Ġstart	[IN:GET_ALARM @ptr_0 @ptr_1 @ptr_2 [SL:ORDINAL @ptr_3 SL:ORDINAL] @ptr_4 @ptr_5 IN:GET_ALARM]
eliminate go to bed alarm Friday at midnight	el im inate Ġgo Ġto Ġbed Ġalarm ĠFriday Ġat Ġmidnight	[IN:DELETE_ALARM @ptr_0 @ptr_1 @ptr_2 [SL:ALARM_NAME @ptr_3 @ptr_4 @ptr_5 SL:ALARM_NAME] @ptr_6 [SL:ALARM_NAME [IN:GET_TIME [SL:DATE_TIME @ptr_7 @ptr_8 @ptr_9 SL:DATE_TIME] IN:GET_TIME] SL:ALARM_NAME] IN:DELETE_ALARM]
Clear out all my alarms .	Clear Ġout Ġall Ġmy Ġalarms Ġ.	[IN:DELETE_ALARM @ptr_0 @ptr_1 [SL:AMOUNT @ptr_2 SL:AMOUNT] @ptr_3 @ptr_4 @ptr_5 IN:DELETE_ALARM]
Delete all alarms set for tomorrow .	Delete Ġall Ġalarms Ġset Ġfor Ġtomorrow Ġ.	[IN:DELETE_ALARM @ptr_0 [SL:AMOUNT @ptr_1 SL:AMOUNT] @ptr_2 @ptr_3 [SL:ALARM_NAME [IN:GET_TIME [SL:DATE_TIME @ptr_4 @ptr_5 SL:DATE_TIME] IN:GET_TIME] SL:ALARM_NAME] @ptr_6 IN:DELETE_ALARM]
Cancel all my alarms	C ancel Ġall Ġmy Ġalarms	[IN:DELETE_ALARM @ptr_0 @ptr_1 [SL:AMOUNT @ptr_2 SL:AMOUNT] @ptr_3 @ptr_4 IN:DELETE_ALARM]
Remove every alarm	Remove Ġevery Ġalarm	[IN:DELETE_ALARM @ptr_0 @ptr_1 @ptr_2 IN:DELETE_ALARM]
What are my alarms for Tuesday . Show me .	What Ġare Ġmy Ġalarms Ġfor ĠTuesday Ġ. ĠShow Ġme Ġ.	[IN:GET_ALARM @ptr_0 @ptr_1 @ptr_2 @ptr_3 [SL:ALARM_NAME [IN:GET_TIME [SL:DATE_TIME @ptr_4 @ptr_5 SL:DATE_TIME] IN:GET_TIME] SL:ALARM_NAME] @ptr_6 @ptr_7 @ptr_8 @ptr_9 IN:GET_ALARM]
Modify Saturday alarm to 6 am .	Mod ify ĠSaturday Ġalarm Ġto Ġ6 Ġam Ġ.	[IN:UPDATE_ALARM @ptr_0 @ptr_1 [SL:ALARM_NAME [IN:GET_TIME [SL:DATE_TIME @ptr_2 SL:DATE_TIME] IN:GET_TIME] SL:ALARM_NAME] @ptr_3 [SL:DATE_TIME @ptr_4 @ptr_5 @ptr_6 SL:DATE_TIME] @ptr_7 IN:UPDATE_ALARM]
Show my alarms for next week .	Show Ġmy Ġalarms Ġfor Ġnext Ġweek Ġ.	[IN:GET_ALARM @ptr_0 @ptr_1 @ptr_2 [SL:ALARM_NAME [IN:GET_TIME [SL:DATE_TIME @ptr_3 @ptr_4 @ptr_5 SL:DATE_TIME] IN:GET_TIME] SL:ALARM_NAME] @ptr_6 IN:GET_ALARM]
Cancel alarms for tomorrow morning .	C ancel Ġalarms Ġfor Ġtomorrow Ġmorning Ġ.	[IN:DELETE_ALARM @ptr_0 @ptr_1 @ptr_2 [SL:ALARM_NAME [IN:GET_TIME [SL:DATE_TIME @ptr_3 @ptr_4 @ptr_5 SL:DATE_TIME] IN:GET_TIME] SL:ALARM_NAME] @ptr_6 IN:DELETE_ALARM]
Set a new wake up alarm for midday , 27th August	Set Ġa Ġnew Ġwake Ġup Ġalarm Ġfor Ġmidday Ġ, Ġ27 th ĠAugust	[IN:CREATE_ALARM @ptr_0 @ptr_1 @ptr_2 [SL:ALARM_NAME @ptr_3 @ptr_4 SL:ALARM_NAME] @ptr_5 [SL:DATE_TIME @ptr_6 @ptr_7 @ptr_8 @ptr_9 @ptr_10 @ptr_11 SL:DATE_TIME] IN:CREATE_ALARM]
cancel my alarms tomorrow	c ancel Ġmy Ġalarms Ġtomorrow	[IN:DELETE_ALARM @ptr_0 @ptr_1 @ptr_2 @ptr_3 [SL:ALARM_NAME [IN:GET_TIME [SL:DATE_TIME @ptr_4 SL:DATE_TIME] IN:GET_TIME] SL:ALARM_NAME] IN:DELETE_ALARM]
Delete weekend alarm please	Delete Ġweekend Ġalarm Ġplease	[IN:DELETE_ALARM @ptr_0 [SL:ALARM_NAME [IN:GET_TIME [SL:DATE_TIME @ptr_1 SL:DATE_TIME] IN:GET_TIME] SL:ALARM_NAME] @ptr_2 @ptr_3 IN:DELETE_ALARM]
Please show me my alarms set for Tuesday .	Please Ġshow Ġme Ġmy Ġalarms Ġset Ġfor ĠTuesday Ġ.	[IN:GET_ALARM @ptr_0 @ptr_1 @ptr_2 @ptr_3 @ptr_4 @ptr_5 [SL:ALARM_NAME [IN:GET_TIME [SL:DATE_TIME @ptr_6 @ptr_7 SL:DATE_TIME] IN:GET_TIME] SL:ALARM_NAME] @ptr_8 IN:GET_ALARM]
Present my alarms for next week	Present Ġmy Ġalarms Ġfor Ġnext Ġweek	[IN:GET_ALARM @ptr_0 @ptr_1 @ptr_2 [SL:ALARM_NAME [IN:GET_TIME [SL:DATE_TIME @ptr_3 @ptr_4 @ptr_5 SL:DATE_TIME] IN:GET_TIME] SL:ALARM_NAME] IN:GET_ALARM]
What time did I set my alarm for tomorrow morning ?	What Ġtime Ġdid ĠI Ġset Ġmy Ġalarm Ġfor Ġtomorrow Ġmorning Ġ?	[IN:GET_ALARM @ptr_0 @ptr_1 @ptr_2 @ptr_3 @ptr_4 @ptr_5 @ptr_6 [SL:ALARM_NAME [IN:GET_TIME [SL:DATE_TIME @ptr_7 @ptr_8 @ptr_9 SL:DATE_TIME] IN:GET_TIME] SL:ALARM_NAME] @ptr_10 IN:GET_ALARM]
Turn alarm volume on high .	Turn Ġalarm Ġvolume Ġon Ġhigh Ġ.	[IN:UNSUPPORTED_ALARM @ptr_0 @ptr_1 @ptr_2 @ptr_3 @ptr_4 @ptr_5 IN:UNSUPPORTED_ALARM]
Change the sound of the alarm	Change Ġthe Ġsound Ġof Ġthe Ġalarm	[IN:UNSUPPORTED_ALARM @ptr_0 @ptr_1 @ptr_2 @ptr_3 @ptr_4 @ptr_5 IN:UNSUPPORTED_ALARM]
Turn up the volume on my alarm .	Turn Ġup Ġthe Ġvolume Ġon Ġmy Ġalarm Ġ.	[IN:UNSUPPORTED_ALARM @ptr_0 @ptr_1 @ptr_2 @ptr_3 @ptr_4 @ptr_5 @ptr_6 @ptr_7 IN:UNSUPPORTED_ALARM]
tell me when is my next alarm or reminder	tell Ġme Ġwhen Ġis Ġmy Ġnext Ġalarm Ġor Ġreminder	[IN:UNSUPPORTED_ALARM @ptr_0 @ptr_1 @ptr_2 @ptr_3 @ptr_4 [SL:ORDINAL @ptr_5 SL:ORDINAL] @ptr_6 @ptr_7 @ptr_8 IN:UNSUPPORTED_ALARM]
How loud is my alarm set for ?	How Ġloud Ġis Ġmy Ġalarm Ġset Ġfor Ġ?	[IN:UNSUPPORTED_ALARM @ptr_0 @ptr_1 @ptr_2 @ptr_3 @ptr_4 @ptr_5 @ptr_6 @ptr_7 IN:UNSUPPORTED_ALARM]
Set an alarm that repeats every Monday at 8 am and 10 am .	Set Ġan Ġalarm Ġthat Ġrepeats Ġevery ĠMonday Ġat Ġ8 Ġam Ġand Ġ10 Ġam Ġ.	[IN:CREATE_ALARM @ptr_0 @ptr_1 @ptr_2 @ptr_3 @ptr_4 [SL:DATE_TIME_RECURRING @ptr_5 @ptr_6 @ptr_7 @ptr_8 @ptr_9 @ptr_10 @ptr_11 @ptr_12 SL:DATE_TIME_RECURRING] @ptr_13 IN:CREATE_ALARM]
Set an alarm every day for 7 am .	Set Ġan Ġalarm Ġevery Ġday Ġfor Ġ7 Ġam Ġ.	[IN:CREATE_ALARM @ptr_0 @ptr_1 @ptr_2 [SL:DATE_TIME_RECURRING @ptr_3 @ptr_4 @ptr_5 @ptr_6 @ptr_7 SL:DATE_TIME_RECURRING] @ptr_8 IN:CREATE_ALARM]
Set up an alarm for Tuesdays at 9 am	Set Ġup Ġan Ġalarm Ġfor ĠTues days Ġat Ġ9 Ġam	[IN:CREATE_ALARM @ptr_0 @ptr_1 @ptr_2 @ptr_3 [SL:DATE_TIME_RECURRING @ptr_4 @ptr_5 @ptr_6 @ptr_7 @ptr_8 @ptr_9 SL:DATE_TIME_RECURRING] IN:CREATE_ALARM]
Setup an alarm to go off on every second monday	Setup Ġan Ġalarm Ġto Ġgo Ġoff Ġon Ġevery Ġsecond Ġm onday	[IN:CREATE_ALARM @ptr_0 @ptr_1 @ptr_2 @ptr_3 @ptr_4 @ptr_5 [SL:DATE_TIME_RECURRING @ptr_6 @ptr_7 @ptr_8 @ptr_9 @ptr_10 SL:DATE_TIME_RECURRING] IN:CREATE_ALARM]
Wake me up every Monday and Tuesday at 5 am	W ake Ġme Ġup Ġevery ĠMonday Ġand ĠTuesday Ġat Ġ5 Ġam	[IN:CREATE_ALARM @ptr_0 @ptr_1 @ptr_2 @ptr_3 [SL:DATE_TIME_RECURRING @ptr_4 @ptr_5 @ptr_6 @ptr_7 @ptr_8 @ptr_9 @ptr_10 SL:DATE_TIME_RECURRING] IN:CREATE_ALARM]
Mute all alarms .	M ute Ġall Ġalarms Ġ.	[IN:UNSUPPORTED_ALARM @ptr_0 @ptr_1 [SL:AMOUNT @ptr_2 SL:AMOUNT] @ptr_3 @ptr_4 IN:UNSUPPORTED_ALARM]
Show me all my alarms that are on	Show Ġme Ġall Ġmy Ġalarms Ġthat Ġare Ġon	[IN:GET_ALARM @ptr_0 @ptr_1 [SL:AMOUNT @ptr_2 SL:AMOUNT] @ptr_3 @ptr_4 @ptr_5 @ptr_6 @ptr_7 IN:GET_ALARM]
Can you delete all my alarms .	Can Ġyou Ġdelete Ġall Ġmy Ġalarms Ġ.	[IN:DELETE_ALARM @ptr_0 @ptr_1 @ptr_2 [SL:AMOUNT @ptr_3 SL:AMOUNT] @ptr_4 @ptr_5 @ptr_6 IN:DELETE_ALARM]
List all alarms	List Ġall Ġalarms	[IN:GET_ALARM @ptr_0 [SL:AMOUNT @ptr_1 SL:AMOUNT] @ptr_2 IN:GET_ALARM]
I want to see all alarms set for this week	I Ġwant Ġto Ġsee Ġall Ġalarms Ġset Ġfor Ġthis Ġweek	[IN:GET_ALARM @ptr_0 @ptr_1 @ptr_2 @ptr_3 [SL:AMOUNT @ptr_4 SL:AMOUNT] @ptr_5 @ptr_6 [SL:DATE_TIME @ptr_7 @ptr_8 @ptr_9 SL:DATE_TIME] IN:GET_ALARM]
Please , initiate an alarm for 8 am for 7 days .	Please Ġ, Ġinitiate Ġan Ġalarm Ġfor Ġ8 Ġam Ġfor Ġ7 Ġdays Ġ.	[IN:CREATE_ALARM @ptr_0 @ptr_1 @ptr_2 @ptr_3 @ptr_4 [SL:DATE_TIME_RECURRING @ptr_5 @ptr_6 @ptr_7 SL:DATE_TIME_RECURRING] [SL:DURATION @ptr_8 @ptr_9 @ptr_10 SL:DURATION] @ptr_11 IN:CREATE_ALARM]
Set alarm every minute for 15 minutes .	Set Ġalarm Ġevery Ġminute Ġfor Ġ15 Ġminutes Ġ.	[IN:CREATE_ALARM @ptr_0 @ptr_1 [SL:PERIOD @ptr_2 @ptr_3 SL:PERIOD] [SL:DURATION @ptr_4 @ptr_5 @ptr_6 SL:DURATION] @ptr_7 IN:CREATE_ALARM]
Make an alarm for wednesdays for 5 weeks	Make Ġan Ġalarm Ġfor Ġwed nes days Ġfor Ġ5 Ġweeks	[IN:CREATE_ALARM @ptr_0 @ptr_1 @ptr_2 [SL:DATE_TIME_RECURRING @ptr_3 @ptr_4 @ptr_5 @ptr_6 SL:DATE_TIME_RECURRING] [SL:DURATION @ptr_7 @ptr_8 @ptr_9 SL:DURATION] IN:CREATE_ALARM]
set an alarm every 15 minutes for 45 minutes	set Ġan Ġalarm Ġevery Ġ15 Ġminutes Ġfor Ġ45 Ġminutes	[IN:CREATE_ALARM @ptr_0 @ptr_1 @ptr_2 [SL:PERIOD @ptr_3 @ptr_4 @ptr_5 SL:PERIOD] [SL:DURATION @ptr_6 @ptr_7 @ptr_8 SL:DURATION] IN:CREATE_ALARM]
Set an alarm for 12 pm everyday for 2 weeks .	Set Ġan Ġalarm Ġfor Ġ12 Ġpm Ġeveryday Ġfor Ġ2 Ġweeks Ġ.	[IN:CREATE_ALARM @ptr_0 @ptr_1 @ptr_2 [SL:DATE_TIME_RECURRING @ptr_3 @ptr_4 @ptr_5 @ptr_6 SL:DATE_TIME_RECURRING] [SL:DURATION @ptr_7 @ptr_8 @ptr_9 SL:DURATION] @ptr_10 IN:CREATE_ALARM]
Be quiet alarm , please	Be Ġquiet Ġalarm Ġ, Ġplease	[IN:SILENCE_ALARM @ptr_0 @ptr_1 @ptr_2 @ptr_3 @ptr_4 IN:SILENCE_ALARM]
Reset all alarms	Res et Ġall Ġalarms	[IN:SILENCE_ALARM @ptr_0 @ptr_1 [SL:AMOUNT @ptr_2 SL:AMOUNT] @ptr_3 IN:SILENCE_ALARM]
Turn off this alarm .	Turn Ġoff Ġthis Ġalarm Ġ.	[IN:SILENCE_ALARM @ptr_0 @ptr_1 @ptr_2 @ptr_3 @ptr_4 IN:SILENCE_ALARM]
I don't need tomorrows alarm .	I Ġdon 't Ġneed Ġto mor rows Ġalarm Ġ.	[IN:SILENCE_ALARM @ptr_0 @ptr_1 @ptr_2 @ptr_3 [SL:ALARM_NAME [IN:GET_TIME [SL:DATE_TIME @ptr_4 @ptr_5 @ptr_6 SL:DATE_TIME] IN:GET_TIME] SL:ALARM_NAME] @ptr_7 @ptr_8 IN:SILENCE_ALARM]
Reset all alarms .	Res et Ġall Ġalarms Ġ.	[IN:SILENCE_ALARM @ptr_0 @ptr_1 [SL:AMOUNT @ptr_2 SL:AMOUNT] @ptr_3 @ptr_4 IN:SILENCE_ALARM]
Show me the next alarm	Show Ġme Ġthe Ġnext Ġalarm	[IN:GET_ALARM @ptr_0 @ptr_1 @ptr_2 [SL:ORDINAL @ptr_3 SL:ORDINAL] @ptr_4 IN:GET_ALARM]
How long till my next alarm	How Ġlong Ġtill Ġmy Ġnext Ġalarm	[IN:GET_ALARM @ptr_0 @ptr_1 @ptr_2 @ptr_3 [SL:ORDINAL @ptr_4 SL:ORDINAL] @ptr_5 IN:GET_ALARM]
when is the next alarm	when Ġis Ġthe Ġnext Ġalarm	[IN:GET_ALARM @ptr_0 @ptr_1 @ptr_2 [SL:ORDINAL @ptr_3 SL:ORDINAL] @ptr_4 IN:GET_ALARM]
when is the next alarm	when Ġis Ġthe Ġnext Ġalarm	[IN:GET_ALARM @ptr_0 @ptr_1 @ptr_2 [SL:ORDINAL @ptr_3 SL:ORDINAL] @ptr_4 IN:GET_ALARM]
When is my next alarm going off ?	When Ġis Ġmy Ġnext Ġalarm Ġgoing Ġoff Ġ?	[IN:GET_ALARM @ptr_0 @ptr_1 @ptr_2 [SL:ORDINAL @ptr_3 SL:ORDINAL] @ptr_4 @ptr_5 @ptr_6 @ptr_7 IN:GET_ALARM]
Stop the alarm for 10 minutes	Stop Ġthe Ġalarm Ġfor Ġ10 Ġminutes	[IN:SNOOZE_ALARM @ptr_0 @ptr_1 @ptr_2 [SL:DATE_TIME @ptr_3 @ptr_4 @ptr_5 SL:DATE_TIME] IN:SNOOZE_ALARM]
snooze alarm	sn oo ze Ġalarm	[IN:SNOOZE_ALARM @ptr_0 @ptr_1 @ptr_2 @ptr_3 IN:SNOOZE_ALARM]
snooze alarm for 10 mins	sn oo ze Ġalarm Ġfor Ġ10 Ġmins	[IN:SNOOZE_ALARM @ptr_0 @ptr_1 @ptr_2 @ptr_3 [SL:DATE_TIME @ptr_4 @ptr_5 @ptr_6 SL:DATE_TIME] IN:SNOOZE_ALARM]
Snooze this alarm	Sn oo ze Ġthis Ġalarm	[IN:SNOOZE_ALARM @ptr_0 @ptr_1 @ptr_2 @ptr_3 @ptr_4 IN:SNOOZE_ALARM]
Snooze my alarm .	Sn oo ze Ġmy Ġalarm Ġ.	[IN:SNOOZE_ALARM @ptr_0 @ptr_1 @ptr_2 @ptr_3 @ptr_4 @ptr_5 IN:SNOOZE_ALARM]
Rectify my 8 am to 9 am , please .	Rect ify Ġmy Ġ8 Ġam Ġto Ġ9 Ġam Ġ, Ġplease Ġ.	[IN:UPDATE_ALARM @ptr_0 @ptr_1 @ptr_2 [SL:ALARM_NAME [IN:GET_TIME [SL:DATE_TIME @ptr_3 @ptr_4 SL:DATE_TIME] IN:GET_TIME] SL:ALARM_NAME] [SL:DATE_TIME @ptr_5 @ptr_6 @ptr_7 SL:DATE_TIME] @ptr_8 @ptr_9 @ptr_10 IN:UPDATE_ALARM]
repeat this alarm every week day	repeat Ġthis Ġalarm Ġevery Ġweek Ġday	[IN:UPDATE_ALARM @ptr_0 @ptr_1 @ptr_2 [SL:PERIOD @ptr_3 @ptr_4 @ptr_5 SL:PERIOD] IN:UPDATE_ALARM]
Tweak my alarm to 3 pm	Twe ak Ġmy Ġalarm Ġto Ġ3 Ġpm	[IN:UPDATE_ALARM @ptr_0 @ptr_1 @ptr_2 @ptr_3 [SL:DATE_TIME @ptr_4 @ptr_5 @ptr_6 SL:DATE_TIME] IN:UPDATE_ALARM]
Update my alarm to 6 pm on Friday .	Update Ġmy Ġalarm Ġto Ġ6 Ġpm Ġon ĠFriday Ġ.	[IN:UPDATE_ALARM @ptr_0 @ptr_1 @ptr_2 [SL:DATE_TIME @ptr_3 @ptr_4 @ptr_5 @ptr_6 @ptr_7 SL:DATE_TIME] @ptr_8 IN:UPDATE_ALARM]
Can I modify the alarm set for tomorrow ?	Can ĠI Ġmodify Ġthe Ġalarm Ġset Ġfor Ġtomorrow Ġ?	[IN:UPDATE_ALARM @ptr_0 @ptr_1 @ptr_2 @ptr_3 @ptr_4 @ptr_5 [SL:ALARM_NAME [IN:GET_TIME [SL:DATE_TIME @ptr_6 @ptr_7 SL:DATE_TIME] IN:GET_TIME] SL:ALARM_NAME] @ptr_8 IN:UPDATE_ALARM]
Set biweekly alarm starting Monday at 8 am	Set Ġbi weekly Ġalarm Ġstarting ĠMonday Ġat Ġ8 Ġam	[IN:CREATE_ALARM @ptr_0 [SL:PERIOD @ptr_1 @ptr_2 SL:PERIOD] @ptr_3 @ptr_4 [SL:DATE_TIME_RECURRING @ptr_5 @ptr_6 @ptr_7 @ptr_8 SL:DATE_TIME_RECURRING] IN:CREATE_ALARM]
set alarm every 2 minutes	set Ġalarm Ġevery Ġ2 Ġminutes	[IN:CREATE_ALARM @ptr_0 @ptr_1 [SL:PERIOD @ptr_2 @ptr_3 @ptr_4 SL:PERIOD] IN:CREATE_ALARM]
Set three alarms every fifteen minutes	Set Ġthree Ġalarms Ġevery Ġfifteen Ġminutes	[IN:CREATE_ALARM @ptr_0 @ptr_1 @ptr_2 [SL:PERIOD @ptr_3 @ptr_4 @ptr_5 SL:PERIOD] IN:CREATE_ALARM]
Repeat alarm every two minutes	Repeat Ġalarm Ġevery Ġtwo Ġminutes	[IN:UPDATE_ALARM @ptr_0 @ptr_1 [SL:PERIOD @ptr_2 @ptr_3 @ptr_4 SL:PERIOD] IN:UPDATE_ALARM]
Set alarm for every two minutes	Set Ġalarm Ġfor Ġevery Ġtwo Ġminutes	[IN:CREATE_ALARM @ptr_0 @ptr_1 @ptr_2 @ptr_3 [SL:PERIOD @ptr_4 @ptr_5 SL:PERIOD] IN:CREATE_ALARM]
Change my alarm to 6 am from 7 am	Change Ġmy Ġalarm Ġto Ġ6 Ġam Ġfrom Ġ7 Ġam	[IN:UPDATE_ALARM @ptr_0 @ptr_1 @ptr_2 [SL:DATE_TIME @ptr_3 @ptr_4 @ptr_5 SL:DATE_TIME] [SL:ALARM_NAME [IN:GET_TIME [SL:TIME_ZONE @ptr_6 @ptr_7 @ptr_8 SL:TIME_ZONE] IN:GET_TIME] SL:ALARM_NAME] IN:UPDATE_ALARM]
I want two alarms set for Fridays at 2 pm and 4 pm	I Ġwant Ġtwo Ġalarms Ġset Ġfor ĠFridays Ġat Ġ2 Ġpm Ġand Ġ4 Ġpm	[IN:CREATE_ALARM @ptr_0 @ptr_1 [SL:AMOUNT @ptr_2 SL:AMOUNT] @ptr_3 @ptr_4 [SL:RECURRING_DATE_TIME @ptr_5 @ptr_6 @ptr_7 @ptr_8 @ptr_9 @ptr_10 @ptr_11 @ptr_12 SL:RECURRING_DATE_TIME] IN:CREATE_ALARM]
