Any texts from the D & D chat ?	Any Ġtexts Ġfrom Ġthe ĠD Ġ& ĠD Ġchat Ġ?	[IN:GET_MESSAGE @ptr_0 @ptr_1 @ptr_2 @ptr_3 [SL:GROUP @ptr_4 @ptr_5 @ptr_6 SL:GROUP] @ptr_7 @ptr_8 IN:GET_MESSAGE]
Show me iMessages from Jack .	Show Ġme Ġi Mess ages Ġfrom ĠJack Ġ.	[IN:GET_MESSAGE @ptr_0 @ptr_1 [SL:RESOURCE @ptr_2 @ptr_3 @ptr_4 SL:RESOURCE] @ptr_5 [SL:SENDER @ptr_6 SL:SENDER] @ptr_7 IN:GET_MESSAGE]
Get me texts from Study Buddies thread	Get Ġme Ġtexts Ġfrom ĠStudy ĠBudd ies Ġthread	[IN:GET_MESSAGE @ptr_0 @ptr_1 @ptr_2 @ptr_3 [SL:GROUP @ptr_4 @ptr_5 @ptr_6 SL:GROUP] @ptr_7 IN:GET_MESSAGE]
Show new texts in Swim Team group	Show Ġnew Ġtexts Ġin ĠSwim ĠTeam Ġgroup	[IN:GET_MESSAGE @ptr_0 [SL:TAG_MESSAGE @ptr_1 SL:TAG_MESSAGE] @ptr_2 @ptr_3 [SL:GROUP @ptr_4 @ptr_5 SL:GROUP] @ptr_6 IN:GET_MESSAGE]
read me my messages from this week	read Ġme Ġmy Ġmessages Ġfrom Ġthis Ġweek	[IN:GET_MESSAGE @ptr_0 @ptr_1 @ptr_2 @ptr_3 [SL:DATE_TIME @ptr_4 @ptr_5 @ptr_6 SL:DATE_TIME] IN:GET_MESSAGE]
Message Michael , that the Super Bowl party will start promptly at 4 : 00 .	Message ĠMichael Ġ, Ġthat Ġthe ĠSuper ĠBowl Ġparty Ġwill Ġstart Ġpromptly Ġat Ġ4 Ġ: Ġ00 Ġ.	[IN:SEND_MESSAGE @ptr_0 [SL:RECIPIENT @ptr_1 SL:RECIPIENT] @ptr_2 @ptr_3 [SL:CONTENT_EXACT @ptr_4 @ptr_5 @ptr_6 @ptr_7 @ptr_8 @ptr_9 @ptr_10 @ptr_11 @ptr_12 @ptr_13 @ptr_14 SL:CONTENT_EXACT] @ptr_15 IN:SEND_MESSAGE]
message Stanley to pick up some beers on the way home .	message ĠStanley Ġto Ġpick Ġup Ġsome Ġbeers Ġon Ġthe Ġway Ġhome Ġ.	[IN:SEND_MESSAGE @ptr_0 [SL:RECIPIENT @ptr_1 SL:RECIPIENT] @ptr_2 [SL:CONTENT_EXACT @ptr_3 @ptr_4 @ptr_5 @ptr_6 @ptr_7 @ptr_8 @ptr_9 @ptr_10 SL:CONTENT_EXACT] @ptr_11 IN:SEND_MESSAGE]
ask Lynn if she can look into getting tickets for the Burgerbash event at the Golden Nugget next month	ask ĠLynn Ġif Ġshe Ġcan Ġlook Ġinto Ġgetting Ġtickets Ġfor Ġthe ĠBurger bash Ġevent Ġat Ġthe ĠGolden ĠNug get Ġnext Ġmonth	[IN:SEND_MESSAGE @ptr_0 [SL:RECIPIENT @ptr_1 SL:RECIPIENT] @ptr_2 [SL:CONTENT_EXACT @ptr_3 @ptr_4 @ptr_5 @ptr_6 @ptr_7 @ptr_8 @ptr_9 @ptr_10 @ptr_11 @ptr_12 @ptr_13 @ptr_14 @ptr_15 @ptr_16 @ptr_17 @ptr_18 @ptr_19 @ptr_20 SL:CONTENT_EXACT] IN:SEND_MESSAGE]
Voice message Katie please .	Voice Ġmessage ĠKatie Ġplease Ġ.	[IN:SEND_MESSAGE [SL:TYPE_CONTENT @ptr_0 SL:TYPE_CONTENT] @ptr_1 [SL:RECIPIENT @ptr_2 SL:RECIPIENT] @ptr_3 @ptr_4 IN:SEND_MESSAGE]
Tell Kitty to meet me downstairs now	Tell ĠKitty Ġto Ġmeet Ġme Ġdownstairs Ġnow	[IN:SEND_MESSAGE @ptr_0 [SL:RECIPIENT @ptr_1 SL:RECIPIENT] @ptr_2 [SL:CONTENT_EXACT @ptr_3 @ptr_4 @ptr_5 @ptr_6 SL:CONTENT_EXACT] IN:SEND_MESSAGE]
Alexa , could you send a message to Tim .	Alex a Ġ, Ġcould Ġyou Ġsend Ġa Ġmessage Ġto ĠTim Ġ.	[IN:SEND_MESSAGE @ptr_0 @ptr_1 @ptr_2 @ptr_3 @ptr_4 @ptr_5 @ptr_6 @ptr_7 @ptr_8 [SL:RECIPIENT @ptr_9 SL:RECIPIENT] @ptr_10 IN:SEND_MESSAGE]
Respond to Keith 's SMS	Resp ond Ġto ĠKeith Ġ' s ĠSMS	[IN:SEND_MESSAGE @ptr_0 @ptr_1 @ptr_2 [SL:RECIPIENT @ptr_3 SL:RECIPIENT] @ptr_4 @ptr_5 [SL:RESOURCE @ptr_6 SL:RESOURCE] IN:SEND_MESSAGE]
write to Helen are you there ?	write Ġto ĠHelen Ġare Ġyou Ġthere Ġ?	[IN:SEND_MESSAGE @ptr_0 @ptr_1 [SL:RECIPIENT @ptr_2 SL:RECIPIENT] [SL:CONTENT_EXACT @ptr_3 @ptr_4 @ptr_5 SL:CONTENT_EXACT] @ptr_6 IN:SEND_MESSAGE]
message Peter , I need to cancel the appointment today , I had an accident .	message ĠPeter Ġ, ĠI Ġneed Ġto Ġcancel Ġthe Ġappointment Ġtoday Ġ, ĠI Ġhad Ġan Ġaccident Ġ.	[IN:SEND_MESSAGE @ptr_0 [SL:RECIPIENT @ptr_1 SL:RECIPIENT] @ptr_2 [SL:CONTENT_EXACT @ptr_3 @ptr_4 @ptr_5 @ptr_6 @ptr_7 @ptr_8 @ptr_9 @ptr_10 @ptr_11 @ptr_12 @ptr_13 @ptr_14 SL:CONTENT_EXACT] @ptr_15 IN:SEND_MESSAGE]
Text Dawn that I’ll be home in 30 minutes .	Text ĠDawn Ġthat ĠI âĢ Ļ ll Ġbe Ġhome Ġin Ġ30 Ġminutes Ġ.	[IN:SEND_MESSAGE @ptr_0 [SL:RECIPIENT @ptr_1 SL:RECIPIENT] @ptr_2 [SL:CONTENT_EXACT @ptr_3 @ptr_4 @ptr_5 @ptr_6 @ptr_7 @ptr_8 @ptr_9 @ptr_10 @ptr_11 SL:CONTENT_EXACT] @ptr_12 IN:SEND_MESSAGE]
message , Peter I am going to take a day off tomorrow and going to the beach .	message Ġ, ĠPeter ĠI Ġam Ġgoing Ġto Ġtake Ġa Ġday Ġoff Ġtomorrow Ġand Ġgoing Ġto Ġthe Ġbeach Ġ.	[IN:SEND_MESSAGE @ptr_0 @ptr_1 [SL:RECIPIENT @ptr_2 SL:RECIPIENT] [SL:CONTENT_EXACT @ptr_3 @ptr_4 @ptr_5 @ptr_6 @ptr_7 @ptr_8 @ptr_9 @ptr_10 @ptr_11 @ptr_12 @ptr_13 @ptr_14 @ptr_15 @ptr_16 SL:CONTENT_EXACT] @ptr_17 IN:SEND_MESSAGE]
Send a message to No and tell him that I lost my keys	Send Ġa Ġmessage Ġto ĠNo Ġand Ġtell Ġhim Ġthat ĠI Ġlost Ġmy Ġkeys	[IN:SEND_MESSAGE @ptr_0 @ptr_1 @ptr_2 @ptr_3 [SL:RECIPIENT @ptr_4 SL:RECIPIENT] @ptr_5 @ptr_6 @ptr_7 @ptr_8 [SL:CONTENT_EXACT @ptr_9 @ptr_10 @ptr_11 @ptr_12 SL:CONTENT_EXACT] IN:SEND_MESSAGE]
send a message to john asking if he will make it to the black cowboy rodeo	send Ġa Ġmessage Ġto Ġjohn Ġasking Ġif Ġhe Ġwill Ġmake Ġit Ġto Ġthe Ġblack Ġcowboy Ġrode o	[IN:SEND_MESSAGE @ptr_0 @ptr_1 @ptr_2 @ptr_3 [SL:RECIPIENT @ptr_4 SL:RECIPIENT] @ptr_5 @ptr_6 [SL:CONTENT_EXACT @ptr_7 @ptr_8 @ptr_9 @ptr_10 @ptr_11 @ptr_12 @ptr_13 @ptr_14 @ptr_15 @ptr_16 SL:CONTENT_EXACT] IN:SEND_MESSAGE]
message Jack about the library schedule .	message ĠJack Ġabout Ġthe Ġlibrary Ġschedule Ġ.	[IN:SEND_MESSAGE @ptr_0 [SL:RECIPIENT @ptr_1 SL:RECIPIENT] @ptr_2 @ptr_3 [SL:CONTENT_EXACT @ptr_4 @ptr_5 SL:CONTENT_EXACT] @ptr_6 IN:SEND_MESSAGE]
Send a happy birthday message my cousin	Send Ġa Ġhappy Ġbirthday Ġmessage Ġmy Ġcousin	[IN:SEND_MESSAGE @ptr_0 @ptr_1 [SL:CONTENT_EXACT @ptr_2 @ptr_3 SL:CONTENT_EXACT] @ptr_4 [SL:RECIPIENT [IN:GET_CONTACT [SL:CONTACT_RELATED @ptr_5 SL:CONTACT_RELATED] [SL:TYPE_RELATION @ptr_6 SL:TYPE_RELATION] IN:GET_CONTACT] SL:RECIPIENT] IN:SEND_MESSAGE]
Ask Grandma if she is going to make it to the program tonight .	Ask ĠGrand ma Ġif Ġshe Ġis Ġgoing Ġto Ġmake Ġit Ġto Ġthe Ġprogram Ġtonight Ġ.	[IN:SEND_MESSAGE @ptr_0 [SL:RECIPIENT [IN:GET_CONTACT [SL:TYPE_RELATION @ptr_1 @ptr_2 SL:TYPE_RELATION] IN:GET_CONTACT] SL:RECIPIENT] @ptr_3 [SL:CONTENT_EXACT @ptr_4 @ptr_5 @ptr_6 @ptr_7 @ptr_8 @ptr_9 @ptr_10 @ptr_11 @ptr_12 @ptr_13 SL:CONTENT_EXACT] @ptr_14 IN:SEND_MESSAGE]
text my girlfriend to turn off the air conditioner before she 's leaving .	text Ġmy Ġgirlfriend Ġto Ġturn Ġoff Ġthe Ġair Ġcondition er Ġbefore Ġshe Ġ' s Ġleaving Ġ.	[IN:SEND_MESSAGE @ptr_0 [SL:RECIPIENT [IN:GET_CONTACT [SL:CONTACT_RELATED @ptr_1 SL:CONTACT_RELATED] [SL:TYPE_RELATION @ptr_2 SL:TYPE_RELATION] IN:GET_CONTACT] SL:RECIPIENT] @ptr_3 [SL:CONTENT_EXACT @ptr_4 @ptr_5 @ptr_6 @ptr_7 @ptr_8 @ptr_9 @ptr_10 @ptr_11 @ptr_12 @ptr_13 @ptr_14 SL:CONTENT_EXACT] @ptr_15 IN:SEND_MESSAGE]
Send a text to Ex - Girlfriends .	Send Ġa Ġtext Ġto ĠEx Ġ- ĠG irlfriend s Ġ.	[IN:SEND_MESSAGE @ptr_0 @ptr_1 @ptr_2 @ptr_3 [SL:RECIPIENT [IN:GET_CONTACT [SL:TYPE_RELATION @ptr_4 @ptr_5 @ptr_6 @ptr_7 @ptr_8 SL:TYPE_RELATION] IN:GET_CONTACT] SL:RECIPIENT] @ptr_9 IN:SEND_MESSAGE]
Text my boyfriend and tell him that I said happy Valentine ’s day	Text Ġmy Ġboyfriend Ġand Ġtell Ġhim Ġthat ĠI Ġsaid Ġhappy ĠValentine ĠâĢ Ļ s Ġday	[IN:SEND_MESSAGE @ptr_0 [SL:RECIPIENT [IN:GET_CONTACT [SL:CONTACT_RELATED @ptr_1 SL:CONTACT_RELATED] [SL:TYPE_RELATION @ptr_2 SL:TYPE_RELATION] IN:GET_CONTACT] SL:RECIPIENT] @ptr_3 @ptr_4 @ptr_5 @ptr_6 @ptr_7 @ptr_8 [SL:CONTENT_EXACT @ptr_9 @ptr_10 @ptr_11 @ptr_12 @ptr_13 @ptr_14 SL:CONTENT_EXACT] IN:SEND_MESSAGE]
text my Dad that I will be home early .	text Ġmy ĠDad Ġthat ĠI Ġwill Ġbe Ġhome Ġearly Ġ.	[IN:SEND_MESSAGE @ptr_0 [SL:RECIPIENT [IN:GET_CONTACT [SL:CONTACT_RELATED @ptr_1 SL:CONTACT_RELATED] [SL:TYPE_RELATION @ptr_2 SL:TYPE_RELATION] IN:GET_CONTACT] SL:RECIPIENT] @ptr_3 [SL:CONTENT_EXACT @ptr_4 @ptr_5 @ptr_6 @ptr_7 @ptr_8 SL:CONTENT_EXACT] @ptr_9 IN:SEND_MESSAGE]
Message my grandma and tell her to call me .	Message Ġmy Ġgrandma Ġand Ġtell Ġher Ġto Ġcall Ġme Ġ.	[IN:SEND_MESSAGE @ptr_0 [SL:RECIPIENT [IN:GET_CONTACT [SL:CONTACT_RELATED @ptr_1 SL:CONTACT_RELATED] [SL:TYPE_RELATION @ptr_2 SL:TYPE_RELATION] IN:GET_CONTACT] SL:RECIPIENT] @ptr_3 @ptr_4 @ptr_5 @ptr_6 [SL:CONTENT_EXACT @ptr_7 @ptr_8 SL:CONTENT_EXACT] @ptr_9 IN:SEND_MESSAGE]
Ask Megan 's mom if she has my money yet .	Ask ĠMegan Ġ' s Ġmom Ġif Ġshe Ġhas Ġmy Ġmoney Ġyet Ġ.	[IN:SEND_MESSAGE @ptr_0 [SL:RECIPIENT [IN:GET_CONTACT [SL:CONTACT_RELATED @ptr_1 SL:CONTACT_RELATED] @ptr_2 @ptr_3 [SL:TYPE_RELATION @ptr_4 SL:TYPE_RELATION] IN:GET_CONTACT] SL:RECIPIENT] @ptr_5 [SL:CONTENT_EXACT @ptr_6 @ptr_7 @ptr_8 @ptr_9 @ptr_10 SL:CONTENT_EXACT] @ptr_11 IN:SEND_MESSAGE]
send a message to my cousins that we're meeting at Pavilion 8 of Dove Park	send Ġa Ġmessage Ġto Ġmy Ġcousins Ġthat Ġwe 're Ġmeeting Ġat ĠPavilion Ġ8 Ġof ĠDove ĠPark	[IN:SEND_MESSAGE @ptr_0 @ptr_1 @ptr_2 @ptr_3 [SL:RECIPIENT [IN:GET_CONTACT [SL:CONTACT_RELATED @ptr_4 SL:CONTACT_RELATED] [SL:TYPE_RELATION @ptr_5 SL:TYPE_RELATION] IN:GET_CONTACT] SL:RECIPIENT] @ptr_6 [SL:CONTENT_EXACT @ptr_7 @ptr_8 @ptr_9 @ptr_10 @ptr_11 @ptr_12 @ptr_13 @ptr_14 @ptr_15 SL:CONTENT_EXACT] IN:SEND_MESSAGE]
Send a video message to my wife .	Send Ġa Ġvideo Ġmessage Ġto Ġmy Ġwife Ġ.	[IN:SEND_MESSAGE @ptr_0 @ptr_1 [SL:TYPE_CONTENT @ptr_2 SL:TYPE_CONTENT] @ptr_3 @ptr_4 [SL:RECIPIENT [IN:GET_CONTACT [SL:CONTACT_RELATED @ptr_5 SL:CONTACT_RELATED] [SL:TYPE_RELATION @ptr_6 SL:TYPE_RELATION] IN:GET_CONTACT] SL:RECIPIENT] @ptr_7 IN:SEND_MESSAGE]
send a message to my friend asking when she is going to the library to study	send Ġa Ġmessage Ġto Ġmy Ġfriend Ġasking Ġwhen Ġshe Ġis Ġgoing Ġto Ġthe Ġlibrary Ġto Ġstudy	[IN:SEND_MESSAGE @ptr_0 @ptr_1 @ptr_2 @ptr_3 [SL:RECIPIENT [IN:GET_CONTACT [SL:CONTACT_RELATED @ptr_4 SL:CONTACT_RELATED] [SL:TYPE_RELATION @ptr_5 SL:TYPE_RELATION] IN:GET_CONTACT] SL:RECIPIENT] @ptr_6 [SL:CONTENT_EXACT @ptr_7 @ptr_8 @ptr_9 @ptr_10 @ptr_11 @ptr_12 @ptr_13 @ptr_14 @ptr_15 SL:CONTENT_EXACT] IN:SEND_MESSAGE]
text my aunt , today I will go out .	text Ġmy Ġaunt Ġ, Ġtoday ĠI Ġwill Ġgo Ġout Ġ.	[IN:SEND_MESSAGE @ptr_0 [SL:RECIPIENT [IN:GET_CONTACT [SL:CONTACT_RELATED @ptr_1 SL:CONTACT_RELATED] [SL:TYPE_RELATION @ptr_2 SL:TYPE_RELATION] IN:GET_CONTACT] SL:RECIPIENT] @ptr_3 [SL:CONTENT_EXACT @ptr_4 @ptr_5 @ptr_6 @ptr_7 @ptr_8 SL:CONTENT_EXACT] @ptr_9 IN:SEND_MESSAGE]
I'd like to see my uncle Ray 's message from Signal	I 'd Ġlike Ġto Ġsee Ġmy Ġuncle ĠRay Ġ' s Ġmessage Ġfrom ĠSignal	[IN:GET_MESSAGE @ptr_0 @ptr_1 @ptr_2 @ptr_3 @ptr_4 [SL:SENDER [IN:GET_CONTACT [SL:CONTACT_RELATED @ptr_5 SL:CONTACT_RELATED] [SL:TYPE_RELATION @ptr_6 SL:TYPE_RELATION] [SL:CONTACT @ptr_7 SL:CONTACT] IN:GET_CONTACT] SL:SENDER] @ptr_8 @ptr_9 @ptr_10 @ptr_11 [SL:RESOURCE @ptr_12 SL:RESOURCE] IN:GET_MESSAGE]
Tell my mom I am just leaving work .	Tell Ġmy Ġmom ĠI Ġam Ġjust Ġleaving Ġwork Ġ.	[IN:SEND_MESSAGE @ptr_0 [SL:RECIPIENT [IN:GET_CONTACT [SL:CONTACT_RELATED @ptr_1 SL:CONTACT_RELATED] [SL:TYPE_RELATION @ptr_2 SL:TYPE_RELATION] IN:GET_CONTACT] SL:RECIPIENT] [SL:CONTENT_EXACT @ptr_3 @ptr_4 @ptr_5 @ptr_6 @ptr_7 SL:CONTENT_EXACT] @ptr_8 IN:SEND_MESSAGE]
ask dad to send me the videos he showed me earlier	ask Ġdad Ġto Ġsend Ġme Ġthe Ġvideos Ġhe Ġshowed Ġme Ġearlier	[IN:SEND_MESSAGE @ptr_0 [SL:RECIPIENT [IN:GET_CONTACT [SL:TYPE_RELATION @ptr_1 SL:TYPE_RELATION] IN:GET_CONTACT] SL:RECIPIENT] @ptr_2 [SL:CONTENT_EXACT @ptr_3 @ptr_4 @ptr_5 @ptr_6 @ptr_7 @ptr_8 @ptr_9 @ptr_10 SL:CONTENT_EXACT] IN:SEND_MESSAGE]
Message my spouse to meet me at the church	Message Ġmy Ġspouse Ġto Ġmeet Ġme Ġat Ġthe Ġchurch	[IN:SEND_MESSAGE @ptr_0 [SL:RECIPIENT [IN:GET_CONTACT [SL:CONTACT_RELATED @ptr_1 SL:CONTACT_RELATED] [SL:TYPE_RELATION @ptr_2 SL:TYPE_RELATION] IN:GET_CONTACT] SL:RECIPIENT] @ptr_3 [SL:CONTENT_EXACT @ptr_4 @ptr_5 @ptr_6 @ptr_7 @ptr_8 SL:CONTENT_EXACT] IN:SEND_MESSAGE]
Can you dislike that message from Judy .	Can Ġyou Ġdislike Ġthat Ġmessage Ġfrom ĠJudy Ġ.	[IN:REACT_MESSAGE @ptr_0 @ptr_1 [SL:TYPE_REACTION @ptr_2 SL:TYPE_REACTION] @ptr_3 @ptr_4 @ptr_5 [SL:RECIPIENT @ptr_6 SL:RECIPIENT] @ptr_7 IN:REACT_MESSAGE]
Haha reaction to George 's message on WhatsApp	H aha Ġreaction Ġto ĠGeorge Ġ' s Ġmessage Ġon ĠWhatsApp	[IN:REACT_MESSAGE [SL:TYPE_REACTION @ptr_0 @ptr_1 SL:TYPE_REACTION] @ptr_2 @ptr_3 [SL:RECIPIENT @ptr_4 SL:RECIPIENT] @ptr_5 @ptr_6 @ptr_7 @ptr_8 [SL:RESOURCE @ptr_9 SL:RESOURCE] IN:REACT_MESSAGE]
Like the message in my group for softball	Like Ġthe Ġmessage Ġin Ġmy Ġgroup Ġfor Ġsoft ball	[IN:REACT_MESSAGE [SL:TYPE_REACTION @ptr_0 SL:TYPE_REACTION] @ptr_1 @ptr_2 @ptr_3 @ptr_4 @ptr_5 @ptr_6 [SL:GROUP @ptr_7 @ptr_8 SL:GROUP] IN:REACT_MESSAGE]
Put a heart on the message my mother sent me	Put Ġa Ġheart Ġon Ġthe Ġmessage Ġmy Ġmother Ġsent Ġme	[IN:REACT_MESSAGE @ptr_0 @ptr_1 [SL:TYPE_REACTION @ptr_2 SL:TYPE_REACTION] @ptr_3 @ptr_4 @ptr_5 [SL:RECIPIENT [IN:GET_CONTACT [SL:CONTACT_RELATED @ptr_6 SL:CONTACT_RELATED] [SL:TYPE_RELATION @ptr_7 SL:TYPE_RELATION] IN:GET_CONTACT] SL:RECIPIENT] @ptr_8 [SL:RECIPIENT @ptr_9 SL:RECIPIENT] IN:REACT_MESSAGE]
Like Nancy 's Skype message	Like ĠNancy Ġ' s ĠSkype Ġmessage	[IN:REACT_MESSAGE [SL:TYPE_REACTION @ptr_0 SL:TYPE_REACTION] [SL:RECIPIENT @ptr_1 SL:RECIPIENT] @ptr_2 @ptr_3 [SL:RESOURCE @ptr_4 SL:RESOURCE] @ptr_5 IN:REACT_MESSAGE]
Send crying reaction to my college thread on WhatsApp	Send Ġcrying Ġreaction Ġto Ġmy Ġcollege Ġthread Ġon ĠWhatsApp	[IN:REACT_MESSAGE @ptr_0 [SL:TYPE_REACTION @ptr_1 SL:TYPE_REACTION] @ptr_2 @ptr_3 @ptr_4 [SL:GROUP @ptr_5 SL:GROUP] @ptr_6 @ptr_7 [SL:RESOURCE @ptr_8 SL:RESOURCE] IN:REACT_MESSAGE]
React to his message with a wow ,	Re act Ġto Ġhis Ġmessage Ġwith Ġa Ġwow Ġ,	[IN:REACT_MESSAGE @ptr_0 @ptr_1 @ptr_2 [SL:RECIPIENT @ptr_3 SL:RECIPIENT] @ptr_4 @ptr_5 @ptr_6 [SL:TYPE_REACTION @ptr_7 SL:TYPE_REACTION] @ptr_8 IN:REACT_MESSAGE]
Like react to message	Like Ġreact Ġto Ġmessage	[IN:REACT_MESSAGE [SL:TYPE_REACTION @ptr_0 SL:TYPE_REACTION] @ptr_1 @ptr_2 @ptr_3 IN:REACT_MESSAGE]
Heart eyes Sarah 's text	Heart Ġeyes ĠSarah Ġ' s Ġtext	[IN:REACT_MESSAGE [SL:TYPE_REACTION @ptr_0 @ptr_1 SL:TYPE_REACTION] [SL:RECIPIENT @ptr_2 SL:RECIPIENT] @ptr_3 @ptr_4 @ptr_5 IN:REACT_MESSAGE]
Put heart eyes reaction on the Facebook message	Put Ġheart Ġeyes Ġreaction Ġon Ġthe ĠFacebook Ġmessage	[IN:REACT_MESSAGE @ptr_0 [SL:TYPE_REACTION @ptr_1 @ptr_2 SL:TYPE_REACTION] @ptr_3 @ptr_4 @ptr_5 [SL:RESOURCE @ptr_6 SL:RESOURCE] @ptr_7 IN:REACT_MESSAGE]
Did AT & T send a message recently ?	Did ĠAT Ġ& ĠT Ġsend Ġa Ġmessage Ġrecently Ġ?	[IN:GET_MESSAGE @ptr_0 [SL:SENDER @ptr_1 @ptr_2 @ptr_3 SL:SENDER] @ptr_4 @ptr_5 @ptr_6 [SL:DATE_TIME @ptr_7 SL:DATE_TIME] @ptr_8 IN:GET_MESSAGE]
Did Mike text me today ?	Did ĠMike Ġtext Ġme Ġtoday Ġ?	[IN:GET_MESSAGE @ptr_0 [SL:SENDER @ptr_1 SL:SENDER] @ptr_2 [SL:RECIPIENT @ptr_3 SL:RECIPIENT] [SL:DATE_TIME @ptr_4 SL:DATE_TIME] @ptr_5 IN:GET_MESSAGE]
Did I get any messages last night ?	Did ĠI Ġget Ġany Ġmessages Ġlast Ġnight Ġ?	[IN:GET_MESSAGE @ptr_0 @ptr_1 @ptr_2 @ptr_3 @ptr_4 [SL:DATE_TIME @ptr_5 @ptr_6 SL:DATE_TIME] @ptr_7 IN:GET_MESSAGE]
Show me messages from the knitting thread from yesterday	Show Ġme Ġmessages Ġfrom Ġthe Ġknitting Ġthread Ġfrom Ġyesterday	[IN:GET_MESSAGE @ptr_0 @ptr_1 @ptr_2 @ptr_3 @ptr_4 [SL:GROUP @ptr_5 SL:GROUP] @ptr_6 [SL:DATE_TIME @ptr_7 @ptr_8 SL:DATE_TIME] IN:GET_MESSAGE]
Show iMessages from yesterday	Show Ġi Mess ages Ġfrom Ġyesterday	[IN:GET_MESSAGE @ptr_0 [SL:RESOURCE @ptr_1 @ptr_2 @ptr_3 SL:RESOURCE] [SL:DATE_TIME @ptr_4 @ptr_5 SL:DATE_TIME] IN:GET_MESSAGE]
Leave this video message for Karen .	Leave Ġthis Ġvideo Ġmessage Ġfor ĠKaren Ġ.	[IN:SEND_MESSAGE @ptr_0 @ptr_1 [SL:TYPE_CONTENT @ptr_2 SL:TYPE_CONTENT] @ptr_3 @ptr_4 [SL:RECIPIENT @ptr_5 SL:RECIPIENT] @ptr_6 IN:SEND_MESSAGE]
please send Mo the following video message	please Ġsend ĠMo Ġthe Ġfollowing Ġvideo Ġmessage	[IN:SEND_MESSAGE @ptr_0 @ptr_1 [SL:RECIPIENT @ptr_2 SL:RECIPIENT] @ptr_3 @ptr_4 [SL:TYPE_CONTENT @ptr_5 SL:TYPE_CONTENT] @ptr_6 IN:SEND_MESSAGE]
Can you send this audio message to Mom ?	Can Ġyou Ġsend Ġthis Ġaudio Ġmessage Ġto ĠMom Ġ?	[IN:SEND_MESSAGE @ptr_0 @ptr_1 @ptr_2 @ptr_3 [SL:TYPE_CONTENT @ptr_4 SL:TYPE_CONTENT] @ptr_5 @ptr_6 [SL:RECIPIENT [IN:GET_CONTACT [SL:TYPE_RELATION @ptr_7 SL:TYPE_RELATION] IN:GET_CONTACT] SL:RECIPIENT] @ptr_8 IN:SEND_MESSAGE]
Send a video message to Liam Howlett	Send Ġa Ġvideo Ġmessage Ġto ĠLiam ĠHow lett	[IN:SEND_MESSAGE @ptr_0 @ptr_1 [SL:TYPE_CONTENT @ptr_2 SL:TYPE_CONTENT] @ptr_3 @ptr_4 [SL:RECIPIENT @ptr_5 @ptr_6 @ptr_7 SL:RECIPIENT] IN:SEND_MESSAGE]
Send the video please	Send Ġthe Ġvideo Ġplease	[IN:SEND_MESSAGE @ptr_0 @ptr_1 [SL:TYPE_CONTENT @ptr_2 SL:TYPE_CONTENT] @ptr_3 IN:SEND_MESSAGE]
Stop texting	Stop Ġtexting	[IN:CANCEL_MESSAGE @ptr_0 @ptr_1 IN:CANCEL_MESSAGE]
Stop message	Stop Ġmessage	[IN:CANCEL_MESSAGE @ptr_0 @ptr_1 IN:CANCEL_MESSAGE]
video message cancel	video Ġmessage Ġcancel	[IN:CANCEL_MESSAGE [SL:TYPE_CONTENT @ptr_0 SL:TYPE_CONTENT] @ptr_1 @ptr_2 IN:CANCEL_MESSAGE]
quit sending	quit Ġsending	[IN:CANCEL_MESSAGE @ptr_0 @ptr_1 IN:CANCEL_MESSAGE]
stop sending the video	stop Ġsending Ġthe Ġvideo	[IN:CANCEL_MESSAGE @ptr_0 @ptr_1 @ptr_2 [SL:TYPE_CONTENT @ptr_3 SL:TYPE_CONTENT] IN:CANCEL_MESSAGE]
react to that last message with like	react Ġto Ġthat Ġlast Ġmessage Ġwith Ġlike	[IN:REACT_MESSAGE @ptr_0 @ptr_1 @ptr_2 [SL:ORDINAL @ptr_3 SL:ORDINAL] @ptr_4 @ptr_5 [SL:TYPE_REACTION @ptr_6 SL:TYPE_REACTION] IN:REACT_MESSAGE]
Show a Mad face to this last message	Show Ġa ĠMad Ġface Ġto Ġthis Ġlast Ġmessage	[IN:REACT_MESSAGE @ptr_0 @ptr_1 [SL:TYPE_REACTION @ptr_2 @ptr_3 SL:TYPE_REACTION] @ptr_4 @ptr_5 [SL:ORDINAL @ptr_6 SL:ORDINAL] @ptr_7 IN:REACT_MESSAGE]
who sent that last message	who Ġsent Ġthat Ġlast Ġmessage	[IN:GET_MESSAGE @ptr_0 @ptr_1 @ptr_2 [SL:ORDINAL @ptr_3 SL:ORDINAL] @ptr_4 IN:GET_MESSAGE]
Like Rebekah 's last message .	Like ĠReb ek ah Ġ' s Ġlast Ġmessage Ġ.	[IN:REACT_MESSAGE [SL:TYPE_REACTION @ptr_0 SL:TYPE_REACTION] [SL:RECIPIENT @ptr_1 @ptr_2 @ptr_3 SL:RECIPIENT] @ptr_4 @ptr_5 [SL:ORDINAL @ptr_6 SL:ORDINAL] @ptr_7 @ptr_8 IN:REACT_MESSAGE]
React with a laugh to Dave 's last message .	Re act Ġwith Ġa Ġlaugh Ġto ĠDave Ġ' s Ġlast Ġmessage Ġ.	[IN:REACT_MESSAGE @ptr_0 @ptr_1 @ptr_2 @ptr_3 [SL:TYPE_REACTION @ptr_4 SL:TYPE_REACTION] @ptr_5 [SL:RECIPIENT @ptr_6 SL:RECIPIENT] @ptr_7 @ptr_8 [SL:ORDINAL @ptr_9 SL:ORDINAL] @ptr_10 @ptr_11 IN:REACT_MESSAGE]
Laugh at the ensemble group chat message	L augh Ġat Ġthe Ġensemble Ġgroup Ġchat Ġmessage	[IN:REACT_MESSAGE [SL:TYPE_REACTION @ptr_0 @ptr_1 SL:TYPE_REACTION] @ptr_2 @ptr_3 [SL:GROUP @ptr_4 SL:GROUP] @ptr_5 @ptr_6 @ptr_7 IN:REACT_MESSAGE]
Crying family thread reply .	C rying Ġfamily Ġthread Ġreply Ġ.	[IN:REACT_MESSAGE [SL:TYPE_REACTION @ptr_0 @ptr_1 SL:TYPE_REACTION] [SL:GROUP @ptr_2 SL:GROUP] @ptr_3 @ptr_4 @ptr_5 IN:REACT_MESSAGE]
Any new texts from Halloween 2020 thread ?	Any Ġnew Ġtexts Ġfrom ĠHalloween Ġ2020 Ġthread Ġ?	[IN:GET_MESSAGE @ptr_0 [SL:TAG_MESSAGE @ptr_1 SL:TAG_MESSAGE] @ptr_2 @ptr_3 [SL:GROUP @ptr_4 @ptr_5 SL:GROUP] @ptr_6 @ptr_7 IN:GET_MESSAGE]
Dinner party chat texts please	D inner Ġparty Ġchat Ġtexts Ġplease	[IN:GET_MESSAGE [SL:GROUP @ptr_0 @ptr_1 @ptr_2 SL:GROUP] @ptr_3 @ptr_4 @ptr_5 IN:GET_MESSAGE]
Show new messages from the first time mom group this morning .	Show Ġnew Ġmessages Ġfrom Ġthe Ġfirst Ġtime Ġmom Ġgroup Ġthis Ġmorning Ġ.	[IN:GET_MESSAGE @ptr_0 [SL:TAG_MESSAGE @ptr_1 SL:TAG_MESSAGE] @ptr_2 @ptr_3 @ptr_4 [SL:GROUP @ptr_5 @ptr_6 @ptr_7 SL:GROUP] @ptr_8 [SL:DATE_TIME @ptr_9 @ptr_10 SL:DATE_TIME] @ptr_11 IN:GET_MESSAGE]
Message my friends that live in Mesa and see if they want to meet for lunch at Chuys .	Message Ġmy Ġfriends Ġthat Ġlive Ġin ĠMesa Ġand Ġsee Ġif Ġthey Ġwant Ġto Ġmeet Ġfor Ġlunch Ġat ĠChu ys Ġ.	[IN:SEND_MESSAGE @ptr_0 [SL:RECIPIENT [IN:GET_CONTACT [SL:CONTACT_RELATED @ptr_1 SL:CONTACT_RELATED] [SL:TYPE_RELATION @ptr_2 SL:TYPE_RELATION] @ptr_3 @ptr_4 @ptr_5 [SL:LOCATION_HOME @ptr_6 SL:LOCATION_HOME] IN:GET_CONTACT] SL:RECIPIENT] @ptr_7 @ptr_8 @ptr_9 [SL:CONTENT_EXACT @ptr_10 @ptr_11 @ptr_12 @ptr_13 @ptr_14 @ptr_15 @ptr_16 @ptr_17 @ptr_18 SL:CONTENT_EXACT] @ptr_19 IN:SEND_MESSAGE]
send a message to my florida friends that the weather is going to be nice	send Ġa Ġmessage Ġto Ġmy Ġfl or ida Ġfriends Ġthat Ġthe Ġweather Ġis Ġgoing Ġto Ġbe Ġnice	[IN:SEND_MESSAGE @ptr_0 @ptr_1 @ptr_2 @ptr_3 [SL:RECIPIENT [IN:GET_CONTACT [SL:CONTACT_RELATED @ptr_4 SL:CONTACT_RELATED] [SL:LOCATION_HOME @ptr_5 @ptr_6 @ptr_7 SL:LOCATION_HOME] [SL:TYPE_RELATION @ptr_8 SL:TYPE_RELATION] IN:GET_CONTACT] SL:RECIPIENT] @ptr_9 [SL:CONTENT_EXACT @ptr_10 @ptr_11 @ptr_12 @ptr_13 @ptr_14 @ptr_15 @ptr_16 SL:CONTENT_EXACT] IN:SEND_MESSAGE]
Message my friends that live in Mesa and see if they want to meet for lunch at Chuys .	Message Ġmy Ġfriends Ġthat Ġlive Ġin ĠMesa Ġand Ġsee Ġif Ġthey Ġwant Ġto Ġmeet Ġfor Ġlunch Ġat ĠChu ys Ġ.	[IN:SEND_MESSAGE @ptr_0 [SL:RECIPIENT [IN:GET_CONTACT [SL:CONTACT_RELATED @ptr_1 SL:CONTACT_RELATED] [SL:TYPE_RELATION @ptr_2 SL:TYPE_RELATION] @ptr_3 @ptr_4 @ptr_5 [SL:LOCATION_HOME @ptr_6 SL:LOCATION_HOME] IN:GET_CONTACT] SL:RECIPIENT] @ptr_7 @ptr_8 @ptr_9 [SL:CONTENT_EXACT @ptr_10 @ptr_11 @ptr_12 @ptr_13 @ptr_14 @ptr_15 @ptr_16 @ptr_17 @ptr_18 SL:CONTENT_EXACT] @ptr_19 IN:SEND_MESSAGE]
I need you to message my friends who live in Fletcher and ask who is going to the Fall Festival this weekend .	I Ġneed Ġyou Ġto Ġmessage Ġmy Ġfriends Ġwho Ġlive Ġin ĠFletcher Ġand Ġask Ġwho Ġis Ġgoing Ġto Ġthe ĠFall ĠFestival Ġthis Ġweekend Ġ.	[IN:SEND_MESSAGE @ptr_0 @ptr_1 @ptr_2 @ptr_3 @ptr_4 [SL:RECIPIENT [IN:GET_CONTACT [SL:CONTACT_RELATED @ptr_5 SL:CONTACT_RELATED] [SL:TYPE_RELATION @ptr_6 SL:TYPE_RELATION] @ptr_7 @ptr_8 @ptr_9 [SL:LOCATION_HOME @ptr_10 SL:LOCATION_HOME] IN:GET_CONTACT] SL:RECIPIENT] @ptr_11 @ptr_12 [SL:CONTENT_EXACT @ptr_13 @ptr_14 @ptr_15 @ptr_16 @ptr_17 @ptr_18 @ptr_19 @ptr_20 @ptr_21 SL:CONTENT_EXACT] @ptr_22 IN:SEND_MESSAGE]
send a message to my florida friends that the weather is going to be nice	send Ġa Ġmessage Ġto Ġmy Ġfl or ida Ġfriends Ġthat Ġthe Ġweather Ġis Ġgoing Ġto Ġbe Ġnice	[IN:SEND_MESSAGE @ptr_0 @ptr_1 @ptr_2 @ptr_3 [SL:RECIPIENT [IN:GET_CONTACT [SL:CONTACT_RELATED @ptr_4 SL:CONTACT_RELATED] [SL:LOCATION_HOME @ptr_5 @ptr_6 @ptr_7 SL:LOCATION_HOME] [SL:TYPE_RELATION @ptr_8 SL:TYPE_RELATION] IN:GET_CONTACT] SL:RECIPIENT] @ptr_9 [SL:CONTENT_EXACT @ptr_10 @ptr_11 @ptr_12 @ptr_13 @ptr_14 @ptr_15 @ptr_16 SL:CONTENT_EXACT] IN:SEND_MESSAGE]
Please text everyone coming tonight and say it is still on	Please Ġtext Ġeveryone Ġcoming Ġtonight Ġand Ġsay Ġit Ġis Ġstill Ġon	[IN:SEND_MESSAGE @ptr_0 @ptr_1 [SL:RECIPIENT [IN:GET_EVENT_ATTENDEE @ptr_2 @ptr_3 [SL:DATE_TIME @ptr_4 SL:DATE_TIME] IN:GET_EVENT_ATTENDEE] SL:RECIPIENT] @ptr_5 @ptr_6 [SL:CONTENT_EXACT @ptr_7 @ptr_8 @ptr_9 @ptr_10 SL:CONTENT_EXACT] IN:SEND_MESSAGE]
Respond with 3 crying faces to those messages	Resp ond Ġwith Ġ3 Ġcrying Ġfaces Ġto Ġthose Ġmessages	[IN:SEND_MESSAGE @ptr_0 @ptr_1 @ptr_2 [SL:AMOUNT @ptr_3 SL:AMOUNT] [SL:CONTENT_EMOJI @ptr_4 @ptr_5 SL:CONTENT_EMOJI] @ptr_6 @ptr_7 @ptr_8 IN:SEND_MESSAGE]
Send a happy emoji to Amit welcoming him back home .	Send Ġa Ġhappy Ġemoji Ġto ĠAmit Ġwelcoming Ġhim Ġback Ġhome Ġ.	[IN:SEND_MESSAGE @ptr_0 @ptr_1 [SL:CONTENT_EMOJI @ptr_2 @ptr_3 SL:CONTENT_EMOJI] @ptr_4 [SL:RECIPIENT @ptr_5 SL:RECIPIENT] [SL:CONTENT_EXACT @ptr_6 @ptr_7 @ptr_8 @ptr_9 SL:CONTENT_EXACT] @ptr_10 IN:SEND_MESSAGE]
Send a happy emoji to Amit welcoming him back home .	Send Ġa Ġhappy Ġemoji Ġto ĠAmit Ġwelcoming Ġhim Ġback Ġhome Ġ.	[IN:SEND_MESSAGE @ptr_0 @ptr_1 [SL:CONTENT_EMOJI @ptr_2 @ptr_3 SL:CONTENT_EMOJI] @ptr_4 [SL:RECIPIENT @ptr_5 SL:RECIPIENT] [SL:CONTENT_EXACT @ptr_6 @ptr_7 @ptr_8 @ptr_9 SL:CONTENT_EXACT] @ptr_10 IN:SEND_MESSAGE]
Send a smiley emoticon .	Send Ġa Ġsmile y Ġemot icon Ġ.	[IN:SEND_MESSAGE @ptr_0 [SL:CONTENT_EMOJI @ptr_1 @ptr_2 @ptr_3 @ptr_4 @ptr_5 SL:CONTENT_EMOJI] @ptr_6 IN:SEND_MESSAGE]
send Bella a heart .	send ĠBella Ġa Ġheart Ġ.	[IN:SEND_MESSAGE @ptr_0 [SL:RECIPIENT @ptr_1 SL:RECIPIENT] @ptr_2 [SL:CONTENT_EMOJI @ptr_3 SL:CONTENT_EMOJI] @ptr_4 IN:SEND_MESSAGE]
Please read all my chats .	Please Ġread Ġall Ġmy Ġchats Ġ.	[IN:GET_MESSAGE @ptr_0 @ptr_1 [SL:AMOUNT @ptr_2 SL:AMOUNT] @ptr_3 @ptr_4 @ptr_5 IN:GET_MESSAGE]
send a message to all my contacts , is anyone free this weekend ?	send Ġa Ġmessage Ġto Ġall Ġmy Ġcontacts Ġ, Ġis Ġanyone Ġfree Ġthis Ġweekend Ġ?	[IN:SEND_MESSAGE @ptr_0 @ptr_1 @ptr_2 @ptr_3 [SL:AMOUNT @ptr_4 SL:AMOUNT] @ptr_5 [SL:GROUP @ptr_6 SL:GROUP] @ptr_7 [SL:CONTENT_EXACT @ptr_8 @ptr_9 @ptr_10 @ptr_11 @ptr_12 SL:CONTENT_EXACT] @ptr_13 IN:SEND_MESSAGE]
Delete all messages	Delete Ġall Ġmessages	[IN:CANCEL_MESSAGE @ptr_0 [SL:AMOUNT @ptr_1 SL:AMOUNT] @ptr_2 IN:CANCEL_MESSAGE]
Pull up all of my new messages .	Pull Ġup Ġall Ġof Ġmy Ġnew Ġmessages Ġ.	[IN:GET_MESSAGE @ptr_0 @ptr_1 [SL:AMOUNT @ptr_2 SL:AMOUNT] @ptr_3 @ptr_4 [SL:TAG_MESSAGE @ptr_5 SL:TAG_MESSAGE] @ptr_6 @ptr_7 IN:GET_MESSAGE]
Please read all my messages .	Please Ġread Ġall Ġmy Ġmessages Ġ.	[IN:GET_MESSAGE @ptr_0 @ptr_1 [SL:AMOUNT @ptr_2 SL:AMOUNT] @ptr_3 @ptr_4 @ptr_5 IN:GET_MESSAGE]
Message work asking what time my shift starts today	Message Ġwork Ġasking Ġwhat Ġtime Ġmy Ġshift Ġstarts Ġtoday	[IN:SEND_MESSAGE @ptr_0 [SL:RECIPIENT [IN:GET_CONTACT [SL:TYPE_CONTACT @ptr_1 SL:TYPE_CONTACT] IN:GET_CONTACT] SL:RECIPIENT] @ptr_2 [SL:CONTENT_EXACT @ptr_3 @ptr_4 @ptr_5 @ptr_6 @ptr_7 @ptr_8 SL:CONTENT_EXACT] IN:SEND_MESSAGE]
Message the kids . Get the bus	Message Ġthe Ġkids Ġ. ĠGet Ġthe Ġbus	[IN:SEND_MESSAGE @ptr_0 @ptr_1 [SL:RECIPIENT [IN:GET_CONTACT [SL:TYPE_CONTACT @ptr_2 SL:TYPE_CONTACT] IN:GET_CONTACT] SL:RECIPIENT] @ptr_3 [SL:CONTENT_EXACT @ptr_4 @ptr_5 @ptr_6 SL:CONTENT_EXACT] IN:SEND_MESSAGE]
Message work asking what time my shift starts today	Message Ġwork Ġasking Ġwhat Ġtime Ġmy Ġshift Ġstarts Ġtoday	[IN:SEND_MESSAGE @ptr_0 [SL:RECIPIENT [IN:GET_CONTACT [SL:TYPE_CONTACT @ptr_1 SL:TYPE_CONTACT] IN:GET_CONTACT] SL:RECIPIENT] @ptr_2 [SL:CONTENT_EXACT @ptr_3 @ptr_4 @ptr_5 @ptr_6 @ptr_7 @ptr_8 SL:CONTENT_EXACT] IN:SEND_MESSAGE]
Message Uncle Larry and Aunt Carole	Message ĠUncle ĠLarry Ġand ĠAunt ĠCar ole	[IN:SEND_MESSAGE @ptr_0 [SL:RECIPIENT [IN:GET_CONTACT [SL:TYPE_RELATION @ptr_1 SL:TYPE_RELATION] [SL:CONTACT @ptr_2 SL:CONTACT] IN:GET_CONTACT] SL:RECIPIENT] @ptr_3 [SL:RECIPIENT [IN:GET_CONTACT [SL:TYPE_RELATION @ptr_4 SL:TYPE_RELATION] [SL:CONTACT @ptr_5 @ptr_6 SL:CONTACT] IN:GET_CONTACT] SL:RECIPIENT] IN:SEND_MESSAGE]
Send a happy birthday message my cousin	Send Ġa Ġhappy Ġbirthday Ġmessage Ġmy Ġcousin	[IN:SEND_MESSAGE @ptr_0 @ptr_1 [SL:CONTENT_EXACT @ptr_2 @ptr_3 SL:CONTENT_EXACT] @ptr_4 [SL:RECIPIENT [IN:GET_CONTACT [SL:CONTACT_RELATED @ptr_5 SL:CONTACT_RELATED] [SL:TYPE_RELATION @ptr_6 SL:TYPE_RELATION] IN:GET_CONTACT] SL:RECIPIENT] IN:SEND_MESSAGE]
Google assistant , Please message my dad to come home early .	Google Ġassistant Ġ, ĠPlease Ġmessage Ġmy Ġdad Ġto Ġcome Ġhome Ġearly Ġ.	[IN:SEND_MESSAGE @ptr_0 @ptr_1 @ptr_2 @ptr_3 @ptr_4 [SL:RECIPIENT [IN:GET_CONTACT [SL:CONTACT_RELATED @ptr_5 SL:CONTACT_RELATED] [SL:TYPE_RELATION @ptr_6 SL:TYPE_RELATION] IN:GET_CONTACT] SL:RECIPIENT] @ptr_7 [SL:CONTENT_EXACT @ptr_8 @ptr_9 @ptr_10 SL:CONTENT_EXACT] @ptr_11 IN:SEND_MESSAGE]
Ask my husband if he let the dog out before he left .	Ask Ġmy Ġhusband Ġif Ġhe Ġlet Ġthe Ġdog Ġout Ġbefore Ġhe Ġleft Ġ.	[IN:SEND_MESSAGE @ptr_0 [SL:RECIPIENT [IN:GET_CONTACT [SL:CONTACT_RELATED @ptr_1 SL:CONTACT_RELATED] [SL:TYPE_RELATION @ptr_2 SL:TYPE_RELATION] IN:GET_CONTACT] SL:RECIPIENT] @ptr_3 [SL:CONTENT_EXACT @ptr_4 @ptr_5 @ptr_6 @ptr_7 @ptr_8 @ptr_9 @ptr_10 @ptr_11 SL:CONTENT_EXACT] @ptr_12 IN:SEND_MESSAGE]
tell my boyfriend to meet for drinks at Outback tonight	tell Ġmy Ġboyfriend Ġto Ġmeet Ġfor Ġdrinks Ġat ĠOut back Ġtonight	[IN:SEND_MESSAGE @ptr_0 [SL:RECIPIENT [IN:GET_CONTACT [SL:CONTACT_RELATED @ptr_1 SL:CONTACT_RELATED] [SL:TYPE_RELATION @ptr_2 SL:TYPE_RELATION] IN:GET_CONTACT] SL:RECIPIENT] @ptr_3 [SL:CONTENT_EXACT @ptr_4 @ptr_5 @ptr_6 @ptr_7 @ptr_8 @ptr_9 @ptr_10 SL:CONTENT_EXACT] IN:SEND_MESSAGE]
What did gram text me today ?	What Ġdid Ġgram Ġtext Ġme Ġtoday Ġ?	[IN:GET_MESSAGE @ptr_0 @ptr_1 [SL:SENDER [IN:GET_CONTACT [SL:TYPE_RELATION @ptr_2 SL:TYPE_RELATION] IN:GET_CONTACT] SL:SENDER] @ptr_3 [SL:RECIPIENT @ptr_4 SL:RECIPIENT] [SL:DATE_TIME @ptr_5 SL:DATE_TIME] @ptr_6 IN:GET_MESSAGE]
Siri , what does Mr Collins ' text say ?	S iri Ġ, Ġwhat Ġdoes ĠMr ĠCollins Ġ' Ġtext Ġsay Ġ?	[IN:GET_MESSAGE [SL:RESOURCE @ptr_0 @ptr_1 SL:RESOURCE] @ptr_2 @ptr_3 @ptr_4 [SL:SENDER @ptr_5 @ptr_6 SL:SENDER] @ptr_7 @ptr_8 @ptr_9 @ptr_10 IN:GET_MESSAGE]
What messages do I have from Anna Lloyd ?	What Ġmessages Ġdo ĠI Ġhave Ġfrom ĠAnna ĠLloyd Ġ?	[IN:GET_MESSAGE @ptr_0 @ptr_1 @ptr_2 @ptr_3 @ptr_4 @ptr_5 [SL:SENDER @ptr_6 @ptr_7 SL:SENDER] @ptr_8 IN:GET_MESSAGE]
Did my husband message me today ?	Did Ġmy Ġhusband Ġmessage Ġme Ġtoday Ġ?	[IN:GET_MESSAGE @ptr_0 [SL:SENDER [IN:GET_CONTACT [SL:CONTACT_RELATED @ptr_1 SL:CONTACT_RELATED] [SL:TYPE_RELATION @ptr_2 SL:TYPE_RELATION] IN:GET_CONTACT] SL:SENDER] @ptr_3 [SL:RECIPIENT @ptr_4 SL:RECIPIENT] [SL:DATE_TIME @ptr_5 SL:DATE_TIME] @ptr_6 IN:GET_MESSAGE]
WhatsApp texts from Paul ?	Wh ats App Ġtexts Ġfrom ĠPaul Ġ?	[IN:GET_MESSAGE [SL:RESOURCE @ptr_0 @ptr_1 @ptr_2 SL:RESOURCE] @ptr_3 @ptr_4 [SL:SENDER @ptr_5 SL:SENDER] @ptr_6 IN:GET_MESSAGE]
message coworker im driving	message Ġcowork er Ġim Ġdriving	[IN:SEND_MESSAGE @ptr_0 [SL:RECIPIENT [IN:GET_CONTACT [SL:MUTUAL_EMPLOYER @ptr_1 @ptr_2 SL:MUTUAL_EMPLOYER] IN:GET_CONTACT] SL:RECIPIENT] [SL:CONTENT_EXACT @ptr_3 @ptr_4 SL:CONTENT_EXACT] IN:SEND_MESSAGE]
Message work friends asking if they can switch shifts	Message Ġwork Ġfriends Ġasking Ġif Ġthey Ġcan Ġswitch Ġshifts	[IN:SEND_MESSAGE @ptr_0 [SL:RECIPIENT [IN:GET_CONTACT [SL:MUTUAL_EMPLOYER @ptr_1 SL:MUTUAL_EMPLOYER] [SL:TYPE_RELATION @ptr_2 SL:TYPE_RELATION] IN:GET_CONTACT] SL:RECIPIENT] @ptr_3 @ptr_4 [SL:CONTENT_EXACT @ptr_5 @ptr_6 @ptr_7 @ptr_8 SL:CONTENT_EXACT] IN:SEND_MESSAGE]
Send message to my employees that the office will close an hour early due to daylight savings	Send Ġmessage Ġto Ġmy Ġemployees Ġthat Ġthe Ġoffice Ġwill Ġclose Ġan Ġhour Ġearly Ġdue Ġto Ġdaylight Ġsavings	[IN:SEND_MESSAGE @ptr_0 @ptr_1 @ptr_2 [SL:RECIPIENT [IN:GET_CONTACT [SL:CONTACT_RELATED @ptr_3 SL:CONTACT_RELATED] [SL:MUTUAL_EMPLOYER @ptr_4 SL:MUTUAL_EMPLOYER] IN:GET_CONTACT] SL:RECIPIENT] @ptr_5 [SL:CONTENT_EXACT @ptr_6 @ptr_7 @ptr_8 @ptr_9 @ptr_10 @ptr_11 @ptr_12 @ptr_13 @ptr_14 @ptr_15 @ptr_16 SL:CONTENT_EXACT] IN:SEND_MESSAGE]
Send a message to all my work contacts that I am out of the office	Send Ġa Ġmessage Ġto Ġall Ġmy Ġwork Ġcontacts Ġthat ĠI Ġam Ġout Ġof Ġthe Ġoffice	[IN:SEND_MESSAGE @ptr_0 @ptr_1 @ptr_2 @ptr_3 [SL:RECIPIENT [IN:GET_CONTACT [SL:AMOUNT @ptr_4 SL:AMOUNT] [SL:CONTACT_RELATED @ptr_5 SL:CONTACT_RELATED] [SL:MUTUAL_EMPLOYER @ptr_6 SL:MUTUAL_EMPLOYER] @ptr_7 IN:GET_CONTACT] SL:RECIPIENT] @ptr_8 [SL:CONTENT_EXACT @ptr_9 @ptr_10 @ptr_11 @ptr_12 @ptr_13 @ptr_14 SL:CONTENT_EXACT] IN:SEND_MESSAGE]
Tell my co workers that there is an accident on the highway and to search for another route .	Tell Ġmy Ġco Ġworkers Ġthat Ġthere Ġis Ġan Ġaccident Ġon Ġthe Ġhighway Ġand Ġto Ġsearch Ġfor Ġanother Ġroute Ġ.	[IN:SEND_MESSAGE @ptr_0 [SL:RECIPIENT [IN:GET_CONTACT [SL:CONTACT_RELATED @ptr_1 SL:CONTACT_RELATED] [SL:MUTUAL_EMPLOYER @ptr_2 @ptr_3 SL:MUTUAL_EMPLOYER] IN:GET_CONTACT] SL:RECIPIENT] @ptr_4 [SL:CONTENT_EXACT @ptr_5 @ptr_6 @ptr_7 @ptr_8 @ptr_9 @ptr_10 @ptr_11 @ptr_12 @ptr_13 @ptr_14 @ptr_15 @ptr_16 @ptr_17 SL:CONTENT_EXACT] @ptr_18 IN:SEND_MESSAGE]
Show me messages on iMessage .	Show Ġme Ġmessages Ġon Ġi Message Ġ.	[IN:GET_MESSAGE @ptr_0 @ptr_1 @ptr_2 @ptr_3 [SL:RESOURCE @ptr_4 @ptr_5 SL:RESOURCE] @ptr_6 IN:GET_MESSAGE]
Reply with SMS	Reply Ġwith ĠSMS	[IN:SEND_MESSAGE @ptr_0 @ptr_1 [SL:RESOURCE @ptr_2 SL:RESOURCE] IN:SEND_MESSAGE]
Tell Jeff we need to go out on Saturday on Messenger	Tell ĠJeff Ġwe Ġneed Ġto Ġgo Ġout Ġon ĠSaturday Ġon ĠMessenger	[IN:SEND_MESSAGE @ptr_0 [SL:RECIPIENT @ptr_1 SL:RECIPIENT] [SL:CONTENT_EXACT @ptr_2 @ptr_3 @ptr_4 @ptr_5 @ptr_6 @ptr_7 @ptr_8 SL:CONTENT_EXACT] @ptr_9 [SL:RESOURCE @ptr_10 SL:RESOURCE] IN:SEND_MESSAGE]
What 's the new message on Groupme ?	What Ġ' s Ġthe Ġnew Ġmessage Ġon ĠGroup me Ġ?	[IN:GET_MESSAGE @ptr_0 @ptr_1 @ptr_2 @ptr_3 [SL:TAG_MESSAGE @ptr_4 SL:TAG_MESSAGE] @ptr_5 @ptr_6 [SL:RESOURCE @ptr_7 @ptr_8 SL:RESOURCE] @ptr_9 IN:GET_MESSAGE]
Did I get any message today on Facebook Messenger ?	Did ĠI Ġget Ġany Ġmessage Ġtoday Ġon ĠFacebook ĠMessenger Ġ?	[IN:GET_MESSAGE @ptr_0 [SL:RECIPIENT @ptr_1 SL:RECIPIENT] @ptr_2 @ptr_3 @ptr_4 [SL:DATE_TIME @ptr_5 SL:DATE_TIME] @ptr_6 [SL:RESOURCE @ptr_7 @ptr_8 SL:RESOURCE] @ptr_9 IN:GET_MESSAGE]
Message my school friends to ask when our next reunion will be .	Message Ġmy Ġschool Ġfriends Ġto Ġask Ġwhen Ġour Ġnext Ġreunion Ġwill Ġbe Ġ.	[IN:SEND_MESSAGE @ptr_0 [SL:RECIPIENT [IN:GET_CONTACT [SL:CONTACT_RELATED @ptr_1 SL:CONTACT_RELATED] [SL:MUTUAL_SCHOOL @ptr_2 SL:MUTUAL_SCHOOL] [SL:TYPE_RELATION @ptr_3 SL:TYPE_RELATION] IN:GET_CONTACT] SL:RECIPIENT] @ptr_4 @ptr_5 [SL:CONTENT_EXACT @ptr_6 @ptr_7 @ptr_8 @ptr_9 @ptr_10 @ptr_11 SL:CONTENT_EXACT] @ptr_12 IN:SEND_MESSAGE]
Message my school friends to ask when our next reunion will be .	Message Ġmy Ġschool Ġfriends Ġto Ġask Ġwhen Ġour Ġnext Ġreunion Ġwill Ġbe Ġ.	[IN:SEND_MESSAGE @ptr_0 [SL:RECIPIENT [IN:GET_CONTACT [SL:CONTACT_RELATED @ptr_1 SL:CONTACT_RELATED] [SL:MUTUAL_SCHOOL @ptr_2 SL:MUTUAL_SCHOOL] [SL:TYPE_RELATION @ptr_3 SL:TYPE_RELATION] IN:GET_CONTACT] SL:RECIPIENT] @ptr_4 @ptr_5 [SL:CONTENT_EXACT @ptr_6 @ptr_7 @ptr_8 @ptr_9 @ptr_10 @ptr_11 SL:CONTENT_EXACT] @ptr_12 IN:SEND_MESSAGE]
Send message to my college alumni friends that the 1st few of them football game will be August 20 , want to know to be there	Send Ġmessage Ġto Ġmy Ġcollege Ġalumni Ġfriends Ġthat Ġthe Ġ1 st Ġfew Ġof Ġthem Ġfootball Ġgame Ġwill Ġbe ĠAugust Ġ20 Ġ, Ġwant Ġto Ġknow Ġto Ġbe Ġthere	[IN:SEND_MESSAGE @ptr_0 @ptr_1 @ptr_2 [SL:RECIPIENT [IN:GET_CONTACT [SL:CONTACT_RELATED @ptr_3 SL:CONTACT_RELATED] [SL:MUTUAL_SCHOOL @ptr_4 @ptr_5 SL:MUTUAL_SCHOOL] [SL:TYPE_RELATION @ptr_6 SL:TYPE_RELATION] IN:GET_CONTACT] SL:RECIPIENT] @ptr_7 [SL:CONTENT_EXACT @ptr_8 @ptr_9 @ptr_10 @ptr_11 @ptr_12 @ptr_13 @ptr_14 @ptr_15 @ptr_16 @ptr_17 @ptr_18 @ptr_19 @ptr_20 @ptr_21 @ptr_22 @ptr_23 @ptr_24 @ptr_25 @ptr_26 SL:CONTENT_EXACT] IN:SEND_MESSAGE]
Send message to my college alumni friends that the 1st few of them football game will be August 20 , want to know to be there	Send Ġmessage Ġto Ġmy Ġcollege Ġalumni Ġfriends Ġthat Ġthe Ġ1 st Ġfew Ġof Ġthem Ġfootball Ġgame Ġwill Ġbe ĠAugust Ġ20 Ġ, Ġwant Ġto Ġknow Ġto Ġbe Ġthere	[IN:SEND_MESSAGE @ptr_0 @ptr_1 @ptr_2 [SL:RECIPIENT [IN:GET_CONTACT [SL:CONTACT_RELATED @ptr_3 SL:CONTACT_RELATED] [SL:MUTUAL_SCHOOL @ptr_4 @ptr_5 SL:MUTUAL_SCHOOL] [SL:TYPE_RELATION @ptr_6 SL:TYPE_RELATION] IN:GET_CONTACT] SL:RECIPIENT] @ptr_7 [SL:CONTENT_EXACT @ptr_8 @ptr_9 @ptr_10 @ptr_11 @ptr_12 @ptr_13 @ptr_14 @ptr_15 @ptr_16 @ptr_17 @ptr_18 @ptr_19 @ptr_20 @ptr_21 @ptr_22 @ptr_23 @ptr_24 @ptr_25 @ptr_26 SL:CONTENT_EXACT] IN:SEND_MESSAGE]
Text all my lesbian friends that we are leaving for pride at 7 am	Text Ġall Ġmy Ġlesbian Ġfriends Ġthat Ġwe Ġare Ġleaving Ġfor Ġpride Ġat Ġ7 Ġam	[IN:SEND_MESSAGE @ptr_0 @ptr_1 [SL:RECIPIENT [IN:GET_CONTACT [SL:CONTACT_RELATED @ptr_2 SL:CONTACT_RELATED] [SL:TYPE_INFO @ptr_3 SL:TYPE_INFO] [SL:TYPE_RELATION @ptr_4 SL:TYPE_RELATION] IN:GET_CONTACT] SL:RECIPIENT] @ptr_5 [SL:CONTENT_EXACT @ptr_6 @ptr_7 @ptr_8 @ptr_9 @ptr_10 @ptr_11 @ptr_12 @ptr_13 SL:CONTENT_EXACT] IN:SEND_MESSAGE]
Text all my lesbian friends that we are leaving for pride at 7 am	Text Ġall Ġmy Ġlesbian Ġfriends Ġthat Ġwe Ġare Ġleaving Ġfor Ġpride Ġat Ġ7 Ġam	[IN:SEND_MESSAGE @ptr_0 @ptr_1 [SL:RECIPIENT [IN:GET_CONTACT [SL:CONTACT_RELATED @ptr_2 SL:CONTACT_RELATED] [SL:TYPE_INFO @ptr_3 SL:TYPE_INFO] [SL:TYPE_RELATION @ptr_4 SL:TYPE_RELATION] IN:GET_CONTACT] SL:RECIPIENT] @ptr_5 [SL:CONTENT_EXACT @ptr_6 @ptr_7 @ptr_8 @ptr_9 @ptr_10 @ptr_11 @ptr_12 @ptr_13 SL:CONTENT_EXACT] IN:SEND_MESSAGE]
Send both an e - mail and text to my local friends that Baskin Robbins is having a July 4th sale event .	Send Ġboth Ġan Ġe Ġ- Ġmail Ġand Ġtext Ġto Ġmy Ġlocal Ġfriends Ġthat ĠB ask in ĠRobbins Ġis Ġhaving Ġa ĠJuly Ġ4 th Ġsale Ġevent Ġ.	[IN:SEND_MESSAGE @ptr_0 @ptr_1 @ptr_2 @ptr_3 @ptr_4 @ptr_5 @ptr_6 @ptr_7 @ptr_8 [SL:RECIPIENT [IN:GET_CONTACT [SL:CONTACT_RELATED @ptr_9 SL:CONTACT_RELATED] [SL:MUTUAL_LOCATION @ptr_10 SL:MUTUAL_LOCATION] [SL:TYPE_RELATION @ptr_11 SL:TYPE_RELATION] IN:GET_CONTACT] SL:RECIPIENT] @ptr_12 [SL:CONTENT_EXACT @ptr_13 @ptr_14 @ptr_15 @ptr_16 @ptr_17 @ptr_18 @ptr_19 @ptr_20 @ptr_21 @ptr_22 @ptr_23 @ptr_24 SL:CONTENT_EXACT] @ptr_25 IN:SEND_MESSAGE]
Send both an e - mail and text to my local friends that Baskin Robbins is having a July 4th sale event .	Send Ġboth Ġan Ġe Ġ- Ġmail Ġand Ġtext Ġto Ġmy Ġlocal Ġfriends Ġthat ĠB ask in ĠRobbins Ġis Ġhaving Ġa ĠJuly Ġ4 th Ġsale Ġevent Ġ.	[IN:SEND_MESSAGE @ptr_0 @ptr_1 @ptr_2 @ptr_3 @ptr_4 @ptr_5 @ptr_6 @ptr_7 @ptr_8 [SL:RECIPIENT [IN:GET_CONTACT [SL:CONTACT_RELATED @ptr_9 SL:CONTACT_RELATED] [SL:MUTUAL_LOCATION @ptr_10 SL:MUTUAL_LOCATION] [SL:TYPE_RELATION @ptr_11 SL:TYPE_RELATION] IN:GET_CONTACT] SL:RECIPIENT] @ptr_12 [SL:CONTENT_EXACT @ptr_13 @ptr_14 @ptr_15 @ptr_16 @ptr_17 @ptr_18 @ptr_19 @ptr_20 @ptr_21 @ptr_22 @ptr_23 @ptr_24 SL:CONTENT_EXACT] @ptr_25 IN:SEND_MESSAGE]
New messages from Bachelor Party 2020 thread ?	New Ġmessages Ġfrom ĠBachelor ĠParty Ġ2020 Ġthread Ġ?	[IN:GET_MESSAGE [SL:TAG_MESSAGE @ptr_0 SL:TAG_MESSAGE] @ptr_1 @ptr_2 [SL:GROUP @ptr_3 @ptr_4 @ptr_5 SL:GROUP] @ptr_6 @ptr_7 IN:GET_MESSAGE]
read new message .	read Ġnew Ġmessage Ġ.	[IN:GET_MESSAGE @ptr_0 [SL:TAG_MESSAGE @ptr_1 SL:TAG_MESSAGE] @ptr_2 @ptr_3 IN:GET_MESSAGE]
Do I have any new private messages on What 's App this morning ?	Do ĠI Ġhave Ġany Ġnew Ġprivate Ġmessages Ġon ĠWhat Ġ' s ĠApp Ġthis Ġmorning Ġ?	[IN:GET_MESSAGE @ptr_0 @ptr_1 @ptr_2 @ptr_3 [SL:TAG_MESSAGE @ptr_4 SL:TAG_MESSAGE] @ptr_5 @ptr_6 @ptr_7 [SL:RESOURCE @ptr_8 @ptr_9 @ptr_10 @ptr_11 SL:RESOURCE] [SL:DATE_TIME @ptr_12 @ptr_13 SL:DATE_TIME] @ptr_14 IN:GET_MESSAGE]
Can you show me my new message from Facebook ?	Can Ġyou Ġshow Ġme Ġmy Ġnew Ġmessage Ġfrom ĠFacebook Ġ?	[IN:GET_MESSAGE @ptr_0 @ptr_1 @ptr_2 @ptr_3 @ptr_4 [SL:TAG_MESSAGE @ptr_5 SL:TAG_MESSAGE] @ptr_6 @ptr_7 [SL:RESOURCE @ptr_8 SL:RESOURCE] @ptr_9 IN:GET_MESSAGE]
Open my new messages from Running Team group .	Open Ġmy Ġnew Ġmessages Ġfrom ĠRunning ĠTeam Ġgroup Ġ.	[IN:GET_MESSAGE @ptr_0 @ptr_1 [SL:TAG_MESSAGE @ptr_2 SL:TAG_MESSAGE] @ptr_3 @ptr_4 [SL:GROUP @ptr_5 @ptr_6 SL:GROUP] @ptr_7 @ptr_8 IN:GET_MESSAGE]
Record a video message at 7 : 00 pm .	Record Ġa Ġvideo Ġmessage Ġat Ġ7 Ġ: Ġ00 Ġpm Ġ.	[IN:UNSUPPORTED_MESSAGING @ptr_0 @ptr_1 @ptr_2 @ptr_3 @ptr_4 @ptr_5 @ptr_6 @ptr_7 @ptr_8 @ptr_9 IN:UNSUPPORTED_MESSAGING]
Make a video message for April .	Make Ġa Ġvideo Ġmessage Ġfor ĠApril Ġ.	[IN:UNSUPPORTED_MESSAGING @ptr_0 @ptr_1 @ptr_2 @ptr_3 @ptr_4 @ptr_5 @ptr_6 IN:UNSUPPORTED_MESSAGING]
Start Grandma 's video message	Start ĠGrand ma Ġ' s Ġvideo Ġmessage	[IN:UNSUPPORTED_MESSAGING @ptr_0 @ptr_1 @ptr_2 @ptr_3 @ptr_4 @ptr_5 @ptr_6 IN:UNSUPPORTED_MESSAGING]
Get a video message for Amanda .	Get Ġa Ġvideo Ġmessage Ġfor ĠAmanda Ġ.	[IN:UNSUPPORTED_MESSAGING @ptr_0 @ptr_1 @ptr_2 @ptr_3 @ptr_4 @ptr_5 @ptr_6 IN:UNSUPPORTED_MESSAGING]
I want to record a group video message for Anne Stanton , Kenna Haj and Nancy Karras .	I Ġwant Ġto Ġrecord Ġa Ġgroup Ġvideo Ġmessage Ġfor ĠAnne ĠStanton Ġ, ĠKenn a ĠHaj Ġand ĠNancy ĠK arr as Ġ.	[IN:UNSUPPORTED_MESSAGING @ptr_0 @ptr_1 @ptr_2 @ptr_3 @ptr_4 @ptr_5 @ptr_6 @ptr_7 @ptr_8 @ptr_9 @ptr_10 @ptr_11 @ptr_12 @ptr_13 @ptr_14 @ptr_15 @ptr_16 @ptr_17 @ptr_18 @ptr_19 @ptr_20 IN:UNSUPPORTED_MESSAGING]
ignore video message	ignore Ġvideo Ġmessage	[IN:IGNORE_MESSAGE @ptr_0 [SL:CONTENT_EXACT @ptr_1 SL:CONTENT_EXACT] @ptr_2 IN:IGNORE_MESSAGE]
do not read	do Ġnot Ġread	[IN:IGNORE_MESSAGE @ptr_0 @ptr_1 @ptr_2 IN:IGNORE_MESSAGE]
ignore messages	ignore Ġmessages	[IN:IGNORE_MESSAGE @ptr_0 @ptr_1 IN:IGNORE_MESSAGE]
don't answer text	don 't Ġanswer Ġtext	[IN:IGNORE_MESSAGE @ptr_0 @ptr_1 @ptr_2 @ptr_3 IN:IGNORE_MESSAGE]
could you ignore that text	could Ġyou Ġignore Ġthat Ġtext	[IN:IGNORE_MESSAGE @ptr_0 @ptr_1 @ptr_2 @ptr_3 @ptr_4 IN:IGNORE_MESSAGE]
Can you send a WhatsApp to my grandpa asking him if he wants food ?	Can Ġyou Ġsend Ġa ĠWhatsApp Ġto Ġmy Ġgrand pa Ġasking Ġhim Ġif Ġhe Ġwants Ġfood Ġ?	[IN:SEND_TEXT_MESSAGE @ptr_0 @ptr_1 @ptr_2 @ptr_3 [SL:RESOURCE @ptr_4 SL:RESOURCE] @ptr_5 [SL:RECIPIENT [IN:GET_CONTACT [SL:CONTACT_RELATED @ptr_6 SL:CONTACT_RELATED] [SL:TYPE_RELATION @ptr_7 @ptr_8 SL:TYPE_RELATION] IN:GET_CONTACT] SL:RECIPIENT] @ptr_9 @ptr_10 @ptr_11 [SL:CONTENT_EXACT @ptr_12 @ptr_13 @ptr_14 SL:CONTENT_EXACT] @ptr_15 IN:SEND_TEXT_MESSAGE]
Text my current location to my little sister .	Text Ġmy Ġcurrent Ġlocation Ġto Ġmy Ġlittle Ġsister Ġ.	[IN:SEND_MESSAGE @ptr_0 [SL:CONTENT_EXACT @ptr_1 @ptr_2 @ptr_3 SL:CONTENT_EXACT] @ptr_4 [SL:RECIPIENT [IN:GET_CONTACT [SL:CONTACT_RELATED @ptr_5 SL:CONTACT_RELATED] [SL:AGE @ptr_6 SL:AGE] [SL:TYPE_RELATION @ptr_7 SL:TYPE_RELATION] IN:GET_CONTACT] SL:RECIPIENT] @ptr_8 IN:SEND_MESSAGE]
Send my younger sister a voice text	Send Ġmy Ġyounger Ġsister Ġa Ġvoice Ġtext	[IN:SEND_MESSAGE @ptr_0 [SL:RECIPIENT [IN:GET_CONTACT [SL:CONTACT_RELATED @ptr_1 SL:CONTACT_RELATED] [SL:AGE @ptr_2 SL:AGE] [SL:TYPE_RELATION @ptr_3 SL:TYPE_RELATION] IN:GET_CONTACT] SL:RECIPIENT] @ptr_4 [SL:TYPE_CONTENT @ptr_5 SL:TYPE_CONTENT] @ptr_6 IN:SEND_MESSAGE]
