Play this song on repeat	Play Ġthis Ġsong Ġon Ġrepeat	[IN:LOOP_MUSIC @ptr_0 @ptr_1 [SL:MUSIC_TYPE @ptr_2 SL:MUSIC_TYPE] @ptr_3 @ptr_4 IN:LOOP_MUSIC]
loop play my Spotify list .	loop Ġplay Ġmy ĠSpotify Ġlist Ġ.	[IN:LOOP_MUSIC @ptr_0 @ptr_1 @ptr_2 [SL:MUSIC_PROVIDER_NAME @ptr_3 SL:MUSIC_PROVIDER_NAME] @ptr_4 @ptr_5 IN:LOOP_MUSIC]
put selena gomez 's new album on repeat	put Ġse l ena Ġg omez Ġ' s Ġnew Ġalbum Ġon Ġrepeat	[IN:LOOP_MUSIC @ptr_0 [SL:MUSIC_ARTIST_NAME @ptr_1 @ptr_2 @ptr_3 @ptr_4 @ptr_5 SL:MUSIC_ARTIST_NAME] @ptr_6 @ptr_7 @ptr_8 [SL:MUSIC_TYPE @ptr_9 SL:MUSIC_TYPE] @ptr_10 @ptr_11 IN:LOOP_MUSIC]
set track 5 on repeat	set Ġtrack Ġ5 Ġon Ġrepeat	[IN:LOOP_MUSIC @ptr_0 [SL:MUSIC_TYPE @ptr_1 SL:MUSIC_TYPE] @ptr_2 @ptr_3 @ptr_4 IN:LOOP_MUSIC]
Play Imagine Dragon 's Radioactive on repeat	Play ĠImagine ĠDragon Ġ' s ĠRadio active Ġon Ġrepeat	[IN:LOOP_MUSIC @ptr_0 [SL:MUSIC_ARTIST_NAME @ptr_1 @ptr_2 SL:MUSIC_ARTIST_NAME] @ptr_3 @ptr_4 [SL:MUSIC_TRACK_TITLE @ptr_5 @ptr_6 SL:MUSIC_TRACK_TITLE] @ptr_7 @ptr_8 IN:LOOP_MUSIC]
Play the song again	Play Ġthe Ġsong Ġagain	[IN:REPLAY_MUSIC @ptr_0 @ptr_1 [SL:MUSIC_TYPE @ptr_2 SL:MUSIC_TYPE] @ptr_3 IN:REPLAY_MUSIC]
Play any new songs released by Big Boi or Andre 3000	Play Ġany Ġnew Ġsongs Ġreleased Ġby ĠBig ĠBo i Ġor ĠAndre Ġ3000	[IN:PLAY_MUSIC @ptr_0 @ptr_1 @ptr_2 [SL:MUSIC_TYPE @ptr_3 SL:MUSIC_TYPE] @ptr_4 @ptr_5 [SL:MUSIC_ARTIST_NAME @ptr_6 @ptr_7 @ptr_8 SL:MUSIC_ARTIST_NAME] @ptr_9 [SL:MUSIC_ARTIST_NAME @ptr_10 @ptr_11 SL:MUSIC_ARTIST_NAME] IN:PLAY_MUSIC]
Are there any playlists with no lyrics	Are Ġthere Ġany Ġplay lists Ġwith Ġno Ġlyrics	[IN:UNSUPPORTED_MUSIC @ptr_0 @ptr_1 @ptr_2 [SL:MUSIC_TYPE @ptr_3 @ptr_4 SL:MUSIC_TYPE] @ptr_5 @ptr_6 @ptr_7 IN:UNSUPPORTED_MUSIC]
Play my favorites playlist	Play Ġmy Ġfavorites Ġplaylist	[IN:PLAY_MUSIC @ptr_0 @ptr_1 [SL:MUSIC_PLAYLIST_TITLE @ptr_2 SL:MUSIC_PLAYLIST_TITLE] [SL:MUSIC_TYPE @ptr_3 SL:MUSIC_TYPE] IN:PLAY_MUSIC]
loop the album	loop Ġthe Ġalbum	[IN:LOOP_MUSIC @ptr_0 @ptr_1 [SL:MUSIC_TYPE @ptr_2 SL:MUSIC_TYPE] IN:LOOP_MUSIC]
repeat this song	repeat Ġthis Ġsong	[IN:REPLAY_MUSIC @ptr_0 @ptr_1 [SL:MUSIC_TYPE @ptr_2 SL:MUSIC_TYPE] IN:REPLAY_MUSIC]
Can I listen to that song again	Can ĠI Ġlisten Ġto Ġthat Ġsong Ġagain	[IN:REPLAY_MUSIC @ptr_0 @ptr_1 @ptr_2 @ptr_3 @ptr_4 [SL:MUSIC_TYPE @ptr_5 SL:MUSIC_TYPE] @ptr_6 IN:REPLAY_MUSIC]
Repeat song	Repeat Ġsong	[IN:REPLAY_MUSIC @ptr_0 [SL:MUSIC_TYPE @ptr_1 SL:MUSIC_TYPE] IN:REPLAY_MUSIC]
restart this track	rest art Ġthis Ġtrack	[IN:REPLAY_MUSIC @ptr_0 @ptr_1 @ptr_2 [SL:MUSIC_TYPE @ptr_3 SL:MUSIC_TYPE] IN:REPLAY_MUSIC]
put album on repeat	put Ġalbum Ġon Ġrepeat	[IN:REPLAY_MUSIC @ptr_0 [SL:MUSIC_TYPE @ptr_1 SL:MUSIC_TYPE] @ptr_2 @ptr_3 IN:REPLAY_MUSIC]
play the last track again	play Ġthe Ġlast Ġtrack Ġagain	[IN:PREVIOUS_TRACK_MUSIC @ptr_0 @ptr_1 [SL:ORDINAL @ptr_2 SL:ORDINAL] [SL:MUSIC_TYPE @ptr_3 SL:MUSIC_TYPE] @ptr_4 IN:PREVIOUS_TRACK_MUSIC]
Can you repeat the last song	Can Ġyou Ġrepeat Ġthe Ġlast Ġsong	[IN:PREVIOUS_TRACK_MUSIC @ptr_0 @ptr_1 @ptr_2 @ptr_3 [SL:ORDINAL @ptr_4 SL:ORDINAL] [SL:MUSIC_TYPE @ptr_5 SL:MUSIC_TYPE] IN:PREVIOUS_TRACK_MUSIC]
Play the last album again	Play Ġthe Ġlast Ġalbum Ġagain	[IN:PREVIOUS_TRACK_MUSIC @ptr_0 @ptr_1 [SL:ORDINAL @ptr_2 SL:ORDINAL] [SL:MUSIC_TYPE @ptr_3 SL:MUSIC_TYPE] @ptr_4 IN:PREVIOUS_TRACK_MUSIC]
Repeat last song	Repeat Ġlast Ġsong	[IN:PREVIOUS_TRACK_MUSIC @ptr_0 [SL:ORDINAL @ptr_1 SL:ORDINAL] [SL:MUSIC_TYPE @ptr_2 SL:MUSIC_TYPE] IN:PREVIOUS_TRACK_MUSIC]
repeat the last song	repeat Ġthe Ġlast Ġsong	[IN:PREVIOUS_TRACK_MUSIC @ptr_0 @ptr_1 [SL:ORDINAL @ptr_2 SL:ORDINAL] [SL:MUSIC_TYPE @ptr_3 SL:MUSIC_TYPE] IN:PREVIOUS_TRACK_MUSIC]
please replay the last song	please Ġreplay Ġthe Ġlast Ġsong	[IN:PREVIOUS_TRACK_MUSIC @ptr_0 @ptr_1 @ptr_2 [SL:ORDINAL @ptr_3 SL:ORDINAL] [SL:MUSIC_TYPE @ptr_4 SL:MUSIC_TYPE] IN:PREVIOUS_TRACK_MUSIC]
can you replay the last song	can Ġyou Ġreplay Ġthe Ġlast Ġsong	[IN:PREVIOUS_TRACK_MUSIC @ptr_0 @ptr_1 @ptr_2 @ptr_3 [SL:ORDINAL @ptr_4 SL:ORDINAL] [SL:MUSIC_TYPE @ptr_5 SL:MUSIC_TYPE] IN:PREVIOUS_TRACK_MUSIC]
Can you repeat the last song .	Can Ġyou Ġrepeat Ġthe Ġlast Ġsong Ġ.	[IN:PREVIOUS_TRACK_MUSIC @ptr_0 @ptr_1 @ptr_2 @ptr_3 [SL:ORDINAL @ptr_4 SL:ORDINAL] [SL:MUSIC_TYPE @ptr_5 SL:MUSIC_TYPE] @ptr_6 IN:PREVIOUS_TRACK_MUSIC]
Can I hear the song that played before the last one	Can ĠI Ġhear Ġthe Ġsong Ġthat Ġplayed Ġbefore Ġthe Ġlast Ġone	[IN:PREVIOUS_TRACK_MUSIC @ptr_0 @ptr_1 @ptr_2 @ptr_3 [SL:MUSIC_TYPE @ptr_4 SL:MUSIC_TYPE] @ptr_5 @ptr_6 @ptr_7 @ptr_8 [SL:ORDINAL @ptr_9 SL:ORDINAL] @ptr_10 IN:PREVIOUS_TRACK_MUSIC]
Skip the next two songs	Skip Ġthe Ġnext Ġtwo Ġsongs	[IN:SKIP_TRACK_MUSIC @ptr_0 @ptr_1 [SL:ORDINAL @ptr_2 SL:ORDINAL] @ptr_3 [SL:MUSIC_TYPE @ptr_4 SL:MUSIC_TYPE] IN:SKIP_TRACK_MUSIC]
Search for Boyz II Men greatest hits	Search Ġfor ĠBoy z ĠII ĠMen Ġgreatest Ġhits	[IN:PLAY_MUSIC @ptr_0 @ptr_1 [SL:MUSIC_ARTIST_NAME @ptr_2 @ptr_3 @ptr_4 @ptr_5 SL:MUSIC_ARTIST_NAME] @ptr_6 @ptr_7 IN:PLAY_MUSIC]
play 90 ' s hip hop	play Ġ90 Ġ' Ġs Ġhip Ġhop	[IN:PLAY_MUSIC @ptr_0 [SL:MUSIC_GENRE @ptr_1 SL:MUSIC_GENRE] @ptr_2 @ptr_3 [SL:MUSIC_GENRE @ptr_4 @ptr_5 SL:MUSIC_GENRE] IN:PLAY_MUSIC]
Play me music on Spotify .	Play Ġme Ġmusic Ġon ĠSpotify Ġ.	[IN:PLAY_MUSIC @ptr_0 @ptr_1 [SL:MUSIC_TYPE @ptr_2 SL:MUSIC_TYPE] @ptr_3 [SL:MUSIC_PROVIDER_NAME @ptr_4 SL:MUSIC_PROVIDER_NAME] @ptr_5 IN:PLAY_MUSIC]
play music	play Ġmusic	[IN:PLAY_MUSIC @ptr_0 [SL:MUSIC_TYPE @ptr_1 SL:MUSIC_TYPE] IN:PLAY_MUSIC]
iheartradio 980	i heart radio Ġ980	[IN:PLAY_MUSIC [SL:MUSIC_PROVIDER_NAME @ptr_0 @ptr_1 @ptr_2 SL:MUSIC_PROVIDER_NAME] [SL:MUSIC_RADIO_ID @ptr_3 SL:MUSIC_RADIO_ID] IN:PLAY_MUSIC]
I want to listen to Thinking Out Loud by Ed Sheeran on itunes	I Ġwant Ġto Ġlisten Ġto ĠThinking ĠOut ĠLoud Ġby ĠEd ĠShe er an Ġon Ġit unes	[IN:PLAY_MUSIC @ptr_0 @ptr_1 @ptr_2 @ptr_3 @ptr_4 [SL:MUSIC_TRACK_TITLE @ptr_5 @ptr_6 @ptr_7 SL:MUSIC_TRACK_TITLE] @ptr_8 [SL:MUSIC_ARTIST_NAME @ptr_9 @ptr_10 @ptr_11 @ptr_12 SL:MUSIC_ARTIST_NAME] @ptr_13 [SL:MUSIC_PROVIDER_NAME @ptr_14 @ptr_15 SL:MUSIC_PROVIDER_NAME] IN:PLAY_MUSIC]
Tell Spotify to play The Story Of Tonight	Tell ĠSpotify Ġto Ġplay ĠThe ĠStory ĠOf ĠTonight	[IN:PLAY_MUSIC @ptr_0 [SL:MUSIC_PROVIDER_NAME @ptr_1 SL:MUSIC_PROVIDER_NAME] @ptr_2 @ptr_3 [SL:MUSIC_TRACK_TITLE @ptr_4 @ptr_5 @ptr_6 @ptr_7 SL:MUSIC_TRACK_TITLE] IN:PLAY_MUSIC]
Tell Pandora to play Sugar , We're Goin Down	Tell ĠPandora Ġto Ġplay ĠSugar Ġ, ĠWe 're ĠGo in ĠDown	[IN:PLAY_MUSIC @ptr_0 [SL:MUSIC_PROVIDER_NAME @ptr_1 SL:MUSIC_PROVIDER_NAME] @ptr_2 @ptr_3 [SL:MUSIC_TRACK_TITLE @ptr_4 @ptr_5 @ptr_6 @ptr_7 @ptr_8 @ptr_9 @ptr_10 SL:MUSIC_TRACK_TITLE] IN:PLAY_MUSIC]
play Despacito with Justin Beiber	play ĠDes pac ito Ġwith ĠJustin ĠBe iber	[IN:PLAY_MUSIC @ptr_0 [SL:MUSIC_TRACK_TITLE @ptr_1 @ptr_2 @ptr_3 SL:MUSIC_TRACK_TITLE] @ptr_4 [SL:MUSIC_ARTIST_NAME @ptr_5 @ptr_6 @ptr_7 SL:MUSIC_ARTIST_NAME] IN:PLAY_MUSIC]
i want to hear run to the hills	i Ġwant Ġto Ġhear Ġrun Ġto Ġthe Ġhills	[IN:PLAY_MUSIC @ptr_0 @ptr_1 @ptr_2 @ptr_3 [SL:MUSIC_TRACK_TITLE @ptr_4 @ptr_5 @ptr_6 @ptr_7 SL:MUSIC_TRACK_TITLE] IN:PLAY_MUSIC]
Can you pause the music	Can Ġyou Ġpause Ġthe Ġmusic	[IN:PAUSE_MUSIC @ptr_0 @ptr_1 @ptr_2 @ptr_3 [SL:MUSIC_TYPE @ptr_4 SL:MUSIC_TYPE] IN:PAUSE_MUSIC]
pause the music	pause Ġthe Ġmusic	[IN:PAUSE_MUSIC @ptr_0 @ptr_1 [SL:MUSIC_TYPE @ptr_2 SL:MUSIC_TYPE] IN:PAUSE_MUSIC]
Pause the song	Pause Ġthe Ġsong	[IN:PAUSE_MUSIC @ptr_0 @ptr_1 [SL:MUSIC_TYPE @ptr_2 SL:MUSIC_TYPE] IN:PAUSE_MUSIC]
Pause the current track	Pause Ġthe Ġcurrent Ġtrack	[IN:PAUSE_MUSIC @ptr_0 @ptr_1 @ptr_2 [SL:MUSIC_TYPE @ptr_3 SL:MUSIC_TYPE] IN:PAUSE_MUSIC]
Please pause this song .	Please Ġpause Ġthis Ġsong Ġ.	[IN:PAUSE_MUSIC @ptr_0 @ptr_1 @ptr_2 [SL:MUSIC_TYPE @ptr_3 SL:MUSIC_TYPE] @ptr_4 IN:PAUSE_MUSIC]
turn on sam smith radio	turn Ġon Ġsam Ġsm ith Ġradio	[IN:PLAY_MUSIC @ptr_0 @ptr_1 [SL:MUSIC_PLAYLIST_TITLE @ptr_2 @ptr_3 @ptr_4 SL:MUSIC_PLAYLIST_TITLE] [SL:MUSIC_TYPE @ptr_5 SL:MUSIC_TYPE] IN:PLAY_MUSIC]
can you play a country playlist ?	can Ġyou Ġplay Ġa Ġcountry Ġplaylist Ġ?	[IN:PLAY_MUSIC @ptr_0 @ptr_1 @ptr_2 @ptr_3 [SL:MUSIC_PLAYLIST_TITLE @ptr_4 SL:MUSIC_PLAYLIST_TITLE] [SL:MUSIC_TYPE @ptr_5 SL:MUSIC_TYPE] @ptr_6 IN:PLAY_MUSIC]
play the playlist top 40 on spotify	play Ġthe Ġplaylist Ġtop Ġ40 Ġon Ġspot ify	[IN:PLAY_MUSIC @ptr_0 @ptr_1 [SL:MUSIC_TYPE @ptr_2 SL:MUSIC_TYPE] [SL:MUSIC_PLAYLIST_TITLE @ptr_3 @ptr_4 SL:MUSIC_PLAYLIST_TITLE] @ptr_5 [SL:MUSIC_PROVIDER_NAME @ptr_6 @ptr_7 SL:MUSIC_PROVIDER_NAME] IN:PLAY_MUSIC]
Play Canibus radio on Pandora	Play ĠCan ibus Ġradio Ġon ĠPandora	[IN:PLAY_MUSIC @ptr_0 [SL:MUSIC_PLAYLIST_TITLE @ptr_1 @ptr_2 SL:MUSIC_PLAYLIST_TITLE] [SL:MUSIC_TYPE @ptr_3 SL:MUSIC_TYPE] @ptr_4 [SL:MUSIC_PROVIDER_NAME @ptr_5 SL:MUSIC_PROVIDER_NAME] IN:PLAY_MUSIC]
create a biggest hits for portuguese music on pandora	create Ġa Ġbiggest Ġhits Ġfor Ġport ug uese Ġmusic Ġon Ġpand ora	[IN:CREATE_PLAYLIST_MUSIC @ptr_0 @ptr_1 [SL:MUSIC_PLAYLIST_TITLE @ptr_2 @ptr_3 SL:MUSIC_PLAYLIST_TITLE] @ptr_4 [SL:MUSIC_GENRE @ptr_5 @ptr_6 @ptr_7 SL:MUSIC_GENRE] [SL:MUSIC_TYPE @ptr_8 SL:MUSIC_TYPE] @ptr_9 [SL:MUSIC_PROVIDER_NAME @ptr_10 @ptr_11 SL:MUSIC_PROVIDER_NAME] IN:CREATE_PLAYLIST_MUSIC]
Please play songs on Pandora that are only by Nirvana .	Please Ġplay Ġsongs Ġon ĠPandora Ġthat Ġare Ġonly Ġby ĠNirvana Ġ.	[IN:PLAY_MUSIC @ptr_0 @ptr_1 [SL:MUSIC_TYPE @ptr_2 SL:MUSIC_TYPE] @ptr_3 [SL:MUSIC_PROVIDER_NAME @ptr_4 SL:MUSIC_PROVIDER_NAME] @ptr_5 @ptr_6 @ptr_7 @ptr_8 [SL:MUSIC_ARTIST_NAME @ptr_9 SL:MUSIC_ARTIST_NAME] @ptr_10 IN:PLAY_MUSIC]
play baby einstein on spotify	play Ġbaby Ġe instein Ġon Ġspot ify	[IN:PLAY_MUSIC @ptr_0 [SL:MUSIC_TRACK_TITLE @ptr_1 @ptr_2 @ptr_3 SL:MUSIC_TRACK_TITLE] @ptr_4 [SL:MUSIC_PROVIDER_NAME @ptr_5 @ptr_6 SL:MUSIC_PROVIDER_NAME] IN:PLAY_MUSIC]
start playing 840 on iheartradio	start Ġplaying Ġ840 Ġon Ġi heart radio	[IN:PLAY_MUSIC @ptr_0 @ptr_1 [SL:MUSIC_RADIO_ID @ptr_2 SL:MUSIC_RADIO_ID] @ptr_3 [SL:MUSIC_PROVIDER_NAME @ptr_4 @ptr_5 @ptr_6 SL:MUSIC_PROVIDER_NAME] IN:PLAY_MUSIC]
create an awesome hits for korean music on Pandora	create Ġan Ġawesome Ġhits Ġfor Ġk orean Ġmusic Ġon ĠPandora	[IN:CREATE_PLAYLIST_MUSIC @ptr_0 @ptr_1 [SL:MUSIC_PLAYLIST_TITLE @ptr_2 @ptr_3 SL:MUSIC_PLAYLIST_TITLE] @ptr_4 [SL:MUSIC_GENRE @ptr_5 @ptr_6 SL:MUSIC_GENRE] [SL:MUSIC_TYPE @ptr_7 SL:MUSIC_TYPE] @ptr_8 [SL:MUSIC_PROVIDER_NAME @ptr_9 SL:MUSIC_PROVIDER_NAME] IN:CREATE_PLAYLIST_MUSIC]
Play Taylor swift radio on pandora	Play ĠTaylor Ġswift Ġradio Ġon Ġpand ora	[IN:PLAY_MUSIC @ptr_0 [SL:MUSIC_ARTIST_NAME @ptr_1 @ptr_2 SL:MUSIC_ARTIST_NAME] [SL:MUSIC_TYPE @ptr_3 SL:MUSIC_TYPE] @ptr_4 [SL:MUSIC_PROVIDER_NAME @ptr_5 @ptr_6 SL:MUSIC_PROVIDER_NAME] IN:PLAY_MUSIC]
play only rap songs by tupac	play Ġonly Ġrap Ġsongs Ġby Ġt up ac	[IN:PLAY_MUSIC @ptr_0 @ptr_1 [SL:MUSIC_GENRE @ptr_2 SL:MUSIC_GENRE] [SL:MUSIC_TYPE @ptr_3 SL:MUSIC_TYPE] @ptr_4 [SL:MUSIC_ARTIST_NAME @ptr_5 @ptr_6 @ptr_7 SL:MUSIC_ARTIST_NAME] IN:PLAY_MUSIC]
PLAY RAP MUSIC .	PLAY ĠR AP ĠMUS IC Ġ.	[IN:PLAY_MUSIC @ptr_0 [SL:MUSIC_GENRE @ptr_1 @ptr_2 SL:MUSIC_GENRE] [SL:MUSIC_TYPE @ptr_3 @ptr_4 SL:MUSIC_TYPE] @ptr_5 IN:PLAY_MUSIC]
play jazz music	play Ġjazz Ġmusic	[IN:PLAY_MUSIC @ptr_0 [SL:MUSIC_GENRE @ptr_1 SL:MUSIC_GENRE] [SL:MUSIC_TYPE @ptr_2 SL:MUSIC_TYPE] IN:PLAY_MUSIC]
play the instrumental	play Ġthe Ġinstrumental	[IN:PLAY_MUSIC @ptr_0 @ptr_1 [SL:MUSIC_GENRE @ptr_2 SL:MUSIC_GENRE] IN:PLAY_MUSIC]
Play some rap music .	Play Ġsome Ġrap Ġmusic Ġ.	[IN:PLAY_MUSIC @ptr_0 @ptr_1 [SL:MUSIC_GENRE @ptr_2 SL:MUSIC_GENRE] [SL:MUSIC_TYPE @ptr_3 SL:MUSIC_TYPE] @ptr_4 IN:PLAY_MUSIC]
Skip please	Skip Ġplease	[IN:SKIP_TRACK_MUSIC @ptr_0 @ptr_1 IN:SKIP_TRACK_MUSIC]
can we move to the next track please	can Ġwe Ġmove Ġto Ġthe Ġnext Ġtrack Ġplease	[IN:SKIP_TRACK_MUSIC @ptr_0 @ptr_1 @ptr_2 @ptr_3 @ptr_4 [SL:ORDINAL @ptr_5 SL:ORDINAL] [SL:MUSIC_TYPE @ptr_6 SL:MUSIC_TYPE] @ptr_7 IN:SKIP_TRACK_MUSIC]
Skip this track .	Skip Ġthis Ġtrack Ġ.	[IN:SKIP_TRACK_MUSIC @ptr_0 @ptr_1 [SL:MUSIC_TYPE @ptr_2 SL:MUSIC_TYPE] @ptr_3 IN:SKIP_TRACK_MUSIC]
Skip to next song	Skip Ġto Ġnext Ġsong	[IN:SKIP_TRACK_MUSIC @ptr_0 @ptr_1 [SL:ORDINAL @ptr_2 SL:ORDINAL] [SL:MUSIC_TYPE @ptr_3 SL:MUSIC_TYPE] IN:SKIP_TRACK_MUSIC]
skip this song	skip Ġthis Ġsong	[IN:SKIP_TRACK_MUSIC @ptr_0 @ptr_1 [SL:MUSIC_TYPE @ptr_2 SL:MUSIC_TYPE] IN:SKIP_TRACK_MUSIC]
Please play female country singers like Carrie Underwood , Martina McBride , and Reba McEntire	Please Ġplay Ġfemale Ġcountry Ġsingers Ġlike ĠCarrie ĠUnder wood Ġ, ĠMart ina ĠMc Bride Ġ, Ġand ĠRe ba ĠMc Ent ire	[IN:PLAY_MUSIC @ptr_0 @ptr_1 @ptr_2 [SL:MUSIC_GENRE @ptr_3 SL:MUSIC_GENRE] @ptr_4 @ptr_5 [SL:MUSIC_ARTIST_NAME @ptr_6 @ptr_7 @ptr_8 SL:MUSIC_ARTIST_NAME] @ptr_9 [SL:MUSIC_ARTIST_NAME @ptr_10 @ptr_11 @ptr_12 @ptr_13 SL:MUSIC_ARTIST_NAME] @ptr_14 @ptr_15 [SL:MUSIC_ARTIST_NAME @ptr_16 @ptr_17 @ptr_18 @ptr_19 @ptr_20 SL:MUSIC_ARTIST_NAME] IN:PLAY_MUSIC]
Can I please hear only songs off of the White Album by the Beatles	Can ĠI Ġplease Ġhear Ġonly Ġsongs Ġoff Ġof Ġthe ĠWhite ĠAlbum Ġby Ġthe ĠBeatles	[IN:PLAY_MUSIC @ptr_0 @ptr_1 @ptr_2 @ptr_3 @ptr_4 [SL:MUSIC_TYPE @ptr_5 SL:MUSIC_TYPE] @ptr_6 @ptr_7 @ptr_8 [SL:MUSIC_ALBUM_TITLE @ptr_9 @ptr_10 SL:MUSIC_ALBUM_TITLE] @ptr_11 [SL:MUSIC_ARTIST_NAME @ptr_12 @ptr_13 SL:MUSIC_ARTIST_NAME] IN:PLAY_MUSIC]
Please play the latest Willie Nelson song	Please Ġplay Ġthe Ġlatest ĠWillie ĠNelson Ġsong	[IN:PLAY_MUSIC @ptr_0 @ptr_1 @ptr_2 @ptr_3 [SL:MUSIC_ARTIST_NAME @ptr_4 @ptr_5 SL:MUSIC_ARTIST_NAME] [SL:MUSIC_TYPE @ptr_6 SL:MUSIC_TYPE] IN:PLAY_MUSIC]
play Jeezy	play ĠJ ee zy	[IN:PLAY_MUSIC @ptr_0 [SL:MUSIC_ARTIST_NAME @ptr_1 @ptr_2 @ptr_3 SL:MUSIC_ARTIST_NAME] IN:PLAY_MUSIC]
May I listen to Demi Lovato 's newest single ?	May ĠI Ġlisten Ġto ĠDem i ĠLov ato Ġ' s Ġnewest Ġsingle Ġ?	[IN:PLAY_MUSIC @ptr_0 @ptr_1 @ptr_2 @ptr_3 [SL:MUSIC_ARTIST_NAME @ptr_4 @ptr_5 @ptr_6 @ptr_7 SL:MUSIC_ARTIST_NAME] @ptr_8 @ptr_9 @ptr_10 [SL:MUSIC_TYPE @ptr_11 SL:MUSIC_TYPE] @ptr_12 IN:PLAY_MUSIC]
shuffle play this album	sh uffle Ġplay Ġthis Ġalbum	[IN:START_SHUFFLE_MUSIC @ptr_0 @ptr_1 @ptr_2 @ptr_3 [SL:MUSIC_TYPE @ptr_4 SL:MUSIC_TYPE] IN:START_SHUFFLE_MUSIC]
Shuffle the music	Sh uffle Ġthe Ġmusic	[IN:START_SHUFFLE_MUSIC @ptr_0 @ptr_1 @ptr_2 [SL:MUSIC_TYPE @ptr_3 SL:MUSIC_TYPE] IN:START_SHUFFLE_MUSIC]
Shuffle all songs on the rap list	Sh uffle Ġall Ġsongs Ġon Ġthe Ġrap Ġlist	[IN:START_SHUFFLE_MUSIC @ptr_0 @ptr_1 @ptr_2 [SL:MUSIC_TYPE @ptr_3 SL:MUSIC_TYPE] @ptr_4 @ptr_5 [SL:MUSIC_GENRE @ptr_6 SL:MUSIC_GENRE] @ptr_7 IN:START_SHUFFLE_MUSIC]
Place all playlists on shuffle when beginning Pandora .	Place Ġall Ġplay lists Ġon Ġshuffle Ġwhen Ġbeginning ĠPandora Ġ.	[IN:START_SHUFFLE_MUSIC @ptr_0 @ptr_1 [SL:MUSIC_TYPE @ptr_2 @ptr_3 SL:MUSIC_TYPE] @ptr_4 @ptr_5 @ptr_6 @ptr_7 [SL:MUSIC_PROVIDER_NAME @ptr_8 SL:MUSIC_PROVIDER_NAME] @ptr_9 IN:START_SHUFFLE_MUSIC]
play on shuffle my ambient music playlist	play Ġon Ġshuffle Ġmy Ġambient Ġmusic Ġplaylist	[IN:START_SHUFFLE_MUSIC @ptr_0 @ptr_1 @ptr_2 @ptr_3 [SL:MUSIC_PLAYLIST_TITLE @ptr_4 @ptr_5 SL:MUSIC_PLAYLIST_TITLE] [SL:MUSIC_TYPE @ptr_6 SL:MUSIC_TYPE] IN:START_SHUFFLE_MUSIC]
I do not like that song and do not want to hear it	I Ġdo Ġnot Ġlike Ġthat Ġsong Ġand Ġdo Ġnot Ġwant Ġto Ġhear Ġit	[IN:DISLIKE_MUSIC @ptr_0 @ptr_1 @ptr_2 @ptr_3 @ptr_4 [SL:MUSIC_TYPE @ptr_5 SL:MUSIC_TYPE] @ptr_6 @ptr_7 @ptr_8 @ptr_9 @ptr_10 @ptr_11 @ptr_12 IN:DISLIKE_MUSIC]
thumbs down on this song	th umbs Ġdown Ġon Ġthis Ġsong	[IN:DISLIKE_MUSIC @ptr_0 @ptr_1 @ptr_2 @ptr_3 @ptr_4 [SL:MUSIC_TYPE @ptr_5 SL:MUSIC_TYPE] IN:DISLIKE_MUSIC]
Dislike song	Dis like Ġsong	[IN:DISLIKE_MUSIC @ptr_0 @ptr_1 [SL:MUSIC_TYPE @ptr_2 SL:MUSIC_TYPE] IN:DISLIKE_MUSIC]
thumbs down this song	th umbs Ġdown Ġthis Ġsong	[IN:DISLIKE_MUSIC @ptr_0 @ptr_1 @ptr_2 @ptr_3 [SL:MUSIC_TYPE @ptr_4 SL:MUSIC_TYPE] IN:DISLIKE_MUSIC]
can you unlike this song for me	can Ġyou Ġunlike Ġthis Ġsong Ġfor Ġme	[IN:DISLIKE_MUSIC @ptr_0 @ptr_1 @ptr_2 @ptr_3 [SL:MUSIC_TYPE @ptr_4 SL:MUSIC_TYPE] @ptr_5 @ptr_6 IN:DISLIKE_MUSIC]
I don't want any country music on my playlist right now .	I Ġdon 't Ġwant Ġany Ġcountry Ġmusic Ġon Ġmy Ġplaylist Ġright Ġnow Ġ.	[IN:REMOVE_FROM_PLAYLIST_MUSIC @ptr_0 @ptr_1 @ptr_2 @ptr_3 @ptr_4 [SL:MUSIC_GENRE @ptr_5 SL:MUSIC_GENRE] [SL:MUSIC_TYPE @ptr_6 SL:MUSIC_TYPE] @ptr_7 @ptr_8 [SL:MUSIC_TYPE @ptr_9 SL:MUSIC_TYPE] @ptr_10 @ptr_11 @ptr_12 IN:REMOVE_FROM_PLAYLIST_MUSIC]
Delete all Kid Rock music	Delete Ġall ĠKid ĠRock Ġmusic	[IN:REMOVE_FROM_PLAYLIST_MUSIC @ptr_0 @ptr_1 [SL:MUSIC_ARTIST_NAME @ptr_2 @ptr_3 SL:MUSIC_ARTIST_NAME] [SL:MUSIC_TYPE @ptr_4 SL:MUSIC_TYPE] IN:REMOVE_FROM_PLAYLIST_MUSIC]
delete Justin Bieber from my pandora	delete ĠJustin ĠBieber Ġfrom Ġmy Ġpand ora	[IN:REMOVE_FROM_PLAYLIST_MUSIC @ptr_0 [SL:MUSIC_ARTIST_NAME @ptr_1 @ptr_2 SL:MUSIC_ARTIST_NAME] @ptr_3 @ptr_4 [SL:MUSIC_PROVIDER_NAME @ptr_5 @ptr_6 SL:MUSIC_PROVIDER_NAME] IN:REMOVE_FROM_PLAYLIST_MUSIC]
delete this song from playlist	delete Ġthis Ġsong Ġfrom Ġplaylist	[IN:REMOVE_FROM_PLAYLIST_MUSIC @ptr_0 @ptr_1 [SL:MUSIC_TYPE @ptr_2 SL:MUSIC_TYPE] @ptr_3 [SL:MUSIC_TYPE @ptr_4 SL:MUSIC_TYPE] IN:REMOVE_FROM_PLAYLIST_MUSIC]
Skip all rap songs	Skip Ġall Ġrap Ġsongs	[IN:REMOVE_FROM_PLAYLIST_MUSIC @ptr_0 @ptr_1 [SL:MUSIC_GENRE @ptr_2 SL:MUSIC_GENRE] [SL:MUSIC_TYPE @ptr_3 SL:MUSIC_TYPE] IN:REMOVE_FROM_PLAYLIST_MUSIC]
I like this song	I Ġlike Ġthis Ġsong	[IN:LIKE_MUSIC @ptr_0 @ptr_1 @ptr_2 [SL:MUSIC_TYPE @ptr_3 SL:MUSIC_TYPE] IN:LIKE_MUSIC]
Give this song a thumbs up	Give Ġthis Ġsong Ġa Ġthumbs Ġup	[IN:LIKE_MUSIC @ptr_0 @ptr_1 [SL:MUSIC_TYPE @ptr_2 SL:MUSIC_TYPE] @ptr_3 @ptr_4 @ptr_5 IN:LIKE_MUSIC]
Favorite this	Favorite Ġthis	[IN:LIKE_MUSIC @ptr_0 @ptr_1 IN:LIKE_MUSIC]
Thumbs up this song	Th umbs Ġup Ġthis Ġsong	[IN:LIKE_MUSIC @ptr_0 @ptr_1 @ptr_2 @ptr_3 [SL:MUSIC_TYPE @ptr_4 SL:MUSIC_TYPE] IN:LIKE_MUSIC]
Give this song a thumbs up	Give Ġthis Ġsong Ġa Ġthumbs Ġup	[IN:LIKE_MUSIC @ptr_0 @ptr_1 [SL:MUSIC_TYPE @ptr_2 SL:MUSIC_TYPE] @ptr_3 @ptr_4 @ptr_5 IN:LIKE_MUSIC]
can i listen to the soundtrack from hamilton	can Ġi Ġlisten Ġto Ġthe Ġsoundtrack Ġfrom Ġham ilton	[IN:PLAY_MUSIC @ptr_0 @ptr_1 @ptr_2 @ptr_3 @ptr_4 [SL:MUSIC_TYPE @ptr_5 SL:MUSIC_TYPE] @ptr_6 [SL:MUSIC_ALBUM_TITLE @ptr_7 @ptr_8 SL:MUSIC_ALBUM_TITLE] IN:PLAY_MUSIC]
Play Emotionalism album on Spotify .	Play ĠEm otional ism Ġalbum Ġon ĠSpotify Ġ.	[IN:PLAY_MUSIC @ptr_0 [SL:MUSIC_ALBUM_TITLE @ptr_1 @ptr_2 @ptr_3 SL:MUSIC_ALBUM_TITLE] [SL:MUSIC_TYPE @ptr_4 SL:MUSIC_TYPE] @ptr_5 [SL:MUSIC_PROVIDER_NAME @ptr_6 SL:MUSIC_PROVIDER_NAME] @ptr_7 IN:PLAY_MUSIC]
please play beyonce lemonade album	please Ġplay Ġbe yon ce Ġlemon ade Ġalbum	[IN:PLAY_MUSIC @ptr_0 @ptr_1 [SL:MUSIC_ARTIST_NAME @ptr_2 @ptr_3 @ptr_4 SL:MUSIC_ARTIST_NAME] [SL:MUSIC_ALBUM_TITLE @ptr_5 @ptr_6 SL:MUSIC_ALBUM_TITLE] [SL:MUSIC_TYPE @ptr_7 SL:MUSIC_TYPE] IN:PLAY_MUSIC]
play quake game music	play Ġquake Ġgame Ġmusic	[IN:PLAY_MUSIC @ptr_0 [SL:MUSIC_ALBUM_TITLE @ptr_1 SL:MUSIC_ALBUM_TITLE] @ptr_2 [SL:MUSIC_TYPE @ptr_3 SL:MUSIC_TYPE] IN:PLAY_MUSIC]
Play Adele 's album 19 .	Play ĠAd ele Ġ' s Ġalbum Ġ19 Ġ.	[IN:PLAY_MUSIC @ptr_0 [SL:MUSIC_ARTIST_NAME @ptr_1 @ptr_2 SL:MUSIC_ARTIST_NAME] @ptr_3 @ptr_4 [SL:MUSIC_TYPE @ptr_5 SL:MUSIC_TYPE] [SL:MUSIC_ALBUM_TITLE @ptr_6 SL:MUSIC_ALBUM_TITLE] @ptr_7 IN:PLAY_MUSIC]
create a greatest hits for Russian music on Pandora please	create Ġa Ġgreatest Ġhits Ġfor ĠRussian Ġmusic Ġon ĠPandora Ġplease	[IN:CREATE_PLAYLIST_MUSIC @ptr_0 @ptr_1 [SL:MUSIC_PLAYLIST_TITLE @ptr_2 @ptr_3 SL:MUSIC_PLAYLIST_TITLE] @ptr_4 [SL:MUSIC_GENRE @ptr_5 SL:MUSIC_GENRE] [SL:MUSIC_TYPE @ptr_6 SL:MUSIC_TYPE] @ptr_7 [SL:MUSIC_PROVIDER_NAME @ptr_8 SL:MUSIC_PROVIDER_NAME] @ptr_9 IN:CREATE_PLAYLIST_MUSIC]
create a best hits for k - pop music on pandora	create Ġa Ġbest Ġhits Ġfor Ġk Ġ- Ġpop Ġmusic Ġon Ġpand ora	[IN:CREATE_PLAYLIST_MUSIC @ptr_0 @ptr_1 [SL:MUSIC_PLAYLIST_TITLE @ptr_2 @ptr_3 SL:MUSIC_PLAYLIST_TITLE] @ptr_4 [SL:MUSIC_GENRE @ptr_5 @ptr_6 @ptr_7 SL:MUSIC_GENRE] [SL:MUSIC_TYPE @ptr_8 SL:MUSIC_TYPE] @ptr_9 [SL:MUSIC_PROVIDER_NAME @ptr_10 @ptr_11 SL:MUSIC_PROVIDER_NAME] IN:CREATE_PLAYLIST_MUSIC]
Create list of favorite songs .	Create Ġlist Ġof Ġfavorite Ġsongs Ġ.	[IN:CREATE_PLAYLIST_MUSIC @ptr_0 @ptr_1 @ptr_2 [SL:MUSIC_PLAYLIST_TITLE @ptr_3 SL:MUSIC_PLAYLIST_TITLE] [SL:MUSIC_TYPE @ptr_4 SL:MUSIC_TYPE] @ptr_5 IN:CREATE_PLAYLIST_MUSIC]
Create new playlist	Create Ġnew Ġplaylist	[IN:CREATE_PLAYLIST_MUSIC @ptr_0 @ptr_1 [SL:MUSIC_TYPE @ptr_2 SL:MUSIC_TYPE] IN:CREATE_PLAYLIST_MUSIC]
create playlist for artist	create Ġplaylist Ġfor Ġartist	[IN:CREATE_PLAYLIST_MUSIC @ptr_0 [SL:MUSIC_TYPE @ptr_1 SL:MUSIC_TYPE] @ptr_2 @ptr_3 IN:CREATE_PLAYLIST_MUSIC]
I want Spotify stopped	I Ġwant ĠSpotify Ġstopped	[IN:STOP_MUSIC @ptr_0 @ptr_1 [SL:MUSIC_PROVIDER_NAME @ptr_2 SL:MUSIC_PROVIDER_NAME] @ptr_3 IN:STOP_MUSIC]
stop this track	stop Ġthis Ġtrack	[IN:STOP_MUSIC @ptr_0 @ptr_1 [SL:MUSIC_TYPE @ptr_2 SL:MUSIC_TYPE] IN:STOP_MUSIC]
I want Spotify to stop now	I Ġwant ĠSpotify Ġto Ġstop Ġnow	[IN:STOP_MUSIC @ptr_0 @ptr_1 [SL:MUSIC_PROVIDER_NAME @ptr_2 SL:MUSIC_PROVIDER_NAME] @ptr_3 @ptr_4 @ptr_5 IN:STOP_MUSIC]
Turn off the music	Turn Ġoff Ġthe Ġmusic	[IN:STOP_MUSIC @ptr_0 @ptr_1 @ptr_2 [SL:MUSIC_TYPE @ptr_3 SL:MUSIC_TYPE] IN:STOP_MUSIC]
Turn my music off	Turn Ġmy Ġmusic Ġoff	[IN:STOP_MUSIC @ptr_0 @ptr_1 [SL:MUSIC_TYPE @ptr_2 SL:MUSIC_TYPE] @ptr_3 IN:STOP_MUSIC]
Listen to the latest episode of Bill Simmons podcast	Listen Ġto Ġthe Ġlatest Ġepisode Ġof ĠBill ĠSimmons Ġpodcast	[IN:UNSUPPORTED_MUSIC @ptr_0 @ptr_1 @ptr_2 @ptr_3 @ptr_4 @ptr_5 @ptr_6 @ptr_7 @ptr_8 IN:UNSUPPORTED_MUSIC]
how many music stations have i created	how Ġmany Ġmusic Ġstations Ġhave Ġi Ġcreated	[IN:UNSUPPORTED_MUSIC @ptr_0 @ptr_1 [SL:MUSIC_TYPE @ptr_2 SL:MUSIC_TYPE] [SL:MUSIC_TYPE @ptr_3 SL:MUSIC_TYPE] @ptr_4 @ptr_5 @ptr_6 IN:UNSUPPORTED_MUSIC]
play artists like this	play Ġartists Ġlike Ġthis	[IN:UNSUPPORTED_MUSIC @ptr_0 @ptr_1 @ptr_2 @ptr_3 IN:UNSUPPORTED_MUSIC]
Replay this song two times	Re play Ġthis Ġsong Ġtwo Ġtimes	[IN:UNSUPPORTED_MUSIC @ptr_0 @ptr_1 @ptr_2 [SL:MUSIC_TYPE @ptr_3 SL:MUSIC_TYPE] @ptr_4 @ptr_5 IN:UNSUPPORTED_MUSIC]
delay this song	delay Ġthis Ġsong	[IN:UNSUPPORTED_MUSIC @ptr_0 @ptr_1 [SL:MUSIC_TYPE @ptr_2 SL:MUSIC_TYPE] IN:UNSUPPORTED_MUSIC]
Add this to my playlist	Add Ġthis Ġto Ġmy Ġplaylist	[IN:ADD_TO_PLAYLIST_MUSIC @ptr_0 @ptr_1 @ptr_2 @ptr_3 [SL:MUSIC_TYPE @ptr_4 SL:MUSIC_TYPE] IN:ADD_TO_PLAYLIST_MUSIC]
Add " Baby Got Back " to " booty music " playlist .	Add Ġ" ĠBaby ĠGot ĠBack Ġ" Ġto Ġ" Ġboot y Ġmusic Ġ" Ġplaylist Ġ.	[IN:ADD_TO_PLAYLIST_MUSIC @ptr_0 @ptr_1 [SL:MUSIC_TRACK_TITLE @ptr_2 @ptr_3 @ptr_4 SL:MUSIC_TRACK_TITLE] @ptr_5 @ptr_6 @ptr_7 [SL:MUSIC_PLAYLIST_TITLE @ptr_8 @ptr_9 @ptr_10 SL:MUSIC_PLAYLIST_TITLE] @ptr_11 [SL:MUSIC_TYPE @ptr_12 SL:MUSIC_TYPE] @ptr_13 IN:ADD_TO_PLAYLIST_MUSIC]
add this to my favorites	add Ġthis Ġto Ġmy Ġfavorites	[IN:ADD_TO_PLAYLIST_MUSIC @ptr_0 @ptr_1 @ptr_2 [SL:MUSIC_PLAYLIST_TITLE @ptr_3 @ptr_4 SL:MUSIC_PLAYLIST_TITLE] IN:ADD_TO_PLAYLIST_MUSIC]
add this song to my list	add Ġthis Ġsong Ġto Ġmy Ġlist	[IN:ADD_TO_PLAYLIST_MUSIC @ptr_0 @ptr_1 [SL:MUSIC_TYPE @ptr_2 SL:MUSIC_TYPE] @ptr_3 @ptr_4 [SL:MUSIC_TYPE @ptr_5 SL:MUSIC_TYPE] IN:ADD_TO_PLAYLIST_MUSIC]
Can you add this song to me Rock playlist on Spotify ?	Can Ġyou Ġadd Ġthis Ġsong Ġto Ġme ĠRock Ġplaylist Ġon ĠSpotify Ġ?	[IN:ADD_TO_PLAYLIST_MUSIC @ptr_0 @ptr_1 @ptr_2 @ptr_3 [SL:MUSIC_TYPE @ptr_4 SL:MUSIC_TYPE] @ptr_5 @ptr_6 [SL:MUSIC_PLAYLIST_TITLE @ptr_7 SL:MUSIC_PLAYLIST_TITLE] [SL:MUSIC_TYPE @ptr_8 SL:MUSIC_TYPE] @ptr_9 [SL:MUSIC_PROVIDER_NAME @ptr_10 SL:MUSIC_PROVIDER_NAME] @ptr_11 IN:ADD_TO_PLAYLIST_MUSIC]
play 104.1 station on iheartradio	play Ġ104 . 1 Ġstation Ġon Ġi heart radio	[IN:PLAY_MUSIC @ptr_0 [SL:MUSIC_RADIO_ID @ptr_1 @ptr_2 @ptr_3 SL:MUSIC_RADIO_ID] [SL:MUSIC_TYPE @ptr_4 SL:MUSIC_TYPE] @ptr_5 [SL:MUSIC_PROVIDER_NAME @ptr_6 @ptr_7 @ptr_8 SL:MUSIC_PROVIDER_NAME] IN:PLAY_MUSIC]
i want to hear 1510 on iheartradio	i Ġwant Ġto Ġhear Ġ15 10 Ġon Ġi heart radio	[IN:PLAY_MUSIC @ptr_0 @ptr_1 @ptr_2 @ptr_3 [SL:MUSIC_RADIO_ID @ptr_4 @ptr_5 SL:MUSIC_RADIO_ID] @ptr_6 [SL:MUSIC_PROVIDER_NAME @ptr_7 @ptr_8 @ptr_9 SL:MUSIC_PROVIDER_NAME] IN:PLAY_MUSIC]
play WRLX radio	play ĠW RL X Ġradio	[IN:PLAY_MUSIC @ptr_0 [SL:MUSIC_RADIO_ID @ptr_1 @ptr_2 @ptr_3 SL:MUSIC_RADIO_ID] [SL:MUSIC_TYPE @ptr_4 SL:MUSIC_TYPE] IN:PLAY_MUSIC]
play KRRL radio	play ĠKR RL Ġradio	[IN:PLAY_MUSIC @ptr_0 [SL:MUSIC_RADIO_ID @ptr_1 @ptr_2 SL:MUSIC_RADIO_ID] [SL:MUSIC_TYPE @ptr_3 SL:MUSIC_TYPE] IN:PLAY_MUSIC]
iheartradio KPAW	i heart radio ĠK PA W	[IN:PLAY_MUSIC [SL:MUSIC_PROVIDER_NAME @ptr_0 @ptr_1 @ptr_2 SL:MUSIC_PROVIDER_NAME] [SL:MUSIC_RADIO_ID @ptr_3 @ptr_4 @ptr_5 SL:MUSIC_RADIO_ID] IN:PLAY_MUSIC]
