Set reminder to make hair appointment at 2	Set Ġreminder Ġto Ġmake Ġhair Ġappointment Ġat Ġ2	[IN:CREATE_REMINDER @ptr_0 @ptr_1 @ptr_2 [SL:TODO @ptr_3 @ptr_4 @ptr_5 SL:TODO] [SL:DATE_TIME @ptr_6 @ptr_7 SL:DATE_TIME] IN:CREATE_REMINDER]
remind me to pick up my prescription tomorrow	rem ind Ġme Ġto Ġpick Ġup Ġmy Ġprescription Ġtomorrow	[IN:CREATE_REMINDER @ptr_0 @ptr_1 [SL:PERSON_REMINDED @ptr_2 SL:PERSON_REMINDED] @ptr_3 [SL:TODO @ptr_4 @ptr_5 @ptr_6 @ptr_7 SL:TODO] [SL:DATE_TIME @ptr_8 SL:DATE_TIME] IN:CREATE_REMINDER]
Set reminder for car payment every 25th of the month	Set Ġreminder Ġfor Ġcar Ġpayment Ġevery Ġ25 th Ġof Ġthe Ġmonth	[IN:CREATE_REMINDER @ptr_0 @ptr_1 @ptr_2 [SL:TODO @ptr_3 @ptr_4 SL:TODO] [SL:RECURRING_DATE_TIME [IN:GET_RECURRING_DATE_TIME [SL:FREQUENCY @ptr_5 @ptr_6 @ptr_7 @ptr_8 @ptr_9 @ptr_10 SL:FREQUENCY] IN:GET_RECURRING_DATE_TIME] SL:RECURRING_DATE_TIME] IN:CREATE_REMINDER]
Set an alert to Davis to take out the trash every Tuesday	Set Ġan Ġalert Ġto ĠDavis Ġto Ġtake Ġout Ġthe Ġtrash Ġevery ĠTuesday	[IN:CREATE_REMINDER @ptr_0 @ptr_1 @ptr_2 @ptr_3 [SL:PERSON_REMINDED @ptr_4 SL:PERSON_REMINDED] @ptr_5 [SL:TODO @ptr_6 @ptr_7 @ptr_8 @ptr_9 SL:TODO] [SL:RECURRING_DATE_TIME [IN:GET_RECURRING_DATE_TIME [SL:FREQUENCY @ptr_10 @ptr_11 SL:FREQUENCY] IN:GET_RECURRING_DATE_TIME] SL:RECURRING_DATE_TIME] IN:CREATE_REMINDER]
Remind me to take the turkey out of the oven in 2 hours .	Rem ind Ġme Ġto Ġtake Ġthe Ġturkey Ġout Ġof Ġthe Ġoven Ġin Ġ2 Ġhours Ġ.	[IN:CREATE_REMINDER @ptr_0 @ptr_1 [SL:PERSON_REMINDED @ptr_2 SL:PERSON_REMINDED] @ptr_3 [SL:TODO @ptr_4 @ptr_5 @ptr_6 @ptr_7 @ptr_8 @ptr_9 @ptr_10 SL:TODO] [SL:DATE_TIME @ptr_11 @ptr_12 @ptr_13 SL:DATE_TIME] @ptr_14 IN:CREATE_REMINDER]
alert me 10 minutes before my 5 am appointment on friday	alert Ġme Ġ10 Ġminutes Ġbefore Ġmy Ġ5 Ġam Ġappointment Ġon Ġfr iday	[IN:CREATE_REMINDER @ptr_0 [SL:PERSON_REMINDED @ptr_1 SL:PERSON_REMINDED] [SL:DATE_TIME @ptr_2 @ptr_3 @ptr_4 SL:DATE_TIME] [SL:TODO [IN:GET_TODO @ptr_5 [SL:DATE_TIME @ptr_6 @ptr_7 SL:DATE_TIME] [SL:TODO @ptr_8 SL:TODO] [SL:DATE_TIME @ptr_9 @ptr_10 @ptr_11 SL:DATE_TIME] IN:GET_TODO] SL:TODO] IN:CREATE_REMINDER]
Please create a reminder on Monday evening for me to reach out to Jason and find out how the pitch meeting went .	Please Ġcreate Ġa Ġreminder Ġon ĠMonday Ġevening Ġfor Ġme Ġto Ġreach Ġout Ġto ĠJason Ġand Ġfind Ġout Ġhow Ġthe Ġpitch Ġmeeting Ġwent Ġ.	[IN:CREATE_REMINDER @ptr_0 @ptr_1 @ptr_2 @ptr_3 [SL:DATE_TIME @ptr_4 @ptr_5 @ptr_6 SL:DATE_TIME] @ptr_7 [SL:PERSON_REMINDED @ptr_8 SL:PERSON_REMINDED] @ptr_9 [SL:TODO @ptr_10 @ptr_11 @ptr_12 @ptr_13 @ptr_14 @ptr_15 @ptr_16 @ptr_17 @ptr_18 @ptr_19 @ptr_20 @ptr_21 SL:TODO] @ptr_22 IN:CREATE_REMINDER]
I need a break this weekend , delete all my chore list reminders for this weekend .	I Ġneed Ġa Ġbreak Ġthis Ġweekend Ġ, Ġdelete Ġall Ġmy Ġchore Ġlist Ġreminders Ġfor Ġthis Ġweekend Ġ.	[IN:DELETE_REMINDER @ptr_0 @ptr_1 @ptr_2 @ptr_3 @ptr_4 @ptr_5 @ptr_6 @ptr_7 [SL:AMOUNT @ptr_8 SL:AMOUNT] [SL:PERSON_REMINDED @ptr_9 SL:PERSON_REMINDED] [SL:TODO @ptr_10 @ptr_11 SL:TODO] @ptr_12 [SL:DATE_TIME @ptr_13 @ptr_14 @ptr_15 SL:DATE_TIME] @ptr_16 IN:DELETE_REMINDER]
Remind me to buy a gift for mom 's birthday before Sunday morning .	Rem ind Ġme Ġto Ġbuy Ġa Ġgift Ġfor Ġmom Ġ' s Ġbirthday Ġbefore ĠSunday Ġmorning Ġ.	[IN:CREATE_REMINDER @ptr_0 @ptr_1 [SL:PERSON_REMINDED @ptr_2 SL:PERSON_REMINDED] @ptr_3 [SL:TODO @ptr_4 @ptr_5 @ptr_6 @ptr_7 @ptr_8 @ptr_9 @ptr_10 @ptr_11 SL:TODO] [SL:DATE_TIME @ptr_12 @ptr_13 @ptr_14 SL:DATE_TIME] @ptr_15 IN:CREATE_REMINDER]
Remind me I have a doctors appointment on the 5th	Rem ind Ġme ĠI Ġhave Ġa Ġdoctors Ġappointment Ġon Ġthe Ġ5 th	[IN:CREATE_REMINDER @ptr_0 @ptr_1 [SL:PERSON_REMINDED @ptr_2 SL:PERSON_REMINDED] @ptr_3 @ptr_4 [SL:TODO @ptr_5 @ptr_6 @ptr_7 SL:TODO] [SL:DATE_TIME @ptr_8 @ptr_9 @ptr_10 @ptr_11 SL:DATE_TIME] IN:CREATE_REMINDER]
Set a reminder for every Thursday at 5 pm for the volleyball game .	Set Ġa Ġreminder Ġfor Ġevery ĠThursday Ġat Ġ5 Ġpm Ġfor Ġthe Ġvolleyball Ġgame Ġ.	[IN:CREATE_REMINDER @ptr_0 @ptr_1 @ptr_2 [SL:RECURRING_DATE_TIME [IN:GET_RECURRING_DATE_TIME [SL:FREQUENCY @ptr_3 @ptr_4 @ptr_5 SL:FREQUENCY] [SL:DATE_TIME @ptr_6 @ptr_7 @ptr_8 SL:DATE_TIME] IN:GET_RECURRING_DATE_TIME] SL:RECURRING_DATE_TIME] @ptr_9 [SL:TODO @ptr_10 @ptr_11 @ptr_12 SL:TODO] @ptr_13 IN:CREATE_REMINDER]
Remind me to take the dog to the groomer after church	Rem ind Ġme Ġto Ġtake Ġthe Ġdog Ġto Ġthe Ġgroom er Ġafter Ġchurch	[IN:CREATE_REMINDER @ptr_0 @ptr_1 [SL:PERSON_REMINDED @ptr_2 SL:PERSON_REMINDED] @ptr_3 [SL:TODO @ptr_4 @ptr_5 @ptr_6 @ptr_7 @ptr_8 @ptr_9 @ptr_10 @ptr_11 @ptr_12 SL:TODO] IN:CREATE_REMINDER]
Delete all reminders from work .	Delete Ġall Ġreminders Ġfrom Ġwork Ġ.	[IN:DELETE_REMINDER @ptr_0 [SL:AMOUNT @ptr_1 SL:AMOUNT] @ptr_2 @ptr_3 [SL:TODO @ptr_4 SL:TODO] @ptr_5 IN:DELETE_REMINDER]
Make me a reminder to refill Larry 's prescription on Friday .	Make Ġme Ġa Ġreminder Ġto Ġrefill ĠLarry Ġ' s Ġprescription Ġon ĠFriday Ġ.	[IN:CREATE_REMINDER @ptr_0 [SL:PERSON_REMINDED @ptr_1 SL:PERSON_REMINDED] @ptr_2 @ptr_3 @ptr_4 [SL:TODO @ptr_5 @ptr_6 @ptr_7 @ptr_8 @ptr_9 SL:TODO] [SL:DATE_TIME @ptr_10 @ptr_11 SL:DATE_TIME] @ptr_12 IN:CREATE_REMINDER]
remind me to turn on the stove at 7 : 45 tonight	rem ind Ġme Ġto Ġturn Ġon Ġthe Ġstove Ġat Ġ7 Ġ: Ġ45 Ġtonight	[IN:CREATE_REMINDER @ptr_0 @ptr_1 [SL:PERSON_REMINDED @ptr_2 SL:PERSON_REMINDED] @ptr_3 [SL:TODO @ptr_4 @ptr_5 @ptr_6 @ptr_7 SL:TODO] [SL:DATE_TIME @ptr_8 @ptr_9 @ptr_10 @ptr_11 @ptr_12 SL:DATE_TIME] IN:CREATE_REMINDER]
Give me a reminder every morning at 5 : 30 am to wake up .	Give Ġme Ġa Ġreminder Ġevery Ġmorning Ġat Ġ5 Ġ: Ġ30 Ġam Ġto Ġwake Ġup Ġ.	[IN:CREATE_REMINDER @ptr_0 [SL:PERSON_REMINDED @ptr_1 SL:PERSON_REMINDED] @ptr_2 @ptr_3 [SL:RECURRING_DATE_TIME [IN:GET_RECURRING_DATE_TIME [SL:FREQUENCY @ptr_4 @ptr_5 SL:FREQUENCY] [SL:DATE_TIME @ptr_6 @ptr_7 @ptr_8 @ptr_9 @ptr_10 SL:DATE_TIME] IN:GET_RECURRING_DATE_TIME] SL:RECURRING_DATE_TIME] @ptr_11 [SL:TODO @ptr_12 @ptr_13 SL:TODO] @ptr_14 IN:CREATE_REMINDER]
Remind Stephan to roast the Cheetos every night at midnight .	Rem ind ĠStephan Ġto Ġroast Ġthe ĠChe et os Ġevery Ġnight Ġat Ġmidnight Ġ.	[IN:CREATE_REMINDER @ptr_0 @ptr_1 [SL:PERSON_REMINDED @ptr_2 SL:PERSON_REMINDED] @ptr_3 [SL:TODO @ptr_4 @ptr_5 @ptr_6 @ptr_7 @ptr_8 SL:TODO] [SL:RECURRING_DATE_TIME [IN:GET_RECURRING_DATE_TIME [SL:FREQUENCY @ptr_9 @ptr_10 SL:FREQUENCY] [SL:DATE_TIME @ptr_11 @ptr_12 SL:DATE_TIME] IN:GET_RECURRING_DATE_TIME] SL:RECURRING_DATE_TIME] @ptr_13 IN:CREATE_REMINDER]
Please add a reminder to take my vitamins every morning at 6 : 30 .	Please Ġadd Ġa Ġreminder Ġto Ġtake Ġmy Ġvitamins Ġevery Ġmorning Ġat Ġ6 Ġ: Ġ30 Ġ.	[IN:CREATE_REMINDER @ptr_0 @ptr_1 @ptr_2 @ptr_3 @ptr_4 [SL:TODO @ptr_5 @ptr_6 @ptr_7 SL:TODO] [SL:RECURRING_DATE_TIME [IN:GET_RECURRING_DATE_TIME [SL:FREQUENCY @ptr_8 @ptr_9 SL:FREQUENCY] [SL:DATE_TIME @ptr_10 @ptr_11 @ptr_12 @ptr_13 SL:DATE_TIME] IN:GET_RECURRING_DATE_TIME] SL:RECURRING_DATE_TIME] @ptr_14 IN:CREATE_REMINDER]
I need help remembering to take my birth control pill everyday before bed at 9 : 30 pm set an alert 10 minutes before and ten minutes after	I Ġneed Ġhelp Ġremembering Ġto Ġtake Ġmy Ġbirth Ġcontrol Ġpill Ġeveryday Ġbefore Ġbed Ġat Ġ9 Ġ: Ġ30 Ġpm Ġset Ġan Ġalert Ġ10 Ġminutes Ġbefore Ġand Ġten Ġminutes Ġafter	[IN:CREATE_REMINDER [SL:PERSON_REMINDED @ptr_0 SL:PERSON_REMINDED] @ptr_1 @ptr_2 @ptr_3 @ptr_4 [SL:TODO [IN:GET_TODO [SL:TODO @ptr_5 @ptr_6 @ptr_7 @ptr_8 @ptr_9 SL:TODO] [SL:RECURRING_DATE_TIME [IN:GET_RECURRING_DATE_TIME [SL:FREQUENCY @ptr_10 SL:FREQUENCY] @ptr_11 @ptr_12 [SL:DATE_TIME @ptr_13 @ptr_14 @ptr_15 @ptr_16 @ptr_17 SL:DATE_TIME] IN:GET_RECURRING_DATE_TIME] SL:RECURRING_DATE_TIME] IN:GET_TODO] SL:TODO] @ptr_18 @ptr_19 @ptr_20 [SL:DATE_TIME @ptr_21 @ptr_22 @ptr_23 SL:DATE_TIME] @ptr_24 [SL:DATE_TIME @ptr_25 @ptr_26 @ptr_27 SL:DATE_TIME] IN:CREATE_REMINDER]
Set a bimonthly reminder to fertilize my lawn , starting this Saturday .	Set Ġa Ġb imon th ly Ġreminder Ġto Ġfertil ize Ġmy Ġlawn Ġ, Ġstarting Ġthis ĠSaturday Ġ.	[IN:CREATE_REMINDER @ptr_0 @ptr_1 [SL:RECURRING_DATE_TIME [IN:GET_RECURRING_DATE_TIME [SL:FREQUENCY @ptr_2 @ptr_3 @ptr_4 @ptr_5 SL:FREQUENCY] IN:GET_RECURRING_DATE_TIME] SL:RECURRING_DATE_TIME] @ptr_6 @ptr_7 [SL:TODO [IN:GET_TODO [SL:TODO @ptr_8 @ptr_9 @ptr_10 @ptr_11 SL:TODO] @ptr_12 @ptr_13 [SL:DATE_TIME @ptr_14 @ptr_15 SL:DATE_TIME] IN:GET_TODO] SL:TODO] @ptr_16 IN:CREATE_REMINDER]
Remind me to get dog food the 1st day of each month .	Rem ind Ġme Ġto Ġget Ġdog Ġfood Ġthe Ġ1 st Ġday Ġof Ġeach Ġmonth Ġ.	[IN:CREATE_REMINDER @ptr_0 @ptr_1 [SL:PERSON_REMINDED @ptr_2 SL:PERSON_REMINDED] @ptr_3 [SL:TODO @ptr_4 @ptr_5 @ptr_6 SL:TODO] [SL:RECURRING_DATE_TIME [IN:GET_RECURRING_DATE_TIME [SL:DATE_TIME @ptr_7 @ptr_8 @ptr_9 @ptr_10 SL:DATE_TIME] @ptr_11 [SL:FREQUENCY @ptr_12 @ptr_13 SL:FREQUENCY] IN:GET_RECURRING_DATE_TIME] SL:RECURRING_DATE_TIME] @ptr_14 IN:CREATE_REMINDER]
Can you remind me to check the mail at 3 PM everyday .	Can Ġyou Ġremind Ġme Ġto Ġcheck Ġthe Ġmail Ġat Ġ3 ĠPM Ġeveryday Ġ.	[IN:CREATE_REMINDER @ptr_0 @ptr_1 @ptr_2 [SL:PERSON_REMINDED @ptr_3 SL:PERSON_REMINDED] @ptr_4 [SL:TODO @ptr_5 @ptr_6 @ptr_7 SL:TODO] [SL:RECURRING_DATE_TIME [IN:GET_RECURRING_DATE_TIME [SL:DATE_TIME @ptr_8 @ptr_9 @ptr_10 SL:DATE_TIME] [SL:FREQUENCY @ptr_11 SL:FREQUENCY] IN:GET_RECURRING_DATE_TIME] SL:RECURRING_DATE_TIME] @ptr_12 IN:CREATE_REMINDER]
Reminder for a water filter change every 6 month	Rem inder Ġfor Ġa Ġwater Ġfilter Ġchange Ġevery Ġ6 Ġmonth	[IN:CREATE_REMINDER @ptr_0 @ptr_1 @ptr_2 [SL:TODO @ptr_3 @ptr_4 @ptr_5 @ptr_6 SL:TODO] [SL:RECURRING_DATE_TIME [IN:GET_RECURRING_DATE_TIME [SL:FREQUENCY @ptr_7 @ptr_8 @ptr_9 SL:FREQUENCY] IN:GET_RECURRING_DATE_TIME] SL:RECURRING_DATE_TIME] IN:CREATE_REMINDER]
Stop reminding me to exercise every day .	Stop Ġreminding Ġme Ġto Ġexercise Ġevery Ġday Ġ.	[IN:DELETE_REMINDER @ptr_0 @ptr_1 [SL:PERSON_REMINDED @ptr_2 SL:PERSON_REMINDED] @ptr_3 [SL:TODO @ptr_4 SL:TODO] [SL:RECURRING_DATE_TIME [IN:GET_RECURRING_DATE_TIME [SL:FREQUENCY @ptr_5 @ptr_6 SL:FREQUENCY] IN:GET_RECURRING_DATE_TIME] SL:RECURRING_DATE_TIME] @ptr_7 IN:DELETE_REMINDER]
Delete weekly reminder for Summer school meetings	Delete Ġweekly Ġreminder Ġfor ĠSummer Ġschool Ġmeetings	[IN:DELETE_REMINDER @ptr_0 [SL:RECURRING_DATE_TIME [IN:GET_RECURRING_DATE_TIME [SL:FREQUENCY @ptr_1 SL:FREQUENCY] IN:GET_RECURRING_DATE_TIME] SL:RECURRING_DATE_TIME] @ptr_2 @ptr_3 [SL:TODO @ptr_4 @ptr_5 @ptr_6 SL:TODO] IN:DELETE_REMINDER]
I have a video chat at 9 am on Friday , can you remind me on Thursday evening ?	I Ġhave Ġa Ġvideo Ġchat Ġat Ġ9 Ġam Ġon ĠFriday Ġ, Ġcan Ġyou Ġremind Ġme Ġon ĠThursday Ġevening Ġ?	[IN:CREATE_REMINDER @ptr_0 @ptr_1 @ptr_2 [SL:TODO [IN:GET_TODO [SL:TODO @ptr_3 @ptr_4 SL:TODO] [SL:DATE_TIME @ptr_5 @ptr_6 @ptr_7 @ptr_8 @ptr_9 SL:DATE_TIME] IN:GET_TODO] SL:TODO] @ptr_10 @ptr_11 @ptr_12 @ptr_13 [SL:PERSON_REMINDED @ptr_14 SL:PERSON_REMINDED] [SL:DATE_TIME @ptr_15 @ptr_16 @ptr_17 SL:DATE_TIME] @ptr_18 IN:CREATE_REMINDER]
Remind me tomorrow to make a dental appointment .	Rem ind Ġme Ġtomorrow Ġto Ġmake Ġa Ġdental Ġappointment Ġ.	[IN:CREATE_REMINDER @ptr_0 @ptr_1 [SL:PERSON_REMINDED @ptr_2 SL:PERSON_REMINDED] [SL:DATE_TIME @ptr_3 SL:DATE_TIME] @ptr_4 [SL:TODO @ptr_5 @ptr_6 @ptr_7 @ptr_8 SL:TODO] @ptr_9 IN:CREATE_REMINDER]
remind me to buy a can of beans tomorrow at 5 pm	rem ind Ġme Ġto Ġbuy Ġa Ġcan Ġof Ġbeans Ġtomorrow Ġat Ġ5 Ġpm	[IN:CREATE_REMINDER @ptr_0 @ptr_1 [SL:PERSON_REMINDED @ptr_2 SL:PERSON_REMINDED] @ptr_3 [SL:TODO @ptr_4 @ptr_5 @ptr_6 @ptr_7 @ptr_8 SL:TODO] [SL:DATE_TIME @ptr_9 @ptr_10 @ptr_11 @ptr_12 SL:DATE_TIME] IN:CREATE_REMINDER]
Set Reminder for 5 pm to turn Oven on to 425 degrees .	Set ĠRem inder Ġfor Ġ5 Ġpm Ġto Ġturn ĠO ven Ġon Ġto Ġ425 Ġdegrees Ġ.	[IN:CREATE_REMINDER @ptr_0 @ptr_1 @ptr_2 [SL:DATE_TIME @ptr_3 @ptr_4 @ptr_5 SL:DATE_TIME] @ptr_6 [SL:TODO @ptr_7 @ptr_8 @ptr_9 @ptr_10 @ptr_11 @ptr_12 @ptr_13 SL:TODO] @ptr_14 IN:CREATE_REMINDER]
What reminders do I have for today	What Ġreminders Ġdo ĠI Ġhave Ġfor Ġtoday	[IN:GET_REMINDER @ptr_0 @ptr_1 @ptr_2 [SL:PERSON_REMINDED @ptr_3 SL:PERSON_REMINDED] @ptr_4 [SL:DATE_TIME @ptr_5 @ptr_6 SL:DATE_TIME] IN:GET_REMINDER]
Please remind me every year of Dad 's birthday on September 21st .	Please Ġremind Ġme Ġevery Ġyear Ġof ĠDad Ġ' s Ġbirthday Ġon ĠSeptember Ġ21 st Ġ.	[IN:CREATE_REMINDER @ptr_0 @ptr_1 [SL:PERSON_REMINDED @ptr_2 SL:PERSON_REMINDED] [SL:RECURRING_DATE_TIME [IN:GET_RECURRING_DATE_TIME [SL:FREQUENCY @ptr_3 @ptr_4 SL:FREQUENCY] IN:GET_RECURRING_DATE_TIME] SL:RECURRING_DATE_TIME] @ptr_5 [SL:TODO [IN:GET_TODO [SL:TODO @ptr_6 @ptr_7 @ptr_8 @ptr_9 SL:TODO] [SL:DATE_TIME @ptr_10 @ptr_11 @ptr_12 @ptr_13 SL:DATE_TIME] IN:GET_TODO] SL:TODO] @ptr_14 IN:CREATE_REMINDER]
Update weekly dinner reminder to include burritos	Update Ġweekly Ġdinner Ġreminder Ġto Ġinclude Ġbur rit os	[IN:UPDATE_REMINDER_TODO @ptr_0 [SL:RECURRING_DATE_TIME [IN:GET_RECURRING_DATE_TIME [SL:FREQUENCY @ptr_1 SL:FREQUENCY] IN:GET_RECURRING_DATE_TIME] SL:RECURRING_DATE_TIME] [SL:TODO @ptr_2 SL:TODO] @ptr_3 @ptr_4 @ptr_5 [SL:TODO_NEW @ptr_6 @ptr_7 @ptr_8 SL:TODO_NEW] IN:UPDATE_REMINDER_TODO]
Remind me every hour for the next 8 hours	Rem ind Ġme Ġevery Ġhour Ġfor Ġthe Ġnext Ġ8 Ġhours	[IN:CREATE_REMINDER @ptr_0 @ptr_1 [SL:PERSON_REMINDED @ptr_2 SL:PERSON_REMINDED] [SL:RECURRING_DATE_TIME [IN:GET_RECURRING_DATE_TIME [SL:FREQUENCY @ptr_3 @ptr_4 SL:FREQUENCY] [SL:DATE_TIME @ptr_5 @ptr_6 @ptr_7 @ptr_8 @ptr_9 SL:DATE_TIME] IN:GET_RECURRING_DATE_TIME] SL:RECURRING_DATE_TIME] IN:CREATE_REMINDER]
remind me to brush my teeth twice a day	rem ind Ġme Ġto Ġbrush Ġmy Ġteeth Ġtwice Ġa Ġday	[IN:CREATE_REMINDER @ptr_0 @ptr_1 [SL:PERSON_REMINDED @ptr_2 SL:PERSON_REMINDED] @ptr_3 [SL:TODO @ptr_4 @ptr_5 @ptr_6 SL:TODO] [SL:RECURRING_DATE_TIME [IN:GET_RECURRING_DATE_TIME [SL:FREQUENCY @ptr_7 @ptr_8 @ptr_9 SL:FREQUENCY] IN:GET_RECURRING_DATE_TIME] SL:RECURRING_DATE_TIME] IN:CREATE_REMINDER]
please update my daily reminder to be weekly	please Ġupdate Ġmy Ġdaily Ġreminder Ġto Ġbe Ġweekly	[IN:UPDATE_REMINDER @ptr_0 @ptr_1 [SL:PERSON_REMINDED @ptr_2 SL:PERSON_REMINDED] [SL:RECURRING_DATE_TIME [IN:GET_RECURRING_DATE_TIME [SL:FREQUENCY @ptr_3 SL:FREQUENCY] IN:GET_RECURRING_DATE_TIME] SL:RECURRING_DATE_TIME] @ptr_4 @ptr_5 @ptr_6 [SL:RECURRING_DATE_TIME_NEW [IN:GET_RECURRING_DATE_TIME [SL:FREQUENCY @ptr_7 SL:FREQUENCY] IN:GET_RECURRING_DATE_TIME] SL:RECURRING_DATE_TIME_NEW] IN:UPDATE_REMINDER]
remind me to email the paychecks	rem ind Ġme Ġto Ġemail Ġthe Ġpay checks	[IN:CREATE_REMINDER @ptr_0 @ptr_1 [SL:PERSON_REMINDED @ptr_2 SL:PERSON_REMINDED] @ptr_3 [SL:TODO [IN:SEND_MESSAGE @ptr_4 [SL:CONTENT_EXACT @ptr_5 @ptr_6 @ptr_7 SL:CONTENT_EXACT] IN:SEND_MESSAGE] SL:TODO] IN:CREATE_REMINDER]
Remind me to send Janet a text about our date	Rem ind Ġme Ġto Ġsend ĠJanet Ġa Ġtext Ġabout Ġour Ġdate	[IN:CREATE_REMINDER @ptr_0 @ptr_1 [SL:PERSON_REMINDED @ptr_2 SL:PERSON_REMINDED] @ptr_3 [SL:TODO [IN:SEND_MESSAGE @ptr_4 [SL:RECIPIENT @ptr_5 SL:RECIPIENT] @ptr_6 @ptr_7 @ptr_8 [SL:CONTENT_EXACT @ptr_9 @ptr_10 SL:CONTENT_EXACT] IN:SEND_MESSAGE] SL:TODO] IN:CREATE_REMINDER]
Remind me at 3 pm to email Tom about the details of the meeting next Tuesday .	Rem ind Ġme Ġat Ġ3 Ġpm Ġto Ġemail ĠTom Ġabout Ġthe Ġdetails Ġof Ġthe Ġmeeting Ġnext ĠTuesday Ġ.	[IN:CREATE_REMINDER @ptr_0 @ptr_1 [SL:PERSON_REMINDED @ptr_2 SL:PERSON_REMINDED] [SL:DATE_TIME @ptr_3 @ptr_4 @ptr_5 SL:DATE_TIME] @ptr_6 [SL:TODO [IN:SEND_MESSAGE @ptr_7 [SL:RECIPIENT @ptr_8 SL:RECIPIENT] @ptr_9 [SL:CONTENT_EXACT [IN:GET_EVENT @ptr_10 @ptr_11 @ptr_12 [SL:CATEGORY_EVENT @ptr_13 @ptr_14 SL:CATEGORY_EVENT] [SL:DATE_TIME @ptr_15 @ptr_16 SL:DATE_TIME] IN:GET_EVENT] SL:CONTENT_EXACT] IN:SEND_MESSAGE] SL:TODO] @ptr_17 IN:CREATE_REMINDER]
remove my reminder to send an email to my handyman .	remove Ġmy Ġreminder Ġto Ġsend Ġan Ġemail Ġto Ġmy Ġhandy man Ġ.	[IN:DELETE_REMINDER @ptr_0 [SL:PERSON_REMINDED @ptr_1 SL:PERSON_REMINDED] @ptr_2 @ptr_3 [SL:TODO [IN:SEND_MESSAGE @ptr_4 @ptr_5 @ptr_6 @ptr_7 [SL:RECIPIENT @ptr_8 @ptr_9 @ptr_10 SL:RECIPIENT] IN:SEND_MESSAGE] SL:TODO] @ptr_11 IN:DELETE_REMINDER]
remind me to send Cherise an email on sunday at 10p	rem ind Ġme Ġto Ġsend ĠCher ise Ġan Ġemail Ġon Ġsund ay Ġat Ġ10 p	[IN:CREATE_REMINDER @ptr_0 @ptr_1 [SL:PERSON_REMINDED @ptr_2 SL:PERSON_REMINDED] @ptr_3 [SL:TODO [IN:SEND_MESSAGE @ptr_4 [SL:RECIPIENT @ptr_5 @ptr_6 SL:RECIPIENT] @ptr_7 @ptr_8 IN:SEND_MESSAGE] SL:TODO] [SL:DATE_TIME @ptr_9 @ptr_10 @ptr_11 @ptr_12 @ptr_13 @ptr_14 SL:DATE_TIME] IN:CREATE_REMINDER]
Remind me in 4 hours to reply to Bob 's message .	Rem ind Ġme Ġin Ġ4 Ġhours Ġto Ġreply Ġto ĠBob Ġ' s Ġmessage Ġ.	[IN:CREATE_REMINDER @ptr_0 @ptr_1 [SL:PERSON_REMINDED @ptr_2 SL:PERSON_REMINDED] [SL:DATE_TIME @ptr_3 @ptr_4 @ptr_5 SL:DATE_TIME] @ptr_6 [SL:TODO [IN:REPLY_MESSAGE @ptr_7 @ptr_8 [SL:RECIPIENT @ptr_9 SL:RECIPIENT] @ptr_10 @ptr_11 @ptr_12 IN:REPLY_MESSAGE] SL:TODO] @ptr_13 IN:CREATE_REMINDER]
Remind me to text Joel about his flight itinerary tomorrow .	Rem ind Ġme Ġto Ġtext ĠJoel Ġabout Ġhis Ġflight Ġitiner ary Ġtomorrow Ġ.	[IN:CREATE_REMINDER @ptr_0 @ptr_1 [SL:PERSON_REMINDED @ptr_2 SL:PERSON_REMINDED] @ptr_3 [SL:TODO [IN:SEND_MESSAGE @ptr_4 [SL:RECIPIENT @ptr_5 SL:RECIPIENT] @ptr_6 [SL:CONTENT_EXACT @ptr_7 @ptr_8 @ptr_9 @ptr_10 SL:CONTENT_EXACT] IN:SEND_MESSAGE] SL:TODO] [SL:DATE_TIME @ptr_11 SL:DATE_TIME] @ptr_12 IN:CREATE_REMINDER]
Remind me to text hayden " " Happy Birthday " " at Midnight on 9 / 7	Rem ind Ġme Ġto Ġtext Ġhay den Ġ" Ġ" ĠHappy ĠBirthday Ġ" Ġ" Ġat ĠMidnight Ġon Ġ9 Ġ/ Ġ7	[IN:CREATE_REMINDER @ptr_0 @ptr_1 [SL:PERSON_REMINDED @ptr_2 SL:PERSON_REMINDED] @ptr_3 [SL:TODO [IN:SEND_MESSAGE @ptr_4 [SL:RECIPIENT @ptr_5 @ptr_6 SL:RECIPIENT] @ptr_7 @ptr_8 [SL:CONTENT_EXACT @ptr_9 @ptr_10 SL:CONTENT_EXACT] IN:SEND_MESSAGE] @ptr_11 @ptr_12 SL:TODO] [SL:DATE_TIME @ptr_13 @ptr_14 @ptr_15 @ptr_16 @ptr_17 @ptr_18 SL:DATE_TIME] IN:CREATE_REMINDER]
delete my reminder for Monday to send an email to service bench about a wrong code	delete Ġmy Ġreminder Ġfor ĠMonday Ġto Ġsend Ġan Ġemail Ġto Ġservice Ġbench Ġabout Ġa Ġwrong Ġcode	[IN:DELETE_REMINDER @ptr_0 [SL:PERSON_REMINDED @ptr_1 SL:PERSON_REMINDED] @ptr_2 [SL:DATE_TIME @ptr_3 @ptr_4 SL:DATE_TIME] @ptr_5 [SL:TODO [IN:SEND_MESSAGE @ptr_6 @ptr_7 @ptr_8 @ptr_9 [SL:RECIPIENT @ptr_10 @ptr_11 SL:RECIPIENT] @ptr_12 [SL:CONTENT_EXACT @ptr_13 @ptr_14 @ptr_15 SL:CONTENT_EXACT] IN:SEND_MESSAGE] SL:TODO] IN:DELETE_REMINDER]
remind me to send Cherise an email on sunday at 10p	rem ind Ġme Ġto Ġsend ĠCher ise Ġan Ġemail Ġon Ġsund ay Ġat Ġ10 p	[IN:CREATE_REMINDER @ptr_0 @ptr_1 [SL:PERSON_REMINDED @ptr_2 SL:PERSON_REMINDED] @ptr_3 [SL:TODO [IN:SEND_MESSAGE @ptr_4 [SL:RECIPIENT @ptr_5 @ptr_6 SL:RECIPIENT] @ptr_7 @ptr_8 IN:SEND_MESSAGE] SL:TODO] [SL:DATE_TIME @ptr_9 @ptr_10 @ptr_11 @ptr_12 @ptr_13 @ptr_14 SL:DATE_TIME] IN:CREATE_REMINDER]
Can you delete my reminder for lunch today it 's been canceled	Can Ġyou Ġdelete Ġmy Ġreminder Ġfor Ġlunch Ġtoday Ġit Ġ' s Ġbeen Ġcanceled	[IN:DELETE_REMINDER @ptr_0 @ptr_1 @ptr_2 [SL:PERSON_REMINDED @ptr_3 SL:PERSON_REMINDED] @ptr_4 @ptr_5 [SL:TODO [IN:GET_TODO [SL:TODO @ptr_6 SL:TODO] [SL:DATE_TIME @ptr_7 SL:DATE_TIME] IN:GET_TODO] SL:TODO] @ptr_8 @ptr_9 @ptr_10 @ptr_11 @ptr_12 IN:DELETE_REMINDER]
The pageant dress was finished early , cancel the reminder to pick it up Friday	The Ġpageant Ġdress Ġwas Ġfinished Ġearly Ġ, Ġcancel Ġthe Ġreminder Ġto Ġpick Ġit Ġup ĠFriday	[IN:DELETE_REMINDER @ptr_0 @ptr_1 @ptr_2 @ptr_3 @ptr_4 @ptr_5 @ptr_6 @ptr_7 @ptr_8 @ptr_9 @ptr_10 [SL:TODO @ptr_11 @ptr_12 @ptr_13 SL:TODO] [SL:DATE_TIME @ptr_14 SL:DATE_TIME] IN:DELETE_REMINDER]
Please cancel the reminder to shop	Please Ġcancel Ġthe Ġreminder Ġto Ġshop	[IN:DELETE_REMINDER @ptr_0 @ptr_1 @ptr_2 @ptr_3 @ptr_4 [SL:TODO @ptr_5 SL:TODO] IN:DELETE_REMINDER]
Delete my reminder for tomorrow 's dinner .	Delete Ġmy Ġreminder Ġfor Ġtomorrow Ġ' s Ġdinner Ġ.	[IN:DELETE_REMINDER @ptr_0 [SL:PERSON_REMINDED @ptr_1 SL:PERSON_REMINDED] @ptr_2 @ptr_3 [SL:TODO [IN:GET_TODO [SL:DATE_TIME @ptr_4 SL:DATE_TIME] @ptr_5 @ptr_6 [SL:TODO @ptr_7 SL:TODO] IN:GET_TODO] SL:TODO] @ptr_8 IN:DELETE_REMINDER]
delete reminder for waking up	delete Ġreminder Ġfor Ġwaking Ġup	[IN:DELETE_REMINDER @ptr_0 @ptr_1 @ptr_2 [SL:TODO @ptr_3 @ptr_4 SL:TODO] IN:DELETE_REMINDER]
Set a reminder for me to email Ed to ask which teachers the girls got for next year .	Set Ġa Ġreminder Ġfor Ġme Ġto Ġemail ĠEd Ġto Ġask Ġwhich Ġteachers Ġthe Ġgirls Ġgot Ġfor Ġnext Ġyear Ġ.	[IN:CREATE_REMINDER @ptr_0 @ptr_1 @ptr_2 @ptr_3 [SL:PERSON_REMINDED @ptr_4 SL:PERSON_REMINDED] @ptr_5 [SL:TODO [IN:SEND_MESSAGE @ptr_6 [SL:RECIPIENT @ptr_7 SL:RECIPIENT] @ptr_8 @ptr_9 [SL:CONTENT_EXACT @ptr_10 @ptr_11 @ptr_12 @ptr_13 @ptr_14 @ptr_15 @ptr_16 @ptr_17 SL:CONTENT_EXACT] IN:SEND_MESSAGE] SL:TODO] @ptr_18 IN:CREATE_REMINDER]
Set a reminder to email Jan for work documents .	Set Ġa Ġreminder Ġto Ġemail ĠJan Ġfor Ġwork Ġdocuments Ġ.	[IN:CREATE_REMINDER @ptr_0 @ptr_1 @ptr_2 @ptr_3 [SL:TODO [IN:SEND_MESSAGE @ptr_4 [SL:RECIPIENT @ptr_5 SL:RECIPIENT] @ptr_6 [SL:CONTENT_EXACT @ptr_7 @ptr_8 SL:CONTENT_EXACT] IN:SEND_MESSAGE] SL:TODO] @ptr_9 IN:CREATE_REMINDER]
Remind me to email project details to operations division tomorrow .	Rem ind Ġme Ġto Ġemail Ġproject Ġdetails Ġto Ġoperations Ġdivision Ġtomorrow Ġ.	[IN:CREATE_REMINDER @ptr_0 @ptr_1 [SL:PERSON_REMINDED @ptr_2 SL:PERSON_REMINDED] @ptr_3 [SL:TODO [IN:SEND_MESSAGE @ptr_4 [SL:CONTENT_EXACT @ptr_5 @ptr_6 SL:CONTENT_EXACT] @ptr_7 [SL:RECIPIENT @ptr_8 @ptr_9 SL:RECIPIENT] IN:SEND_MESSAGE] SL:TODO] [SL:DATE_TIME @ptr_10 SL:DATE_TIME] @ptr_11 IN:CREATE_REMINDER]
Remind me to email the HOA about the fencing company coming to do an estimate next Tuesday at 10 AM .	Rem ind Ġme Ġto Ġemail Ġthe ĠH OA Ġabout Ġthe Ġfencing Ġcompany Ġcoming Ġto Ġdo Ġan Ġestimate Ġnext ĠTuesday Ġat Ġ10 ĠAM Ġ.	[IN:CREATE_REMINDER @ptr_0 @ptr_1 [SL:PERSON_REMINDED @ptr_2 SL:PERSON_REMINDED] @ptr_3 [SL:TODO [IN:SEND_MESSAGE @ptr_4 [SL:RECIPIENT @ptr_5 @ptr_6 @ptr_7 SL:RECIPIENT] @ptr_8 [SL:CONTENT_EXACT @ptr_9 @ptr_10 @ptr_11 @ptr_12 @ptr_13 @ptr_14 @ptr_15 @ptr_16 SL:CONTENT_EXACT] IN:SEND_MESSAGE] SL:TODO] [SL:DATE_TIME @ptr_17 @ptr_18 @ptr_19 @ptr_20 @ptr_21 SL:DATE_TIME] @ptr_22 IN:CREATE_REMINDER]
Setup a reminder to email job status every Tuesday evening .	Setup Ġa Ġreminder Ġto Ġemail Ġjob Ġstatus Ġevery ĠTuesday Ġevening Ġ.	[IN:CREATE_REMINDER @ptr_0 @ptr_1 @ptr_2 @ptr_3 [SL:TODO [IN:SEND_MESSAGE @ptr_4 [SL:CONTENT_EXACT @ptr_5 @ptr_6 SL:CONTENT_EXACT] IN:SEND_MESSAGE] SL:TODO] [SL:RECURRING_DATE_TIME [IN:GET_RECURRING_DATE_TIME [SL:FREQUENCY @ptr_7 @ptr_8 @ptr_9 SL:FREQUENCY] IN:GET_RECURRING_DATE_TIME] SL:RECURRING_DATE_TIME] @ptr_10 IN:CREATE_REMINDER]
Remind me to send Jennifer an email about next weeks meeting	Rem ind Ġme Ġto Ġsend ĠJennifer Ġan Ġemail Ġabout Ġnext Ġweeks Ġmeeting	[IN:CREATE_REMINDER @ptr_0 @ptr_1 [SL:PERSON_REMINDED @ptr_2 SL:PERSON_REMINDED] @ptr_3 [SL:TODO [IN:SEND_MESSAGE @ptr_4 [SL:RECIPIENT @ptr_5 SL:RECIPIENT] @ptr_6 @ptr_7 @ptr_8 [SL:CONTENT_EXACT [IN:GET_EVENT [SL:DATE_TIME @ptr_9 @ptr_10 SL:DATE_TIME] [SL:CATEGORY_EVENT @ptr_11 SL:CATEGORY_EVENT] IN:GET_EVENT] SL:CONTENT_EXACT] IN:SEND_MESSAGE] SL:TODO] IN:CREATE_REMINDER]
Remind me to email Susanne about the party on Saturday .	Rem ind Ġme Ġto Ġemail ĠSusan ne Ġabout Ġthe Ġparty Ġon ĠSaturday Ġ.	[IN:CREATE_REMINDER @ptr_0 @ptr_1 [SL:PERSON_REMINDED @ptr_2 SL:PERSON_REMINDED] @ptr_3 [SL:TODO [IN:SEND_MESSAGE @ptr_4 [SL:RECIPIENT @ptr_5 @ptr_6 SL:RECIPIENT] @ptr_7 [SL:CONTENT_EXACT [IN:GET_EVENT [SL:CATEGORY_EVENT @ptr_8 @ptr_9 SL:CATEGORY_EVENT] [SL:DATE_TIME @ptr_10 @ptr_11 SL:DATE_TIME] IN:GET_EVENT] SL:CONTENT_EXACT] IN:SEND_MESSAGE] SL:TODO] @ptr_12 IN:CREATE_REMINDER]
Remind me to text Christen , Hannah , Kaitlin , and James about dinner on Wednesday .	Rem ind Ġme Ġto Ġtext ĠChrist en Ġ, ĠHannah Ġ, ĠK ait lin Ġ, Ġand ĠJames Ġabout Ġdinner Ġon ĠWednesday Ġ.	[IN:CREATE_REMINDER @ptr_0 @ptr_1 [SL:PERSON_REMINDED @ptr_2 SL:PERSON_REMINDED] @ptr_3 [SL:TODO [IN:SEND_MESSAGE @ptr_4 [SL:RECIPIENT @ptr_5 @ptr_6 SL:RECIPIENT] @ptr_7 [SL:RECIPIENT @ptr_8 SL:RECIPIENT] @ptr_9 [SL:RECIPIENT @ptr_10 @ptr_11 @ptr_12 SL:RECIPIENT] @ptr_13 @ptr_14 [SL:RECIPIENT @ptr_15 SL:RECIPIENT] @ptr_16 [SL:CONTENT_EXACT [IN:GET_EVENT [SL:CATEGORY_EVENT @ptr_17 SL:CATEGORY_EVENT] IN:GET_EVENT] SL:CONTENT_EXACT] IN:SEND_MESSAGE] SL:TODO] [SL:DATE_TIME @ptr_18 @ptr_19 SL:DATE_TIME] @ptr_20 IN:CREATE_REMINDER]
Remind me in 30 minutes to reply to my husband about tonight 's dinner .	Rem ind Ġme Ġin Ġ30 Ġminutes Ġto Ġreply Ġto Ġmy Ġhusband Ġabout Ġtonight Ġ' s Ġdinner Ġ.	[IN:CREATE_REMINDER @ptr_0 @ptr_1 [SL:PERSON_REMINDED @ptr_2 SL:PERSON_REMINDED] [SL:DATE_TIME @ptr_3 @ptr_4 @ptr_5 SL:DATE_TIME] @ptr_6 [SL:TODO [IN:REPLY_MESSAGE @ptr_7 @ptr_8 [SL:RECIPIENT [IN:GET_CONTACT [SL:CONTACT_RELATED @ptr_9 SL:CONTACT_RELATED] [SL:TYPE_RELATION @ptr_10 SL:TYPE_RELATION] IN:GET_CONTACT] SL:RECIPIENT] @ptr_11 [SL:CONTENT_EXACT [IN:GET_EVENT [SL:DATE_TIME @ptr_12 SL:DATE_TIME] @ptr_13 @ptr_14 [SL:CATEGORY_EVENT @ptr_15 SL:CATEGORY_EVENT] IN:GET_EVENT] SL:CONTENT_EXACT] IN:REPLY_MESSAGE] SL:TODO] @ptr_16 IN:CREATE_REMINDER]
Set a reminder to message Ed about the gig	Set Ġa Ġreminder Ġto Ġmessage ĠEd Ġabout Ġthe Ġgig	[IN:CREATE_REMINDER @ptr_0 @ptr_1 @ptr_2 @ptr_3 [SL:TODO [IN:SEND_MESSAGE @ptr_4 [SL:RECIPIENT @ptr_5 SL:RECIPIENT] @ptr_6 [SL:CONTENT_EXACT [IN:GET_EVENT [SL:CATEGORY_EVENT @ptr_7 @ptr_8 SL:CATEGORY_EVENT] IN:GET_EVENT] SL:CONTENT_EXACT] IN:SEND_MESSAGE] SL:TODO] IN:CREATE_REMINDER]
Remind me to send Jennifer an email about next weeks meeting	Rem ind Ġme Ġto Ġsend ĠJennifer Ġan Ġemail Ġabout Ġnext Ġweeks Ġmeeting	[IN:CREATE_REMINDER @ptr_0 @ptr_1 [SL:PERSON_REMINDED @ptr_2 SL:PERSON_REMINDED] @ptr_3 [SL:TODO [IN:SEND_MESSAGE @ptr_4 [SL:RECIPIENT @ptr_5 SL:RECIPIENT] @ptr_6 @ptr_7 @ptr_8 [SL:CONTENT_EXACT [IN:GET_EVENT [SL:DATE_TIME @ptr_9 @ptr_10 SL:DATE_TIME] [SL:CATEGORY_EVENT @ptr_11 SL:CATEGORY_EVENT] IN:GET_EVENT] SL:CONTENT_EXACT] IN:SEND_MESSAGE] SL:TODO] IN:CREATE_REMINDER]
Remind me at 3 pm to email Tom about the details of the meeting next Tuesday .	Rem ind Ġme Ġat Ġ3 Ġpm Ġto Ġemail ĠTom Ġabout Ġthe Ġdetails Ġof Ġthe Ġmeeting Ġnext ĠTuesday Ġ.	[IN:CREATE_REMINDER @ptr_0 @ptr_1 [SL:PERSON_REMINDED @ptr_2 SL:PERSON_REMINDED] [SL:DATE_TIME @ptr_3 @ptr_4 @ptr_5 SL:DATE_TIME] @ptr_6 [SL:TODO [IN:SEND_MESSAGE @ptr_7 [SL:RECIPIENT @ptr_8 SL:RECIPIENT] @ptr_9 [SL:CONTENT_EXACT [IN:GET_EVENT @ptr_10 @ptr_11 @ptr_12 [SL:CATEGORY_EVENT @ptr_13 @ptr_14 SL:CATEGORY_EVENT] [SL:DATE_TIME @ptr_15 @ptr_16 SL:DATE_TIME] IN:GET_EVENT] SL:CONTENT_EXACT] IN:SEND_MESSAGE] SL:TODO] @ptr_17 IN:CREATE_REMINDER]
Remind me to text Minky about the concert on Thursday .	Rem ind Ġme Ġto Ġtext ĠM inky Ġabout Ġthe Ġconcert Ġon ĠThursday Ġ.	[IN:CREATE_REMINDER @ptr_0 @ptr_1 [SL:PERSON_REMINDED @ptr_2 SL:PERSON_REMINDED] @ptr_3 [SL:TODO [IN:SEND_MESSAGE @ptr_4 [SL:RECIPIENT @ptr_5 @ptr_6 SL:RECIPIENT] @ptr_7 [SL:CONTENT_EXACT [IN:GET_EVENT [SL:CATEGORY_EVENT @ptr_8 @ptr_9 SL:CATEGORY_EVENT] IN:GET_EVENT] SL:CONTENT_EXACT] IN:SEND_MESSAGE] SL:TODO] [SL:DATE_TIME @ptr_10 @ptr_11 SL:DATE_TIME] @ptr_12 IN:CREATE_REMINDER]
Delete the reminders to email Mom about the party .	Delete Ġthe Ġreminders Ġto Ġemail ĠMom Ġabout Ġthe Ġparty Ġ.	[IN:DELETE_REMINDER @ptr_0 @ptr_1 @ptr_2 @ptr_3 [SL:TODO [IN:SEND_MESSAGE @ptr_4 [SL:RECIPIENT [IN:GET_CONTACT [SL:TYPE_RELATION @ptr_5 SL:TYPE_RELATION] IN:GET_CONTACT] SL:RECIPIENT] @ptr_6 [SL:CONTENT_EXACT [IN:GET_EVENT [SL:CATEGORY_EVENT @ptr_7 @ptr_8 SL:CATEGORY_EVENT] IN:GET_EVENT] SL:CONTENT_EXACT] IN:SEND_MESSAGE] SL:TODO] @ptr_9 IN:DELETE_REMINDER]
Remind me to text mom the address to the party tonight .	Rem ind Ġme Ġto Ġtext Ġmom Ġthe Ġaddress Ġto Ġthe Ġparty Ġtonight Ġ.	[IN:CREATE_REMINDER @ptr_0 @ptr_1 [SL:PERSON_REMINDED @ptr_2 SL:PERSON_REMINDED] @ptr_3 [SL:TODO [IN:SEND_MESSAGE @ptr_4 [SL:RECIPIENT [IN:GET_CONTACT [SL:TYPE_RELATION @ptr_5 SL:TYPE_RELATION] IN:GET_CONTACT] SL:RECIPIENT] [SL:CONTENT_EXACT [IN:GET_EVENT @ptr_6 @ptr_7 @ptr_8 [SL:CATEGORY_EVENT @ptr_9 @ptr_10 SL:CATEGORY_EVENT] IN:GET_EVENT] SL:CONTENT_EXACT] IN:SEND_MESSAGE] SL:TODO] [SL:DATE_TIME @ptr_11 SL:DATE_TIME] @ptr_12 IN:CREATE_REMINDER]
remind me to meet with clients tomarrow at 9 am	rem ind Ġme Ġto Ġmeet Ġwith Ġclients Ġto mar row Ġat Ġ9 Ġam	[IN:CREATE_REMINDER @ptr_0 @ptr_1 [SL:PERSON_REMINDED @ptr_2 SL:PERSON_REMINDED] @ptr_3 [SL:TODO [IN:GET_TODO [SL:TODO @ptr_4 SL:TODO] @ptr_5 [SL:ATTENDEE @ptr_6 SL:ATTENDEE] IN:GET_TODO] SL:TODO] [SL:DATE_TIME @ptr_7 @ptr_8 @ptr_9 @ptr_10 @ptr_11 @ptr_12 SL:DATE_TIME] IN:CREATE_REMINDER]
Set a daily reminder to water the plants at 5 pm each day moving forward .	Set Ġa Ġdaily Ġreminder Ġto Ġwater Ġthe Ġplants Ġat Ġ5 Ġpm Ġeach Ġday Ġmoving Ġforward Ġ.	[IN:CREATE_REMINDER @ptr_0 @ptr_1 [SL:RECURRING_DATE_TIME [IN:GET_RECURRING_DATE_TIME [SL:FREQUENCY @ptr_2 SL:FREQUENCY] IN:GET_RECURRING_DATE_TIME] SL:RECURRING_DATE_TIME] @ptr_3 @ptr_4 [SL:TODO [IN:GET_TODO [SL:TODO @ptr_5 @ptr_6 @ptr_7 SL:TODO] [SL:RECURRING_DATE_TIME [IN:GET_RECURRING_DATE_TIME [SL:DATE_TIME @ptr_8 @ptr_9 @ptr_10 SL:DATE_TIME] [SL:FREQUENCY @ptr_11 @ptr_12 SL:FREQUENCY] IN:GET_RECURRING_DATE_TIME] SL:RECURRING_DATE_TIME] IN:GET_TODO] SL:TODO] @ptr_13 @ptr_14 @ptr_15 IN:CREATE_REMINDER]
My meeting is tomorrow at 12 PM . Please remind me ten minutes beforehand .	My Ġmeeting Ġis Ġtomorrow Ġat Ġ12 ĠPM Ġ. ĠPlease Ġremind Ġme Ġten Ġminutes Ġbeforehand Ġ.	[IN:CREATE_REMINDER [SL:TODO [IN:GET_TODO [SL:TODO @ptr_0 @ptr_1 SL:TODO] @ptr_2 [SL:DATE_TIME @ptr_3 @ptr_4 @ptr_5 @ptr_6 SL:DATE_TIME] IN:GET_TODO] SL:TODO] @ptr_7 @ptr_8 @ptr_9 [SL:PERSON_REMINDED @ptr_10 SL:PERSON_REMINDED] [SL:DATE_TIME @ptr_11 @ptr_12 @ptr_13 SL:DATE_TIME] @ptr_14 IN:CREATE_REMINDER]
add reminder for tomorrow dr 's appt	add Ġreminder Ġfor Ġtomorrow Ġdr Ġ' s Ġapp t	[IN:CREATE_REMINDER @ptr_0 @ptr_1 [SL:TODO [IN:GET_TODO [SL:DATE_TIME @ptr_2 @ptr_3 SL:DATE_TIME] [SL:TODO @ptr_4 @ptr_5 @ptr_6 @ptr_7 @ptr_8 SL:TODO] IN:GET_TODO] SL:TODO] IN:CREATE_REMINDER]
Create a weekly reminder to send a work status update on Friday afternoons .	Create Ġa Ġweekly Ġreminder Ġto Ġsend Ġa Ġwork Ġstatus Ġupdate Ġon ĠFriday Ġafter no ons Ġ.	[IN:CREATE_REMINDER @ptr_0 @ptr_1 [SL:RECURRING_DATE_TIME [IN:GET_RECURRING_DATE_TIME [SL:FREQUENCY @ptr_2 SL:FREQUENCY] IN:GET_RECURRING_DATE_TIME] SL:RECURRING_DATE_TIME] @ptr_3 @ptr_4 [SL:TODO [IN:GET_TODO [SL:TODO @ptr_5 @ptr_6 @ptr_7 @ptr_8 @ptr_9 SL:TODO] [SL:DATE_TIME @ptr_10 @ptr_11 @ptr_12 @ptr_13 @ptr_14 SL:DATE_TIME] IN:GET_TODO] SL:TODO] @ptr_15 IN:CREATE_REMINDER]
Modify my reminder to get the meeting supplies tonight instead of tomorrow night .	Mod ify Ġmy Ġreminder Ġto Ġget Ġthe Ġmeeting Ġsupplies Ġtonight Ġinstead Ġof Ġtomorrow Ġnight Ġ.	[IN:UPDATE_REMINDER_DATE_TIME @ptr_0 @ptr_1 [SL:PERSON_REMINDED @ptr_2 SL:PERSON_REMINDED] @ptr_3 @ptr_4 [SL:TODO @ptr_5 @ptr_6 @ptr_7 @ptr_8 SL:TODO] [SL:DATE_TIME_NEW @ptr_9 SL:DATE_TIME_NEW] @ptr_10 [SL:DATE_TIME @ptr_11 @ptr_12 @ptr_13 SL:DATE_TIME] @ptr_14 IN:UPDATE_REMINDER_DATE_TIME]
Change the time of my phone meeting reminder for tomorrow to 2 pm .	Change Ġthe Ġtime Ġof Ġmy Ġphone Ġmeeting Ġreminder Ġfor Ġtomorrow Ġto Ġ2 Ġpm Ġ.	[IN:UPDATE_REMINDER_DATE_TIME @ptr_0 @ptr_1 @ptr_2 @ptr_3 [SL:TODO @ptr_4 @ptr_5 @ptr_6 SL:TODO] @ptr_7 [SL:DATE_TIME @ptr_8 @ptr_9 SL:DATE_TIME] @ptr_10 [SL:DATE_TIME_NEW @ptr_11 @ptr_12 SL:DATE_TIME_NEW] @ptr_13 IN:UPDATE_REMINDER_DATE_TIME]
My reminder for the Expo event one day earlier in 1st thing in the morning	My Ġreminder Ġfor Ġthe ĠExpo Ġevent Ġone Ġday Ġearlier Ġin Ġ1 st Ġthing Ġin Ġthe Ġmorning	[IN:UPDATE_REMINDER_DATE_TIME [SL:PERSON_REMINDED @ptr_0 SL:PERSON_REMINDED] @ptr_1 @ptr_2 [SL:TODO @ptr_3 @ptr_4 @ptr_5 SL:TODO] [SL:DATE_TIME_NEW @ptr_6 @ptr_7 @ptr_8 @ptr_9 @ptr_10 @ptr_11 @ptr_12 @ptr_13 @ptr_14 @ptr_15 SL:DATE_TIME_NEW] IN:UPDATE_REMINDER_DATE_TIME]
They changed the start time of the baseball game so change the reminder to 1 PM	They Ġchanged Ġthe Ġstart Ġtime Ġof Ġthe Ġbaseball Ġgame Ġso Ġchange Ġthe Ġreminder Ġto Ġ1 ĠPM	[IN:UPDATE_REMINDER_DATE_TIME @ptr_0 @ptr_1 @ptr_2 @ptr_3 @ptr_4 @ptr_5 [SL:TODO @ptr_6 @ptr_7 @ptr_8 SL:TODO] @ptr_9 @ptr_10 @ptr_11 @ptr_12 [SL:DATE_TIME_NEW @ptr_13 @ptr_14 @ptr_15 SL:DATE_TIME_NEW] IN:UPDATE_REMINDER_DATE_TIME]
Edit the weekly reminder about tutoring to be every three weeks	Edit Ġthe Ġweekly Ġreminder Ġabout Ġtut oring Ġto Ġbe Ġevery Ġthree Ġweeks	[IN:UPDATE_REMINDER @ptr_0 @ptr_1 [SL:RECURRING_DATE_TIME [IN:GET_RECURRING_DATE_TIME [SL:FREQUENCY @ptr_2 SL:FREQUENCY] IN:GET_RECURRING_DATE_TIME] SL:RECURRING_DATE_TIME] @ptr_3 @ptr_4 [SL:TODO @ptr_5 @ptr_6 SL:TODO] @ptr_7 @ptr_8 [SL:RECURRING_DATE_TIME_NEW [IN:GET_RECURRING_DATE_TIME [SL:FREQUENCY @ptr_9 @ptr_10 @ptr_11 SL:FREQUENCY] IN:GET_RECURRING_DATE_TIME] SL:RECURRING_DATE_TIME_NEW] IN:UPDATE_REMINDER]
Get all my weekend reminders with Paul .	Get Ġall Ġmy Ġweekend Ġreminders Ġwith ĠPaul Ġ.	[IN:GET_REMINDER @ptr_0 [SL:AMOUNT @ptr_1 SL:AMOUNT] [SL:PERSON_REMINDED @ptr_2 SL:PERSON_REMINDED] [SL:DATE_TIME @ptr_3 SL:DATE_TIME] @ptr_4 [SL:TODO [IN:GET_TODO @ptr_5 [SL:ATTENDEE @ptr_6 SL:ATTENDEE] IN:GET_TODO] SL:TODO] @ptr_7 IN:GET_REMINDER]
Show me all reminders for my son 's football games	Show Ġme Ġall Ġreminders Ġfor Ġmy Ġson Ġ' s Ġfootball Ġgames	[IN:GET_REMINDER [SL:METHOD_RETRIEVAL_REMINDER @ptr_0 SL:METHOD_RETRIEVAL_REMINDER] [SL:PERSON_REMINDED @ptr_1 SL:PERSON_REMINDED] [SL:AMOUNT @ptr_2 SL:AMOUNT] @ptr_3 @ptr_4 [SL:TODO @ptr_5 @ptr_6 @ptr_7 @ptr_8 @ptr_9 @ptr_10 SL:TODO] IN:GET_REMINDER]
Give me the first 5 reminders in september	Give Ġme Ġthe Ġfirst Ġ5 Ġreminders Ġin Ġse pt ember	[IN:GET_REMINDER @ptr_0 @ptr_1 @ptr_2 [SL:ORDINAL @ptr_3 SL:ORDINAL] [SL:AMOUNT @ptr_4 SL:AMOUNT] @ptr_5 [SL:DATE_TIME @ptr_6 @ptr_7 @ptr_8 @ptr_9 SL:DATE_TIME] IN:GET_REMINDER]
show me all of my reminders for this week	show Ġme Ġall Ġof Ġmy Ġreminders Ġfor Ġthis Ġweek	[IN:GET_REMINDER [SL:METHOD_RETRIEVAL_REMINDER @ptr_0 SL:METHOD_RETRIEVAL_REMINDER] @ptr_1 [SL:AMOUNT @ptr_2 SL:AMOUNT] @ptr_3 [SL:PERSON_REMINDED @ptr_4 SL:PERSON_REMINDED] @ptr_5 [SL:DATE_TIME @ptr_6 @ptr_7 @ptr_8 SL:DATE_TIME] IN:GET_REMINDER]
List all of my grocery store reminders for this coming week .	List Ġall Ġof Ġmy Ġgrocery Ġstore Ġreminders Ġfor Ġthis Ġcoming Ġweek Ġ.	[IN:GET_REMINDER [SL:METHOD_RETRIEVAL_REMINDER @ptr_0 SL:METHOD_RETRIEVAL_REMINDER] [SL:AMOUNT @ptr_1 SL:AMOUNT] @ptr_2 [SL:PERSON_REMINDED @ptr_3 SL:PERSON_REMINDED] [SL:TODO @ptr_4 @ptr_5 SL:TODO] @ptr_6 [SL:DATE_TIME @ptr_7 @ptr_8 @ptr_9 @ptr_10 SL:DATE_TIME] @ptr_11 IN:GET_REMINDER]
Send a reminder to my brother about vacation	Send Ġa Ġreminder Ġto Ġmy Ġbrother Ġabout Ġvacation	[IN:CREATE_REMINDER @ptr_0 @ptr_1 @ptr_2 @ptr_3 [SL:PERSON_REMINDED [IN:GET_CONTACT [SL:CONTACT_RELATED @ptr_4 SL:CONTACT_RELATED] [SL:TYPE_RELATION @ptr_5 SL:TYPE_RELATION] IN:GET_CONTACT] SL:PERSON_REMINDED] @ptr_6 [SL:TODO @ptr_7 SL:TODO] IN:CREATE_REMINDER]
Remind my brother about his interview on Friday .	Rem ind Ġmy Ġbrother Ġabout Ġhis Ġinterview Ġon ĠFriday Ġ.	[IN:CREATE_REMINDER @ptr_0 @ptr_1 [SL:PERSON_REMINDED [IN:GET_CONTACT [SL:CONTACT_RELATED @ptr_2 SL:CONTACT_RELATED] [SL:TYPE_RELATION @ptr_3 SL:TYPE_RELATION] IN:GET_CONTACT] SL:PERSON_REMINDED] @ptr_4 [SL:TODO @ptr_5 @ptr_6 SL:TODO] [SL:DATE_TIME @ptr_7 @ptr_8 SL:DATE_TIME] @ptr_9 IN:CREATE_REMINDER]
cancel all dads reminders	c ancel Ġall Ġdads Ġreminders	[IN:DELETE_REMINDER @ptr_0 @ptr_1 [SL:AMOUNT @ptr_2 SL:AMOUNT] [SL:PERSON_REMINDED [IN:GET_CONTACT [SL:TYPE_RELATION @ptr_3 SL:TYPE_RELATION] IN:GET_CONTACT] SL:PERSON_REMINDED] @ptr_4 IN:DELETE_REMINDER]
update reminder for dinner with mom to next week	update Ġreminder Ġfor Ġdinner Ġwith Ġmom Ġto Ġnext Ġweek	[IN:UPDATE_REMINDER_DATE_TIME @ptr_0 @ptr_1 @ptr_2 [SL:TODO @ptr_3 SL:TODO] @ptr_4 [SL:ATTENDEE [IN:GET_CONTACT [SL:TYPE_RELATION @ptr_5 SL:TYPE_RELATION] IN:GET_CONTACT] SL:ATTENDEE] [SL:DATE_TIME_NEW @ptr_6 @ptr_7 @ptr_8 SL:DATE_TIME_NEW] IN:UPDATE_REMINDER_DATE_TIME]
Shoe me the kid 's reminders .	Sh oe Ġme Ġthe Ġkid Ġ' s Ġreminders Ġ.	[IN:GET_REMINDER [SL:METHOD_RETRIEVAL_REMINDER @ptr_0 @ptr_1 SL:METHOD_RETRIEVAL_REMINDER] @ptr_2 @ptr_3 [SL:PERSON_REMINDED [IN:GET_CONTACT [SL:TYPE_RELATION @ptr_4 SL:TYPE_RELATION] IN:GET_CONTACT] SL:PERSON_REMINDED] @ptr_5 @ptr_6 @ptr_7 @ptr_8 IN:GET_REMINDER]
Delete my reminder for breakfast plans with my girlfriends tomorrow .	Delete Ġmy Ġreminder Ġfor Ġbreakfast Ġplans Ġwith Ġmy Ġgirlfriends Ġtomorrow Ġ.	[IN:DELETE_REMINDER @ptr_0 [SL:PERSON_REMINDED @ptr_1 SL:PERSON_REMINDED] @ptr_2 @ptr_3 [SL:TODO [IN:GET_TODO [SL:TODO @ptr_4 @ptr_5 SL:TODO] @ptr_6 [SL:ATTENDEE [IN:GET_CONTACT [SL:CONTACT_RELATED @ptr_7 SL:CONTACT_RELATED] [SL:TYPE_RELATION @ptr_8 SL:TYPE_RELATION] IN:GET_CONTACT] SL:ATTENDEE] IN:GET_TODO] SL:TODO] [SL:DATE_TIME @ptr_9 SL:DATE_TIME] @ptr_10 IN:DELETE_REMINDER]
can you remind my sisters about uncle jacks camping event next weekend instead of this weekend	can Ġyou Ġremind Ġmy Ġsisters Ġabout Ġuncle Ġj acks Ġcamping Ġevent Ġnext Ġweekend Ġinstead Ġof Ġthis Ġweekend	[IN:UPDATE_REMINDER_DATE_TIME @ptr_0 @ptr_1 @ptr_2 [SL:PERSON_REMINDED [IN:GET_CONTACT [SL:CONTACT_RELATED @ptr_3 SL:CONTACT_RELATED] [SL:TYPE_RELATION @ptr_4 SL:TYPE_RELATION] IN:GET_CONTACT] SL:PERSON_REMINDED] @ptr_5 [SL:TODO @ptr_6 @ptr_7 @ptr_8 @ptr_9 @ptr_10 SL:TODO] [SL:DATE_TIME_NEW @ptr_11 @ptr_12 SL:DATE_TIME_NEW] @ptr_13 [SL:DATE_TIME @ptr_14 @ptr_15 @ptr_16 SL:DATE_TIME] IN:UPDATE_REMINDER_DATE_TIME]
Remind my husband about my parents coming to visit on the 15th .	Rem ind Ġmy Ġhusband Ġabout Ġmy Ġparents Ġcoming Ġto Ġvisit Ġon Ġthe Ġ15 th Ġ.	[IN:CREATE_REMINDER @ptr_0 @ptr_1 [SL:PERSON_REMINDED [IN:GET_CONTACT [SL:CONTACT_RELATED @ptr_2 SL:CONTACT_RELATED] [SL:TYPE_RELATION @ptr_3 SL:TYPE_RELATION] IN:GET_CONTACT] SL:PERSON_REMINDED] @ptr_4 [SL:TODO @ptr_5 @ptr_6 @ptr_7 @ptr_8 @ptr_9 SL:TODO] [SL:DATE_TIME @ptr_10 @ptr_11 @ptr_12 @ptr_13 SL:DATE_TIME] @ptr_14 IN:CREATE_REMINDER]
set a reminder for my sister to meet adam at 5 pm on tuesday	set Ġa Ġreminder Ġfor Ġmy Ġsister Ġto Ġmeet Ġadam Ġat Ġ5 Ġpm Ġon Ġt uesday	[IN:CREATE_REMINDER @ptr_0 @ptr_1 @ptr_2 @ptr_3 [SL:PERSON_REMINDED [IN:GET_CONTACT [SL:CONTACT_RELATED @ptr_4 SL:CONTACT_RELATED] [SL:TYPE_RELATION @ptr_5 SL:TYPE_RELATION] IN:GET_CONTACT] SL:PERSON_REMINDED] @ptr_6 [SL:TODO @ptr_7 @ptr_8 SL:TODO] [SL:DATE_TIME @ptr_9 @ptr_10 @ptr_11 @ptr_12 @ptr_13 @ptr_14 SL:DATE_TIME] IN:CREATE_REMINDER]
Remind me to email my cousin Sabrina Tuesday morning .	Rem ind Ġme Ġto Ġemail Ġmy Ġcousin ĠSab rina ĠTuesday Ġmorning Ġ.	[IN:CREATE_REMINDER @ptr_0 @ptr_1 [SL:PERSON_REMINDED @ptr_2 SL:PERSON_REMINDED] @ptr_3 [SL:TODO [IN:SEND_MESSAGE @ptr_4 [SL:RECIPIENT [IN:GET_CONTACT [SL:CONTACT_RELATED @ptr_5 SL:CONTACT_RELATED] [SL:TYPE_RELATION @ptr_6 SL:TYPE_RELATION] [SL:CONTACT @ptr_7 @ptr_8 SL:CONTACT] IN:GET_CONTACT] SL:RECIPIENT] IN:SEND_MESSAGE] SL:TODO] [SL:DATE_TIME @ptr_9 @ptr_10 SL:DATE_TIME] @ptr_11 IN:CREATE_REMINDER]
get all weekly reminders from aunt fran about garden center	get Ġall Ġweekly Ġreminders Ġfrom Ġaunt Ġfr an Ġabout Ġgarden Ġcenter	[IN:GET_REMINDER @ptr_0 [SL:AMOUNT @ptr_1 SL:AMOUNT] [SL:RECURRING_DATE_TIME [IN:GET_RECURRING_DATE_TIME [SL:FREQUENCY @ptr_2 SL:FREQUENCY] IN:GET_RECURRING_DATE_TIME] SL:RECURRING_DATE_TIME] @ptr_3 @ptr_4 [SL:PERSON_REMINDED [IN:GET_CONTACT [SL:TYPE_RELATION @ptr_5 SL:TYPE_RELATION] [SL:CONTACT @ptr_6 @ptr_7 SL:CONTACT] IN:GET_CONTACT] SL:PERSON_REMINDED] @ptr_8 [SL:TODO @ptr_9 @ptr_10 SL:TODO] IN:GET_REMINDER]
remind mom to meet me at 3 tomorrow	rem ind Ġmom Ġto Ġmeet Ġme Ġat Ġ3 Ġtomorrow	[IN:CREATE_REMINDER @ptr_0 @ptr_1 [SL:PERSON_REMINDED [IN:GET_CONTACT [SL:TYPE_RELATION @ptr_2 SL:TYPE_RELATION] IN:GET_CONTACT] SL:PERSON_REMINDED] @ptr_3 [SL:TODO @ptr_4 @ptr_5 SL:TODO] [SL:DATE_TIME @ptr_6 @ptr_7 @ptr_8 SL:DATE_TIME] IN:CREATE_REMINDER]
Find all of my kids reminders from three weeks ago	Find Ġall Ġof Ġmy Ġkids Ġreminders Ġfrom Ġthree Ġweeks Ġago	[IN:GET_REMINDER @ptr_0 [SL:AMOUNT @ptr_1 SL:AMOUNT] @ptr_2 [SL:PERSON_REMINDED [IN:GET_CONTACT [SL:CONTACT_RELATED @ptr_3 SL:CONTACT_RELATED] [SL:TYPE_RELATION @ptr_4 SL:TYPE_RELATION] IN:GET_CONTACT] SL:PERSON_REMINDED] @ptr_5 [SL:DATE_TIME @ptr_6 @ptr_7 @ptr_8 @ptr_9 SL:DATE_TIME] IN:GET_REMINDER]
Remind Uncle Max to feed the pets every day at 10 am this week .	Rem ind ĠUncle ĠMax Ġto Ġfeed Ġthe Ġpets Ġevery Ġday Ġat Ġ10 Ġam Ġthis Ġweek Ġ.	[IN:CREATE_REMINDER @ptr_0 @ptr_1 [SL:PERSON_REMINDED [IN:GET_CONTACT [SL:TYPE_RELATION @ptr_2 SL:TYPE_RELATION] [SL:CONTACT @ptr_3 SL:CONTACT] IN:GET_CONTACT] SL:PERSON_REMINDED] @ptr_4 [SL:TODO @ptr_5 @ptr_6 @ptr_7 SL:TODO] [SL:RECURRING_DATE_TIME [IN:GET_RECURRING_DATE_TIME [SL:FREQUENCY @ptr_8 @ptr_9 SL:FREQUENCY] [SL:DATE_TIME @ptr_10 @ptr_11 @ptr_12 @ptr_13 @ptr_14 SL:DATE_TIME] IN:GET_RECURRING_DATE_TIME] SL:RECURRING_DATE_TIME] @ptr_15 IN:CREATE_REMINDER]
Please show me reminders about lunch dates with my friends Sally and Diane	Please Ġshow Ġme Ġreminders Ġabout Ġlunch Ġdates Ġwith Ġmy Ġfriends ĠSally Ġand ĠDiane	[IN:GET_REMINDER @ptr_0 [SL:METHOD_RETRIEVAL_REMINDER @ptr_1 SL:METHOD_RETRIEVAL_REMINDER] [SL:PERSON_REMINDED @ptr_2 SL:PERSON_REMINDED] @ptr_3 @ptr_4 [SL:TODO [IN:GET_TODO [SL:TODO @ptr_5 @ptr_6 SL:TODO] @ptr_7 [SL:ATTENDEE [IN:GET_CONTACT [SL:CONTACT_RELATED @ptr_8 SL:CONTACT_RELATED] [SL:TYPE_RELATION @ptr_9 SL:TYPE_RELATION] [SL:CONTACT @ptr_10 SL:CONTACT] IN:GET_CONTACT] SL:ATTENDEE] @ptr_11 [SL:ATTENDEE @ptr_12 SL:ATTENDEE] IN:GET_TODO] SL:TODO] IN:GET_REMINDER]
Update daily reminders from workout to meditation	Update Ġdaily Ġreminders Ġfrom Ġworkout Ġto Ġmeditation	[IN:UPDATE_REMINDER_TODO @ptr_0 [SL:RECURRING_DATE_TIME [IN:GET_RECURRING_DATE_TIME [SL:FREQUENCY @ptr_1 SL:FREQUENCY] IN:GET_RECURRING_DATE_TIME] SL:RECURRING_DATE_TIME] @ptr_2 @ptr_3 [SL:TODO @ptr_4 SL:TODO] @ptr_5 [SL:TODO_NEW @ptr_6 SL:TODO_NEW] IN:UPDATE_REMINDER_TODO]
add dusting to the reminder for the cleaning lady	add Ġdust ing Ġto Ġthe Ġreminder Ġfor Ġthe Ġcleaning Ġlady	[IN:UPDATE_REMINDER_TODO @ptr_0 [SL:TODO_NEW @ptr_1 @ptr_2 SL:TODO_NEW] @ptr_3 @ptr_4 @ptr_5 @ptr_6 [SL:PERSON_REMINDED @ptr_7 @ptr_8 @ptr_9 SL:PERSON_REMINDED] IN:UPDATE_REMINDER_TODO]
Add bread to my reminder to buy eggs	Add Ġbread Ġto Ġmy Ġreminder Ġto Ġbuy Ġeggs	[IN:UPDATE_REMINDER_TODO @ptr_0 [SL:TODO_NEW @ptr_1 SL:TODO_NEW] @ptr_2 [SL:PERSON_REMINDED @ptr_3 SL:PERSON_REMINDED] @ptr_4 @ptr_5 [SL:TODO @ptr_6 @ptr_7 SL:TODO] IN:UPDATE_REMINDER_TODO]
Hey Bot ! I am taking two pizzas for the party on Sunday , instead of one . Can you please update it and remind me ?	Hey ĠBot Ġ! ĠI Ġam Ġtaking Ġtwo Ġpizz as Ġfor Ġthe Ġparty Ġon ĠSunday Ġ, Ġinstead Ġof Ġone Ġ. ĠCan Ġyou Ġplease Ġupdate Ġit Ġand Ġremind Ġme Ġ?	[IN:UPDATE_REMINDER_TODO @ptr_0 @ptr_1 @ptr_2 @ptr_3 @ptr_4 [SL:TODO_NEW @ptr_5 @ptr_6 @ptr_7 @ptr_8 @ptr_9 @ptr_10 @ptr_11 SL:TODO_NEW] [SL:DATE_TIME @ptr_12 @ptr_13 SL:DATE_TIME] @ptr_14 @ptr_15 @ptr_16 [SL:TODO @ptr_17 SL:TODO] @ptr_18 @ptr_19 @ptr_20 @ptr_21 @ptr_22 @ptr_23 @ptr_24 @ptr_25 [SL:PERSON_REMINDED @ptr_26 SL:PERSON_REMINDED] @ptr_27 IN:UPDATE_REMINDER_TODO]
Please update my laundry reminder to remind me to separate the colors and the whites	Please Ġupdate Ġmy Ġlaundry Ġreminder Ġto Ġremind Ġme Ġto Ġseparate Ġthe Ġcolors Ġand Ġthe Ġwhites	[IN:UPDATE_REMINDER_TODO @ptr_0 @ptr_1 @ptr_2 [SL:TODO @ptr_3 SL:TODO] @ptr_4 @ptr_5 @ptr_6 [SL:PERSON_REMINDED @ptr_7 SL:PERSON_REMINDED] @ptr_8 [SL:TODO_NEW @ptr_9 @ptr_10 @ptr_11 @ptr_12 @ptr_13 @ptr_14 SL:TODO_NEW] IN:UPDATE_REMINDER_TODO]
add laudry to lisa 's reminders and will you also put a note that she can't void this	add Ġlaud ry Ġto Ġl isa Ġ' s Ġreminders Ġand Ġwill Ġyou Ġalso Ġput Ġa Ġnote Ġthat Ġshe Ġcan 't Ġvoid Ġthis	[IN:UPDATE_REMINDER_TODO @ptr_0 [SL:TODO_NEW @ptr_1 @ptr_2 SL:TODO_NEW] @ptr_3 [SL:PERSON_REMINDED @ptr_4 @ptr_5 SL:PERSON_REMINDED] @ptr_6 @ptr_7 @ptr_8 @ptr_9 @ptr_10 @ptr_11 @ptr_12 @ptr_13 @ptr_14 @ptr_15 @ptr_16 @ptr_17 [SL:TODO_NEW @ptr_18 @ptr_19 @ptr_20 @ptr_21 SL:TODO_NEW] IN:UPDATE_REMINDER_TODO]
I recently bought new vitamins ; please update my daily medicine reminder to take my daily multivitamins	I Ġrecently Ġbought Ġnew Ġvitamins Ġ; Ġplease Ġupdate Ġmy Ġdaily Ġmedicine Ġreminder Ġto Ġtake Ġmy Ġdaily Ġmult iv it amins	[IN:UPDATE_REMINDER_TODO @ptr_0 @ptr_1 @ptr_2 @ptr_3 @ptr_4 @ptr_5 @ptr_6 @ptr_7 [SL:PERSON_REMINDED @ptr_8 SL:PERSON_REMINDED] [SL:RECURRING_DATE_TIME [IN:GET_RECURRING_DATE_TIME [SL:FREQUENCY @ptr_9 SL:FREQUENCY] IN:GET_RECURRING_DATE_TIME] SL:RECURRING_DATE_TIME] [SL:TODO @ptr_10 SL:TODO] @ptr_11 @ptr_12 [SL:TODO_NEW @ptr_13 @ptr_14 @ptr_15 @ptr_16 @ptr_17 @ptr_18 @ptr_19 SL:TODO_NEW] IN:UPDATE_REMINDER_TODO]
add doing dishes to my daily chores reminder	add Ġdoing Ġdishes Ġto Ġmy Ġdaily Ġchores Ġreminder	[IN:UPDATE_REMINDER_TODO @ptr_0 [SL:TODO_NEW @ptr_1 @ptr_2 SL:TODO_NEW] @ptr_3 [SL:PERSON_REMINDED @ptr_4 SL:PERSON_REMINDED] [SL:RECURRING_DATE_TIME [IN:GET_RECURRING_DATE_TIME [SL:FREQUENCY @ptr_5 SL:FREQUENCY] IN:GET_RECURRING_DATE_TIME] SL:RECURRING_DATE_TIME] [SL:TODO @ptr_6 SL:TODO] @ptr_7 IN:UPDATE_REMINDER_TODO]
please change reminder to buy anniversary cake to ice cream cake	please Ġchange Ġreminder Ġto Ġbuy Ġanniversary Ġcake Ġto Ġice Ġcream Ġcake	[IN:UPDATE_REMINDER_TODO @ptr_0 @ptr_1 @ptr_2 @ptr_3 [SL:TODO @ptr_4 @ptr_5 @ptr_6 SL:TODO] @ptr_7 [SL:TODO_NEW @ptr_8 @ptr_9 @ptr_10 SL:TODO_NEW] IN:UPDATE_REMINDER_TODO]
add soccer to the kids activities reminder	add Ġsoccer Ġto Ġthe Ġkids Ġactivities Ġreminder	[IN:UPDATE_REMINDER_TODO @ptr_0 [SL:TODO_NEW @ptr_1 SL:TODO_NEW] @ptr_2 @ptr_3 [SL:TODO @ptr_4 @ptr_5 SL:TODO] @ptr_6 IN:UPDATE_REMINDER_TODO]
Change my 6 : 00 pm reminder to 6 : 30 pm .	Change Ġmy Ġ6 Ġ: Ġ00 Ġpm Ġreminder Ġto Ġ6 Ġ: Ġ30 Ġpm Ġ.	[IN:UPDATE_REMINDER_DATE_TIME @ptr_0 [SL:PERSON_REMINDED @ptr_1 SL:PERSON_REMINDED] [SL:DATE_TIME @ptr_2 @ptr_3 @ptr_4 @ptr_5 SL:DATE_TIME] @ptr_6 [SL:DATE_TIME_NEW @ptr_7 @ptr_8 @ptr_9 @ptr_10 @ptr_11 SL:DATE_TIME_NEW] @ptr_12 IN:UPDATE_REMINDER_DATE_TIME]
update my interview from 10 : 00 am to 2 : 45 pm next tuesday	update Ġmy Ġinterview Ġfrom Ġ10 Ġ: Ġ00 Ġam Ġto Ġ2 Ġ: Ġ45 Ġpm Ġnext Ġt uesday	[IN:UPDATE_REMINDER_DATE_TIME @ptr_0 [SL:TODO @ptr_1 @ptr_2 SL:TODO] @ptr_3 [SL:DATE_TIME @ptr_4 @ptr_5 @ptr_6 @ptr_7 SL:DATE_TIME] @ptr_8 [SL:DATE_TIME_NEW @ptr_9 @ptr_10 @ptr_11 @ptr_12 @ptr_13 @ptr_14 @ptr_15 SL:DATE_TIME_NEW] IN:UPDATE_REMINDER_DATE_TIME]
update lab work reminder to next monday instead of tomorrow	update Ġlab Ġwork Ġreminder Ġto Ġnext Ġm onday Ġinstead Ġof Ġtomorrow	[IN:UPDATE_REMINDER_DATE_TIME @ptr_0 [SL:TODO @ptr_1 @ptr_2 SL:TODO] @ptr_3 [SL:DATE_TIME_NEW @ptr_4 @ptr_5 @ptr_6 @ptr_7 SL:DATE_TIME_NEW] @ptr_8 [SL:DATE_TIME @ptr_9 @ptr_10 SL:DATE_TIME] IN:UPDATE_REMINDER_DATE_TIME]
Modify reminder for Aug 15th from 6 pm to 6 pm - 8 pm .	Mod ify Ġreminder Ġfor ĠAug Ġ15 th Ġfrom Ġ6 Ġpm Ġto Ġ6 Ġpm Ġ- Ġ8 Ġpm Ġ.	[IN:UPDATE_REMINDER_DATE_TIME @ptr_0 @ptr_1 @ptr_2 [SL:DATE_TIME @ptr_3 @ptr_4 @ptr_5 @ptr_6 SL:DATE_TIME] @ptr_7 [SL:DATE_TIME @ptr_8 @ptr_9 SL:DATE_TIME] @ptr_10 [SL:DATE_TIME_NEW @ptr_11 @ptr_12 @ptr_13 @ptr_14 @ptr_15 SL:DATE_TIME_NEW] @ptr_16 IN:UPDATE_REMINDER_DATE_TIME]
Move my reminder for Chantelle 's birthday to 6 pm on September 5th .	Move Ġmy Ġreminder Ġfor ĠCh ant elle Ġ' s Ġbirthday Ġto Ġ6 Ġpm Ġon ĠSeptember Ġ5 th Ġ.	[IN:UPDATE_REMINDER_DATE_TIME @ptr_0 [SL:PERSON_REMINDED @ptr_1 SL:PERSON_REMINDED] @ptr_2 @ptr_3 [SL:TODO @ptr_4 @ptr_5 @ptr_6 @ptr_7 @ptr_8 @ptr_9 SL:TODO] [SL:DATE_TIME_NEW @ptr_10 @ptr_11 @ptr_12 @ptr_13 @ptr_14 @ptr_15 @ptr_16 SL:DATE_TIME_NEW] @ptr_17 IN:UPDATE_REMINDER_DATE_TIME]
Change reminder to purchase school supplies from Tuesday to Thursday	Change Ġreminder Ġto Ġpurchase Ġschool Ġsupplies Ġfrom ĠTuesday Ġto ĠThursday	[IN:UPDATE_REMINDER_DATE_TIME @ptr_0 @ptr_1 @ptr_2 [SL:TODO @ptr_3 @ptr_4 @ptr_5 SL:TODO] [SL:DATE_TIME @ptr_6 @ptr_7 SL:DATE_TIME] [SL:DATE_TIME_NEW @ptr_8 @ptr_9 SL:DATE_TIME_NEW] IN:UPDATE_REMINDER_DATE_TIME]
change lunch reminder from today to next wednesday	change Ġlunch Ġreminder Ġfrom Ġtoday Ġto Ġnext Ġwed nesday	[IN:UPDATE_REMINDER_DATE_TIME @ptr_0 [SL:TODO @ptr_1 SL:TODO] @ptr_2 [SL:DATE_TIME @ptr_3 @ptr_4 SL:DATE_TIME] [SL:DATE_TIME_NEW @ptr_5 @ptr_6 @ptr_7 @ptr_8 SL:DATE_TIME_NEW] IN:UPDATE_REMINDER_DATE_TIME]
Move the reminder about my webinar to noon on Friday	Move Ġthe Ġreminder Ġabout Ġmy Ġweb inar Ġto Ġnoon Ġon ĠFriday	[IN:UPDATE_REMINDER_DATE_TIME @ptr_0 @ptr_1 @ptr_2 @ptr_3 [SL:PERSON_REMINDED @ptr_4 SL:PERSON_REMINDED] [SL:TODO @ptr_5 @ptr_6 SL:TODO] [SL:DATE_TIME_NEW @ptr_7 @ptr_8 @ptr_9 @ptr_10 SL:DATE_TIME_NEW] IN:UPDATE_REMINDER_DATE_TIME]
Change my reminders for next week to the following week	Change Ġmy Ġreminders Ġfor Ġnext Ġweek Ġto Ġthe Ġfollowing Ġweek	[IN:UPDATE_REMINDER_DATE_TIME @ptr_0 [SL:PERSON_REMINDED @ptr_1 SL:PERSON_REMINDED] @ptr_2 [SL:DATE_TIME @ptr_3 @ptr_4 @ptr_5 SL:DATE_TIME] [SL:DATE_TIME_NEW @ptr_6 @ptr_7 @ptr_8 @ptr_9 SL:DATE_TIME_NEW] IN:UPDATE_REMINDER_DATE_TIME]
Please alert me the morning of my dry cleaning reminder .	Please Ġalert Ġme Ġthe Ġmorning Ġof Ġmy Ġdry Ġcleaning Ġreminder Ġ.	[IN:UPDATE_REMINDER_DATE_TIME @ptr_0 @ptr_1 [SL:PERSON_REMINDED @ptr_2 SL:PERSON_REMINDED] [SL:DATE_TIME_NEW @ptr_3 @ptr_4 @ptr_5 SL:DATE_TIME_NEW] @ptr_6 [SL:TODO @ptr_7 @ptr_8 SL:TODO] @ptr_9 @ptr_10 IN:UPDATE_REMINDER_DATE_TIME]
Read out my baseball reminder for today .	Read Ġout Ġmy Ġbaseball Ġreminder Ġfor Ġtoday Ġ.	[IN:GET_REMINDER [SL:METHOD_RETRIEVAL_REMINDER @ptr_0 @ptr_1 SL:METHOD_RETRIEVAL_REMINDER] [SL:PERSON_REMINDED @ptr_2 SL:PERSON_REMINDED] [SL:TODO @ptr_3 SL:TODO] @ptr_4 [SL:DATE_TIME @ptr_5 @ptr_6 SL:DATE_TIME] @ptr_7 IN:GET_REMINDER]
Play reminders for next week 's doctors ' appointments	Play Ġreminders Ġfor Ġnext Ġweek Ġ' s Ġdoctors Ġ' Ġappointments	[IN:GET_REMINDER [SL:METHOD_RETRIEVAL_REMINDER @ptr_0 SL:METHOD_RETRIEVAL_REMINDER] @ptr_1 [SL:DATE_TIME @ptr_2 @ptr_3 @ptr_4 SL:DATE_TIME] @ptr_5 @ptr_6 [SL:TODO @ptr_7 @ptr_8 @ptr_9 SL:TODO] IN:GET_REMINDER]
What are the Tuesday reminders that we have	What Ġare Ġthe ĠTuesday Ġreminders Ġthat Ġwe Ġhave	[IN:GET_REMINDER @ptr_0 @ptr_1 @ptr_2 [SL:DATE_TIME @ptr_3 SL:DATE_TIME] @ptr_4 @ptr_5 [SL:PERSON_REMINDED @ptr_6 SL:PERSON_REMINDED] @ptr_7 IN:GET_REMINDER]
What are my reminders for this morning ?	What Ġare Ġmy Ġreminders Ġfor Ġthis Ġmorning Ġ?	[IN:GET_REMINDER @ptr_0 @ptr_1 [SL:PERSON_REMINDED @ptr_2 SL:PERSON_REMINDED] @ptr_3 [SL:DATE_TIME @ptr_4 @ptr_5 @ptr_6 SL:DATE_TIME] @ptr_7 IN:GET_REMINDER]
can you find my reminder about the family reunion	can Ġyou Ġfind Ġmy Ġreminder Ġabout Ġthe Ġfamily Ġreunion	[IN:GET_REMINDER @ptr_0 @ptr_1 @ptr_2 [SL:PERSON_REMINDED @ptr_3 SL:PERSON_REMINDED] @ptr_4 @ptr_5 [SL:TODO @ptr_6 @ptr_7 @ptr_8 SL:TODO] IN:GET_REMINDER]
Set up reminder to meet with Aidan 's teacher .	Set Ġup Ġreminder Ġto Ġmeet Ġwith ĠAid an Ġ' s Ġteacher Ġ.	[IN:CREATE_REMINDER @ptr_0 @ptr_1 @ptr_2 @ptr_3 [SL:TODO [IN:GET_TODO [SL:TODO @ptr_4 SL:TODO] @ptr_5 [SL:ATTENDEE @ptr_6 @ptr_7 @ptr_8 @ptr_9 @ptr_10 SL:ATTENDEE] IN:GET_TODO] SL:TODO] @ptr_11 IN:CREATE_REMINDER]
Please cancel all reminders next month with Stacy .	Please Ġcancel Ġall Ġreminders Ġnext Ġmonth Ġwith ĠStacy Ġ.	[IN:DELETE_REMINDER @ptr_0 @ptr_1 [SL:AMOUNT @ptr_2 SL:AMOUNT] @ptr_3 [SL:DATE_TIME @ptr_4 @ptr_5 SL:DATE_TIME] [SL:TODO [IN:GET_TODO @ptr_6 [SL:ATTENDEE @ptr_7 SL:ATTENDEE] IN:GET_TODO] SL:TODO] @ptr_8 IN:DELETE_REMINDER]
Cancel my reminder to meet with Cris today .	C ancel Ġmy Ġreminder Ġto Ġmeet Ġwith ĠCris Ġtoday Ġ.	[IN:DELETE_REMINDER @ptr_0 @ptr_1 [SL:PERSON_REMINDED @ptr_2 SL:PERSON_REMINDED] @ptr_3 @ptr_4 [SL:TODO [IN:GET_TODO [SL:TODO @ptr_5 SL:TODO] @ptr_6 [SL:ATTENDEE @ptr_7 SL:ATTENDEE] IN:GET_TODO] SL:TODO] [SL:DATE_TIME @ptr_8 SL:DATE_TIME] @ptr_9 IN:DELETE_REMINDER]
Set a reminder for my meeting with Milania tomorrow	Set Ġa Ġreminder Ġfor Ġmy Ġmeeting Ġwith ĠMil ania Ġtomorrow	[IN:CREATE_REMINDER @ptr_0 @ptr_1 @ptr_2 @ptr_3 [SL:PERSON_REMINDED @ptr_4 SL:PERSON_REMINDED] [SL:TODO [IN:GET_TODO [SL:TODO @ptr_5 SL:TODO] @ptr_6 [SL:ATTENDEE @ptr_7 @ptr_8 SL:ATTENDEE] IN:GET_TODO] SL:TODO] [SL:DATE_TIME @ptr_9 SL:DATE_TIME] IN:CREATE_REMINDER]
When is my next reminder with Jay for dinner and drinks ?	When Ġis Ġmy Ġnext Ġreminder Ġwith ĠJay Ġfor Ġdinner Ġand Ġdrinks Ġ?	[IN:GET_REMINDER @ptr_0 @ptr_1 [SL:PERSON_REMINDED @ptr_2 SL:PERSON_REMINDED] [SL:ORDINAL @ptr_3 SL:ORDINAL] @ptr_4 [SL:TODO [IN:GET_TODO @ptr_5 [SL:ATTENDEE @ptr_6 SL:ATTENDEE] @ptr_7 [SL:TODO @ptr_8 @ptr_9 @ptr_10 SL:TODO] IN:GET_TODO] SL:TODO] @ptr_11 IN:GET_REMINDER]
Create a reminder for my brother to get our dad a birthday gift	Create Ġa Ġreminder Ġfor Ġmy Ġbrother Ġto Ġget Ġour Ġdad Ġa Ġbirthday Ġgift	[IN:CREATE_REMINDER @ptr_0 @ptr_1 @ptr_2 @ptr_3 [SL:PERSON_REMINDED [IN:GET_CONTACT [SL:CONTACT_RELATED @ptr_4 SL:CONTACT_RELATED] [SL:TYPE_RELATION @ptr_5 SL:TYPE_RELATION] IN:GET_CONTACT] SL:PERSON_REMINDED] @ptr_6 [SL:TODO @ptr_7 @ptr_8 @ptr_9 @ptr_10 @ptr_11 @ptr_12 SL:TODO] IN:CREATE_REMINDER]
Set a reminder up for my Mom to bring the car seat at 9 am tomorrow .	Set Ġa Ġreminder Ġup Ġfor Ġmy ĠMom Ġto Ġbring Ġthe Ġcar Ġseat Ġat Ġ9 Ġam Ġtomorrow Ġ.	[IN:CREATE_REMINDER @ptr_0 @ptr_1 @ptr_2 @ptr_3 @ptr_4 [SL:PERSON_REMINDED [IN:GET_CONTACT [SL:CONTACT_RELATED @ptr_5 SL:CONTACT_RELATED] [SL:TYPE_RELATION @ptr_6 SL:TYPE_RELATION] IN:GET_CONTACT] SL:PERSON_REMINDED] @ptr_7 [SL:TODO @ptr_8 @ptr_9 @ptr_10 @ptr_11 SL:TODO] [SL:DATE_TIME @ptr_12 @ptr_13 @ptr_14 @ptr_15 SL:DATE_TIME] @ptr_16 IN:CREATE_REMINDER]
Remind Dad , Uncle Charles , Uncle Jimmy , Jason and myself on Friday night to pack for our fishing trip on Saturday morning .	Rem ind ĠDad Ġ, ĠUncle ĠCharles Ġ, ĠUncle ĠJimmy Ġ, ĠJason Ġand Ġmyself Ġon ĠFriday Ġnight Ġto Ġpack Ġfor Ġour Ġfishing Ġtrip Ġon ĠSaturday Ġmorning Ġ.	[IN:CREATE_REMINDER @ptr_0 @ptr_1 [SL:PERSON_REMINDED [IN:GET_CONTACT [SL:TYPE_RELATION @ptr_2 SL:TYPE_RELATION] IN:GET_CONTACT] SL:PERSON_REMINDED] @ptr_3 [SL:PERSON_REMINDED [IN:GET_CONTACT [SL:TYPE_RELATION @ptr_4 SL:TYPE_RELATION] [SL:CONTACT @ptr_5 SL:CONTACT] IN:GET_CONTACT] SL:PERSON_REMINDED] @ptr_6 [SL:PERSON_REMINDED [IN:GET_CONTACT [SL:TYPE_RELATION @ptr_7 SL:TYPE_RELATION] [SL:CONTACT @ptr_8 SL:CONTACT] IN:GET_CONTACT] SL:PERSON_REMINDED] @ptr_9 [SL:PERSON_REMINDED @ptr_10 SL:PERSON_REMINDED] @ptr_11 [SL:PERSON_REMINDED @ptr_12 SL:PERSON_REMINDED] [SL:DATE_TIME @ptr_13 @ptr_14 @ptr_15 SL:DATE_TIME] @ptr_16 [SL:TODO [IN:GET_TODO [SL:TODO @ptr_17 @ptr_18 @ptr_19 @ptr_20 @ptr_21 SL:TODO] [SL:DATE_TIME @ptr_22 @ptr_23 @ptr_24 SL:DATE_TIME] IN:GET_TODO] SL:TODO] @ptr_25 IN:CREATE_REMINDER]
Set up a reminder for my Son to turn in his history project Wednesday .	Set Ġup Ġa Ġreminder Ġfor Ġmy ĠSon Ġto Ġturn Ġin Ġhis Ġhistory Ġproject ĠWednesday Ġ.	[IN:CREATE_REMINDER @ptr_0 @ptr_1 @ptr_2 @ptr_3 @ptr_4 [SL:PERSON_REMINDED [IN:GET_CONTACT [SL:CONTACT_RELATED @ptr_5 SL:CONTACT_RELATED] [SL:TYPE_RELATION @ptr_6 SL:TYPE_RELATION] IN:GET_CONTACT] SL:PERSON_REMINDED] @ptr_7 [SL:TODO @ptr_8 @ptr_9 @ptr_10 @ptr_11 @ptr_12 SL:TODO] [SL:DATE_TIME @ptr_13 SL:DATE_TIME] @ptr_14 IN:CREATE_REMINDER]
Set up a reminder for my sister to visit Alex at 5 pm tomorrow .	Set Ġup Ġa Ġreminder Ġfor Ġmy Ġsister Ġto Ġvisit ĠAlex Ġat Ġ5 Ġpm Ġtomorrow Ġ.	[IN:CREATE_REMINDER @ptr_0 @ptr_1 @ptr_2 @ptr_3 @ptr_4 [SL:PERSON_REMINDED [IN:GET_CONTACT [SL:CONTACT_RELATED @ptr_5 SL:CONTACT_RELATED] [SL:TYPE_RELATION @ptr_6 SL:TYPE_RELATION] IN:GET_CONTACT] SL:PERSON_REMINDED] @ptr_7 [SL:TODO @ptr_8 @ptr_9 SL:TODO] [SL:DATE_TIME @ptr_10 @ptr_11 @ptr_12 @ptr_13 SL:DATE_TIME] @ptr_14 IN:CREATE_REMINDER]
What is the next reminder I have coming up ?	What Ġis Ġthe Ġnext Ġreminder ĠI Ġhave Ġcoming Ġup Ġ?	[IN:GET_REMINDER @ptr_0 @ptr_1 @ptr_2 [SL:ORDINAL @ptr_3 SL:ORDINAL] @ptr_4 [SL:PERSON_REMINDED @ptr_5 SL:PERSON_REMINDED] @ptr_6 @ptr_7 @ptr_8 @ptr_9 IN:GET_REMINDER]
What day is my next exercise reminder on	What Ġday Ġis Ġmy Ġnext Ġexercise Ġreminder Ġon	[IN:GET_REMINDER_DATE_TIME @ptr_0 @ptr_1 @ptr_2 [SL:PERSON_REMINDED @ptr_3 SL:PERSON_REMINDED] [SL:ORDINAL @ptr_4 SL:ORDINAL] [SL:TODO @ptr_5 SL:TODO] @ptr_6 @ptr_7 IN:GET_REMINDER_DATE_TIME]
When is my last reminder scheduled for today ?	When Ġis Ġmy Ġlast Ġreminder Ġscheduled Ġfor Ġtoday Ġ?	[IN:GET_REMINDER_DATE_TIME @ptr_0 @ptr_1 [SL:PERSON_REMINDED @ptr_2 SL:PERSON_REMINDED] [SL:ORDINAL @ptr_3 SL:ORDINAL] @ptr_4 @ptr_5 [SL:DATE_TIME @ptr_6 @ptr_7 SL:DATE_TIME] @ptr_8 IN:GET_REMINDER_DATE_TIME]
What day is my next reminder set for	What Ġday Ġis Ġmy Ġnext Ġreminder Ġset Ġfor	[IN:GET_REMINDER_DATE_TIME @ptr_0 @ptr_1 @ptr_2 [SL:PERSON_REMINDED @ptr_3 SL:PERSON_REMINDED] [SL:ORDINAL @ptr_4 SL:ORDINAL] @ptr_5 @ptr_6 @ptr_7 IN:GET_REMINDER_DATE_TIME]
Cancel my second flight reminder .	C ancel Ġmy Ġsecond Ġflight Ġreminder Ġ.	[IN:DELETE_REMINDER @ptr_0 @ptr_1 [SL:PERSON_REMINDED @ptr_2 SL:PERSON_REMINDED] [SL:ORDINAL @ptr_3 SL:ORDINAL] [SL:TODO @ptr_4 SL:TODO] @ptr_5 @ptr_6 IN:DELETE_REMINDER]
remind me to respond to Jeffrey 's email at 5 pm	rem ind Ġme Ġto Ġrespond Ġto ĠJeffrey Ġ' s Ġemail Ġat Ġ5 Ġpm	[IN:CREATE_REMINDER @ptr_0 @ptr_1 [SL:PERSON_REMINDED @ptr_2 SL:PERSON_REMINDED] @ptr_3 [SL:TODO [IN:REPLY_MESSAGE @ptr_4 @ptr_5 [SL:RECIPIENT @ptr_6 SL:RECIPIENT] @ptr_7 @ptr_8 @ptr_9 IN:REPLY_MESSAGE] SL:TODO] [SL:DATE_TIME @ptr_10 @ptr_11 @ptr_12 SL:DATE_TIME] IN:CREATE_REMINDER]
remind me to reply to susan	rem ind Ġme Ġto Ġreply Ġto Ġsus an	[IN:CREATE_REMINDER @ptr_0 @ptr_1 [SL:PERSON_REMINDED @ptr_2 SL:PERSON_REMINDED] @ptr_3 [SL:TODO [IN:REPLY_MESSAGE @ptr_4 @ptr_5 [SL:RECIPIENT @ptr_6 @ptr_7 SL:RECIPIENT] IN:REPLY_MESSAGE] SL:TODO] IN:CREATE_REMINDER]
Remind me to reply to Jim about our lunch meeting	Rem ind Ġme Ġto Ġreply Ġto ĠJim Ġabout Ġour Ġlunch Ġmeeting	[IN:CREATE_REMINDER @ptr_0 @ptr_1 [SL:PERSON_REMINDED @ptr_2 SL:PERSON_REMINDED] @ptr_3 [SL:TODO [IN:REPLY_MESSAGE @ptr_4 @ptr_5 [SL:RECIPIENT @ptr_6 SL:RECIPIENT] @ptr_7 [SL:CONTENT_EXACT [IN:GET_EVENT [SL:ORGANIZER_EVENT @ptr_8 SL:ORGANIZER_EVENT] [SL:CATEGORY_EVENT @ptr_9 @ptr_10 SL:CATEGORY_EVENT] IN:GET_EVENT] SL:CONTENT_EXACT] IN:REPLY_MESSAGE] SL:TODO] IN:CREATE_REMINDER]
Remind me to reply to Eleanor about her project idea at 10 am tomorrow morning .	Rem ind Ġme Ġto Ġreply Ġto ĠEleanor Ġabout Ġher Ġproject Ġidea Ġat Ġ10 Ġam Ġtomorrow Ġmorning Ġ.	[IN:CREATE_REMINDER @ptr_0 @ptr_1 [SL:PERSON_REMINDED @ptr_2 SL:PERSON_REMINDED] @ptr_3 [SL:TODO [IN:REPLY_MESSAGE @ptr_4 @ptr_5 [SL:RECIPIENT @ptr_6 SL:RECIPIENT] @ptr_7 [SL:CONTENT_EXACT @ptr_8 @ptr_9 @ptr_10 SL:CONTENT_EXACT] IN:REPLY_MESSAGE] SL:TODO] [SL:DATE_TIME @ptr_11 @ptr_12 @ptr_13 @ptr_14 @ptr_15 SL:DATE_TIME] @ptr_16 IN:CREATE_REMINDER]
Remind me to send my email reply to Maddy tonight .	Rem ind Ġme Ġto Ġsend Ġmy Ġemail Ġreply Ġto ĠM addy Ġtonight Ġ.	[IN:CREATE_REMINDER @ptr_0 @ptr_1 [SL:PERSON_REMINDED @ptr_2 SL:PERSON_REMINDED] @ptr_3 [SL:TODO [IN:REPLY_MESSAGE @ptr_4 [SL:SENDER @ptr_5 SL:SENDER] @ptr_6 @ptr_7 @ptr_8 [SL:RECIPIENT @ptr_9 @ptr_10 SL:RECIPIENT] IN:REPLY_MESSAGE] SL:TODO] [SL:DATE_TIME @ptr_11 SL:DATE_TIME] @ptr_12 IN:CREATE_REMINDER]
I wish to see the first 5 work related dinner party reminders for the month of September .	I Ġwish Ġto Ġsee Ġthe Ġfirst Ġ5 Ġwork Ġrelated Ġdinner Ġparty Ġreminders Ġfor Ġthe Ġmonth Ġof ĠSeptember Ġ.	[IN:GET_REMINDER @ptr_0 @ptr_1 @ptr_2 [SL:METHOD_RETRIEVAL_REMINDER @ptr_3 SL:METHOD_RETRIEVAL_REMINDER] @ptr_4 [SL:ORDINAL @ptr_5 SL:ORDINAL] [SL:AMOUNT @ptr_6 SL:AMOUNT] [SL:TODO @ptr_7 @ptr_8 @ptr_9 @ptr_10 SL:TODO] @ptr_11 [SL:DATE_TIME @ptr_12 @ptr_13 @ptr_14 @ptr_15 @ptr_16 SL:DATE_TIME] @ptr_17 IN:GET_REMINDER]
Please show me all reminders to get my nails done	Please Ġshow Ġme Ġall Ġreminders Ġto Ġget Ġmy Ġnails Ġdone	[IN:GET_REMINDER @ptr_0 [SL:METHOD_RETRIEVAL_REMINDER @ptr_1 SL:METHOD_RETRIEVAL_REMINDER] [SL:PERSON_REMINDED @ptr_2 SL:PERSON_REMINDED] [SL:AMOUNT @ptr_3 SL:AMOUNT] @ptr_4 @ptr_5 [SL:TODO @ptr_6 @ptr_7 @ptr_8 @ptr_9 SL:TODO] IN:GET_REMINDER]
Let me see my reminders	Let Ġme Ġsee Ġmy Ġreminders	[IN:GET_REMINDER @ptr_0 @ptr_1 [SL:METHOD_RETRIEVAL_REMINDER @ptr_2 SL:METHOD_RETRIEVAL_REMINDER] [SL:PERSON_REMINDED @ptr_3 SL:PERSON_REMINDED] @ptr_4 IN:GET_REMINDER]
Show me my reminder to buy milk for the kids before I go home .	Show Ġme Ġmy Ġreminder Ġto Ġbuy Ġmilk Ġfor Ġthe Ġkids Ġbefore ĠI Ġgo Ġhome Ġ.	[IN:GET_REMINDER [SL:METHOD_RETRIEVAL_REMINDER @ptr_0 SL:METHOD_RETRIEVAL_REMINDER] @ptr_1 [SL:PERSON_REMINDED @ptr_2 SL:PERSON_REMINDED] @ptr_3 @ptr_4 [SL:TODO @ptr_5 @ptr_6 @ptr_7 @ptr_8 @ptr_9 @ptr_10 @ptr_11 @ptr_12 @ptr_13 SL:TODO] @ptr_14 IN:GET_REMINDER]
tell me all reminders	tell Ġme Ġall Ġreminders	[IN:GET_REMINDER [SL:METHOD_RETRIEVAL_REMINDER @ptr_0 SL:METHOD_RETRIEVAL_REMINDER] [SL:PERSON_REMINDED @ptr_1 SL:PERSON_REMINDED] [SL:AMOUNT @ptr_2 SL:AMOUNT] @ptr_3 IN:GET_REMINDER]
Please change our reminders for AGT to Wednesdays at 8 pm	Please Ġchange Ġour Ġreminders Ġfor ĠAG T Ġto ĠWed nes days Ġat Ġ8 Ġpm	[IN:UPDATE_REMINDER @ptr_0 @ptr_1 [SL:PERSON_REMINDED @ptr_2 SL:PERSON_REMINDED] @ptr_3 @ptr_4 [SL:TODO @ptr_5 @ptr_6 SL:TODO] [SL:RECURRING_DATE_TIME_NEW [IN:GET_RECURRING_DATE_TIME [SL:DATE_TIME @ptr_7 @ptr_8 @ptr_9 @ptr_10 @ptr_11 @ptr_12 @ptr_13 SL:DATE_TIME] IN:GET_RECURRING_DATE_TIME] SL:RECURRING_DATE_TIME_NEW] IN:UPDATE_REMINDER]
The schedule for cleaning the office break room reminder needs to be changed to monthly instead of weekly	The Ġschedule Ġfor Ġcleaning Ġthe Ġoffice Ġbreak Ġroom Ġreminder Ġneeds Ġto Ġbe Ġchanged Ġto Ġmonthly Ġinstead Ġof Ġweekly	[IN:UPDATE_REMINDER @ptr_0 @ptr_1 @ptr_2 [SL:TODO @ptr_3 @ptr_4 @ptr_5 @ptr_6 @ptr_7 SL:TODO] @ptr_8 @ptr_9 @ptr_10 @ptr_11 @ptr_12 [SL:RECURRING_DATE_TIME_NEW [IN:GET_RECURRING_DATE_TIME @ptr_13 [SL:FREQUENCY @ptr_14 SL:FREQUENCY] IN:GET_RECURRING_DATE_TIME] SL:RECURRING_DATE_TIME_NEW] @ptr_15 [SL:RECURRING_DATE_TIME [IN:GET_RECURRING_DATE_TIME @ptr_16 [SL:FREQUENCY @ptr_17 SL:FREQUENCY] IN:GET_RECURRING_DATE_TIME] SL:RECURRING_DATE_TIME] IN:UPDATE_REMINDER]
Can you change my reminders for the dogs ' Nexgard doses to the second of each month ?	Can Ġyou Ġchange Ġmy Ġreminders Ġfor Ġthe Ġdogs Ġ' ĠNex gard Ġdoses Ġto Ġthe Ġsecond Ġof Ġeach Ġmonth Ġ?	[IN:UPDATE_REMINDER @ptr_0 @ptr_1 @ptr_2 [SL:PERSON_REMINDED @ptr_3 SL:PERSON_REMINDED] @ptr_4 @ptr_5 [SL:TODO @ptr_6 @ptr_7 @ptr_8 @ptr_9 @ptr_10 @ptr_11 SL:TODO] [SL:RECURRING_DATE_TIME_NEW [IN:GET_RECURRING_DATE_TIME [SL:DATE_TIME @ptr_12 @ptr_13 @ptr_14 SL:DATE_TIME] @ptr_15 [SL:FREQUENCY @ptr_16 @ptr_17 SL:FREQUENCY] IN:GET_RECURRING_DATE_TIME] SL:RECURRING_DATE_TIME_NEW] @ptr_18 IN:UPDATE_REMINDER]
Change the reminder to check for photo contests to weekly	Change Ġthe Ġreminder Ġto Ġcheck Ġfor Ġphoto Ġcontests Ġto Ġweekly	[IN:UPDATE_REMINDER @ptr_0 @ptr_1 @ptr_2 @ptr_3 [SL:TODO @ptr_4 @ptr_5 @ptr_6 @ptr_7 SL:TODO] [SL:RECURRING_DATE_TIME_NEW [IN:GET_RECURRING_DATE_TIME @ptr_8 [SL:FREQUENCY @ptr_9 SL:FREQUENCY] IN:GET_RECURRING_DATE_TIME] SL:RECURRING_DATE_TIME_NEW] IN:UPDATE_REMINDER]
Please update the weekly reminder for dinner to monthly .	Please Ġupdate Ġthe Ġweekly Ġreminder Ġfor Ġdinner Ġto Ġmonthly Ġ.	[IN:UPDATE_REMINDER @ptr_0 @ptr_1 @ptr_2 [SL:RECURRING_DATE_TIME [IN:GET_RECURRING_DATE_TIME [SL:FREQUENCY @ptr_3 SL:FREQUENCY] IN:GET_RECURRING_DATE_TIME] SL:RECURRING_DATE_TIME] @ptr_4 @ptr_5 [SL:TODO @ptr_6 SL:TODO] [SL:RECURRING_DATE_TIME_NEW [IN:GET_RECURRING_DATE_TIME @ptr_7 [SL:FREQUENCY @ptr_8 SL:FREQUENCY] IN:GET_RECURRING_DATE_TIME] SL:RECURRING_DATE_TIME_NEW] @ptr_9 IN:UPDATE_REMINDER]
Add Bob to my reminder regarding employment .	Add ĠBob Ġto Ġmy Ġreminder Ġregarding Ġemployment Ġ.	[IN:UPDATE_REMINDER @ptr_0 [SL:PERSON_REMINDED_ADDED @ptr_1 SL:PERSON_REMINDED_ADDED] @ptr_2 [SL:PERSON_REMINDED @ptr_3 SL:PERSON_REMINDED] @ptr_4 @ptr_5 [SL:TODO @ptr_6 SL:TODO] @ptr_7 IN:UPDATE_REMINDER]
add chey to daycare reminder on tuesday	add Ġche y Ġto Ġday care Ġreminder Ġon Ġt uesday	[IN:UPDATE_REMINDER @ptr_0 [SL:PERSON_REMINDED_ADDED @ptr_1 @ptr_2 SL:PERSON_REMINDED_ADDED] @ptr_3 [SL:TODO @ptr_4 @ptr_5 SL:TODO] @ptr_6 [SL:DATE_TIME @ptr_7 @ptr_8 @ptr_9 SL:DATE_TIME] IN:UPDATE_REMINDER]
I need to add Chuck to the surprise party reminder next weekend .	I Ġneed Ġto Ġadd ĠChuck Ġto Ġthe Ġsurprise Ġparty Ġreminder Ġnext Ġweekend Ġ.	[IN:UPDATE_REMINDER [SL:PERSON_REMINDED @ptr_0 SL:PERSON_REMINDED] @ptr_1 @ptr_2 @ptr_3 [SL:PERSON_REMINDED_ADDED @ptr_4 SL:PERSON_REMINDED_ADDED] @ptr_5 @ptr_6 [SL:TODO @ptr_7 @ptr_8 SL:TODO] @ptr_9 [SL:DATE_TIME @ptr_10 @ptr_11 SL:DATE_TIME] @ptr_12 IN:UPDATE_REMINDER]
Add my sister to the Sunday 's mass reminder	Add Ġmy Ġsister Ġto Ġthe ĠSunday Ġ' s Ġmass Ġreminder	[IN:UPDATE_REMINDER @ptr_0 [SL:PERSON_REMINDED_ADDED [IN:GET_CONTACT [SL:CONTACT_RELATED @ptr_1 SL:CONTACT_RELATED] [SL:TYPE_RELATION @ptr_2 SL:TYPE_RELATION] IN:GET_CONTACT] SL:PERSON_REMINDED_ADDED] @ptr_3 @ptr_4 [SL:DATE_TIME @ptr_5 SL:DATE_TIME] @ptr_6 @ptr_7 [SL:TODO @ptr_8 SL:TODO] @ptr_9 IN:UPDATE_REMINDER]
Add Melinda to dining group reminder .	Add ĠMel inda Ġto Ġdining Ġgroup Ġreminder Ġ.	[IN:UPDATE_REMINDER @ptr_0 [SL:PERSON_REMINDED_ADDED @ptr_1 @ptr_2 SL:PERSON_REMINDED_ADDED] @ptr_3 [SL:PERSON_REMINDED @ptr_4 SL:PERSON_REMINDED] @ptr_5 @ptr_6 @ptr_7 IN:UPDATE_REMINDER]
When is my next church meeting reminder ?	When Ġis Ġmy Ġnext Ġchurch Ġmeeting Ġreminder Ġ?	[IN:GET_REMINDER_DATE_TIME @ptr_0 @ptr_1 [SL:PERSON_REMINDED @ptr_2 SL:PERSON_REMINDED] [SL:ORDINAL @ptr_3 SL:ORDINAL] [SL:TODO @ptr_4 @ptr_5 SL:TODO] @ptr_6 @ptr_7 IN:GET_REMINDER_DATE_TIME]
Remind me when Comcast is coming for visit .	Rem ind Ġme Ġwhen ĠComcast Ġis Ġcoming Ġfor Ġvisit Ġ.	[IN:GET_REMINDER_DATE_TIME @ptr_0 @ptr_1 [SL:PERSON_REMINDED @ptr_2 SL:PERSON_REMINDED] @ptr_3 [SL:TODO @ptr_4 @ptr_5 @ptr_6 @ptr_7 @ptr_8 SL:TODO] @ptr_9 IN:GET_REMINDER_DATE_TIME]
when is the movie reminder	when Ġis Ġthe Ġmovie Ġreminder	[IN:GET_REMINDER_DATE_TIME @ptr_0 @ptr_1 @ptr_2 [SL:TODO @ptr_3 SL:TODO] @ptr_4 IN:GET_REMINDER_DATE_TIME]
what time is my reminder on jury duty tomorrow ?	what Ġtime Ġis Ġmy Ġreminder Ġon Ġjury Ġduty Ġtomorrow Ġ?	[IN:GET_REMINDER_DATE_TIME @ptr_0 @ptr_1 @ptr_2 [SL:PERSON_REMINDED @ptr_3 SL:PERSON_REMINDED] @ptr_4 @ptr_5 [SL:TODO @ptr_6 @ptr_7 SL:TODO] [SL:DATE_TIME @ptr_8 SL:DATE_TIME] @ptr_9 IN:GET_REMINDER_DATE_TIME]
when is my next reminder for art class	when Ġis Ġmy Ġnext Ġreminder Ġfor Ġart Ġclass	[IN:GET_REMINDER_DATE_TIME @ptr_0 @ptr_1 [SL:PERSON_REMINDED @ptr_2 SL:PERSON_REMINDED] [SL:ORDINAL @ptr_3 SL:ORDINAL] @ptr_4 @ptr_5 [SL:TODO @ptr_6 @ptr_7 SL:TODO] IN:GET_REMINDER_DATE_TIME]
Remind me to send an email to all IT group members that the team building excursion will be canceled due to bad weather at 2 : 00 pm .	Rem ind Ġme Ġto Ġsend Ġan Ġemail Ġto Ġall ĠIT Ġgroup Ġmembers Ġthat Ġthe Ġteam Ġbuilding Ġexc ursion Ġwill Ġbe Ġcanceled Ġdue Ġto Ġbad Ġweather Ġat Ġ2 Ġ: Ġ00 Ġpm Ġ.	[IN:CREATE_REMINDER @ptr_0 @ptr_1 [SL:PERSON_REMINDED @ptr_2 SL:PERSON_REMINDED] @ptr_3 [SL:TODO [IN:SEND_MESSAGE @ptr_4 @ptr_5 @ptr_6 @ptr_7 @ptr_8 [SL:GROUP @ptr_9 SL:GROUP] @ptr_10 @ptr_11 @ptr_12 [SL:CONTENT_EXACT @ptr_13 @ptr_14 @ptr_15 @ptr_16 @ptr_17 @ptr_18 @ptr_19 @ptr_20 @ptr_21 @ptr_22 @ptr_23 @ptr_24 SL:CONTENT_EXACT] IN:SEND_MESSAGE] SL:TODO] [SL:DATE_TIME @ptr_25 @ptr_26 @ptr_27 @ptr_28 @ptr_29 SL:DATE_TIME] @ptr_30 IN:CREATE_REMINDER]
Set up a weekly reminder to email the team about updates on Friday Morning	Set Ġup Ġa Ġweekly Ġreminder Ġto Ġemail Ġthe Ġteam Ġabout Ġupdates Ġon ĠFriday ĠMorning	[IN:CREATE_REMINDER @ptr_0 @ptr_1 @ptr_2 [SL:RECURRING_DATE_TIME [IN:GET_RECURRING_DATE_TIME [SL:FREQUENCY @ptr_3 SL:FREQUENCY] IN:GET_RECURRING_DATE_TIME] SL:RECURRING_DATE_TIME] @ptr_4 @ptr_5 [SL:TODO [IN:GET_TODO [SL:TODO [IN:SEND_MESSAGE @ptr_6 [SL:GROUP @ptr_7 @ptr_8 SL:GROUP] @ptr_9 [SL:CONTENT_EXACT @ptr_10 SL:CONTENT_EXACT] IN:SEND_MESSAGE] SL:TODO] [SL:DATE_TIME @ptr_11 @ptr_12 @ptr_13 SL:DATE_TIME] IN:GET_TODO] SL:TODO] IN:CREATE_REMINDER]
set weekly reminder to email the test result to the cheer team saturday	set Ġweekly Ġreminder Ġto Ġemail Ġthe Ġtest Ġresult Ġto Ġthe Ġcheer Ġteam Ġs aturday	[IN:CREATE_REMINDER @ptr_0 [SL:RECURRING_DATE_TIME [IN:GET_RECURRING_DATE_TIME [SL:FREQUENCY @ptr_1 SL:FREQUENCY] IN:GET_RECURRING_DATE_TIME] SL:RECURRING_DATE_TIME] @ptr_2 @ptr_3 [SL:TODO [IN:GET_TODO [SL:TODO [IN:SEND_MESSAGE @ptr_4 [SL:CONTENT_EXACT @ptr_5 @ptr_6 @ptr_7 SL:CONTENT_EXACT] @ptr_8 [SL:GROUP @ptr_9 @ptr_10 @ptr_11 SL:GROUP] IN:SEND_MESSAGE] SL:TODO] [SL:DATE_TIME @ptr_12 @ptr_13 SL:DATE_TIME] IN:GET_TODO] SL:TODO] IN:CREATE_REMINDER]
Remind me to send my email reply to Maddy tonight .	Rem ind Ġme Ġto Ġsend Ġmy Ġemail Ġreply Ġto ĠM addy Ġtonight Ġ.	[IN:CREATE_REMINDER @ptr_0 @ptr_1 [SL:PERSON_REMINDED @ptr_2 SL:PERSON_REMINDED] @ptr_3 [SL:TODO [IN:REPLY_MESSAGE @ptr_4 [SL:SENDER @ptr_5 SL:SENDER] @ptr_6 @ptr_7 @ptr_8 [SL:RECIPIENT @ptr_9 @ptr_10 SL:RECIPIENT] IN:REPLY_MESSAGE] SL:TODO] [SL:DATE_TIME @ptr_11 SL:DATE_TIME] @ptr_12 IN:CREATE_REMINDER]
Can you remind me to send out my email marketing letter by Friday	Can Ġyou Ġremind Ġme Ġto Ġsend Ġout Ġmy Ġemail Ġmarketing Ġletter Ġby ĠFriday	[IN:CREATE_REMINDER @ptr_0 @ptr_1 @ptr_2 [SL:PERSON_REMINDED @ptr_3 SL:PERSON_REMINDED] @ptr_4 [SL:TODO [IN:SEND_MESSAGE @ptr_5 @ptr_6 [SL:SENDER @ptr_7 SL:SENDER] @ptr_8 [SL:CONTENT_EXACT @ptr_9 @ptr_10 SL:CONTENT_EXACT] IN:SEND_MESSAGE] SL:TODO] [SL:DATE_TIME @ptr_11 @ptr_12 SL:DATE_TIME] IN:CREATE_REMINDER]
I need to reply to Billy about Sarah 's baby shower ; can you remind me in 3 days ?	I Ġneed Ġto Ġreply Ġto ĠBilly Ġabout ĠSarah Ġ' s Ġbaby Ġshower Ġ; Ġcan Ġyou Ġremind Ġme Ġin Ġ3 Ġdays Ġ?	[IN:CREATE_REMINDER @ptr_0 @ptr_1 @ptr_2 [SL:TODO [IN:REPLY_MESSAGE @ptr_3 @ptr_4 [SL:RECIPIENT @ptr_5 SL:RECIPIENT] @ptr_6 [SL:CONTENT_EXACT [IN:GET_EVENT [SL:ORGANIZER_EVENT @ptr_7 SL:ORGANIZER_EVENT] @ptr_8 @ptr_9 [SL:CATEGORY_EVENT @ptr_10 @ptr_11 SL:CATEGORY_EVENT] IN:GET_EVENT] SL:CONTENT_EXACT] IN:REPLY_MESSAGE] SL:TODO] @ptr_12 @ptr_13 @ptr_14 @ptr_15 [SL:PERSON_REMINDED @ptr_16 SL:PERSON_REMINDED] [SL:DATE_TIME @ptr_17 @ptr_18 @ptr_19 SL:DATE_TIME] @ptr_20 IN:CREATE_REMINDER]
remind those invited to the event I'm hosting this week that the event begins at 6 pm	rem ind Ġthose Ġinvited Ġto Ġthe Ġevent ĠI 'm Ġhosting Ġthis Ġweek Ġthat Ġthe Ġevent Ġbegins Ġat Ġ6 Ġpm	[IN:CREATE_REMINDER @ptr_0 @ptr_1 [SL:PERSON_REMINDED [IN:GET_EVENT_ATTENDEE @ptr_2 @ptr_3 @ptr_4 @ptr_5 @ptr_6 [SL:ORGANIZER_EVENT @ptr_7 @ptr_8 SL:ORGANIZER_EVENT] @ptr_9 [SL:DATE_TIME @ptr_10 @ptr_11 SL:DATE_TIME] IN:GET_EVENT_ATTENDEE] SL:PERSON_REMINDED] @ptr_12 [SL:TODO @ptr_13 @ptr_14 @ptr_15 SL:TODO] [SL:DATE_TIME @ptr_16 @ptr_17 @ptr_18 SL:DATE_TIME] IN:CREATE_REMINDER]
set up reminders to send emails for sue 's retirement party the 12th	set Ġup Ġreminders Ġto Ġsend Ġemails Ġfor Ġsue Ġ' s Ġretirement Ġparty Ġthe Ġ12 th	[IN:CREATE_REMINDER @ptr_0 @ptr_1 @ptr_2 @ptr_3 [SL:TODO [IN:SEND_MESSAGE @ptr_4 @ptr_5 @ptr_6 [SL:CONTENT_EXACT [IN:GET_EVENT [SL:ORGANIZER_EVENT @ptr_7 SL:ORGANIZER_EVENT] @ptr_8 @ptr_9 [SL:CATEGORY_EVENT @ptr_10 @ptr_11 SL:CATEGORY_EVENT] IN:GET_EVENT] SL:CONTENT_EXACT] IN:SEND_MESSAGE] SL:TODO] [SL:DATE_TIME @ptr_12 @ptr_13 @ptr_14 SL:DATE_TIME] IN:CREATE_REMINDER]
Remind me to email Eva about dad 's birthday celebration next week .	Rem ind Ġme Ġto Ġemail ĠEva Ġabout Ġdad Ġ' s Ġbirthday Ġcelebration Ġnext Ġweek Ġ.	[IN:CREATE_REMINDER @ptr_0 @ptr_1 [SL:PERSON_REMINDED @ptr_2 SL:PERSON_REMINDED] @ptr_3 [SL:TODO [IN:SEND_MESSAGE @ptr_4 [SL:RECIPIENT @ptr_5 SL:RECIPIENT] @ptr_6 [SL:CONTENT_EXACT [IN:GET_EVENT [SL:ORGANIZER_EVENT [IN:GET_CONTACT [SL:TYPE_RELATION @ptr_7 SL:TYPE_RELATION] IN:GET_CONTACT] SL:ORGANIZER_EVENT] @ptr_8 @ptr_9 [SL:CATEGORY_EVENT @ptr_10 @ptr_11 SL:CATEGORY_EVENT] IN:GET_EVENT] SL:CONTENT_EXACT] IN:SEND_MESSAGE] SL:TODO] [SL:DATE_TIME @ptr_12 @ptr_13 SL:DATE_TIME] @ptr_14 IN:CREATE_REMINDER]
Remind me to reply to Jim about our lunch meeting	Rem ind Ġme Ġto Ġreply Ġto ĠJim Ġabout Ġour Ġlunch Ġmeeting	[IN:CREATE_REMINDER @ptr_0 @ptr_1 [SL:PERSON_REMINDED @ptr_2 SL:PERSON_REMINDED] @ptr_3 [SL:TODO [IN:REPLY_MESSAGE @ptr_4 @ptr_5 [SL:RECIPIENT @ptr_6 SL:RECIPIENT] @ptr_7 [SL:CONTENT_EXACT [IN:GET_EVENT [SL:ORGANIZER_EVENT @ptr_8 SL:ORGANIZER_EVENT] [SL:CATEGORY_EVENT @ptr_9 @ptr_10 SL:CATEGORY_EVENT] IN:GET_EVENT] SL:CONTENT_EXACT] IN:REPLY_MESSAGE] SL:TODO] IN:CREATE_REMINDER]
Cancel the reminder about dinner with my younger sister this Saturday night .	C ancel Ġthe Ġreminder Ġabout Ġdinner Ġwith Ġmy Ġyounger Ġsister Ġthis ĠSaturday Ġnight Ġ.	[IN:DELETE_REMINDER @ptr_0 @ptr_1 @ptr_2 @ptr_3 @ptr_4 [SL:TODO [IN:GET_TODO [SL:TODO @ptr_5 SL:TODO] @ptr_6 [SL:ATTENDEE [IN:GET_CONTACT [SL:CONTACT_RELATED @ptr_7 SL:CONTACT_RELATED] [SL:AGE @ptr_8 SL:AGE] [SL:TYPE_RELATION @ptr_9 SL:TYPE_RELATION] IN:GET_CONTACT] SL:ATTENDEE] IN:GET_TODO] SL:TODO] [SL:DATE_TIME @ptr_10 @ptr_11 @ptr_12 SL:DATE_TIME] @ptr_13 IN:DELETE_REMINDER]
remind those invited to the event I'm hosting this week that the event begins at 6 pm	rem ind Ġthose Ġinvited Ġto Ġthe Ġevent ĠI 'm Ġhosting Ġthis Ġweek Ġthat Ġthe Ġevent Ġbegins Ġat Ġ6 Ġpm	[IN:CREATE_REMINDER @ptr_0 @ptr_1 [SL:PERSON_REMINDED [IN:GET_EVENT_ATTENDEE @ptr_2 @ptr_3 @ptr_4 @ptr_5 @ptr_6 [SL:ORGANIZER_EVENT @ptr_7 @ptr_8 SL:ORGANIZER_EVENT] @ptr_9 [SL:DATE_TIME @ptr_10 @ptr_11 SL:DATE_TIME] IN:GET_EVENT_ATTENDEE] SL:PERSON_REMINDED] @ptr_12 [SL:TODO @ptr_13 @ptr_14 @ptr_15 SL:TODO] [SL:DATE_TIME @ptr_16 @ptr_17 @ptr_18 SL:DATE_TIME] IN:CREATE_REMINDER]
remove Steve from my group reminder for my party for mom and day	remove ĠSteve Ġfrom Ġmy Ġgroup Ġreminder Ġfor Ġmy Ġparty Ġfor Ġmom Ġand Ġday	[IN:UPDATE_REMINDER @ptr_0 [SL:PERSON_REMINDED_REMOVED @ptr_1 SL:PERSON_REMINDED_REMOVED] @ptr_2 @ptr_3 [SL:PERSON_REMINDED @ptr_4 SL:PERSON_REMINDED] @ptr_5 @ptr_6 [SL:TODO @ptr_7 @ptr_8 @ptr_9 @ptr_10 @ptr_11 @ptr_12 SL:TODO] IN:UPDATE_REMINDER]
Remove Gary from all reminders I have setup with him included .	Remove ĠGary Ġfrom Ġall Ġreminders ĠI Ġhave Ġsetup Ġwith Ġhim Ġincluded Ġ.	[IN:UPDATE_REMINDER @ptr_0 [SL:PERSON_REMINDED_REMOVED @ptr_1 SL:PERSON_REMINDED_REMOVED] @ptr_2 [SL:AMOUNT @ptr_3 SL:AMOUNT] @ptr_4 @ptr_5 @ptr_6 @ptr_7 @ptr_8 @ptr_9 @ptr_10 @ptr_11 IN:UPDATE_REMINDER]
remove Jim from our reminder for the party next wednesday	remove ĠJim Ġfrom Ġour Ġreminder Ġfor Ġthe Ġparty Ġnext Ġwed nesday	[IN:UPDATE_REMINDER @ptr_0 [SL:PERSON_REMINDED_REMOVED @ptr_1 SL:PERSON_REMINDED_REMOVED] @ptr_2 [SL:PERSON_REMINDED @ptr_3 SL:PERSON_REMINDED] @ptr_4 @ptr_5 [SL:TODO @ptr_6 @ptr_7 SL:TODO] [SL:DATE_TIME @ptr_8 @ptr_9 @ptr_10 SL:DATE_TIME] IN:UPDATE_REMINDER]
Change the reminder for John and not Tim .	Change Ġthe Ġreminder Ġfor ĠJohn Ġand Ġnot ĠTim Ġ.	[IN:UPDATE_REMINDER @ptr_0 @ptr_1 @ptr_2 @ptr_3 [SL:PERSON_REMINDED_ADDED @ptr_4 SL:PERSON_REMINDED_ADDED] @ptr_5 @ptr_6 [SL:PERSON_REMINDED_REMOVED @ptr_7 SL:PERSON_REMINDED_REMOVED] @ptr_8 IN:UPDATE_REMINDER]
remove mom from tonight 's reminder	remove Ġmom Ġfrom Ġtonight Ġ' s Ġreminder	[IN:UPDATE_REMINDER @ptr_0 [SL:PERSON_REMINDED_REMOVED [IN:GET_CONTACT [SL:TYPE_RELATION @ptr_1 SL:TYPE_RELATION] IN:GET_CONTACT] SL:PERSON_REMINDED_REMOVED] @ptr_2 [SL:DATE_TIME @ptr_3 SL:DATE_TIME] @ptr_4 @ptr_5 @ptr_6 IN:UPDATE_REMINDER]
Show me where my conference meeting reminder is being held .	Show Ġme Ġwhere Ġmy Ġconference Ġmeeting Ġreminder Ġis Ġbeing Ġheld Ġ.	[IN:GET_REMINDER_LOCATION [SL:METHOD_RETRIEVAL_REMINDER @ptr_0 SL:METHOD_RETRIEVAL_REMINDER] @ptr_1 @ptr_2 [SL:PERSON_REMINDED @ptr_3 SL:PERSON_REMINDED] [SL:TODO @ptr_4 @ptr_5 SL:TODO] @ptr_6 @ptr_7 @ptr_8 @ptr_9 @ptr_10 IN:GET_REMINDER_LOCATION]
Give me the address of the reminder about my daughter 's dinner place .	Give Ġme Ġthe Ġaddress Ġof Ġthe Ġreminder Ġabout Ġmy Ġdaughter Ġ' s Ġdinner Ġplace Ġ.	[IN:GET_REMINDER_LOCATION @ptr_0 @ptr_1 @ptr_2 @ptr_3 @ptr_4 @ptr_5 @ptr_6 @ptr_7 [SL:TODO @ptr_8 @ptr_9 @ptr_10 @ptr_11 @ptr_12 @ptr_13 SL:TODO] @ptr_14 IN:GET_REMINDER_LOCATION]
what is the location of my next reminder	what Ġis Ġthe Ġlocation Ġof Ġmy Ġnext Ġreminder	[IN:GET_REMINDER_LOCATION @ptr_0 @ptr_1 @ptr_2 @ptr_3 @ptr_4 [SL:PERSON_REMINDED @ptr_5 SL:PERSON_REMINDED] [SL:ORDINAL @ptr_6 SL:ORDINAL] @ptr_7 IN:GET_REMINDER_LOCATION]
Show my location reminder for my dinner date with Lubhna .	Show Ġmy Ġlocation Ġreminder Ġfor Ġmy Ġdinner Ġdate Ġwith ĠLub h na Ġ.	[IN:GET_REMINDER_LOCATION [SL:METHOD_RETRIEVAL_REMINDER @ptr_0 SL:METHOD_RETRIEVAL_REMINDER] [SL:PERSON_REMINDED @ptr_1 SL:PERSON_REMINDED] @ptr_2 @ptr_3 @ptr_4 [SL:TODO [IN:GET_TODO [SL:TODO @ptr_5 @ptr_6 @ptr_7 SL:TODO] @ptr_8 [SL:ATTENDEE @ptr_9 @ptr_10 @ptr_11 SL:ATTENDEE] IN:GET_TODO] SL:TODO] @ptr_12 IN:GET_REMINDER_LOCATION]
Where is the location for my meeting reminder ?	Where Ġis Ġthe Ġlocation Ġfor Ġmy Ġmeeting Ġreminder Ġ?	[IN:GET_REMINDER_LOCATION @ptr_0 @ptr_1 @ptr_2 @ptr_3 @ptr_4 [SL:PERSON_REMINDED @ptr_5 SL:PERSON_REMINDED] [SL:TODO @ptr_6 SL:TODO] @ptr_7 @ptr_8 IN:GET_REMINDER_LOCATION]
how many reminders do I have	how Ġmany Ġreminders Ġdo ĠI Ġhave	[IN:GET_REMINDER_AMOUNT @ptr_0 @ptr_1 @ptr_2 @ptr_3 [SL:PERSON_REMINDED @ptr_4 SL:PERSON_REMINDED] @ptr_5 IN:GET_REMINDER_AMOUNT]
how many reminders are currently set for paying bills	how Ġmany Ġreminders Ġare Ġcurrently Ġset Ġfor Ġpaying Ġbills	[IN:GET_REMINDER_AMOUNT @ptr_0 @ptr_1 @ptr_2 @ptr_3 @ptr_4 @ptr_5 @ptr_6 [SL:TODO @ptr_7 @ptr_8 SL:TODO] IN:GET_REMINDER_AMOUNT]
How many reminders do I have set for workouts this weeek	How Ġmany Ġreminders Ġdo ĠI Ġhave Ġset Ġfor Ġworkouts Ġthis Ġwee ek	[IN:GET_REMINDER_AMOUNT @ptr_0 @ptr_1 @ptr_2 @ptr_3 [SL:PERSON_REMINDED @ptr_4 SL:PERSON_REMINDED] @ptr_5 @ptr_6 @ptr_7 [SL:TODO @ptr_8 SL:TODO] [SL:DATE_TIME @ptr_9 @ptr_10 @ptr_11 SL:DATE_TIME] IN:GET_REMINDER_AMOUNT]
How many reminders do I have ?	How Ġmany Ġreminders Ġdo ĠI Ġhave Ġ?	[IN:GET_REMINDER_AMOUNT @ptr_0 @ptr_1 @ptr_2 @ptr_3 [SL:PERSON_REMINDED @ptr_4 SL:PERSON_REMINDED] @ptr_5 @ptr_6 IN:GET_REMINDER_AMOUNT]
How many reminders are still set for the legal meeting on August 25th ?	How Ġmany Ġreminders Ġare Ġstill Ġset Ġfor Ġthe Ġlegal Ġmeeting Ġon ĠAugust Ġ25 th Ġ?	[IN:GET_REMINDER_AMOUNT @ptr_0 @ptr_1 @ptr_2 @ptr_3 @ptr_4 @ptr_5 @ptr_6 [SL:TODO @ptr_7 @ptr_8 @ptr_9 SL:TODO] [SL:DATE_TIME @ptr_10 @ptr_11 @ptr_12 @ptr_13 SL:DATE_TIME] @ptr_14 IN:GET_REMINDER_AMOUNT]
Help me change a reminder time .	Help Ġme Ġchange Ġa Ġreminder Ġtime Ġ.	[IN:HELP_REMINDER @ptr_0 @ptr_1 @ptr_2 @ptr_3 @ptr_4 @ptr_5 @ptr_6 IN:HELP_REMINDER]
How do I see my reminders ?	How Ġdo ĠI Ġsee Ġmy Ġreminders Ġ?	[IN:HELP_REMINDER @ptr_0 @ptr_1 @ptr_2 @ptr_3 @ptr_4 @ptr_5 @ptr_6 IN:HELP_REMINDER]
Show me how I can see all of my reminders	Show Ġme Ġhow ĠI Ġcan Ġsee Ġall Ġof Ġmy Ġreminders	[IN:HELP_REMINDER @ptr_0 @ptr_1 @ptr_2 @ptr_3 @ptr_4 @ptr_5 @ptr_6 @ptr_7 @ptr_8 @ptr_9 IN:HELP_REMINDER]
How do I remind Michelle about our Grand Canyon plans for November ?	How Ġdo ĠI Ġremind ĠMichelle Ġabout Ġour ĠGrand ĠCanyon Ġplans Ġfor ĠNovember Ġ?	[IN:HELP_REMINDER @ptr_0 @ptr_1 @ptr_2 @ptr_3 @ptr_4 @ptr_5 @ptr_6 @ptr_7 @ptr_8 @ptr_9 @ptr_10 @ptr_11 @ptr_12 IN:HELP_REMINDER]
Help me find the reminders for all the new fall shows I want to watch	Help Ġme Ġfind Ġthe Ġreminders Ġfor Ġall Ġthe Ġnew Ġfall Ġshows ĠI Ġwant Ġto Ġwatch	[IN:HELP_REMINDER @ptr_0 @ptr_1 @ptr_2 @ptr_3 @ptr_4 @ptr_5 @ptr_6 @ptr_7 @ptr_8 @ptr_9 @ptr_10 @ptr_11 @ptr_12 @ptr_13 @ptr_14 IN:HELP_REMINDER]
Change the reminder to send an ' I love you ' message to my sister on facebook from the 19th to the 23rd .	Change Ġthe Ġreminder Ġto Ġsend Ġan Ġ' ĠI Ġlove Ġyou Ġ' Ġmessage Ġto Ġmy Ġsister Ġon Ġfacebook Ġfrom Ġthe Ġ19 th Ġto Ġthe Ġ23 rd Ġ.	[IN:UPDATE_REMINDER_DATE_TIME @ptr_0 @ptr_1 @ptr_2 @ptr_3 [SL:TODO [IN:SEND_MESSAGE @ptr_4 @ptr_5 @ptr_6 [SL:CONTENT_EXACT @ptr_7 @ptr_8 @ptr_9 SL:CONTENT_EXACT] @ptr_10 @ptr_11 @ptr_12 [SL:RECIPIENT [IN:GET_CONTACT [SL:CONTACT_RELATED @ptr_13 SL:CONTACT_RELATED] [SL:TYPE_RELATION @ptr_14 SL:TYPE_RELATION] IN:GET_CONTACT] SL:RECIPIENT] @ptr_15 [SL:NAME_APP @ptr_16 SL:NAME_APP] IN:SEND_MESSAGE] SL:TODO] [SL:DATE_TIME @ptr_17 @ptr_18 @ptr_19 @ptr_20 SL:DATE_TIME] [SL:DATE_TIME_NEW @ptr_21 @ptr_22 @ptr_23 @ptr_24 SL:DATE_TIME_NEW] @ptr_25 IN:UPDATE_REMINDER_DATE_TIME]
Delete the reminder to send a friend anniversary message to Maura on Facebook .	Delete Ġthe Ġreminder Ġto Ġsend Ġa Ġfriend Ġanniversary Ġmessage Ġto ĠMaur a Ġon ĠFacebook Ġ.	[IN:DELETE_REMINDER @ptr_0 @ptr_1 @ptr_2 @ptr_3 [SL:TODO [IN:SEND_MESSAGE @ptr_4 @ptr_5 [SL:CONTENT_EXACT @ptr_6 @ptr_7 SL:CONTENT_EXACT] @ptr_8 @ptr_9 [SL:RECIPIENT @ptr_10 @ptr_11 SL:RECIPIENT] @ptr_12 [SL:NAME_APP @ptr_13 SL:NAME_APP] IN:SEND_MESSAGE] SL:TODO] @ptr_14 IN:DELETE_REMINDER]
Delete the reminder to send videos to Lisa on Kelly 's accident .	Delete Ġthe Ġreminder Ġto Ġsend Ġvideos Ġto ĠLisa Ġon ĠKelly Ġ' s Ġaccident Ġ.	[IN:DELETE_REMINDER @ptr_0 @ptr_1 @ptr_2 @ptr_3 [SL:TODO [IN:SEND_MESSAGE @ptr_4 [SL:TYPE_CONTENT @ptr_5 SL:TYPE_CONTENT] @ptr_6 [SL:RECIPIENT @ptr_7 SL:RECIPIENT] @ptr_8 [SL:CONTENT_EXACT @ptr_9 @ptr_10 @ptr_11 @ptr_12 SL:CONTENT_EXACT] IN:SEND_MESSAGE] SL:TODO] @ptr_13 IN:DELETE_REMINDER]
change my meeting alert with kim to Lisa	change Ġmy Ġmeeting Ġalert Ġwith Ġk im Ġto ĠLisa	[IN:UPDATE_REMINDER @ptr_0 [SL:PERSON_REMINDED @ptr_1 SL:PERSON_REMINDED] [SL:TODO @ptr_2 SL:TODO] @ptr_3 @ptr_4 [SL:ATTENDEE_REMOVED @ptr_5 @ptr_6 SL:ATTENDEE_REMOVED] @ptr_7 [SL:ATTENDEE_ADDED @ptr_8 SL:ATTENDEE_ADDED] IN:UPDATE_REMINDER]
Can you add Tony to coming to 4 pm meeting in my reminder	Can Ġyou Ġadd ĠTony Ġto Ġcoming Ġto Ġ4 Ġpm Ġmeeting Ġin Ġmy Ġreminder	[IN:UPDATE_REMINDER @ptr_0 @ptr_1 @ptr_2 [SL:ATTENDEE_ADDED @ptr_3 SL:ATTENDEE_ADDED] @ptr_4 @ptr_5 [SL:DATE_TIME @ptr_6 @ptr_7 @ptr_8 SL:DATE_TIME] [SL:TODO @ptr_9 SL:TODO] @ptr_10 [SL:PERSON_REMINDED @ptr_11 SL:PERSON_REMINDED] @ptr_12 IN:UPDATE_REMINDER]
Update my reminder for my meeting with Mary Spear to include Linda Adams and Pam Morgan .	Update Ġmy Ġreminder Ġfor Ġmy Ġmeeting Ġwith ĠMary ĠSpear Ġto Ġinclude ĠLinda ĠAdams Ġand ĠPam ĠMorgan Ġ.	[IN:UPDATE_REMINDER @ptr_0 [SL:PERSON_REMINDED @ptr_1 SL:PERSON_REMINDED] @ptr_2 @ptr_3 [SL:TODO @ptr_4 @ptr_5 SL:TODO] @ptr_6 [SL:ATTENDEE @ptr_7 @ptr_8 SL:ATTENDEE] @ptr_9 @ptr_10 [SL:ATTENDEE_ADDED @ptr_11 @ptr_12 SL:ATTENDEE_ADDED] @ptr_13 [SL:ATTENDEE_ADDED @ptr_14 @ptr_15 SL:ATTENDEE_ADDED] @ptr_16 IN:UPDATE_REMINDER]
change my meeting alert with kim to Lisa	change Ġmy Ġmeeting Ġalert Ġwith Ġk im Ġto ĠLisa	[IN:UPDATE_REMINDER @ptr_0 [SL:PERSON_REMINDED @ptr_1 SL:PERSON_REMINDED] [SL:TODO @ptr_2 SL:TODO] @ptr_3 @ptr_4 [SL:ATTENDEE_REMOVED @ptr_5 @ptr_6 SL:ATTENDEE_REMOVED] @ptr_7 [SL:ATTENDEE_ADDED @ptr_8 SL:ATTENDEE_ADDED] IN:UPDATE_REMINDER]
Add James to my bachelor party reminder .	Add ĠJames Ġto Ġmy Ġbachelor Ġparty Ġreminder Ġ.	[IN:UPDATE_REMINDER @ptr_0 [SL:ATTENDEE_ADDED @ptr_1 SL:ATTENDEE_ADDED] @ptr_2 [SL:PERSON_REMINDED @ptr_3 SL:PERSON_REMINDED] [SL:TODO @ptr_4 @ptr_5 SL:TODO] @ptr_6 @ptr_7 IN:UPDATE_REMINDER]
show me the reminder for the theater night with co - workers next month	show Ġme Ġthe Ġreminder Ġfor Ġthe Ġtheater Ġnight Ġwith Ġco Ġ- Ġworkers Ġnext Ġmonth	[IN:GET_REMINDER [SL:METHOD_RETRIEVAL_REMINDER @ptr_0 SL:METHOD_RETRIEVAL_REMINDER] [SL:PERSON_REMINDED @ptr_1 SL:PERSON_REMINDED] @ptr_2 @ptr_3 @ptr_4 [SL:TODO [IN:GET_TODO [SL:TODO @ptr_5 @ptr_6 @ptr_7 SL:TODO] @ptr_8 [SL:ATTENDEE [IN:GET_CONTACT [SL:MUTUAL_EMPLOYER @ptr_9 @ptr_10 @ptr_11 SL:MUTUAL_EMPLOYER] IN:GET_CONTACT] SL:ATTENDEE] IN:GET_TODO] SL:TODO] [SL:DATE_TIME @ptr_12 @ptr_13 SL:DATE_TIME] IN:GET_REMINDER]
Set a reminder to email my coworkers by tonight .	Set Ġa Ġreminder Ġto Ġemail Ġmy Ġcoworkers Ġby Ġtonight Ġ.	[IN:CREATE_REMINDER @ptr_0 @ptr_1 @ptr_2 @ptr_3 [SL:TODO [IN:SEND_MESSAGE @ptr_4 [SL:RECIPIENT [IN:GET_CONTACT [SL:CONTACT_RELATED @ptr_5 SL:CONTACT_RELATED] [SL:MUTUAL_EMPLOYER @ptr_6 SL:MUTUAL_EMPLOYER] IN:GET_CONTACT] SL:RECIPIENT] IN:SEND_MESSAGE] SL:TODO] [SL:DATE_TIME @ptr_7 @ptr_8 SL:DATE_TIME] @ptr_9 IN:CREATE_REMINDER]
Remind me to send Enrichment emails to teachers on Monday	Rem ind Ġme Ġto Ġsend ĠEn rich ment Ġemails Ġto Ġteachers Ġon ĠMonday	[IN:CREATE_REMINDER @ptr_0 @ptr_1 [SL:PERSON_REMINDED @ptr_2 SL:PERSON_REMINDED] @ptr_3 [SL:TODO [IN:SEND_MESSAGE @ptr_4 [SL:CONTENT_EXACT @ptr_5 @ptr_6 @ptr_7 SL:CONTENT_EXACT] @ptr_8 @ptr_9 [SL:RECIPIENT [IN:GET_CONTACT [SL:JOB @ptr_10 SL:JOB] IN:GET_CONTACT] SL:RECIPIENT] IN:SEND_MESSAGE] SL:TODO] [SL:DATE_TIME @ptr_11 @ptr_12 SL:DATE_TIME] IN:CREATE_REMINDER]
Remind me to send flowers to my wife on her birthday .	Rem ind Ġme Ġto Ġsend Ġflowers Ġto Ġmy Ġwife Ġon Ġher Ġbirthday Ġ.	[IN:CREATE_REMINDER @ptr_0 @ptr_1 [SL:PERSON_REMINDED @ptr_2 SL:PERSON_REMINDED] @ptr_3 [SL:TODO @ptr_4 @ptr_5 @ptr_6 @ptr_7 @ptr_8 SL:TODO] [SL:DATE_TIME [IN:GET_BIRTHDAY @ptr_9 [SL:CONTACT @ptr_10 SL:CONTACT] @ptr_11 IN:GET_BIRTHDAY] SL:DATE_TIME] @ptr_12 IN:CREATE_REMINDER]
