set another timer	set Ġanother Ġtimer	[IN:CREATE_TIMER @ptr_0 @ptr_1 [SL:METHOD_TIMER @ptr_2 SL:METHOD_TIMER] IN:CREATE_TIMER]
I want a timer set for 10 minutes	I Ġwant Ġa Ġtimer Ġset Ġfor Ġ10 Ġminutes	[IN:CREATE_TIMER @ptr_0 @ptr_1 @ptr_2 [SL:METHOD_TIMER @ptr_3 SL:METHOD_TIMER] @ptr_4 [SL:DATE_TIME @ptr_5 @ptr_6 @ptr_7 SL:DATE_TIME] IN:CREATE_TIMER]
Turn on timer	Turn Ġon Ġtimer	[IN:CREATE_TIMER @ptr_0 @ptr_1 [SL:METHOD_TIMER @ptr_2 SL:METHOD_TIMER] IN:CREATE_TIMER]
set another timer for 40 minutes	set Ġanother Ġtimer Ġfor Ġ40 Ġminutes	[IN:CREATE_TIMER @ptr_0 @ptr_1 [SL:METHOD_TIMER @ptr_2 SL:METHOD_TIMER] [SL:DATE_TIME @ptr_3 @ptr_4 @ptr_5 SL:DATE_TIME] IN:CREATE_TIMER]
Set timer for 18 : 00	Set Ġtimer Ġfor Ġ18 Ġ: Ġ00	[IN:CREATE_TIMER @ptr_0 [SL:METHOD_TIMER @ptr_1 SL:METHOD_TIMER] [SL:DATE_TIME @ptr_2 @ptr_3 @ptr_4 @ptr_5 SL:DATE_TIME] IN:CREATE_TIMER]
Set another time for 25 minutes while I run .	Set Ġanother Ġtime Ġfor Ġ25 Ġminutes Ġwhile ĠI Ġrun Ġ.	[IN:CREATE_TIMER @ptr_0 @ptr_1 [SL:METHOD_TIMER @ptr_2 SL:METHOD_TIMER] [SL:DATE_TIME @ptr_3 @ptr_4 @ptr_5 SL:DATE_TIME] @ptr_6 @ptr_7 @ptr_8 @ptr_9 IN:CREATE_TIMER]
Set a timer for 5 minutes	Set Ġa Ġtimer Ġfor Ġ5 Ġminutes	[IN:CREATE_TIMER @ptr_0 @ptr_1 [SL:METHOD_TIMER @ptr_2 SL:METHOD_TIMER] [SL:DATE_TIME @ptr_3 @ptr_4 @ptr_5 SL:DATE_TIME] IN:CREATE_TIMER]
set a timer for two days	set Ġa Ġtimer Ġfor Ġtwo Ġdays	[IN:CREATE_TIMER @ptr_0 @ptr_1 [SL:METHOD_TIMER @ptr_2 SL:METHOD_TIMER] [SL:DATE_TIME @ptr_3 @ptr_4 @ptr_5 SL:DATE_TIME] IN:CREATE_TIMER]
Schedule a timer for next Tuesday .	Sche dule Ġa Ġtimer Ġfor Ġnext ĠTuesday Ġ.	[IN:CREATE_TIMER @ptr_0 @ptr_1 @ptr_2 [SL:METHOD_TIMER @ptr_3 SL:METHOD_TIMER] [SL:DATE_TIME @ptr_4 @ptr_5 @ptr_6 SL:DATE_TIME] @ptr_7 IN:CREATE_TIMER]
put timer on the screen	put Ġtimer Ġon Ġthe Ġscreen	[IN:GET_TIMER @ptr_0 [SL:METHOD_TIMER @ptr_1 SL:METHOD_TIMER] @ptr_2 @ptr_3 @ptr_4 IN:GET_TIMER]
let me know when I ran for 20 minutes	let Ġme Ġknow Ġwhen ĠI Ġran Ġfor Ġ20 Ġminutes	[IN:UNSUPPORTED_TIMER @ptr_0 @ptr_1 @ptr_2 @ptr_3 @ptr_4 @ptr_5 [SL:DATE_TIME @ptr_6 @ptr_7 @ptr_8 SL:DATE_TIME] IN:UNSUPPORTED_TIMER]
set the timer for 12 minutes	set Ġthe Ġtimer Ġfor Ġ12 Ġminutes	[IN:CREATE_TIMER @ptr_0 @ptr_1 [SL:METHOD_TIMER @ptr_2 SL:METHOD_TIMER] [SL:DATE_TIME @ptr_3 @ptr_4 @ptr_5 SL:DATE_TIME] IN:CREATE_TIMER]
Subtract 15 minutes from my timer	Sub t ract Ġ15 Ġminutes Ġfrom Ġmy Ġtimer	[IN:SUBTRACT_TIME_TIMER @ptr_0 @ptr_1 @ptr_2 [SL:DATE_TIME @ptr_3 @ptr_4 SL:DATE_TIME] @ptr_5 @ptr_6 [SL:METHOD_TIMER @ptr_7 SL:METHOD_TIMER] IN:SUBTRACT_TIME_TIMER]
Please set a timer for 4 am	Please Ġset Ġa Ġtimer Ġfor Ġ4 Ġam	[IN:CREATE_TIMER @ptr_0 @ptr_1 @ptr_2 [SL:METHOD_TIMER @ptr_3 SL:METHOD_TIMER] [SL:DATE_TIME @ptr_4 @ptr_5 @ptr_6 SL:DATE_TIME] IN:CREATE_TIMER]
Start timer in five minutes	Start Ġtimer Ġin Ġfive Ġminutes	[IN:CREATE_TIMER @ptr_0 [SL:METHOD_TIMER @ptr_1 SL:METHOD_TIMER] [SL:DATE_TIME @ptr_2 @ptr_3 @ptr_4 SL:DATE_TIME] IN:CREATE_TIMER]
Sleep timer for bed time	Sleep Ġtimer Ġfor Ġbed Ġtime	[IN:PAUSE_TIMER [SL:TIMER_NAME @ptr_0 SL:TIMER_NAME] [SL:METHOD_TIMER @ptr_1 SL:METHOD_TIMER] @ptr_2 @ptr_3 @ptr_4 IN:PAUSE_TIMER]
Can you pause the timer with 5 minutes left	Can Ġyou Ġpause Ġthe Ġtimer Ġwith Ġ5 Ġminutes Ġleft	[IN:PAUSE_TIMER @ptr_0 @ptr_1 @ptr_2 @ptr_3 [SL:METHOD_TIMER @ptr_4 SL:METHOD_TIMER] @ptr_5 @ptr_6 @ptr_7 @ptr_8 IN:PAUSE_TIMER]
pause timer	pause Ġtimer	[IN:PAUSE_TIMER @ptr_0 [SL:METHOD_TIMER @ptr_1 SL:METHOD_TIMER] IN:PAUSE_TIMER]
Stop timer	Stop Ġtimer	[IN:PAUSE_TIMER @ptr_0 [SL:METHOD_TIMER @ptr_1 SL:METHOD_TIMER] IN:PAUSE_TIMER]
stop timer	stop Ġtimer	[IN:PAUSE_TIMER @ptr_0 [SL:METHOD_TIMER @ptr_1 SL:METHOD_TIMER] IN:PAUSE_TIMER]
delete all timers	delete Ġall Ġtimers	[IN:DELETE_TIMER @ptr_0 [SL:AMOUNT @ptr_1 SL:AMOUNT] [SL:METHOD_TIMER @ptr_2 SL:METHOD_TIMER] IN:DELETE_TIMER]
set two timers if you would	set Ġtwo Ġtimers Ġif Ġyou Ġwould	[IN:CREATE_TIMER @ptr_0 [SL:AMOUNT @ptr_1 SL:AMOUNT] [SL:METHOD_TIMER @ptr_2 SL:METHOD_TIMER] @ptr_3 @ptr_4 @ptr_5 IN:CREATE_TIMER]
Please turn off all timers .	Please Ġturn Ġoff Ġall Ġtimers Ġ.	[IN:PAUSE_TIMER @ptr_0 @ptr_1 @ptr_2 [SL:AMOUNT @ptr_3 SL:AMOUNT] [SL:METHOD_TIMER @ptr_4 SL:METHOD_TIMER] @ptr_5 IN:PAUSE_TIMER]
pause both timers	pause Ġboth Ġtimers	[IN:PAUSE_TIMER @ptr_0 [SL:AMOUNT @ptr_1 SL:AMOUNT] [SL:METHOD_TIMER @ptr_2 SL:METHOD_TIMER] IN:PAUSE_TIMER]
cancel all timers	c ancel Ġall Ġtimers	[IN:DELETE_TIMER @ptr_0 @ptr_1 [SL:AMOUNT @ptr_2 SL:AMOUNT] [SL:METHOD_TIMER @ptr_3 SL:METHOD_TIMER] IN:DELETE_TIMER]
When is the first timer going off	When Ġis Ġthe Ġfirst Ġtimer Ġgoing Ġoff	[IN:GET_TIMER @ptr_0 @ptr_1 @ptr_2 [SL:ORDINAL @ptr_3 SL:ORDINAL] [SL:METHOD_TIMER @ptr_4 SL:METHOD_TIMER] @ptr_5 @ptr_6 IN:GET_TIMER]
How many minutes until the timer goes off	How Ġmany Ġminutes Ġuntil Ġthe Ġtimer Ġgoes Ġoff	[IN:GET_TIMER @ptr_0 @ptr_1 @ptr_2 @ptr_3 @ptr_4 [SL:METHOD_TIMER @ptr_5 SL:METHOD_TIMER] @ptr_6 @ptr_7 IN:GET_TIMER]
How much time is left on my last timer set ?	How Ġmuch Ġtime Ġis Ġleft Ġon Ġmy Ġlast Ġtimer Ġset Ġ?	[IN:GET_TIMER @ptr_0 @ptr_1 @ptr_2 @ptr_3 @ptr_4 @ptr_5 @ptr_6 [SL:ORDINAL @ptr_7 SL:ORDINAL] [SL:METHOD_TIMER @ptr_8 SL:METHOD_TIMER] @ptr_9 @ptr_10 IN:GET_TIMER]
How many timers do I have going ?	How Ġmany Ġtimers Ġdo ĠI Ġhave Ġgoing Ġ?	[IN:GET_TIMER @ptr_0 @ptr_1 [SL:METHOD_TIMER @ptr_2 SL:METHOD_TIMER] @ptr_3 @ptr_4 @ptr_5 @ptr_6 @ptr_7 IN:GET_TIMER]
How much time is left	How Ġmuch Ġtime Ġis Ġleft	[IN:GET_TIMER @ptr_0 @ptr_1 [SL:METHOD_TIMER @ptr_2 SL:METHOD_TIMER] @ptr_3 @ptr_4 IN:GET_TIMER]
add a 20 minute timer	add Ġa Ġ20 Ġminute Ġtimer	[IN:ADD_TIME_TIMER @ptr_0 @ptr_1 [SL:DATE_TIME @ptr_2 @ptr_3 SL:DATE_TIME] [SL:METHOD_TIMER @ptr_4 SL:METHOD_TIMER] IN:ADD_TIME_TIMER]
Add another 30 minutes to my timer .	Add Ġanother Ġ30 Ġminutes Ġto Ġmy Ġtimer Ġ.	[IN:ADD_TIME_TIMER @ptr_0 @ptr_1 [SL:DATE_TIME @ptr_2 @ptr_3 SL:DATE_TIME] @ptr_4 @ptr_5 [SL:METHOD_TIMER @ptr_6 SL:METHOD_TIMER] @ptr_7 IN:ADD_TIME_TIMER]
please add 90 minutes to my timer	please Ġadd Ġ90 Ġminutes Ġto Ġmy Ġtimer	[IN:ADD_TIME_TIMER @ptr_0 @ptr_1 [SL:DATE_TIME @ptr_2 @ptr_3 SL:DATE_TIME] @ptr_4 @ptr_5 [SL:METHOD_TIMER @ptr_6 SL:METHOD_TIMER] IN:ADD_TIME_TIMER]
add 2 minutes to my timer	add Ġ2 Ġminutes Ġto Ġmy Ġtimer	[IN:ADD_TIME_TIMER @ptr_0 [SL:DATE_TIME @ptr_1 @ptr_2 SL:DATE_TIME] @ptr_3 @ptr_4 [SL:METHOD_TIMER @ptr_5 SL:METHOD_TIMER] IN:ADD_TIME_TIMER]
Add two minutes to my timer	Add Ġtwo Ġminutes Ġto Ġmy Ġtimer	[IN:ADD_TIME_TIMER @ptr_0 [SL:DATE_TIME @ptr_1 @ptr_2 SL:DATE_TIME] @ptr_3 @ptr_4 [SL:METHOD_TIMER @ptr_5 SL:METHOD_TIMER] IN:ADD_TIME_TIMER]
Pause the work timer	Pause Ġthe Ġwork Ġtimer	[IN:PAUSE_TIMER @ptr_0 @ptr_1 [SL:TIMER_NAME @ptr_2 SL:TIMER_NAME] [SL:METHOD_TIMER @ptr_3 SL:METHOD_TIMER] IN:PAUSE_TIMER]
Set a timer for a normal time for baking a cake	Set Ġa Ġtimer Ġfor Ġa Ġnormal Ġtime Ġfor Ġbaking Ġa Ġcake	[IN:CREATE_TIMER @ptr_0 @ptr_1 [SL:METHOD_TIMER @ptr_2 SL:METHOD_TIMER] @ptr_3 @ptr_4 [SL:TIMER_NAME @ptr_5 @ptr_6 @ptr_7 @ptr_8 @ptr_9 @ptr_10 SL:TIMER_NAME] IN:CREATE_TIMER]
how much time is left on my 30 minute timer ?	how Ġmuch Ġtime Ġis Ġleft Ġon Ġmy Ġ30 Ġminute Ġtimer Ġ?	[IN:GET_TIMER @ptr_0 @ptr_1 @ptr_2 @ptr_3 @ptr_4 @ptr_5 @ptr_6 [SL:TIMER_NAME [IN:GET_TIME [SL:DATE_TIME @ptr_7 @ptr_8 SL:DATE_TIME] IN:GET_TIME] SL:TIMER_NAME] [SL:METHOD_TIMER @ptr_9 SL:METHOD_TIMER] @ptr_10 IN:GET_TIMER]
How much time remains for my workout	How Ġmuch Ġtime Ġremains Ġfor Ġmy Ġworkout	[IN:GET_TIMER @ptr_0 @ptr_1 @ptr_2 @ptr_3 @ptr_4 @ptr_5 [SL:TIMER_NAME @ptr_6 SL:TIMER_NAME] IN:GET_TIMER]
Place a hold on the ten minute jump rope timer .	Place Ġa Ġhold Ġon Ġthe Ġten Ġminute Ġjump Ġrope Ġtimer Ġ.	[IN:PAUSE_TIMER @ptr_0 @ptr_1 @ptr_2 @ptr_3 @ptr_4 [SL:TIMER_NAME [IN:GET_TIME [SL:DATE_TIME @ptr_5 @ptr_6 SL:DATE_TIME] IN:GET_TIME] SL:TIMER_NAME] [SL:TIMER_NAME @ptr_7 @ptr_8 SL:TIMER_NAME] [SL:METHOD_TIMER @ptr_9 SL:METHOD_TIMER] @ptr_10 IN:PAUSE_TIMER]
How many minutes are remaining on my timer ?	How Ġmany Ġminutes Ġare Ġremaining Ġon Ġmy Ġtimer Ġ?	[IN:GET_TIMER @ptr_0 @ptr_1 @ptr_2 @ptr_3 @ptr_4 @ptr_5 @ptr_6 [SL:METHOD_TIMER @ptr_7 SL:METHOD_TIMER] @ptr_8 IN:GET_TIMER]
how many more minutes are left on my timer	how Ġmany Ġmore Ġminutes Ġare Ġleft Ġon Ġmy Ġtimer	[IN:GET_TIMER @ptr_0 @ptr_1 @ptr_2 @ptr_3 @ptr_4 @ptr_5 @ptr_6 @ptr_7 [SL:METHOD_TIMER @ptr_8 SL:METHOD_TIMER] IN:GET_TIMER]
what time is my timer set for	what Ġtime Ġis Ġmy Ġtimer Ġset Ġfor	[IN:GET_TIMER @ptr_0 @ptr_1 @ptr_2 @ptr_3 [SL:METHOD_TIMER @ptr_4 SL:METHOD_TIMER] @ptr_5 @ptr_6 IN:GET_TIMER]
How much time left for my walk	How Ġmuch Ġtime Ġleft Ġfor Ġmy Ġwalk	[IN:GET_TIMER @ptr_0 @ptr_1 [SL:METHOD_TIMER @ptr_2 SL:METHOD_TIMER] @ptr_3 @ptr_4 @ptr_5 @ptr_6 IN:GET_TIMER]
How long until next timer goes off ?	How Ġlong Ġuntil Ġnext Ġtimer Ġgoes Ġoff Ġ?	[IN:GET_TIMER @ptr_0 @ptr_1 @ptr_2 [SL:ORDINAL @ptr_3 SL:ORDINAL] [SL:METHOD_TIMER @ptr_4 SL:METHOD_TIMER] @ptr_5 @ptr_6 @ptr_7 IN:GET_TIMER]
Start timer again .	Start Ġtimer Ġagain Ġ.	[IN:RESTART_TIMER @ptr_0 [SL:METHOD_TIMER @ptr_1 SL:METHOD_TIMER] @ptr_2 @ptr_3 IN:RESTART_TIMER]
restart my timer	rest art Ġmy Ġtimer	[IN:RESTART_TIMER @ptr_0 @ptr_1 @ptr_2 [SL:METHOD_TIMER @ptr_3 SL:METHOD_TIMER] IN:RESTART_TIMER]
Restart the timer .	Rest art Ġthe Ġtimer Ġ.	[IN:RESTART_TIMER @ptr_0 @ptr_1 @ptr_2 [SL:METHOD_TIMER @ptr_3 SL:METHOD_TIMER] @ptr_4 IN:RESTART_TIMER]
reset the timer	reset Ġthe Ġtimer	[IN:RESTART_TIMER @ptr_0 @ptr_1 [SL:METHOD_TIMER @ptr_2 SL:METHOD_TIMER] IN:RESTART_TIMER]
Restart timer after 1 min .	Rest art Ġtimer Ġafter Ġ1 Ġmin Ġ.	[IN:RESTART_TIMER @ptr_0 @ptr_1 [SL:METHOD_TIMER @ptr_2 SL:METHOD_TIMER] [SL:DATE_TIME @ptr_3 @ptr_4 @ptr_5 SL:DATE_TIME] @ptr_6 IN:RESTART_TIMER]
Remove 5 minutes from my jogging timer	Remove Ġ5 Ġminutes Ġfrom Ġmy Ġj ogging Ġtimer	[IN:SUBTRACT_TIME_TIMER @ptr_0 [SL:DATE_TIME @ptr_1 @ptr_2 SL:DATE_TIME] @ptr_3 @ptr_4 @ptr_5 @ptr_6 [SL:METHOD_TIMER @ptr_7 SL:METHOD_TIMER] IN:SUBTRACT_TIME_TIMER]
remove 5 minutes from timer	remove Ġ5 Ġminutes Ġfrom Ġtimer	[IN:SUBTRACT_TIME_TIMER @ptr_0 [SL:DATE_TIME @ptr_1 @ptr_2 SL:DATE_TIME] @ptr_3 [SL:METHOD_TIMER @ptr_4 SL:METHOD_TIMER] IN:SUBTRACT_TIME_TIMER]
take off 5 min from my timer	take Ġoff Ġ5 Ġmin Ġfrom Ġmy Ġtimer	[IN:SUBTRACT_TIME_TIMER @ptr_0 @ptr_1 [SL:DATE_TIME @ptr_2 @ptr_3 SL:DATE_TIME] @ptr_4 @ptr_5 [SL:METHOD_TIMER @ptr_6 SL:METHOD_TIMER] IN:SUBTRACT_TIME_TIMER]
take five minutes off timer number one	take Ġfive Ġminutes Ġoff Ġtimer Ġnumber Ġone	[IN:SUBTRACT_TIME_TIMER @ptr_0 [SL:DATE_TIME @ptr_1 @ptr_2 SL:DATE_TIME] @ptr_3 [SL:METHOD_TIMER @ptr_4 SL:METHOD_TIMER] @ptr_5 @ptr_6 IN:SUBTRACT_TIME_TIMER]
Change the timer to go off in 60 minutes .	Change Ġthe Ġtimer Ġto Ġgo Ġoff Ġin Ġ60 Ġminutes Ġ.	[IN:SUBTRACT_TIME_TIMER @ptr_0 @ptr_1 [SL:METHOD_TIMER @ptr_2 SL:METHOD_TIMER] @ptr_3 @ptr_4 @ptr_5 [SL:DATE_TIME @ptr_6 @ptr_7 @ptr_8 SL:DATE_TIME] @ptr_9 IN:SUBTRACT_TIME_TIMER]
Cancel timer and reset for ten minutes .	C ancel Ġtimer Ġand Ġreset Ġfor Ġten Ġminutes Ġ.	[IN:DELETE_TIMER @ptr_0 @ptr_1 [SL:METHOD_TIMER @ptr_2 SL:METHOD_TIMER] @ptr_3 @ptr_4 @ptr_5 @ptr_6 @ptr_7 @ptr_8 IN:DELETE_TIMER]
Delete my timer	Delete Ġmy Ġtimer	[IN:DELETE_TIMER @ptr_0 @ptr_1 [SL:METHOD_TIMER @ptr_2 SL:METHOD_TIMER] IN:DELETE_TIMER]
Delete my timer	Delete Ġmy Ġtimer	[IN:DELETE_TIMER @ptr_0 @ptr_1 [SL:METHOD_TIMER @ptr_2 SL:METHOD_TIMER] IN:DELETE_TIMER]
Delete the timer for one day .	Delete Ġthe Ġtimer Ġfor Ġone Ġday Ġ.	[IN:DELETE_TIMER @ptr_0 @ptr_1 [SL:METHOD_TIMER @ptr_2 SL:METHOD_TIMER] @ptr_3 @ptr_4 @ptr_5 @ptr_6 IN:DELETE_TIMER]
delete timer	delete Ġtimer	[IN:DELETE_TIMER @ptr_0 [SL:METHOD_TIMER @ptr_1 SL:METHOD_TIMER] IN:DELETE_TIMER]
please keep counting down	please Ġkeep Ġcounting Ġdown	[IN:RESUME_TIMER @ptr_0 @ptr_1 @ptr_2 @ptr_3 IN:RESUME_TIMER]
time to turn the timer back on	time Ġto Ġturn Ġthe Ġtimer Ġback Ġon	[IN:RESUME_TIMER @ptr_0 @ptr_1 @ptr_2 @ptr_3 [SL:METHOD_TIMER @ptr_4 SL:METHOD_TIMER] @ptr_5 @ptr_6 IN:RESUME_TIMER]
Resume my timer	Res ume Ġmy Ġtimer	[IN:RESUME_TIMER @ptr_0 @ptr_1 @ptr_2 [SL:METHOD_TIMER @ptr_3 SL:METHOD_TIMER] IN:RESUME_TIMER]
go ahead and carry on my stopped timer	go Ġahead Ġand Ġcarry Ġon Ġmy Ġstopped Ġtimer	[IN:RESUME_TIMER @ptr_0 @ptr_1 @ptr_2 @ptr_3 @ptr_4 @ptr_5 @ptr_6 [SL:METHOD_TIMER @ptr_7 SL:METHOD_TIMER] IN:RESUME_TIMER]
Resume first timer in 5 minutes	Res ume Ġfirst Ġtimer Ġin Ġ5 Ġminutes	[IN:RESUME_TIMER @ptr_0 @ptr_1 [SL:ORDINAL @ptr_2 SL:ORDINAL] [SL:METHOD_TIMER @ptr_3 SL:METHOD_TIMER] [SL:DATE_TIME @ptr_4 @ptr_5 @ptr_6 SL:DATE_TIME] IN:RESUME_TIMER]
set timer for every 30 mins	set Ġtimer Ġfor Ġevery Ġ30 Ġmins	[IN:UNSUPPORTED_TIMER @ptr_0 @ptr_1 @ptr_2 @ptr_3 @ptr_4 @ptr_5 IN:UNSUPPORTED_TIMER]
mute timer after 5 seconds	m ute Ġtimer Ġafter Ġ5 Ġseconds	[IN:UNSUPPORTED_TIMER @ptr_0 @ptr_1 @ptr_2 @ptr_3 @ptr_4 @ptr_5 IN:UNSUPPORTED_TIMER]
add new timer setting	add Ġnew Ġtimer Ġsetting	[IN:UNSUPPORTED_TIMER @ptr_0 @ptr_1 [SL:METHOD_TIMER @ptr_2 SL:METHOD_TIMER] @ptr_3 IN:UNSUPPORTED_TIMER]
I want to set my timer for every 2 hours	I Ġwant Ġto Ġset Ġmy Ġtimer Ġfor Ġevery Ġ2 Ġhours	[IN:UNSUPPORTED_TIMER @ptr_0 @ptr_1 @ptr_2 @ptr_3 @ptr_4 [SL:METHOD_TIMER @ptr_5 SL:METHOD_TIMER] @ptr_6 @ptr_7 [SL:DATE_TIME @ptr_8 @ptr_9 SL:DATE_TIME] IN:UNSUPPORTED_TIMER]
send my timer log to my email	send Ġmy Ġtimer Ġlog Ġto Ġmy Ġemail	[IN:UNSUPPORTED_TIMER @ptr_0 @ptr_1 @ptr_2 @ptr_3 @ptr_4 @ptr_5 @ptr_6 IN:UNSUPPORTED_TIMER]
Set timer for every 2 minutes for the next 20 minutes	Set Ġtimer Ġfor Ġevery Ġ2 Ġminutes Ġfor Ġthe Ġnext Ġ20 Ġminutes	[IN:UNSUPPORTED_TIMER @ptr_0 @ptr_1 @ptr_2 @ptr_3 @ptr_4 @ptr_5 @ptr_6 @ptr_7 [SL:ORDINAL @ptr_8 SL:ORDINAL] @ptr_9 @ptr_10 IN:UNSUPPORTED_TIMER]
I need to set a timer for once an hour for the next 6 hours	I Ġneed Ġto Ġset Ġa Ġtimer Ġfor Ġonce Ġan Ġhour Ġfor Ġthe Ġnext Ġ6 Ġhours	[IN:UNSUPPORTED_TIMER @ptr_0 @ptr_1 @ptr_2 @ptr_3 @ptr_4 @ptr_5 @ptr_6 @ptr_7 @ptr_8 @ptr_9 @ptr_10 @ptr_11 [SL:ORDINAL @ptr_12 SL:ORDINAL] @ptr_13 @ptr_14 IN:UNSUPPORTED_TIMER]
Set timer for every 10 minutes for the next hour	Set Ġtimer Ġfor Ġevery Ġ10 Ġminutes Ġfor Ġthe Ġnext Ġhour	[IN:UNSUPPORTED_TIMER @ptr_0 @ptr_1 @ptr_2 @ptr_3 @ptr_4 @ptr_5 @ptr_6 @ptr_7 [SL:ORDINAL @ptr_8 SL:ORDINAL] @ptr_9 IN:UNSUPPORTED_TIMER]
set timer every 5 minutes for the next 30 minutes	set Ġtimer Ġevery Ġ5 Ġminutes Ġfor Ġthe Ġnext Ġ30 Ġminutes	[IN:CREATE_TIMER @ptr_0 [SL:METHOD_TIMER @ptr_1 SL:METHOD_TIMER] @ptr_2 [SL:DATE_TIME @ptr_3 @ptr_4 SL:DATE_TIME] @ptr_5 @ptr_6 [SL:ORDINAL @ptr_7 SL:ORDINAL] @ptr_8 @ptr_9 IN:CREATE_TIMER]
Time my next mile	Time Ġmy Ġnext Ġmile	[IN:CREATE_TIMER @ptr_0 @ptr_1 [SL:ORDINAL @ptr_2 SL:ORDINAL] @ptr_3 IN:CREATE_TIMER]
update timers	update Ġtimers	[IN:UPDATE_TIMER @ptr_0 [SL:METHOD_TIMER @ptr_1 SL:METHOD_TIMER] IN:UPDATE_TIMER]
Change timer from 8 minutes to 6 minutes	Change Ġtimer Ġfrom Ġ8 Ġminutes Ġto Ġ6 Ġminutes	[IN:UPDATE_TIMER @ptr_0 [SL:METHOD_TIMER @ptr_1 SL:METHOD_TIMER] [SL:TIMER_NAME [IN:GET_TIME [SL:DATE_TIME @ptr_2 @ptr_3 @ptr_4 SL:DATE_TIME] IN:GET_TIME] SL:TIMER_NAME] [SL:DATE_TIME @ptr_5 @ptr_6 @ptr_7 SL:DATE_TIME] IN:UPDATE_TIMER]
Make adjustments to pasta timer	Make Ġadjustments Ġto Ġpasta Ġtimer	[IN:UPDATE_TIMER @ptr_0 @ptr_1 @ptr_2 [SL:TIMER_NAME @ptr_3 SL:TIMER_NAME] [SL:METHOD_TIMER @ptr_4 SL:METHOD_TIMER] IN:UPDATE_TIMER]
I need to make adjustments to the coffee timer	I Ġneed Ġto Ġmake Ġadjustments Ġto Ġthe Ġcoffee Ġtimer	[IN:UPDATE_TIMER @ptr_0 @ptr_1 @ptr_2 @ptr_3 @ptr_4 @ptr_5 @ptr_6 [SL:TIMER_NAME @ptr_7 SL:TIMER_NAME] [SL:METHOD_TIMER @ptr_8 SL:METHOD_TIMER] IN:UPDATE_TIMER]
postpone 15 minutes to my 6 am timer	post p one Ġ15 Ġminutes Ġto Ġmy Ġ6 Ġam Ġtimer	[IN:UPDATE_TIMER @ptr_0 @ptr_1 @ptr_2 [SL:DATE_TIME @ptr_3 @ptr_4 SL:DATE_TIME] @ptr_5 @ptr_6 @ptr_7 @ptr_8 [SL:METHOD_TIMER @ptr_9 SL:METHOD_TIMER] IN:UPDATE_TIMER]
