Are the roads going to ice over today in Black Mountain ?	Are Ġthe Ġroads Ġgoing Ġto Ġice Ġover Ġtoday Ġin ĠBlack ĠMountain Ġ?	[IN:GET_WEATHER @ptr_0 @ptr_1 @ptr_2 @ptr_3 @ptr_4 [SL:WEATHER_ATTRIBUTE @ptr_5 SL:WEATHER_ATTRIBUTE] @ptr_6 [SL:DATE_TIME @ptr_7 SL:DATE_TIME] @ptr_8 [SL:LOCATION @ptr_9 @ptr_10 SL:LOCATION] @ptr_11 IN:GET_WEATHER]
How cold is it near Chicago tomorrow in F	How Ġcold Ġis Ġit Ġnear ĠChicago Ġtomorrow Ġin ĠF	[IN:GET_WEATHER @ptr_0 [SL:WEATHER_ATTRIBUTE @ptr_1 SL:WEATHER_ATTRIBUTE] @ptr_2 @ptr_3 @ptr_4 [SL:LOCATION @ptr_5 SL:LOCATION] [SL:DATE_TIME @ptr_6 SL:DATE_TIME] @ptr_7 [SL:WEATHER_TEMPERATURE_UNIT @ptr_8 SL:WEATHER_TEMPERATURE_UNIT] IN:GET_WEATHER]
When is the next time it is guessed to rain ?	When Ġis Ġthe Ġnext Ġtime Ġit Ġis Ġguessed Ġto Ġrain Ġ?	[IN:GET_WEATHER @ptr_0 @ptr_1 @ptr_2 @ptr_3 @ptr_4 @ptr_5 @ptr_6 @ptr_7 @ptr_8 [SL:WEATHER_ATTRIBUTE @ptr_9 SL:WEATHER_ATTRIBUTE] @ptr_10 IN:GET_WEATHER]
What are the elements doing	What Ġare Ġthe Ġelements Ġdoing	[IN:GET_WEATHER @ptr_0 @ptr_1 @ptr_2 @ptr_3 @ptr_4 IN:GET_WEATHER]
Will it snow in my area this year ?	Will Ġit Ġsnow Ġin Ġmy Ġarea Ġthis Ġyear Ġ?	[IN:GET_WEATHER @ptr_0 @ptr_1 [SL:WEATHER_ATTRIBUTE @ptr_2 SL:WEATHER_ATTRIBUTE] @ptr_3 [SL:LOCATION @ptr_4 @ptr_5 SL:LOCATION] [SL:DATE_TIME @ptr_6 @ptr_7 SL:DATE_TIME] @ptr_8 IN:GET_WEATHER]
Is the weather safe today ?	Is Ġthe Ġweather Ġsafe Ġtoday Ġ?	[IN:GET_WEATHER @ptr_0 @ptr_1 @ptr_2 @ptr_3 [SL:DATE_TIME @ptr_4 SL:DATE_TIME] @ptr_5 IN:GET_WEATHER]
Please tell me the weather in Thornbury at 10 am	Please Ġtell Ġme Ġthe Ġweather Ġin ĠThorn bury Ġat Ġ10 Ġam	[IN:GET_WEATHER @ptr_0 @ptr_1 @ptr_2 @ptr_3 @ptr_4 @ptr_5 [SL:LOCATION @ptr_6 @ptr_7 SL:LOCATION] [SL:DATE_TIME @ptr_8 @ptr_9 @ptr_10 SL:DATE_TIME] IN:GET_WEATHER]
Is it warm enough for me to wear shorts today ?	Is Ġit Ġwarm Ġenough Ġfor Ġme Ġto Ġwear Ġshorts Ġtoday Ġ?	[IN:GET_WEATHER @ptr_0 @ptr_1 [SL:WEATHER_ATTRIBUTE @ptr_2 SL:WEATHER_ATTRIBUTE] @ptr_3 @ptr_4 @ptr_5 @ptr_6 @ptr_7 [SL:WEATHER_ATTRIBUTE @ptr_8 SL:WEATHER_ATTRIBUTE] [SL:DATE_TIME @ptr_9 SL:DATE_TIME] @ptr_10 IN:GET_WEATHER]
Tell me the high temp for today .	Tell Ġme Ġthe Ġhigh Ġtemp Ġfor Ġtoday Ġ.	[IN:GET_WEATHER @ptr_0 @ptr_1 @ptr_2 @ptr_3 @ptr_4 [SL:DATE_TIME @ptr_5 @ptr_6 SL:DATE_TIME] @ptr_7 IN:GET_WEATHER]
Can you give me the weather forecast for this Saturday ?	Can Ġyou Ġgive Ġme Ġthe Ġweather Ġforecast Ġfor Ġthis ĠSaturday Ġ?	[IN:GET_WEATHER @ptr_0 @ptr_1 @ptr_2 @ptr_3 @ptr_4 @ptr_5 @ptr_6 [SL:DATE_TIME @ptr_7 @ptr_8 @ptr_9 SL:DATE_TIME] @ptr_10 IN:GET_WEATHER]
What time is it supposed to rain today ?	What Ġtime Ġis Ġit Ġsupposed Ġto Ġrain Ġtoday Ġ?	[IN:GET_WEATHER @ptr_0 @ptr_1 @ptr_2 @ptr_3 @ptr_4 @ptr_5 [SL:WEATHER_ATTRIBUTE @ptr_6 SL:WEATHER_ATTRIBUTE] [SL:DATE_TIME @ptr_7 SL:DATE_TIME] @ptr_8 IN:GET_WEATHER]
is there a cloudy overcast for this afternoon after 2 pm	is Ġthere Ġa Ġcloudy Ġover cast Ġfor Ġthis Ġafternoon Ġafter Ġ2 Ġpm	[IN:GET_WEATHER @ptr_0 @ptr_1 @ptr_2 [SL:WEATHER_ATTRIBUTE @ptr_3 SL:WEATHER_ATTRIBUTE] [SL:WEATHER_ATTRIBUTE @ptr_4 @ptr_5 SL:WEATHER_ATTRIBUTE] [SL:DATE_TIME @ptr_6 @ptr_7 @ptr_8 @ptr_9 @ptr_10 @ptr_11 SL:DATE_TIME] IN:GET_WEATHER]
What are the weather driving conditions today	What Ġare Ġthe Ġweather Ġdriving Ġconditions Ġtoday	[IN:GET_WEATHER @ptr_0 @ptr_1 @ptr_2 @ptr_3 [SL:WEATHER_ATTRIBUTE @ptr_4 @ptr_5 SL:WEATHER_ATTRIBUTE] [SL:DATE_TIME @ptr_6 SL:DATE_TIME] IN:GET_WEATHER]
Is it going to be above 31 in Celcius around Palo Alto this weekend	Is Ġit Ġgoing Ġto Ġbe Ġabove Ġ31 Ġin ĠCel cius Ġaround ĠPalo ĠAlto Ġthis Ġweekend	[IN:GET_WEATHER @ptr_0 @ptr_1 @ptr_2 @ptr_3 @ptr_4 [SL:WEATHER_ATTRIBUTE @ptr_5 SL:WEATHER_ATTRIBUTE] [SL:WEATHER_ATTRIBUTE @ptr_6 SL:WEATHER_ATTRIBUTE] @ptr_7 [SL:WEATHER_TEMPERATURE_UNIT @ptr_8 @ptr_9 SL:WEATHER_TEMPERATURE_UNIT] @ptr_10 [SL:LOCATION @ptr_11 @ptr_12 SL:LOCATION] [SL:DATE_TIME @ptr_13 @ptr_14 SL:DATE_TIME] IN:GET_WEATHER]
Is it going to be cold today ?	Is Ġit Ġgoing Ġto Ġbe Ġcold Ġtoday Ġ?	[IN:GET_WEATHER @ptr_0 @ptr_1 @ptr_2 @ptr_3 @ptr_4 [SL:WEATHER_ATTRIBUTE @ptr_5 SL:WEATHER_ATTRIBUTE] [SL:DATE_TIME @ptr_6 SL:DATE_TIME] @ptr_7 IN:GET_WEATHER]
Could you let me know what the weather in Brisbane is like ?	Could Ġyou Ġlet Ġme Ġknow Ġwhat Ġthe Ġweather Ġin ĠBrisbane Ġis Ġlike Ġ?	[IN:GET_WEATHER @ptr_0 @ptr_1 @ptr_2 @ptr_3 @ptr_4 @ptr_5 @ptr_6 @ptr_7 @ptr_8 [SL:LOCATION @ptr_9 SL:LOCATION] @ptr_10 @ptr_11 @ptr_12 IN:GET_WEATHER]
How hot is it going to get in Milwaukee today ?	How Ġhot Ġis Ġit Ġgoing Ġto Ġget Ġin ĠMilwaukee Ġtoday Ġ?	[IN:GET_WEATHER @ptr_0 [SL:WEATHER_ATTRIBUTE @ptr_1 SL:WEATHER_ATTRIBUTE] @ptr_2 @ptr_3 @ptr_4 @ptr_5 @ptr_6 @ptr_7 [SL:LOCATION @ptr_8 SL:LOCATION] [SL:DATE_TIME @ptr_9 SL:DATE_TIME] @ptr_10 IN:GET_WEATHER]
How much snow does Boston get in a winter	How Ġmuch Ġsnow Ġdoes ĠBoston Ġget Ġin Ġa Ġwinter	[IN:GET_WEATHER @ptr_0 @ptr_1 [SL:WEATHER_ATTRIBUTE @ptr_2 SL:WEATHER_ATTRIBUTE] @ptr_3 [SL:LOCATION @ptr_4 SL:LOCATION] @ptr_5 @ptr_6 @ptr_7 [SL:DATE_TIME @ptr_8 SL:DATE_TIME] IN:GET_WEATHER]
What 's the current temperature in Anchorage ?	What Ġ' s Ġthe Ġcurrent Ġtemperature Ġin ĠAnchorage Ġ?	[IN:GET_WEATHER @ptr_0 @ptr_1 @ptr_2 @ptr_3 @ptr_4 @ptr_5 @ptr_6 [SL:LOCATION @ptr_7 SL:LOCATION] @ptr_8 IN:GET_WEATHER]
What 's the expected high in Dayton tomorrow	What Ġ' s Ġthe Ġexpected Ġhigh Ġin ĠDayton Ġtomorrow	[IN:GET_WEATHER @ptr_0 @ptr_1 @ptr_2 @ptr_3 @ptr_4 @ptr_5 @ptr_6 [SL:LOCATION @ptr_7 SL:LOCATION] [SL:DATE_TIME @ptr_8 SL:DATE_TIME] IN:GET_WEATHER]
when does the sun set in California	when Ġdoes Ġthe Ġsun Ġset Ġin ĠCalifornia	[IN:GET_SUNSET @ptr_0 @ptr_1 @ptr_2 @ptr_3 @ptr_4 @ptr_5 [SL:LOCATION @ptr_6 SL:LOCATION] IN:GET_SUNSET]
What time is the sunset today	What Ġtime Ġis Ġthe Ġsunset Ġtoday	[IN:GET_SUNSET @ptr_0 @ptr_1 @ptr_2 @ptr_3 @ptr_4 [SL:DATE_TIME @ptr_5 SL:DATE_TIME] IN:GET_SUNSET]
What time is sundown today ?	What Ġtime Ġis Ġsund own Ġtoday Ġ?	[IN:GET_SUNSET @ptr_0 @ptr_1 @ptr_2 @ptr_3 @ptr_4 [SL:DATE_TIME @ptr_5 SL:DATE_TIME] @ptr_6 IN:GET_SUNSET]
When is dusk the day after tomorrow	When Ġis Ġdusk Ġthe Ġday Ġafter Ġtomorrow	[IN:GET_SUNSET @ptr_0 @ptr_1 @ptr_2 @ptr_3 [SL:DATE_TIME @ptr_4 @ptr_5 @ptr_6 SL:DATE_TIME] IN:GET_SUNSET]
What time is sunset	What Ġtime Ġis Ġsunset	[IN:GET_SUNSET @ptr_0 @ptr_1 @ptr_2 @ptr_3 IN:GET_SUNSET]
0600 am , Sahara desert , will it be hotter than 45 degrees during August ?	06 00 Ġam Ġ, ĠSahara Ġdesert Ġ, Ġwill Ġit Ġbe Ġhotter Ġthan Ġ45 Ġdegrees Ġduring ĠAugust Ġ?	[IN:UNSUPPORTED_WEATHER @ptr_0 @ptr_1 @ptr_2 @ptr_3 @ptr_4 @ptr_5 @ptr_6 @ptr_7 @ptr_8 @ptr_9 @ptr_10 @ptr_11 @ptr_12 @ptr_13 @ptr_14 @ptr_15 @ptr_16 IN:UNSUPPORTED_WEATHER]
How far South is the cold front coming	How Ġfar ĠSouth Ġis Ġthe Ġcold Ġfront Ġcoming	[IN:UNSUPPORTED_WEATHER @ptr_0 @ptr_1 @ptr_2 @ptr_3 @ptr_4 [SL:WEATHER_ATTRIBUTE @ptr_5 SL:WEATHER_ATTRIBUTE] @ptr_6 @ptr_7 IN:UNSUPPORTED_WEATHER]
Is a tornado season	Is Ġa Ġtornado Ġseason	[IN:UNSUPPORTED_WEATHER @ptr_0 @ptr_1 [SL:WEATHER_ATTRIBUTE @ptr_2 SL:WEATHER_ATTRIBUTE] @ptr_3 IN:UNSUPPORTED_WEATHER]
What 's the coldest place on earth	What Ġ' s Ġthe Ġcold est Ġplace Ġon Ġearth	[IN:UNSUPPORTED_WEATHER @ptr_0 @ptr_1 @ptr_2 @ptr_3 [SL:WEATHER_ATTRIBUTE @ptr_4 @ptr_5 SL:WEATHER_ATTRIBUTE] @ptr_6 @ptr_7 @ptr_8 IN:UNSUPPORTED_WEATHER]
How cold does it get in London in the winter	How Ġcold Ġdoes Ġit Ġget Ġin ĠLondon Ġin Ġthe Ġwinter	[IN:UNSUPPORTED_WEATHER @ptr_0 [SL:WEATHER_ATTRIBUTE @ptr_1 SL:WEATHER_ATTRIBUTE] @ptr_2 @ptr_3 @ptr_4 @ptr_5 [SL:LOCATION @ptr_6 SL:LOCATION] [SL:DATE_TIME @ptr_7 @ptr_8 @ptr_9 SL:DATE_TIME] IN:UNSUPPORTED_WEATHER]
Can you guess the climate for next week here ?	Can Ġyou Ġguess Ġthe Ġclimate Ġfor Ġnext Ġweek Ġhere Ġ?	[IN:GET_WEATHER @ptr_0 @ptr_1 @ptr_2 @ptr_3 @ptr_4 [SL:DATE_TIME @ptr_5 @ptr_6 @ptr_7 SL:DATE_TIME] [SL:LOCATION [IN:GET_LOCATION [SL:LOCATION_USER @ptr_8 SL:LOCATION_USER] IN:GET_LOCATION] SL:LOCATION] @ptr_9 IN:GET_WEATHER]
radar for my region	rad ar Ġfor Ġmy Ġregion	[IN:GET_WEATHER @ptr_0 @ptr_1 @ptr_2 [SL:LOCATION [IN:GET_LOCATION [SL:LOCATION_USER @ptr_3 @ptr_4 SL:LOCATION_USER] IN:GET_LOCATION] SL:LOCATION] IN:GET_WEATHER]
can you tell me the local radar prediction	can Ġyou Ġtell Ġme Ġthe Ġlocal Ġradar Ġprediction	[IN:GET_WEATHER @ptr_0 @ptr_1 @ptr_2 @ptr_3 @ptr_4 [SL:LOCATION [IN:GET_LOCATION [SL:LOCATION_MODIFIER @ptr_5 SL:LOCATION_MODIFIER] IN:GET_LOCATION] SL:LOCATION] @ptr_6 @ptr_7 IN:GET_WEATHER]
show me weather radar in my area	show Ġme Ġweather Ġradar Ġin Ġmy Ġarea	[IN:GET_WEATHER @ptr_0 @ptr_1 @ptr_2 @ptr_3 @ptr_4 [SL:LOCATION [IN:GET_LOCATION [SL:LOCATION_USER @ptr_5 @ptr_6 SL:LOCATION_USER] IN:GET_LOCATION] SL:LOCATION] IN:GET_WEATHER]
what is the local radar forecast	what Ġis Ġthe Ġlocal Ġradar Ġforecast	[IN:GET_WEATHER @ptr_0 @ptr_1 @ptr_2 [SL:LOCATION [IN:GET_LOCATION [SL:LOCATION_MODIFIER @ptr_3 SL:LOCATION_MODIFIER] IN:GET_LOCATION] SL:LOCATION] @ptr_4 @ptr_5 IN:GET_WEATHER]
Weather in current location	Weather Ġin Ġcurrent Ġlocation	[IN:GET_WEATHER @ptr_0 @ptr_1 [SL:LOCATION [IN:GET_LOCATION [SL:LOCATION_USER @ptr_2 @ptr_3 SL:LOCATION_USER] IN:GET_LOCATION] SL:LOCATION] IN:GET_WEATHER]
Can you guess the climate for next week here ?	Can Ġyou Ġguess Ġthe Ġclimate Ġfor Ġnext Ġweek Ġhere Ġ?	[IN:GET_WEATHER @ptr_0 @ptr_1 @ptr_2 @ptr_3 @ptr_4 [SL:DATE_TIME @ptr_5 @ptr_6 @ptr_7 SL:DATE_TIME] [SL:LOCATION [IN:GET_LOCATION [SL:LOCATION_USER @ptr_8 SL:LOCATION_USER] IN:GET_LOCATION] SL:LOCATION] @ptr_9 IN:GET_WEATHER]
Pull up the radar for my current area	Pull Ġup Ġthe Ġradar Ġfor Ġmy Ġcurrent Ġarea	[IN:GET_WEATHER @ptr_0 @ptr_1 @ptr_2 @ptr_3 @ptr_4 [SL:LOCATION [IN:GET_LOCATION [SL:LOCATION_USER @ptr_5 @ptr_6 @ptr_7 SL:LOCATION_USER] IN:GET_LOCATION] SL:LOCATION] IN:GET_WEATHER]
show me weather radar in my area	show Ġme Ġweather Ġradar Ġin Ġmy Ġarea	[IN:GET_WEATHER @ptr_0 @ptr_1 @ptr_2 @ptr_3 @ptr_4 [SL:LOCATION [IN:GET_LOCATION [SL:LOCATION_USER @ptr_5 @ptr_6 SL:LOCATION_USER] IN:GET_LOCATION] SL:LOCATION] IN:GET_WEATHER]
what 's the radar look like in my area	what Ġ' s Ġthe Ġradar Ġlook Ġlike Ġin Ġmy Ġarea	[IN:GET_WEATHER @ptr_0 @ptr_1 @ptr_2 @ptr_3 @ptr_4 @ptr_5 @ptr_6 @ptr_7 [SL:LOCATION [IN:GET_LOCATION [SL:LOCATION_USER @ptr_8 @ptr_9 SL:LOCATION_USER] IN:GET_LOCATION] SL:LOCATION] IN:GET_WEATHER]
What time does the sun rise	What Ġtime Ġdoes Ġthe Ġsun Ġrise	[IN:GET_SUNRISE @ptr_0 @ptr_1 @ptr_2 @ptr_3 @ptr_4 @ptr_5 IN:GET_SUNRISE]
What time is sunrise tomorrow	What Ġtime Ġis Ġsunrise Ġtomorrow	[IN:GET_SUNRISE @ptr_0 @ptr_1 @ptr_2 @ptr_3 [SL:DATE_TIME @ptr_4 SL:DATE_TIME] IN:GET_SUNRISE]
when is sunrise tomorrow	when Ġis Ġsunrise Ġtomorrow	[IN:GET_SUNRISE @ptr_0 @ptr_1 @ptr_2 [SL:DATE_TIME @ptr_3 SL:DATE_TIME] IN:GET_SUNRISE]
when is the dawn	when Ġis Ġthe Ġdawn	[IN:GET_SUNRISE @ptr_0 @ptr_1 @ptr_2 @ptr_3 IN:GET_SUNRISE]
What time is dawn 3 days from now	What Ġtime Ġis Ġdawn Ġ3 Ġdays Ġfrom Ġnow	[IN:GET_SUNRISE @ptr_0 @ptr_1 @ptr_2 @ptr_3 @ptr_4 @ptr_5 @ptr_6 @ptr_7 IN:GET_SUNRISE]
How cold is it this weekend madrid in celsius	How Ġcold Ġis Ġit Ġthis Ġweekend Ġmad rid Ġin Ġc elsius	[IN:GET_WEATHER @ptr_0 [SL:WEATHER_ATTRIBUTE @ptr_1 SL:WEATHER_ATTRIBUTE] @ptr_2 @ptr_3 [SL:DATE_TIME @ptr_4 @ptr_5 SL:DATE_TIME] [SL:LOCATION @ptr_6 @ptr_7 SL:LOCATION] @ptr_8 [SL:WEATHER_TEMPERATURE_UNIT @ptr_9 @ptr_10 SL:WEATHER_TEMPERATURE_UNIT] IN:GET_WEATHER]
Temperature in Manila this weekend celcius	Temperature Ġin ĠManila Ġthis Ġweekend Ġcel cius	[IN:GET_WEATHER @ptr_0 @ptr_1 [SL:LOCATION @ptr_2 SL:LOCATION] [SL:DATE_TIME @ptr_3 @ptr_4 SL:DATE_TIME] [SL:WEATHER_TEMPERATURE_UNIT @ptr_5 @ptr_6 SL:WEATHER_TEMPERATURE_UNIT] IN:GET_WEATHER]
Is it going to be below 23 in degrees F here tonight	Is Ġit Ġgoing Ġto Ġbe Ġbelow Ġ23 Ġin Ġdegrees ĠF Ġhere Ġtonight	[IN:GET_WEATHER @ptr_0 @ptr_1 @ptr_2 @ptr_3 @ptr_4 [SL:WEATHER_ATTRIBUTE @ptr_5 SL:WEATHER_ATTRIBUTE] [SL:WEATHER_ATTRIBUTE @ptr_6 SL:WEATHER_ATTRIBUTE] @ptr_7 @ptr_8 [SL:WEATHER_TEMPERATURE_UNIT @ptr_9 SL:WEATHER_TEMPERATURE_UNIT] [SL:LOCATION @ptr_10 SL:LOCATION] [SL:DATE_TIME @ptr_11 SL:DATE_TIME] IN:GET_WEATHER]
Is it going to be below 27 in degree F around Chicago tomorrow morning	Is Ġit Ġgoing Ġto Ġbe Ġbelow Ġ27 Ġin Ġdegree ĠF Ġaround ĠChicago Ġtomorrow Ġmorning	[IN:GET_WEATHER @ptr_0 @ptr_1 @ptr_2 @ptr_3 @ptr_4 [SL:WEATHER_ATTRIBUTE @ptr_5 SL:WEATHER_ATTRIBUTE] [SL:WEATHER_ATTRIBUTE @ptr_6 SL:WEATHER_ATTRIBUTE] @ptr_7 @ptr_8 [SL:WEATHER_TEMPERATURE_UNIT @ptr_9 SL:WEATHER_TEMPERATURE_UNIT] @ptr_10 [SL:LOCATION @ptr_11 SL:LOCATION] [SL:DATE_TIME @ptr_12 @ptr_13 SL:DATE_TIME] IN:GET_WEATHER]
How hot is it tonight degree Fahrenheit	How Ġhot Ġis Ġit Ġtonight Ġdegree ĠFahrenheit	[IN:GET_WEATHER @ptr_0 [SL:WEATHER_ATTRIBUTE @ptr_1 SL:WEATHER_ATTRIBUTE] @ptr_2 @ptr_3 [SL:DATE_TIME @ptr_4 SL:DATE_TIME] @ptr_5 [SL:WEATHER_TEMPERATURE_UNIT @ptr_6 SL:WEATHER_TEMPERATURE_UNIT] IN:GET_WEATHER]
whats the weather radar look like near me	wh ats Ġthe Ġweather Ġradar Ġlook Ġlike Ġnear Ġme	[IN:GET_WEATHER @ptr_0 @ptr_1 @ptr_2 @ptr_3 @ptr_4 @ptr_5 @ptr_6 [SL:LOCATION [IN:GET_LOCATION [SL:SEARCH_RADIUS @ptr_7 SL:SEARCH_RADIUS] [SL:LOCATION_USER @ptr_8 SL:LOCATION_USER] IN:GET_LOCATION] SL:LOCATION] IN:GET_WEATHER]
how many millimetres of rain is expected ?	how Ġmany Ġmill imet res Ġof Ġrain Ġis Ġexpected Ġ?	[IN:GET_WEATHER @ptr_0 @ptr_1 [SL:MEASUREMENT_UNIT @ptr_2 @ptr_3 @ptr_4 SL:MEASUREMENT_UNIT] @ptr_5 [SL:WEATHER_ATTRIBUTE @ptr_6 SL:WEATHER_ATTRIBUTE] @ptr_7 @ptr_8 @ptr_9 IN:GET_WEATHER]
in centimeters , how much rain will we be getting tonight	in Ġcentimeters Ġ, Ġhow Ġmuch Ġrain Ġwill Ġwe Ġbe Ġgetting Ġtonight	[IN:GET_WEATHER @ptr_0 [SL:MEASUREMENT_UNIT @ptr_1 SL:MEASUREMENT_UNIT] @ptr_2 @ptr_3 @ptr_4 [SL:WEATHER_ATTRIBUTE @ptr_5 SL:WEATHER_ATTRIBUTE] @ptr_6 @ptr_7 @ptr_8 @ptr_9 [SL:DATE_TIME @ptr_10 SL:DATE_TIME] IN:GET_WEATHER]
How many mm of rain are we expecting this evening .	How Ġmany Ġmm Ġof Ġrain Ġare Ġwe Ġexpecting Ġthis Ġevening Ġ.	[IN:GET_WEATHER @ptr_0 @ptr_1 [SL:MEASUREMENT_UNIT @ptr_2 SL:MEASUREMENT_UNIT] @ptr_3 [SL:WEATHER_ATTRIBUTE @ptr_4 SL:WEATHER_ATTRIBUTE] @ptr_5 @ptr_6 @ptr_7 [SL:DATE_TIME @ptr_8 @ptr_9 SL:DATE_TIME] @ptr_10 IN:GET_WEATHER]
How many cm of snow are we expecting ?	How Ġmany Ġcm Ġof Ġsnow Ġare Ġwe Ġexpecting Ġ?	[IN:GET_WEATHER @ptr_0 @ptr_1 [SL:MEASUREMENT_UNIT @ptr_2 SL:MEASUREMENT_UNIT] @ptr_3 [SL:WEATHER_ATTRIBUTE @ptr_4 SL:WEATHER_ATTRIBUTE] @ptr_5 @ptr_6 @ptr_7 @ptr_8 IN:GET_WEATHER]
advise me on how many cm of rain is due tomorrow	adv ise Ġme Ġon Ġhow Ġmany Ġcm Ġof Ġrain Ġis Ġdue Ġtomorrow	[IN:GET_WEATHER @ptr_0 @ptr_1 @ptr_2 @ptr_3 @ptr_4 @ptr_5 [SL:MEASUREMENT_UNIT @ptr_6 SL:MEASUREMENT_UNIT] @ptr_7 [SL:WEATHER_ATTRIBUTE @ptr_8 SL:WEATHER_ATTRIBUTE] @ptr_9 @ptr_10 [SL:DATE_TIME @ptr_11 SL:DATE_TIME] IN:GET_WEATHER]
What is the forecast for this weekend at my mums ?	What Ġis Ġthe Ġforecast Ġfor Ġthis Ġweekend Ġat Ġmy Ġm ums Ġ?	[IN:GET_WEATHER @ptr_0 @ptr_1 @ptr_2 @ptr_3 [SL:DATE_TIME @ptr_4 @ptr_5 @ptr_6 SL:DATE_TIME] @ptr_7 [SL:LOCATION [IN:GET_INFO_CONTACT [SL:CONTACT [IN:GET_CONTACT [SL:CONTACT_RELATED @ptr_8 SL:CONTACT_RELATED] [SL:TYPE_RELATION @ptr_9 @ptr_10 SL:TYPE_RELATION] IN:GET_CONTACT] SL:CONTACT] IN:GET_INFO_CONTACT] SL:LOCATION] @ptr_11 IN:GET_WEATHER]
What is the forecast for this weekend at my mums ?	What Ġis Ġthe Ġforecast Ġfor Ġthis Ġweekend Ġat Ġmy Ġm ums Ġ?	[IN:GET_WEATHER @ptr_0 @ptr_1 @ptr_2 @ptr_3 [SL:DATE_TIME @ptr_4 @ptr_5 @ptr_6 SL:DATE_TIME] @ptr_7 [SL:LOCATION [IN:GET_INFO_CONTACT [SL:CONTACT [IN:GET_CONTACT [SL:CONTACT_RELATED @ptr_8 SL:CONTACT_RELATED] [SL:TYPE_RELATION @ptr_9 @ptr_10 SL:TYPE_RELATION] IN:GET_CONTACT] SL:CONTACT] IN:GET_INFO_CONTACT] SL:LOCATION] @ptr_11 IN:GET_WEATHER]
What is the forecast for this weekend at my mums ?	What Ġis Ġthe Ġforecast Ġfor Ġthis Ġweekend Ġat Ġmy Ġm ums Ġ?	[IN:GET_WEATHER @ptr_0 @ptr_1 @ptr_2 @ptr_3 [SL:DATE_TIME @ptr_4 @ptr_5 @ptr_6 SL:DATE_TIME] @ptr_7 [SL:LOCATION [IN:GET_INFO_CONTACT [SL:CONTACT [IN:GET_CONTACT [SL:CONTACT_RELATED @ptr_8 SL:CONTACT_RELATED] [SL:TYPE_RELATION @ptr_9 @ptr_10 SL:TYPE_RELATION] IN:GET_CONTACT] SL:CONTACT] IN:GET_INFO_CONTACT] SL:LOCATION] @ptr_11 IN:GET_WEATHER]
What is the forecast for this weekend at my mums ?	What Ġis Ġthe Ġforecast Ġfor Ġthis Ġweekend Ġat Ġmy Ġm ums Ġ?	[IN:GET_WEATHER @ptr_0 @ptr_1 @ptr_2 @ptr_3 [SL:DATE_TIME @ptr_4 @ptr_5 @ptr_6 SL:DATE_TIME] @ptr_7 [SL:LOCATION [IN:GET_INFO_CONTACT [SL:CONTACT [IN:GET_CONTACT [SL:CONTACT_RELATED @ptr_8 SL:CONTACT_RELATED] [SL:TYPE_RELATION @ptr_9 @ptr_10 SL:TYPE_RELATION] IN:GET_CONTACT] SL:CONTACT] IN:GET_INFO_CONTACT] SL:LOCATION] @ptr_11 IN:GET_WEATHER]
What is the forecast for this weekend at my mums ?	What Ġis Ġthe Ġforecast Ġfor Ġthis Ġweekend Ġat Ġmy Ġm ums Ġ?	[IN:GET_WEATHER @ptr_0 @ptr_1 @ptr_2 @ptr_3 [SL:DATE_TIME @ptr_4 @ptr_5 @ptr_6 SL:DATE_TIME] @ptr_7 [SL:LOCATION [IN:GET_INFO_CONTACT [SL:CONTACT [IN:GET_CONTACT [SL:CONTACT_RELATED @ptr_8 SL:CONTACT_RELATED] [SL:TYPE_RELATION @ptr_9 @ptr_10 SL:TYPE_RELATION] IN:GET_CONTACT] SL:CONTACT] IN:GET_INFO_CONTACT] SL:LOCATION] @ptr_11 IN:GET_WEATHER]
what 's the local radar like tomorrow	what Ġ' s Ġthe Ġlocal Ġradar Ġlike Ġtomorrow	[IN:GET_WEATHER @ptr_0 @ptr_1 @ptr_2 @ptr_3 [SL:LOCATION [IN:GET_LOCATION [SL:LOCATION_MODIFIER @ptr_4 SL:LOCATION_MODIFIER] IN:GET_LOCATION] SL:LOCATION] @ptr_5 @ptr_6 [SL:DATE_TIME @ptr_7 SL:DATE_TIME] IN:GET_WEATHER]
what is the local radar forecast	what Ġis Ġthe Ġlocal Ġradar Ġforecast	[IN:GET_WEATHER @ptr_0 @ptr_1 @ptr_2 [SL:LOCATION [IN:GET_LOCATION [SL:LOCATION_MODIFIER @ptr_3 SL:LOCATION_MODIFIER] IN:GET_LOCATION] SL:LOCATION] @ptr_4 @ptr_5 IN:GET_WEATHER]
I need the local radar	I Ġneed Ġthe Ġlocal Ġradar	[IN:GET_WEATHER @ptr_0 @ptr_1 @ptr_2 [SL:LOCATION [IN:GET_LOCATION [SL:LOCATION_MODIFIER @ptr_3 SL:LOCATION_MODIFIER] IN:GET_LOCATION] SL:LOCATION] @ptr_4 IN:GET_WEATHER]
tell me local radar	tell Ġme Ġlocal Ġradar	[IN:GET_WEATHER @ptr_0 @ptr_1 [SL:LOCATION [IN:GET_LOCATION [SL:LOCATION_MODIFIER @ptr_2 SL:LOCATION_MODIFIER] IN:GET_LOCATION] SL:LOCATION] @ptr_3 IN:GET_WEATHER]
what 's the local radar	what Ġ' s Ġthe Ġlocal Ġradar	[IN:GET_WEATHER @ptr_0 @ptr_1 @ptr_2 @ptr_3 [SL:LOCATION [IN:GET_LOCATION [SL:LOCATION_MODIFIER @ptr_4 SL:LOCATION_MODIFIER] IN:GET_LOCATION] SL:LOCATION] @ptr_5 IN:GET_WEATHER]
