this track should go into my playlist called This Is Beethoven	this Ġtrack Ġshould Ġgo Ġinto Ġmy Ġplaylist Ġcalled ĠThis ĠIs ĠBe eth oven	@ptr_0 [SL:music_item @ptr_1 SL:music_item] @ptr_2 @ptr_3 @ptr_4 [SL:playlist_owner @ptr_5 SL:playlist_owner] @ptr_6 @ptr_7 [SL:playlist @ptr_8 @ptr_9 @ptr_10 @ptr_11 @ptr_12 SL:playlist]
add this song to cleaning	add Ġthis Ġsong Ġto Ġcleaning	@ptr_0 @ptr_1 [SL:music_item @ptr_2 SL:music_item] @ptr_3 [SL:playlist @ptr_4 SL:playlist]
Incorporate a russel walder track onto gay's Funk Rock	In cor porate Ġa Ġr us sel Ġwal der Ġtrack Ġonto Ġgay 's ĠFunk ĠRock	@ptr_0 @ptr_1 @ptr_2 @ptr_3 [SL:artist @ptr_4 @ptr_5 @ptr_6 @ptr_7 @ptr_8 SL:artist] [SL:music_item @ptr_9 SL:music_item] @ptr_10 [SL:playlist_owner @ptr_11 @ptr_12 SL:playlist_owner] [SL:playlist @ptr_13 @ptr_14 SL:playlist]
Add my track to old school metal	Add Ġmy Ġtrack Ġto Ġold Ġschool Ġmetal	@ptr_0 [SL:playlist_owner @ptr_1 SL:playlist_owner] [SL:music_item @ptr_2 SL:music_item] @ptr_3 [SL:playlist @ptr_4 @ptr_5 @ptr_6 SL:playlist]
add the tune by misato watanabe to the Trapeo	add Ġthe Ġtune Ġby Ġmis ato Ġwat an abe Ġto Ġthe ĠTra pe o	@ptr_0 @ptr_1 [SL:music_item @ptr_2 SL:music_item] @ptr_3 [SL:artist @ptr_4 @ptr_5 @ptr_6 @ptr_7 @ptr_8 SL:artist] @ptr_9 @ptr_10 [SL:playlist @ptr_11 @ptr_12 @ptr_13 SL:playlist]
add songs tune in Reggae Infusions	add Ġsongs Ġtune Ġin ĠRe gg ae ĠInf usions	@ptr_0 @ptr_1 [SL:music_item @ptr_2 SL:music_item] @ptr_3 [SL:playlist @ptr_4 @ptr_5 @ptr_6 @ptr_7 @ptr_8 SL:playlist]
Add Atticus Ross to the playlist electrosafari	Add ĠAtt icus ĠRoss Ġto Ġthe Ġplaylist Ġelect ros af ari	@ptr_0 [SL:artist @ptr_1 @ptr_2 @ptr_3 SL:artist] @ptr_4 @ptr_5 @ptr_6 [SL:playlist @ptr_7 @ptr_8 @ptr_9 @ptr_10 SL:playlist]
Add Showcase in a Suitcase to the chill out	Add ĠShow case Ġin Ġa ĠSuit case Ġto Ġthe Ġchill Ġout	@ptr_0 [SL:entity_name @ptr_1 @ptr_2 @ptr_3 @ptr_4 @ptr_5 @ptr_6 SL:entity_name] @ptr_7 @ptr_8 [SL:playlist @ptr_9 @ptr_10 SL:playlist]
Add this lbc crew tune to my Rock Argentino Vol I	Add Ġthis Ġl bc Ġcrew Ġtune Ġto Ġmy ĠRock ĠArgent ino ĠVol ĠI	@ptr_0 @ptr_1 [SL:artist @ptr_2 @ptr_3 @ptr_4 SL:artist] [SL:music_item @ptr_5 SL:music_item] @ptr_6 [SL:playlist_owner @ptr_7 SL:playlist_owner] [SL:playlist @ptr_8 @ptr_9 @ptr_10 @ptr_11 @ptr_12 SL:playlist]
Add this tune to my rage radio	Add Ġthis Ġtune Ġto Ġmy Ġrage Ġradio	@ptr_0 @ptr_1 [SL:music_item @ptr_2 SL:music_item] @ptr_3 [SL:playlist_owner @ptr_4 SL:playlist_owner] [SL:playlist @ptr_5 @ptr_6 SL:playlist]
put Joseph Utsler on All Out 70s	put ĠJoseph ĠU ts ler Ġon ĠAll ĠOut Ġ70 s	@ptr_0 [SL:artist @ptr_1 @ptr_2 @ptr_3 @ptr_4 SL:artist] @ptr_5 [SL:playlist @ptr_6 @ptr_7 @ptr_8 @ptr_9 SL:playlist]
Put jiro in my clásicos del hip hop español	Put Ġj iro Ġin Ġmy Ġcl Ã¡ sic os Ġdel Ġhip Ġhop Ġes pa Ã± ol	@ptr_0 [SL:artist @ptr_1 @ptr_2 SL:artist] @ptr_3 [SL:playlist_owner @ptr_4 SL:playlist_owner] [SL:playlist @ptr_5 @ptr_6 @ptr_7 @ptr_8 @ptr_9 @ptr_10 @ptr_11 @ptr_12 @ptr_13 @ptr_14 @ptr_15 SL:playlist]
I want to put Paul Young onto all new all now	I Ġwant Ġto Ġput ĠPaul ĠYoung Ġonto Ġall Ġnew Ġall Ġnow	@ptr_0 @ptr_1 @ptr_2 @ptr_3 [SL:artist @ptr_4 @ptr_5 SL:artist] @ptr_6 [SL:playlist @ptr_7 @ptr_8 @ptr_9 @ptr_10 SL:playlist]
Estelle should be on my spring	Est elle Ġshould Ġbe Ġon Ġmy Ġspring	[SL:artist @ptr_0 @ptr_1 SL:artist] @ptr_2 @ptr_3 @ptr_4 [SL:playlist_owner @ptr_5 SL:playlist_owner] [SL:playlist @ptr_6 SL:playlist]
Add Atticus Ross to the electrosafari	Add ĠAtt icus ĠRoss Ġto Ġthe Ġelect ros af ari	@ptr_0 [SL:artist @ptr_1 @ptr_2 @ptr_3 SL:artist] @ptr_4 @ptr_5 [SL:playlist @ptr_6 @ptr_7 @ptr_8 @ptr_9 SL:playlist]
I'd like johnny nash to be put into my playlist Always Pop Punk	I 'd Ġlike Ġjohn ny Ġn ash Ġto Ġbe Ġput Ġinto Ġmy Ġplaylist ĠAlways ĠPop ĠPunk	@ptr_0 @ptr_1 @ptr_2 [SL:artist @ptr_3 @ptr_4 @ptr_5 @ptr_6 SL:artist] @ptr_7 @ptr_8 @ptr_9 @ptr_10 [SL:playlist_owner @ptr_11 SL:playlist_owner] @ptr_12 [SL:playlist @ptr_13 @ptr_14 @ptr_15 SL:playlist]
Put more Unbelievable in my grandes unplugged	Put Ġmore ĠUn bel iev able Ġin Ġmy Ġgrand es Ġun plug ged	@ptr_0 @ptr_1 [SL:entity_name @ptr_2 @ptr_3 @ptr_4 @ptr_5 SL:entity_name] @ptr_6 [SL:playlist_owner @ptr_7 SL:playlist_owner] [SL:playlist @ptr_8 @ptr_9 @ptr_10 @ptr_11 @ptr_12 SL:playlist]
put the artist michael todd in my Afternoon Train Ride	put Ġthe Ġartist Ġm ichael Ġtodd Ġin Ġmy ĠAfter noon ĠTrain ĠRide	@ptr_0 @ptr_1 [SL:music_item @ptr_2 SL:music_item] [SL:artist @ptr_3 @ptr_4 @ptr_5 SL:artist] @ptr_6 [SL:playlist_owner @ptr_7 SL:playlist_owner] [SL:playlist @ptr_8 @ptr_9 @ptr_10 @ptr_11 SL:playlist]
add Volver to my pop gaming	add ĠVol ver Ġto Ġmy Ġpop Ġgaming	@ptr_0 [SL:entity_name @ptr_1 @ptr_2 SL:entity_name] @ptr_3 [SL:playlist_owner @ptr_4 SL:playlist_owner] [SL:playlist @ptr_5 @ptr_6 SL:playlist]
put this tune on my playlist technical&brutal death metal	put Ġthis Ġtune Ġon Ġmy Ġplaylist Ġtechnical & br ut al Ġdeath Ġmetal	@ptr_0 @ptr_1 [SL:music_item @ptr_2 SL:music_item] @ptr_3 [SL:playlist_owner @ptr_4 SL:playlist_owner] @ptr_5 [SL:playlist @ptr_6 @ptr_7 @ptr_8 @ptr_9 @ptr_10 @ptr_11 @ptr_12 SL:playlist]
For the Classic Road Trip Songs add the entity unwelcome	For Ġthe ĠClassic ĠRoad ĠTrip ĠSongs Ġadd Ġthe Ġentity Ġunwelcome	@ptr_0 @ptr_1 [SL:playlist @ptr_2 @ptr_3 @ptr_4 @ptr_5 SL:playlist] @ptr_6 @ptr_7 @ptr_8 [SL:entity_name @ptr_9 SL:entity_name]
my timeless love songs playlist should include viderunt omnes	my Ġtimeless Ġlove Ġsongs Ġplaylist Ġshould Ġinclude Ġv ider unt Ġom nes	[SL:playlist_owner @ptr_0 SL:playlist_owner] [SL:playlist @ptr_1 @ptr_2 @ptr_3 SL:playlist] @ptr_4 @ptr_5 @ptr_6 [SL:entity_name @ptr_7 @ptr_8 @ptr_9 @ptr_10 @ptr_11 SL:entity_name]
Add Family Tree to conexiones	Add ĠFamily ĠTree Ġto Ġcon ex ion es	@ptr_0 [SL:entity_name @ptr_1 @ptr_2 SL:entity_name] @ptr_3 [SL:playlist @ptr_4 @ptr_5 @ptr_6 @ptr_7 SL:playlist]
Add Always to dena's Baroque 50 Spotify Picks	Add ĠAlways Ġto Ġden a 's ĠBar o que Ġ50 ĠSpotify ĠPicks	@ptr_0 [SL:entity_name @ptr_1 SL:entity_name] @ptr_2 [SL:playlist_owner @ptr_3 @ptr_4 @ptr_5 SL:playlist_owner] [SL:playlist @ptr_6 @ptr_7 @ptr_8 @ptr_9 @ptr_10 @ptr_11 SL:playlist]
put Framed onto my ntc studio sounds	put ĠFram ed Ġonto Ġmy Ġn tc Ġstudio Ġsounds	@ptr_0 [SL:entity_name @ptr_1 @ptr_2 SL:entity_name] @ptr_3 [SL:playlist_owner @ptr_4 SL:playlist_owner] [SL:playlist @ptr_5 @ptr_6 @ptr_7 @ptr_8 SL:playlist]
