Play sixties theme	Play Ġs ixties Ġtheme	@ptr_0 [SL:year @ptr_1 @ptr_2 SL:year] [SL:music_item @ptr_3 SL:music_item]
Play the top track by Claudja Barry on Last Fm	Play Ġthe Ġtop Ġtrack Ġby ĠClaud ja ĠBarry Ġon ĠLast ĠF m	@ptr_0 @ptr_1 [SL:sort @ptr_2 SL:sort] [SL:music_item @ptr_3 SL:music_item] @ptr_4 [SL:artist @ptr_5 @ptr_6 @ptr_7 SL:artist] @ptr_8 [SL:service @ptr_9 @ptr_10 @ptr_11 SL:service]
Play the good sort of 1992 theme music by Layzie Bone	Play Ġthe Ġgood Ġsort Ġof Ġ1992 Ġtheme Ġmusic Ġby ĠLay zie ĠBone	@ptr_0 @ptr_1 [SL:sort @ptr_2 SL:sort] @ptr_3 @ptr_4 [SL:year @ptr_5 SL:year] [SL:music_item @ptr_6 SL:music_item] @ptr_7 @ptr_8 [SL:artist @ptr_9 @ptr_10 @ptr_11 SL:artist]
Play music from the track My Friend on Google Music by Steve Sholes	Play Ġmusic Ġfrom Ġthe Ġtrack ĠMy ĠFriend Ġon ĠGoogle ĠMusic Ġby ĠSteve ĠSh oles	@ptr_0 @ptr_1 @ptr_2 @ptr_3 [SL:music_item @ptr_4 SL:music_item] [SL:track @ptr_5 @ptr_6 SL:track] @ptr_7 [SL:service @ptr_8 @ptr_9 SL:service] @ptr_10 [SL:artist @ptr_11 @ptr_12 @ptr_13 SL:artist]
play a new soundtrack by Benjamin Darvill on Groove Shark	play Ġa Ġnew Ġsoundtrack Ġby ĠBenjamin ĠDar vill Ġon ĠGro ove ĠShark	@ptr_0 @ptr_1 [SL:sort @ptr_2 SL:sort] [SL:music_item @ptr_3 SL:music_item] @ptr_4 [SL:artist @ptr_5 @ptr_6 @ptr_7 SL:artist] @ptr_8 [SL:service @ptr_9 @ptr_10 @ptr_11 SL:service]
Play the song Long Live Love	Play Ġthe Ġsong ĠLong ĠLive ĠLove	@ptr_0 @ptr_1 [SL:music_item @ptr_2 SL:music_item] [SL:track @ptr_3 @ptr_4 @ptr_5 SL:track]
Play The God That Failed on Vimeo	Play ĠThe ĠGod ĠThat ĠFailed Ġon ĠV imeo	@ptr_0 [SL:track @ptr_1 @ptr_2 @ptr_3 @ptr_4 SL:track] @ptr_5 [SL:service @ptr_6 @ptr_7 SL:service]
Play The Monkeys Have No Tails In Zamboanga on Google Music	Play ĠThe ĠMon keys ĠHave ĠNo ĠT ails ĠIn ĠZ ambo anga Ġon ĠGoogle ĠMusic	@ptr_0 [SL:track @ptr_1 @ptr_2 @ptr_3 @ptr_4 @ptr_5 @ptr_6 @ptr_7 @ptr_8 @ptr_9 @ptr_10 @ptr_11 SL:track] @ptr_12 [SL:service @ptr_13 @ptr_14 SL:service]
Play the track Siberian Khatru on zvooq	Play Ġthe Ġtrack ĠSiberian ĠK hat ru Ġon Ġz v oo q	@ptr_0 @ptr_1 [SL:music_item @ptr_2 SL:music_item] [SL:track @ptr_3 @ptr_4 @ptr_5 @ptr_6 SL:track] @ptr_7 [SL:service @ptr_8 @ptr_9 @ptr_10 @ptr_11 SL:service]
Play the track Goodbye Alexander, Goodbye Honey Boy from Ehsaan Noorani	Play Ġthe Ġtrack ĠGoodbye ĠAlexander , ĠGoodbye ĠHoney ĠBoy Ġfrom ĠEh sa an ĠNo or ani	@ptr_0 @ptr_1 [SL:music_item @ptr_2 SL:music_item] [SL:track @ptr_3 @ptr_4 @ptr_5 @ptr_6 @ptr_7 @ptr_8 SL:track] @ptr_9 [SL:artist @ptr_10 @ptr_11 @ptr_12 @ptr_13 @ptr_14 @ptr_15 SL:artist]
Play some Oleg Anofriyev from 1960	Play Ġsome ĠO leg ĠAn of ri y ev Ġfrom Ġ1960	@ptr_0 @ptr_1 [SL:artist @ptr_2 @ptr_3 @ptr_4 @ptr_5 @ptr_6 @ptr_7 @ptr_8 SL:artist] @ptr_9 [SL:year @ptr_10 SL:year]
I want to hear a Sandra ep	I Ġwant Ġto Ġhear Ġa ĠSandra Ġep	@ptr_0 @ptr_1 @ptr_2 @ptr_3 @ptr_4 [SL:artist @ptr_5 SL:artist] [SL:music_item @ptr_6 SL:music_item]
play Deezer form 2010 tune by Dave Grohl	play ĠDe ez er Ġform Ġ2010 Ġtune Ġby ĠDave ĠGro hl	@ptr_0 [SL:service @ptr_1 @ptr_2 @ptr_3 SL:service] @ptr_4 [SL:year @ptr_5 SL:year] [SL:music_item @ptr_6 SL:music_item] @ptr_7 [SL:artist @ptr_8 @ptr_9 @ptr_10 SL:artist]
Play 1958 by wayne petti	Play Ġ1958 Ġby Ġway ne Ġp etti	@ptr_0 [SL:year @ptr_1 SL:year] @ptr_2 [SL:artist @ptr_3 @ptr_4 @ptr_5 @ptr_6 SL:artist]
Can you play some fifties music by lavern baker	Can Ġyou Ġplay Ġsome Ġf ift ies Ġmusic Ġby Ġla vern Ġbaker	@ptr_0 @ptr_1 @ptr_2 @ptr_3 [SL:year @ptr_4 @ptr_5 @ptr_6 SL:year] @ptr_7 @ptr_8 [SL:artist @ptr_9 @ptr_10 @ptr_11 SL:artist]
Open iheart and play Té Para Tres	Open Ġi heart Ġand Ġplay ĠT Ã© ĠPar a ĠT res	@ptr_0 [SL:service @ptr_1 @ptr_2 SL:service] @ptr_3 @ptr_4 [SL:playlist @ptr_5 @ptr_6 @ptr_7 @ptr_8 @ptr_9 @ptr_10 SL:playlist]
Play the most popular Coti songs on Pandora	Play Ġthe Ġmost Ġpopular ĠC oti Ġsongs Ġon ĠPandora	@ptr_0 @ptr_1 [SL:sort @ptr_2 @ptr_3 SL:sort] [SL:artist @ptr_4 @ptr_5 SL:artist] @ptr_6 @ptr_7 [SL:service @ptr_8 SL:service]
Play movement music by Monk Boudreaux on youtube	Play Ġmovement Ġmusic Ġby ĠMonk ĠB oud re aux Ġon Ġyoutube	@ptr_0 [SL:music_item @ptr_1 SL:music_item] @ptr_2 @ptr_3 [SL:artist @ptr_4 @ptr_5 @ptr_6 @ptr_7 @ptr_8 SL:artist] @ptr_9 [SL:service @ptr_10 SL:service]
play songs on Itunes	play Ġsongs Ġon ĠIt unes	@ptr_0 @ptr_1 @ptr_2 [SL:service @ptr_3 @ptr_4 SL:service]
play the top-twenty tune by Masaharu Fukuyama on Slacker	play Ġthe Ġtop - tw enty Ġtune Ġby ĠMas ah aru ĠFuk uy ama Ġon ĠSl acker	@ptr_0 @ptr_1 [SL:sort @ptr_2 @ptr_3 @ptr_4 @ptr_5 SL:sort] [SL:music_item @ptr_6 SL:music_item] @ptr_7 [SL:artist @ptr_8 @ptr_9 @ptr_10 @ptr_11 @ptr_12 @ptr_13 SL:artist] @ptr_14 [SL:service @ptr_15 @ptr_16 SL:service]
Does Netflix have music released in 1991 by You Yokoyama	Does ĠNetflix Ġhave Ġmusic Ġreleased Ġin Ġ1991 Ġby ĠYou ĠYok oy ama	@ptr_0 [SL:service @ptr_1 SL:service] @ptr_2 @ptr_3 @ptr_4 @ptr_5 [SL:year @ptr_6 SL:year] @ptr_7 [SL:artist @ptr_8 @ptr_9 @ptr_10 @ptr_11 SL:artist]
I want to hear eighties music by Noko on deezer	I Ġwant Ġto Ġhear Ġeight ies Ġmusic Ġby ĠN oko Ġon Ġde ez er	@ptr_0 @ptr_1 @ptr_2 @ptr_3 [SL:year @ptr_4 @ptr_5 SL:year] @ptr_6 @ptr_7 [SL:artist @ptr_8 @ptr_9 SL:artist] @ptr_10 [SL:service @ptr_11 @ptr_12 @ptr_13 SL:service]
Play music from 1964	Play Ġmusic Ġfrom Ġ1964	@ptr_0 @ptr_1 @ptr_2 [SL:year @ptr_3 SL:year]
play a popular sort of fifties tune	play Ġa Ġpopular Ġsort Ġof Ġf ift ies Ġtune	@ptr_0 @ptr_1 [SL:sort @ptr_2 SL:sort] @ptr_3 @ptr_4 [SL:year @ptr_5 @ptr_6 @ptr_7 SL:year] [SL:music_item @ptr_8 SL:music_item]
Can you play me something from the eighties on Youtube	Can Ġyou Ġplay Ġme Ġsomething Ġfrom Ġthe Ġeight ies Ġon ĠYoutube	@ptr_0 @ptr_1 @ptr_2 @ptr_3 @ptr_4 @ptr_5 @ptr_6 [SL:year @ptr_7 @ptr_8 SL:year] @ptr_9 [SL:service @ptr_10 SL:service]
Play Foundling by Jean Grae on Vimeo	Play ĠFound ling Ġby ĠJean ĠGra e Ġon ĠV imeo	@ptr_0 [SL:album @ptr_1 @ptr_2 SL:album] @ptr_3 [SL:artist @ptr_4 @ptr_5 @ptr_6 SL:artist] @ptr_7 [SL:service @ptr_8 @ptr_9 SL:service]
Play Inventions For The New Season	Play ĠIn ventions ĠFor ĠThe ĠNew ĠSeason	@ptr_0 [SL:album @ptr_1 @ptr_2 @ptr_3 @ptr_4 @ptr_5 @ptr_6 SL:album]
Let me hear the Rave Tapes album from Yuki Koyanagi	Let Ġme Ġhear Ġthe ĠR ave ĠT apes Ġalbum Ġfrom ĠY uki ĠK oy an agi	@ptr_0 @ptr_1 @ptr_2 @ptr_3 [SL:album @ptr_4 @ptr_5 @ptr_6 @ptr_7 SL:album] [SL:music_item @ptr_8 SL:music_item] @ptr_9 [SL:artist @ptr_10 @ptr_11 @ptr_12 @ptr_13 @ptr_14 @ptr_15 SL:artist]
Let me hear the Live From The Ghetto album by Beau Jocque	Let Ġme Ġhear Ġthe ĠLive ĠFrom ĠThe ĠG hetto Ġalbum Ġby ĠBeau ĠJ oc que	@ptr_0 @ptr_1 @ptr_2 @ptr_3 [SL:album @ptr_4 @ptr_5 @ptr_6 @ptr_7 @ptr_8 SL:album] [SL:music_item @ptr_9 SL:music_item] @ptr_10 [SL:artist @ptr_11 @ptr_12 @ptr_13 @ptr_14 SL:artist]
Play Moondog 's Chupacabra	Play ĠMo ond og Ġ' s ĠCh up ac ab ra	@ptr_0 [SL:artist @ptr_1 @ptr_2 @ptr_3 SL:artist] @ptr_4 @ptr_5 [SL:album @ptr_6 @ptr_7 @ptr_8 @ptr_9 @ptr_10 SL:album]
Play the newest 2016 ep from Boaz Mauda	Play Ġthe Ġnewest Ġ2016 Ġep Ġfrom ĠBo az ĠM aud a	@ptr_0 @ptr_1 [SL:sort @ptr_2 SL:sort] [SL:year @ptr_3 SL:year] [SL:music_item @ptr_4 SL:music_item] @ptr_5 [SL:artist @ptr_6 @ptr_7 @ptr_8 @ptr_9 @ptr_10 SL:artist]
Play a top twenty sort by Akinyele	Play Ġa Ġtop Ġtwenty Ġsort Ġby ĠAk iny ele	@ptr_0 @ptr_1 [SL:sort @ptr_2 @ptr_3 SL:sort] @ptr_4 @ptr_5 [SL:artist @ptr_6 @ptr_7 @ptr_8 SL:artist]
Play Rei Momo newest album	Play ĠRei ĠMom o Ġnewest Ġalbum	@ptr_0 [SL:album @ptr_1 @ptr_2 @ptr_3 SL:album] [SL:sort @ptr_4 SL:sort] [SL:music_item @ptr_5 SL:music_item]
Can you play a song from the newest movement by prince on Lastfm	Can Ġyou Ġplay Ġa Ġsong Ġfrom Ġthe Ġnewest Ġmovement Ġby Ġprince Ġon ĠLast fm	@ptr_0 @ptr_1 @ptr_2 @ptr_3 [SL:music_item @ptr_4 SL:music_item] @ptr_5 @ptr_6 [SL:sort @ptr_7 SL:sort] [SL:music_item @ptr_8 SL:music_item] @ptr_9 [SL:artist @ptr_10 SL:artist] @ptr_11 [SL:service @ptr_12 @ptr_13 SL:service]
Play me the best Charles Neidich song	Play Ġme Ġthe Ġbest ĠCharles ĠNe id ich Ġsong	@ptr_0 @ptr_1 @ptr_2 [SL:sort @ptr_3 SL:sort] [SL:artist @ptr_4 @ptr_5 @ptr_6 @ptr_7 SL:artist] [SL:music_item @ptr_8 SL:music_item]
Play Llegando a Casa	Play ĠL leg ando Ġa ĠCas a	@ptr_0 [SL:playlist @ptr_1 @ptr_2 @ptr_3 @ptr_4 @ptr_5 @ptr_6 SL:playlist]
Play Pura Vida	Play ĠP ura ĠV ida	@ptr_0 [SL:playlist @ptr_1 @ptr_2 @ptr_3 @ptr_4 SL:playlist]
I'd like to listen to iheart radio's chill out	I 'd Ġlike Ġto Ġlisten Ġto Ġi heart Ġradio 's Ġchill Ġout	@ptr_0 @ptr_1 @ptr_2 @ptr_3 @ptr_4 @ptr_5 [SL:service @ptr_6 @ptr_7 SL:service] @ptr_8 @ptr_9 [SL:playlist @ptr_10 @ptr_11 SL:playlist]
Play Noctámbulo	Play ĠNoct Ã¡ mb ulo	@ptr_0 [SL:playlist @ptr_1 @ptr_2 @ptr_3 @ptr_4 SL:playlist]
play Sunshine Reggae on youtube	play ĠSunshine ĠRe gg ae Ġon Ġyoutube	@ptr_0 [SL:playlist @ptr_1 @ptr_2 @ptr_3 @ptr_4 SL:playlist] @ptr_5 [SL:service @ptr_6 SL:service]
play pop music with Groove Shark	play Ġpop Ġmusic Ġwith ĠGro ove ĠShark	@ptr_0 [SL:genre @ptr_1 SL:genre] @ptr_2 @ptr_3 [SL:service @ptr_4 @ptr_5 @ptr_6 SL:service]
Please play me some Satire	Please Ġplay Ġme Ġsome ĠSat ire	@ptr_0 @ptr_1 @ptr_2 @ptr_3 [SL:genre @ptr_4 @ptr_5 SL:genre]
Play music which has humour on Youtube	Play Ġmusic Ġwhich Ġhas Ġhumour Ġon ĠYoutube	@ptr_0 @ptr_1 @ptr_2 @ptr_3 [SL:genre @ptr_4 SL:genre] @ptr_5 [SL:service @ptr_6 SL:service]
Play Punk Rock	Play ĠPunk ĠRock	@ptr_0 [SL:genre @ptr_1 @ptr_2 SL:genre]
Play some House	Play Ġsome ĠHouse	@ptr_0 @ptr_1 [SL:genre @ptr_2 SL:genre]
