this novel should get zero points for how	this Ġnovel Ġshould Ġget Ġzero Ġpoints Ġfor Ġhow	[SL:object_select @ptr_0 SL:object_select] [SL:object_type @ptr_1 SL:object_type] @ptr_2 @ptr_3 [SL:rating_value @ptr_4 SL:rating_value] [SL:rating_unit @ptr_5 SL:rating_unit] @ptr_6 [SL:object_name @ptr_7 SL:object_name]
give Power of Faerûn two of 6	give ĠPower Ġof ĠFa er Ã» n Ġtwo Ġof Ġ6	@ptr_0 [SL:object_name @ptr_1 @ptr_2 @ptr_3 @ptr_4 @ptr_5 @ptr_6 SL:object_name] [SL:rating_value @ptr_7 SL:rating_value] @ptr_8 [SL:best_rating @ptr_9 SL:best_rating]
Rate Dead Boys a 0	Rate ĠDead ĠBoys Ġa Ġ0	@ptr_0 [SL:object_name @ptr_1 @ptr_2 SL:object_name] @ptr_3 [SL:rating_value @ptr_4 SL:rating_value]
For the book Icon of Evil I rate a 2	For Ġthe Ġbook ĠIcon Ġof ĠEvil ĠI Ġrate Ġa Ġ2	@ptr_0 @ptr_1 [SL:object_type @ptr_2 SL:object_type] [SL:object_name @ptr_3 @ptr_4 @ptr_5 SL:object_name] @ptr_6 @ptr_7 @ptr_8 [SL:rating_value @ptr_9 SL:rating_value]
Rate The Saint in Trouble 1 of 6	Rate ĠThe ĠSaint Ġin ĠTrouble Ġ1 Ġof Ġ6	@ptr_0 [SL:object_name @ptr_1 @ptr_2 @ptr_3 @ptr_4 SL:object_name] [SL:rating_value @ptr_5 SL:rating_value] @ptr_6 [SL:best_rating @ptr_7 SL:best_rating]
Give After Having Spent a Night Among Horses 0 out of 6	Give ĠAfter ĠHaving ĠSp ent Ġa ĠNight ĠAmong ĠHorses Ġ0 Ġout Ġof Ġ6	@ptr_0 [SL:object_name @ptr_1 @ptr_2 @ptr_3 @ptr_4 @ptr_5 @ptr_6 @ptr_7 @ptr_8 SL:object_name] [SL:rating_value @ptr_9 SL:rating_value] @ptr_10 @ptr_11 [SL:best_rating @ptr_12 SL:best_rating]
Give this book zero stars	Give Ġthis Ġbook Ġzero Ġstars	@ptr_0 [SL:object_select @ptr_1 SL:object_select] [SL:object_type @ptr_2 SL:object_type] [SL:rating_value @ptr_3 SL:rating_value] [SL:rating_unit @ptr_4 SL:rating_unit]
I'd give the Embers of War saga a rating of 2 points	I 'd Ġgive Ġthe ĠEm bers Ġof ĠWar Ġsaga Ġa Ġrating Ġof Ġ2 Ġpoints	@ptr_0 @ptr_1 @ptr_2 @ptr_3 [SL:object_name @ptr_4 @ptr_5 @ptr_6 @ptr_7 SL:object_name] [SL:object_part_of_series_type @ptr_8 SL:object_part_of_series_type] @ptr_9 @ptr_10 @ptr_11 [SL:rating_value @ptr_12 SL:rating_value] [SL:rating_unit @ptr_13 SL:rating_unit]
I'd rate the current essay as a 2	I 'd Ġrate Ġthe Ġcurrent Ġessay Ġas Ġa Ġ2	@ptr_0 @ptr_1 @ptr_2 @ptr_3 [SL:object_select @ptr_4 SL:object_select] [SL:object_type @ptr_5 SL:object_type] @ptr_6 @ptr_7 [SL:rating_value @ptr_8 SL:rating_value]
Rate Phoenix: The Fall & Rise of Videogames one points out of 6	Rate ĠPhoenix : ĠThe ĠFall Ġ& ĠRise Ġof ĠVide og ames Ġone Ġpoints Ġout Ġof Ġ6	@ptr_0 [SL:object_name @ptr_1 @ptr_2 @ptr_3 @ptr_4 @ptr_5 @ptr_6 @ptr_7 @ptr_8 @ptr_9 @ptr_10 SL:object_name] [SL:rating_value @ptr_11 SL:rating_value] [SL:rating_unit @ptr_12 SL:rating_unit] @ptr_13 @ptr_14 [SL:best_rating @ptr_15 SL:best_rating]
Give Beauty Is in the Street three out of 6 stars	Give ĠBeauty ĠIs Ġin Ġthe ĠStreet Ġthree Ġout Ġof Ġ6 Ġstars	@ptr_0 [SL:object_name @ptr_1 @ptr_2 @ptr_3 @ptr_4 @ptr_5 SL:object_name] [SL:rating_value @ptr_6 SL:rating_value] @ptr_7 @ptr_8 [SL:best_rating @ptr_9 SL:best_rating] [SL:rating_unit @ptr_10 SL:rating_unit]
give The Search for the Snow Leopard a rating of zero of 6 stars	give ĠThe ĠSearch Ġfor Ġthe ĠSnow ĠLeopard Ġa Ġrating Ġof Ġzero Ġof Ġ6 Ġstars	@ptr_0 [SL:object_name @ptr_1 @ptr_2 @ptr_3 @ptr_4 @ptr_5 @ptr_6 SL:object_name] @ptr_7 @ptr_8 @ptr_9 [SL:rating_value @ptr_10 SL:rating_value] @ptr_11 [SL:best_rating @ptr_12 SL:best_rating] [SL:rating_unit @ptr_13 SL:rating_unit]
I'd rate The Rise of the West a 2 of 6 stars	I 'd Ġrate ĠThe ĠRise Ġof Ġthe ĠWest Ġa Ġ2 Ġof Ġ6 Ġstars	@ptr_0 @ptr_1 @ptr_2 [SL:object_name @ptr_3 @ptr_4 @ptr_5 @ptr_6 @ptr_7 SL:object_name] @ptr_8 [SL:rating_value @ptr_9 SL:rating_value] @ptr_10 [SL:best_rating @ptr_11 SL:best_rating] [SL:rating_unit @ptr_12 SL:rating_unit]
I would rate this textbook 5 points and a rating value of 6	I Ġwould Ġrate Ġthis Ġtextbook Ġ5 Ġpoints Ġand Ġa Ġrating Ġvalue Ġof Ġ6	@ptr_0 @ptr_1 @ptr_2 [SL:object_select @ptr_3 SL:object_select] [SL:object_type @ptr_4 SL:object_type] [SL:rating_value @ptr_5 SL:rating_value] [SL:rating_unit @ptr_6 SL:rating_unit] @ptr_7 @ptr_8 @ptr_9 @ptr_10 @ptr_11 [SL:best_rating @ptr_12 SL:best_rating]
I'd rate this book 1 of 6 stars	I 'd Ġrate Ġthis Ġbook Ġ1 Ġof Ġ6 Ġstars	@ptr_0 @ptr_1 @ptr_2 [SL:object_select @ptr_3 SL:object_select] [SL:object_type @ptr_4 SL:object_type] [SL:rating_value @ptr_5 SL:rating_value] @ptr_6 [SL:best_rating @ptr_7 SL:best_rating] [SL:rating_unit @ptr_8 SL:rating_unit]
Rate the current novel one points	Rate Ġthe Ġcurrent Ġnovel Ġone Ġpoints	@ptr_0 @ptr_1 [SL:object_select @ptr_2 SL:object_select] [SL:object_type @ptr_3 SL:object_type] [SL:rating_value @ptr_4 SL:rating_value] [SL:rating_unit @ptr_5 SL:rating_unit]
Rate The Best American Short Stories 2007 one out of 6 points	Rate ĠThe ĠBest ĠAmerican ĠShort ĠStories Ġ2007 Ġone Ġout Ġof Ġ6 Ġpoints	@ptr_0 [SL:object_name @ptr_1 @ptr_2 @ptr_3 @ptr_4 @ptr_5 @ptr_6 SL:object_name] [SL:rating_value @ptr_7 SL:rating_value] @ptr_8 @ptr_9 [SL:best_rating @ptr_10 SL:best_rating] [SL:rating_unit @ptr_11 SL:rating_unit]
Rate this novel three out of 6 stars	Rate Ġthis Ġnovel Ġthree Ġout Ġof Ġ6 Ġstars	@ptr_0 [SL:object_select @ptr_1 SL:object_select] [SL:object_type @ptr_2 SL:object_type] [SL:rating_value @ptr_3 SL:rating_value] @ptr_4 @ptr_5 [SL:best_rating @ptr_6 SL:best_rating] [SL:rating_unit @ptr_7 SL:rating_unit]
The Execution of Justice only deserves 2 points	The ĠExecution Ġof ĠJustice Ġonly Ġdeserves Ġ2 Ġpoints	[SL:object_name @ptr_0 @ptr_1 @ptr_2 @ptr_3 SL:object_name] @ptr_4 @ptr_5 [SL:rating_value @ptr_6 SL:rating_value] [SL:rating_unit @ptr_7 SL:rating_unit]
give four out of 6 stars for this chronicle	give Ġfour Ġout Ġof Ġ6 Ġstars Ġfor Ġthis Ġchron icle	@ptr_0 [SL:rating_value @ptr_1 SL:rating_value] @ptr_2 @ptr_3 [SL:best_rating @ptr_4 SL:best_rating] [SL:rating_unit @ptr_5 SL:rating_unit] @ptr_6 [SL:object_select @ptr_7 SL:object_select] [SL:object_part_of_series_type @ptr_8 @ptr_9 SL:object_part_of_series_type]
give this textbook zero out of 6 points	give Ġthis Ġtextbook Ġzero Ġout Ġof Ġ6 Ġpoints	@ptr_0 [SL:object_select @ptr_1 SL:object_select] [SL:object_type @ptr_2 SL:object_type] [SL:rating_value @ptr_3 SL:rating_value] @ptr_4 @ptr_5 [SL:best_rating @ptr_6 SL:best_rating] [SL:rating_unit @ptr_7 SL:rating_unit]
I have to give this current essay a rating of three	I Ġhave Ġto Ġgive Ġthis Ġcurrent Ġessay Ġa Ġrating Ġof Ġthree	@ptr_0 @ptr_1 @ptr_2 @ptr_3 @ptr_4 [SL:object_select @ptr_5 SL:object_select] [SL:object_type @ptr_6 SL:object_type] @ptr_7 @ptr_8 @ptr_9 [SL:rating_value @ptr_10 SL:rating_value]
Rate the current essay five out of 6 stars	Rate Ġthe Ġcurrent Ġessay Ġfive Ġout Ġof Ġ6 Ġstars	@ptr_0 @ptr_1 [SL:object_select @ptr_2 SL:object_select] [SL:object_type @ptr_3 SL:object_type] [SL:rating_value @ptr_4 SL:rating_value] @ptr_5 @ptr_6 [SL:best_rating @ptr_7 SL:best_rating] [SL:rating_unit @ptr_8 SL:rating_unit]
rate this book series zero out of 6 points	rate Ġthis Ġbook Ġseries Ġzero Ġout Ġof Ġ6 Ġpoints	@ptr_0 [SL:object_select @ptr_1 SL:object_select] [SL:object_type @ptr_2 SL:object_type] [SL:object_part_of_series_type @ptr_3 SL:object_part_of_series_type] [SL:rating_value @ptr_4 SL:rating_value] @ptr_5 @ptr_6 [SL:best_rating @ptr_7 SL:best_rating] [SL:rating_unit @ptr_8 SL:rating_unit]
I give the rating of 1 of 6 stars for this novel	I Ġgive Ġthe Ġrating Ġof Ġ1 Ġof Ġ6 Ġstars Ġfor Ġthis Ġnovel	@ptr_0 @ptr_1 @ptr_2 @ptr_3 @ptr_4 [SL:rating_value @ptr_5 SL:rating_value] @ptr_6 [SL:best_rating @ptr_7 SL:best_rating] [SL:rating_unit @ptr_8 SL:rating_unit] @ptr_9 [SL:object_select @ptr_10 SL:object_select] [SL:object_type @ptr_11 SL:object_type]
Rate this textbook 2 points	Rate Ġthis Ġtextbook Ġ2 Ġpoints	@ptr_0 [SL:object_select @ptr_1 SL:object_select] [SL:object_type @ptr_2 SL:object_type] [SL:rating_value @ptr_3 SL:rating_value] [SL:rating_unit @ptr_4 SL:rating_unit]
For the textbook , out of 6 possible I give the following one a 3	For Ġthe Ġtextbook Ġ, Ġout Ġof Ġ6 Ġpossible ĠI Ġgive Ġthe Ġfollowing Ġone Ġa Ġ3	@ptr_0 @ptr_1 [SL:object_type @ptr_2 SL:object_type] @ptr_3 @ptr_4 @ptr_5 [SL:best_rating @ptr_6 SL:best_rating] @ptr_7 @ptr_8 @ptr_9 @ptr_10 [SL:object_select @ptr_11 SL:object_select] @ptr_12 @ptr_13 [SL:rating_value @ptr_14 SL:rating_value]
I give the current textbook a four points	I Ġgive Ġthe Ġcurrent Ġtextbook Ġa Ġfour Ġpoints	@ptr_0 @ptr_1 @ptr_2 [SL:object_select @ptr_3 SL:object_select] [SL:object_type @ptr_4 SL:object_type] @ptr_5 [SL:rating_value @ptr_6 SL:rating_value] [SL:rating_unit @ptr_7 SL:rating_unit]
give one to this novel	give Ġone Ġto Ġthis Ġnovel	@ptr_0 [SL:rating_value @ptr_1 SL:rating_value] @ptr_2 [SL:object_select @ptr_3 SL:object_select] [SL:object_type @ptr_4 SL:object_type]
Give this album four stars	Give Ġthis Ġalbum Ġfour Ġstars	@ptr_0 [SL:object_select @ptr_1 SL:object_select] [SL:object_type @ptr_2 SL:object_type] [SL:rating_value @ptr_3 SL:rating_value] [SL:rating_unit @ptr_4 SL:rating_unit]
I give 1 stars out of 6 to this current series	I Ġgive Ġ1 Ġstars Ġout Ġof Ġ6 Ġto Ġthis Ġcurrent Ġseries	@ptr_0 @ptr_1 [SL:rating_value @ptr_2 SL:rating_value] [SL:rating_unit @ptr_3 SL:rating_unit] @ptr_4 @ptr_5 [SL:best_rating @ptr_6 SL:best_rating] @ptr_7 @ptr_8 [SL:object_select @ptr_9 SL:object_select] [SL:object_part_of_series_type @ptr_10 SL:object_part_of_series_type]
I want to rate Hostile Waters chronicle book with five out of 6	I Ġwant Ġto Ġrate ĠHost ile ĠWaters Ġchron icle Ġbook Ġwith Ġfive Ġout Ġof Ġ6	@ptr_0 @ptr_1 @ptr_2 @ptr_3 [SL:object_name @ptr_4 @ptr_5 @ptr_6 SL:object_name] [SL:object_part_of_series_type @ptr_7 @ptr_8 SL:object_part_of_series_type] [SL:object_type @ptr_9 SL:object_type] @ptr_10 [SL:rating_value @ptr_11 SL:rating_value] @ptr_12 @ptr_13 [SL:best_rating @ptr_14 SL:best_rating]
Rate The Taking series a zero out of 6	Rate ĠThe ĠTaking Ġseries Ġa Ġzero Ġout Ġof Ġ6	@ptr_0 [SL:object_name @ptr_1 @ptr_2 SL:object_name] [SL:object_part_of_series_type @ptr_3 SL:object_part_of_series_type] @ptr_4 [SL:rating_value @ptr_5 SL:rating_value] @ptr_6 @ptr_7 [SL:best_rating @ptr_8 SL:best_rating]
Rate the current series a one	Rate Ġthe Ġcurrent Ġseries Ġa Ġone	@ptr_0 @ptr_1 [SL:object_select @ptr_2 SL:object_select] [SL:object_part_of_series_type @ptr_3 SL:object_part_of_series_type] @ptr_4 [SL:rating_value @ptr_5 SL:rating_value]
I give the Carry Me Down chronicle three of 6 points	I Ġgive Ġthe ĠCarry ĠMe ĠDown Ġchron icle Ġthree Ġof Ġ6 Ġpoints	@ptr_0 @ptr_1 @ptr_2 [SL:object_name @ptr_3 @ptr_4 @ptr_5 SL:object_name] [SL:object_part_of_series_type @ptr_6 @ptr_7 SL:object_part_of_series_type] [SL:rating_value @ptr_8 SL:rating_value] @ptr_9 [SL:best_rating @ptr_10 SL:best_rating] [SL:rating_unit @ptr_11 SL:rating_unit]
