show me the movie schedule in the area near my home at seven AM for animated movies	show Ġme Ġthe Ġmovie Ġschedule Ġin Ġthe Ġarea Ġnear Ġmy Ġhome Ġat Ġseven ĠAM Ġfor Ġanimated Ġmovies	@ptr_0 @ptr_1 @ptr_2 [SL:object_type @ptr_3 @ptr_4 SL:object_type] [SL:spatial_relation @ptr_5 @ptr_6 @ptr_7 SL:spatial_relation] @ptr_8 @ptr_9 @ptr_10 @ptr_11 [SL:timeRange @ptr_12 @ptr_13 SL:timeRange] @ptr_14 [SL:movie_type @ptr_15 @ptr_16 SL:movie_type]
Find the movie schedule at twelve AM	Find Ġthe Ġmovie Ġschedule Ġat Ġtwelve ĠAM	@ptr_0 @ptr_1 [SL:object_type @ptr_2 @ptr_3 SL:object_type] @ptr_4 [SL:timeRange @ptr_5 @ptr_6 SL:timeRange]
What times will The Young Swordsman be showing at a local cinema	What Ġtimes Ġwill ĠThe ĠYoung ĠSwordsman Ġbe Ġshowing Ġat Ġa Ġlocal Ġcinema	@ptr_0 [SL:object_type @ptr_1 SL:object_type] @ptr_2 [SL:movie_name @ptr_3 @ptr_4 @ptr_5 SL:movie_name] @ptr_6 @ptr_7 @ptr_8 @ptr_9 @ptr_10 [SL:object_location_type @ptr_11 SL:object_location_type]
find a movie schedule	find Ġa Ġmovie Ġschedule	@ptr_0 @ptr_1 [SL:object_type @ptr_2 @ptr_3 SL:object_type]
What movie schedules are animated movies close by	What Ġmovie Ġschedules Ġare Ġanimated Ġmovies Ġclose Ġby	@ptr_0 [SL:object_type @ptr_1 @ptr_2 SL:object_type] @ptr_3 [SL:movie_type @ptr_4 @ptr_5 SL:movie_type] [SL:spatial_relation @ptr_6 @ptr_7 SL:spatial_relation]
Is The Skull playing at Loews Cineplex	Is ĠThe ĠSkull Ġplaying Ġat ĠLo ews ĠC ine plex	@ptr_0 [SL:movie_name @ptr_1 @ptr_2 SL:movie_name] @ptr_3 @ptr_4 [SL:location_name @ptr_5 @ptr_6 @ptr_7 @ptr_8 @ptr_9 SL:location_name]
find Kerasotes Theatres movie schedules	find ĠKer as otes ĠThe at res Ġmovie Ġschedules	@ptr_0 [SL:location_name @ptr_1 @ptr_2 @ptr_3 @ptr_4 @ptr_5 @ptr_6 SL:location_name] [SL:object_type @ptr_7 @ptr_8 SL:object_type]
What animated movies are playing at the Magic Johnson Theatres	What Ġanimated Ġmovies Ġare Ġplaying Ġat Ġthe ĠMagic ĠJohnson ĠThe at res	@ptr_0 [SL:movie_type @ptr_1 @ptr_2 SL:movie_type] @ptr_3 @ptr_4 @ptr_5 @ptr_6 [SL:location_name @ptr_7 @ptr_8 @ptr_9 @ptr_10 @ptr_11 SL:location_name]
What time will the Amco Entertainment be plying The Teeth of the Tiger	What Ġtime Ġwill Ġthe ĠAm co ĠEntertainment Ġbe Ġp lying ĠThe ĠTe eth Ġof Ġthe ĠTiger	@ptr_0 @ptr_1 @ptr_2 @ptr_3 [SL:location_name @ptr_4 @ptr_5 @ptr_6 SL:location_name] @ptr_7 @ptr_8 @ptr_9 [SL:movie_name @ptr_10 @ptr_11 @ptr_12 @ptr_13 @ptr_14 @ptr_15 SL:movie_name]
Find the schedule for for Corn at eleven A.M. at Loews Cineplex Entertainment	Find Ġthe Ġschedule Ġfor Ġfor ĠCorn Ġat Ġeleven ĠA . M . Ġat ĠLo ews ĠC ine plex ĠEntertainment	@ptr_0 @ptr_1 @ptr_2 @ptr_3 @ptr_4 [SL:movie_name @ptr_5 SL:movie_name] @ptr_6 [SL:timeRange @ptr_7 @ptr_8 @ptr_9 @ptr_10 @ptr_11 SL:timeRange] @ptr_12 [SL:location_name @ptr_13 @ptr_14 @ptr_15 @ptr_16 @ptr_17 @ptr_18 SL:location_name]
Is Millions in the Air playing at the cinema	Is ĠMillions Ġin Ġthe ĠAir Ġplaying Ġat Ġthe Ġcinema	@ptr_0 [SL:movie_name @ptr_1 @ptr_2 @ptr_3 @ptr_4 SL:movie_name] @ptr_5 @ptr_6 @ptr_7 [SL:object_location_type @ptr_8 SL:object_location_type]
Which is the nearest cinema showing A Cooler Climate that starts now	Which Ġis Ġthe Ġnearest Ġcinema Ġshowing ĠA ĠCool er ĠClimate Ġthat Ġstarts Ġnow	@ptr_0 @ptr_1 @ptr_2 [SL:spatial_relation @ptr_3 SL:spatial_relation] [SL:object_location_type @ptr_4 SL:object_location_type] @ptr_5 [SL:movie_name @ptr_6 @ptr_7 @ptr_8 @ptr_9 SL:movie_name] @ptr_10 @ptr_11 [SL:timeRange @ptr_12 SL:timeRange]
Is The Cycle playing at Consolidated Theatres	Is ĠThe ĠCycle Ġplaying Ġat ĠConsolid ated ĠThe at res	@ptr_0 [SL:movie_name @ptr_1 @ptr_2 SL:movie_name] @ptr_3 @ptr_4 [SL:location_name @ptr_5 @ptr_6 @ptr_7 @ptr_8 @ptr_9 SL:location_name]
What time is Last Exit to Brooklyn playing at movie house	What Ġtime Ġis ĠLast ĠExit Ġto ĠBrooklyn Ġplaying Ġat Ġmovie Ġhouse	@ptr_0 @ptr_1 @ptr_2 [SL:movie_name @ptr_3 @ptr_4 @ptr_5 @ptr_6 SL:movie_name] @ptr_7 @ptr_8 [SL:object_location_type @ptr_9 @ptr_10 SL:object_location_type]
Is Prophecy playing at Malco Theatres	Is ĠProphe cy Ġplaying Ġat ĠMal co ĠThe at res	@ptr_0 [SL:movie_name @ptr_1 @ptr_2 SL:movie_name] @ptr_3 @ptr_4 [SL:location_name @ptr_5 @ptr_6 @ptr_7 @ptr_8 @ptr_9 SL:location_name]
is The Clowns at the nearest cinema	is ĠThe ĠClown s Ġat Ġthe Ġnearest Ġcinema	@ptr_0 [SL:movie_name @ptr_1 @ptr_2 @ptr_3 SL:movie_name] @ptr_4 @ptr_5 [SL:spatial_relation @ptr_6 SL:spatial_relation] [SL:object_location_type @ptr_7 SL:object_location_type]
show nearest movie theatre to watch Black Jesus	show Ġnearest Ġmovie Ġtheatre Ġto Ġwatch ĠBlack ĠJesus	@ptr_0 [SL:spatial_relation @ptr_1 SL:spatial_relation] [SL:object_location_type @ptr_2 @ptr_3 SL:object_location_type] @ptr_4 @ptr_5 [SL:movie_name @ptr_6 @ptr_7 SL:movie_name]
Is Fighting With Buffalo Bill playing at the closest movie house	Is ĠFighting ĠWith ĠBuffalo ĠBill Ġplaying Ġat Ġthe Ġclosest Ġmovie Ġhouse	@ptr_0 [SL:movie_name @ptr_1 @ptr_2 @ptr_3 @ptr_4 SL:movie_name] @ptr_5 @ptr_6 @ptr_7 [SL:spatial_relation @ptr_8 SL:spatial_relation] [SL:object_location_type @ptr_9 @ptr_10 SL:object_location_type]
I want to see King of the River in the nearest movie theatre	I Ġwant Ġto Ġsee ĠKing Ġof Ġthe ĠRiver Ġin Ġthe Ġnearest Ġmovie Ġtheatre	@ptr_0 @ptr_1 @ptr_2 @ptr_3 [SL:movie_name @ptr_4 @ptr_5 @ptr_6 @ptr_7 SL:movie_name] @ptr_8 @ptr_9 [SL:spatial_relation @ptr_10 SL:spatial_relation] [SL:object_location_type @ptr_11 @ptr_12 SL:object_location_type]
Which films are playing at the closest cinema	Which Ġfilms Ġare Ġplaying Ġat Ġthe Ġclosest Ġcinema	@ptr_0 [SL:movie_type @ptr_1 SL:movie_type] @ptr_2 @ptr_3 @ptr_4 @ptr_5 [SL:spatial_relation @ptr_6 SL:spatial_relation] [SL:object_location_type @ptr_7 SL:object_location_type]
find meal time movie times close by for movies	find Ġmeal Ġtime Ġmovie Ġtimes Ġclose Ġby Ġfor Ġmovies	@ptr_0 [SL:timeRange @ptr_1 SL:timeRange] @ptr_2 [SL:object_type @ptr_3 @ptr_4 SL:object_type] [SL:spatial_relation @ptr_5 @ptr_6 SL:spatial_relation] @ptr_7 [SL:movie_type @ptr_8 SL:movie_type]
Can I get the movie schedule for 8 a.m.	Can ĠI Ġget Ġthe Ġmovie Ġschedule Ġfor Ġ8 Ġa . m .	@ptr_0 @ptr_1 @ptr_2 @ptr_3 [SL:object_type @ptr_4 @ptr_5 SL:object_type] @ptr_6 [SL:timeRange @ptr_7 @ptr_8 @ptr_9 @ptr_10 @ptr_11 SL:timeRange]
What movie theatre is palying The Hurricane five hours from now	What Ġmovie Ġtheatre Ġis Ġpal ying ĠThe ĠHurricane Ġfive Ġhours Ġfrom Ġnow	@ptr_0 [SL:object_location_type @ptr_1 @ptr_2 SL:object_location_type] @ptr_3 @ptr_4 @ptr_5 [SL:movie_name @ptr_6 @ptr_7 SL:movie_name] [SL:timeRange @ptr_8 @ptr_9 @ptr_10 @ptr_11 SL:timeRange]
Is Covered Wagon Days playing at B&B Theatres in 1 second	Is ĠC overed ĠW agon ĠDays Ġplaying Ġat ĠB & B ĠThe at res Ġin Ġ1 Ġsecond	@ptr_0 [SL:movie_name @ptr_1 @ptr_2 @ptr_3 @ptr_4 @ptr_5 SL:movie_name] @ptr_6 @ptr_7 [SL:location_name @ptr_8 @ptr_9 @ptr_10 @ptr_11 @ptr_12 @ptr_13 SL:location_name] [SL:timeRange @ptr_14 @ptr_15 @ptr_16 SL:timeRange]
Find the schedule for films at night at Great Escape Theatres	Find Ġthe Ġschedule Ġfor Ġfilms Ġat Ġnight Ġat ĠGreat ĠEscape ĠThe at res	@ptr_0 @ptr_1 [SL:object_type @ptr_2 SL:object_type] @ptr_3 [SL:movie_type @ptr_4 SL:movie_type] @ptr_5 [SL:timeRange @ptr_6 SL:timeRange] @ptr_7 [SL:location_name @ptr_8 @ptr_9 @ptr_10 @ptr_11 @ptr_12 SL:location_name]
What animated movies are playing at the nearest movie theatre	What Ġanimated Ġmovies Ġare Ġplaying Ġat Ġthe Ġnearest Ġmovie Ġtheatre	@ptr_0 [SL:movie_type @ptr_1 @ptr_2 SL:movie_type] @ptr_3 @ptr_4 @ptr_5 @ptr_6 [SL:spatial_relation @ptr_7 SL:spatial_relation] [SL:object_location_type @ptr_8 @ptr_9 SL:object_location_type]
what films are showing at Century Theatres	what Ġfilms Ġare Ġshowing Ġat ĠCentury ĠThe at res	@ptr_0 [SL:movie_type @ptr_1 SL:movie_type] @ptr_2 @ptr_3 @ptr_4 [SL:location_name @ptr_5 @ptr_6 @ptr_7 @ptr_8 SL:location_name]
Which animated movies are being screened at Marcus Corporation	Which Ġanimated Ġmovies Ġare Ġbeing Ġscreened Ġat ĠMarcus ĠCorporation	@ptr_0 [SL:movie_type @ptr_1 @ptr_2 SL:movie_type] @ptr_3 @ptr_4 @ptr_5 @ptr_6 [SL:location_name @ptr_7 @ptr_8 SL:location_name]
Find the nearest movie house that's showing movies	Find Ġthe Ġnearest Ġmovie Ġhouse Ġthat 's Ġshowing Ġmovies	@ptr_0 @ptr_1 [SL:spatial_relation @ptr_2 SL:spatial_relation] [SL:object_location_type @ptr_3 @ptr_4 SL:object_location_type] @ptr_5 @ptr_6 @ptr_7 [SL:movie_type @ptr_8 SL:movie_type]
Can I get the movie times for in the neighbourhood movies	Can ĠI Ġget Ġthe Ġmovie Ġtimes Ġfor Ġin Ġthe Ġneighbourhood Ġmovies	@ptr_0 @ptr_1 @ptr_2 @ptr_3 @ptr_4 [SL:object_type @ptr_5 SL:object_type] @ptr_6 [SL:spatial_relation @ptr_7 @ptr_8 @ptr_9 SL:spatial_relation] [SL:movie_type @ptr_10 SL:movie_type]
What movies are playing in the area	What Ġmovies Ġare Ġplaying Ġin Ġthe Ġarea	@ptr_0 [SL:movie_type @ptr_1 SL:movie_type] @ptr_2 @ptr_3 [SL:spatial_relation @ptr_4 @ptr_5 @ptr_6 SL:spatial_relation]
find a cinema showing The Mandrake nearest at one o'clock	find Ġa Ġcinema Ġshowing ĠThe ĠMand rake Ġnearest Ġat Ġone Ġo ' clock	@ptr_0 @ptr_1 [SL:object_location_type @ptr_2 SL:object_location_type] @ptr_3 [SL:movie_name @ptr_4 @ptr_5 @ptr_6 SL:movie_name] [SL:spatial_relation @ptr_7 SL:spatial_relation] @ptr_8 [SL:timeRange @ptr_9 @ptr_10 @ptr_11 @ptr_12 SL:timeRange]
What is the movie schedule for movies close by	What Ġis Ġthe Ġmovie Ġschedule Ġfor Ġmovies Ġclose Ġby	@ptr_0 @ptr_1 @ptr_2 [SL:object_type @ptr_3 @ptr_4 SL:object_type] @ptr_5 [SL:movie_type @ptr_6 SL:movie_type] [SL:spatial_relation @ptr_7 @ptr_8 SL:spatial_relation]
Find movie schedule for animated movies in the area	Find Ġmovie Ġschedule Ġfor Ġanimated Ġmovies Ġin Ġthe Ġarea	@ptr_0 [SL:object_type @ptr_1 @ptr_2 SL:object_type] @ptr_3 [SL:movie_type @ptr_4 @ptr_5 SL:movie_type] [SL:spatial_relation @ptr_6 @ptr_7 @ptr_8 SL:spatial_relation]
Find the movie schedule for animated movies in the area	Find Ġthe Ġmovie Ġschedule Ġfor Ġanimated Ġmovies Ġin Ġthe Ġarea	@ptr_0 @ptr_1 [SL:object_type @ptr_2 @ptr_3 SL:object_type] @ptr_4 [SL:movie_type @ptr_5 @ptr_6 SL:movie_type] [SL:spatial_relation @ptr_7 @ptr_8 @ptr_9 SL:spatial_relation]
