Need a table for a party of 3 in Laos at a Theme restaurant	Need Ġa Ġtable Ġfor Ġa Ġparty Ġof Ġ3 Ġin ĠLaos Ġat Ġa ĠTheme Ġrestaurant	@ptr_0 @ptr_1 @ptr_2 @ptr_3 @ptr_4 @ptr_5 @ptr_6 [SL:party_size_number @ptr_7 SL:party_size_number] @ptr_8 [SL:country @ptr_9 SL:country] @ptr_10 @ptr_11 [SL:restaurant_name @ptr_12 @ptr_13 SL:restaurant_name]
book a brasserie with a pool within the same area as my neighborhood for 5 people at 19:26	book Ġa Ġbrass erie Ġwith Ġa Ġpool Ġwithin Ġthe Ġsame Ġarea Ġas Ġmy Ġneighborhood Ġfor Ġ5 Ġpeople Ġat Ġ19 : 26	@ptr_0 @ptr_1 [SL:restaurant_type @ptr_2 @ptr_3 SL:restaurant_type] @ptr_4 @ptr_5 [SL:facility @ptr_6 SL:facility] [SL:spatial_relation @ptr_7 @ptr_8 @ptr_9 @ptr_10 SL:spatial_relation] @ptr_11 @ptr_12 [SL:poi @ptr_13 SL:poi] @ptr_14 [SL:party_size_number @ptr_15 SL:party_size_number] @ptr_16 @ptr_17 [SL:timeRange @ptr_18 @ptr_19 @ptr_20 SL:timeRange]
Book me a reservation for a bar that serves lobster roll in OR	Book Ġme Ġa Ġreservation Ġfor Ġa Ġbar Ġthat Ġserves Ġlobster Ġroll Ġin ĠOR	@ptr_0 @ptr_1 @ptr_2 @ptr_3 @ptr_4 @ptr_5 [SL:restaurant_type @ptr_6 SL:restaurant_type] @ptr_7 @ptr_8 [SL:served_dish @ptr_9 @ptr_10 SL:served_dish] @ptr_11 [SL:state @ptr_12 SL:state]
table for two on Nov. fifteenth	table Ġfor Ġtwo Ġon ĠNov . Ġfif teenth	@ptr_0 @ptr_1 [SL:party_size_number @ptr_2 SL:party_size_number] @ptr_3 [SL:timeRange @ptr_4 @ptr_5 @ptr_6 @ptr_7 SL:timeRange]
me and my niece want to eat somewhere close by Hopatcong	me Ġand Ġmy Ġniece Ġwant Ġto Ġeat Ġsomewhere Ġclose Ġby ĠHop at cong	[SL:party_size_description @ptr_0 @ptr_1 @ptr_2 @ptr_3 SL:party_size_description] @ptr_4 @ptr_5 @ptr_6 @ptr_7 [SL:spatial_relation @ptr_8 @ptr_9 SL:spatial_relation] [SL:poi @ptr_10 @ptr_11 @ptr_12 SL:poi]
Can you book a table for a party of 6 close to DeKalb Av	Can Ġyou Ġbook Ġa Ġtable Ġfor Ġa Ġparty Ġof Ġ6 Ġclose Ġto ĠDe Kal b ĠAv	@ptr_0 @ptr_1 @ptr_2 @ptr_3 @ptr_4 @ptr_5 @ptr_6 @ptr_7 @ptr_8 [SL:party_size_number @ptr_9 SL:party_size_number] [SL:spatial_relation @ptr_10 SL:spatial_relation] @ptr_11 [SL:poi @ptr_12 @ptr_13 @ptr_14 @ptr_15 SL:poi]
Find me a table at a delicatessen in Urbanette that serves rabbit pie	Find Ġme Ġa Ġtable Ġat Ġa Ġdelic at essen Ġin ĠUrban ette Ġthat Ġserves Ġrabbit Ġpie	@ptr_0 @ptr_1 @ptr_2 @ptr_3 @ptr_4 @ptr_5 [SL:restaurant_type @ptr_6 @ptr_7 @ptr_8 SL:restaurant_type] @ptr_9 [SL:city @ptr_10 @ptr_11 SL:city] @ptr_12 @ptr_13 [SL:served_dish @ptr_14 @ptr_15 SL:served_dish]
Book a reservation for four in Cajah's Mountain in 1 year	Book Ġa Ġreservation Ġfor Ġfour Ġin ĠC aj ah 's ĠMountain Ġin Ġ1 Ġyear	@ptr_0 @ptr_1 @ptr_2 @ptr_3 [SL:party_size_number @ptr_4 SL:party_size_number] @ptr_5 [SL:city @ptr_6 @ptr_7 @ptr_8 @ptr_9 @ptr_10 SL:city] [SL:timeRange @ptr_11 @ptr_12 @ptr_13 SL:timeRange]
I want tables for 6 at a kosher steakhouse around Kosovo	I Ġwant Ġtables Ġfor Ġ6 Ġat Ġa Ġkosher Ġsteak house Ġaround ĠKosovo	@ptr_0 @ptr_1 @ptr_2 @ptr_3 [SL:party_size_number @ptr_4 SL:party_size_number] @ptr_5 @ptr_6 [SL:cuisine @ptr_7 SL:cuisine] [SL:restaurant_type @ptr_8 @ptr_9 SL:restaurant_type] [SL:spatial_relation @ptr_10 SL:spatial_relation] [SL:country @ptr_11 SL:country]
Book a restaurant within the same area of Ely for 10	Book Ġa Ġrestaurant Ġwithin Ġthe Ġsame Ġarea Ġof ĠEly Ġfor Ġ10	@ptr_0 @ptr_1 [SL:restaurant_type @ptr_2 SL:restaurant_type] [SL:spatial_relation @ptr_3 @ptr_4 @ptr_5 @ptr_6 SL:spatial_relation] @ptr_7 [SL:city @ptr_8 SL:city] @ptr_9 [SL:party_size_number @ptr_10 SL:party_size_number]
I'd like to go to the popular bistro in OH	I 'd Ġlike Ġto Ġgo Ġto Ġthe Ġpopular Ġb ist ro Ġin ĠOH	@ptr_0 @ptr_1 @ptr_2 @ptr_3 @ptr_4 @ptr_5 @ptr_6 [SL:sort @ptr_7 SL:sort] [SL:restaurant_type @ptr_8 @ptr_9 @ptr_10 SL:restaurant_type] @ptr_11 [SL:state @ptr_12 SL:state]
Please book me a table for three at an american gastropub	Please Ġbook Ġme Ġa Ġtable Ġfor Ġthree Ġat Ġan Ġameric an Ġgast rop ub	@ptr_0 @ptr_1 @ptr_2 @ptr_3 @ptr_4 @ptr_5 [SL:party_size_number @ptr_6 SL:party_size_number] @ptr_7 @ptr_8 [SL:cuisine @ptr_9 @ptr_10 SL:cuisine] [SL:restaurant_type @ptr_11 @ptr_12 @ptr_13 SL:restaurant_type]
I'm looking for a churrascaria place with wifi that can serve a party of five	I 'm Ġlooking Ġfor Ġa Ġch ur r asc aria Ġplace Ġwith Ġwifi Ġthat Ġcan Ġserve Ġa Ġparty Ġof Ġfive	@ptr_0 @ptr_1 @ptr_2 @ptr_3 @ptr_4 [SL:restaurant_type @ptr_5 @ptr_6 @ptr_7 @ptr_8 @ptr_9 SL:restaurant_type] @ptr_10 @ptr_11 [SL:facility @ptr_12 SL:facility] @ptr_13 @ptr_14 @ptr_15 @ptr_16 @ptr_17 @ptr_18 [SL:party_size_number @ptr_19 SL:party_size_number]
book a spot for me, tiffany and sondra at a top-rated restaurant in MS with udupi	book Ġa Ġspot Ġfor Ġme , Ġt iff any Ġand Ġs ond ra Ġat Ġa Ġtop - rated Ġrestaurant Ġin ĠMS Ġwith Ġu du pi	@ptr_0 @ptr_1 @ptr_2 @ptr_3 [SL:party_size_description @ptr_4 @ptr_5 @ptr_6 @ptr_7 @ptr_8 @ptr_9 @ptr_10 @ptr_11 @ptr_12 SL:party_size_description] @ptr_13 @ptr_14 [SL:sort @ptr_15 @ptr_16 @ptr_17 SL:sort] [SL:restaurant_type @ptr_18 SL:restaurant_type] @ptr_19 [SL:state @ptr_20 SL:state] @ptr_21 [SL:cuisine @ptr_22 @ptr_23 @ptr_24 SL:cuisine]
