Will it be snowy on January 26th in Trentwood , Illinois	Will Ġit Ġbe Ġsnowy Ġon ĠJanuary Ġ26 th Ġin ĠTrent wood Ġ, ĠIllinois	@ptr_0 @ptr_1 @ptr_2 [SL:condition_description @ptr_3 SL:condition_description] @ptr_4 [SL:timeRange @ptr_5 @ptr_6 @ptr_7 SL:timeRange] @ptr_8 [SL:city @ptr_9 @ptr_10 SL:city] @ptr_11 [SL:state @ptr_12 SL:state]
Will it snowstorm neighboring the Rio Grande Wild and Scenic River on feb. the second	Will Ġit Ġsnow storm Ġneighboring Ġthe ĠRio ĠGrande ĠWild Ġand ĠSc enic ĠRiver Ġon Ġfe b . Ġthe Ġsecond	@ptr_0 @ptr_1 [SL:condition_description @ptr_2 @ptr_3 SL:condition_description] [SL:spatial_relation @ptr_4 SL:spatial_relation] @ptr_5 [SL:geographic_poi @ptr_6 @ptr_7 @ptr_8 @ptr_9 @ptr_10 @ptr_11 @ptr_12 SL:geographic_poi] @ptr_13 [SL:timeRange @ptr_14 @ptr_15 @ptr_16 @ptr_17 @ptr_18 SL:timeRange]
Will it be stormy on 4/3/2027 in New Rochelle , WY	Will Ġit Ġbe Ġstorm y Ġon Ġ4 / 3 / 20 27 Ġin ĠNew ĠRoc helle Ġ, ĠW Y	@ptr_0 @ptr_1 @ptr_2 [SL:condition_description @ptr_3 @ptr_4 SL:condition_description] @ptr_5 [SL:timeRange @ptr_6 @ptr_7 @ptr_8 @ptr_9 @ptr_10 @ptr_11 SL:timeRange] @ptr_12 [SL:city @ptr_13 @ptr_14 @ptr_15 SL:city] @ptr_16 [SL:state @ptr_17 @ptr_18 SL:state]
what is the weather not far from current position	what Ġis Ġthe Ġweather Ġnot Ġfar Ġfrom Ġcurrent Ġposition	@ptr_0 @ptr_1 @ptr_2 @ptr_3 [SL:spatial_relation @ptr_4 @ptr_5 SL:spatial_relation] @ptr_6 [SL:current_location @ptr_7 @ptr_8 SL:current_location]
what is the weather at my current location	what Ġis Ġthe Ġweather Ġat Ġmy Ġcurrent Ġlocation	@ptr_0 @ptr_1 @ptr_2 @ptr_3 @ptr_4 @ptr_5 [SL:current_location @ptr_6 @ptr_7 SL:current_location]
Will it be chilly at 11 am in Loup City	Will Ġit Ġbe Ġchilly Ġat Ġ11 Ġam Ġin ĠLou p ĠCity	@ptr_0 @ptr_1 @ptr_2 [SL:condition_temperature @ptr_3 SL:condition_temperature] @ptr_4 [SL:timeRange @ptr_5 @ptr_6 SL:timeRange] @ptr_7 [SL:city @ptr_8 @ptr_9 @ptr_10 SL:city]
Will it be hotter next month in South Dakota	Will Ġit Ġbe Ġhotter Ġnext Ġmonth Ġin ĠSouth ĠDakota	@ptr_0 @ptr_1 @ptr_2 [SL:condition_temperature @ptr_3 SL:condition_temperature] [SL:timeRange @ptr_4 @ptr_5 SL:timeRange] @ptr_6 [SL:state @ptr_7 @ptr_8 SL:state]
What's the humidity right now in Aguila	What 's Ġthe Ġhumidity Ġright Ġnow Ġin ĠAgu ila	@ptr_0 @ptr_1 @ptr_2 [SL:condition_description @ptr_3 SL:condition_description] @ptr_4 [SL:timeRange @ptr_5 SL:timeRange] @ptr_6 [SL:city @ptr_7 @ptr_8 SL:city]
What's the weather in Belize close to ten pm	What 's Ġthe Ġweather Ġin ĠBel ize Ġclose Ġto Ġten Ġpm	@ptr_0 @ptr_1 @ptr_2 @ptr_3 @ptr_4 [SL:country @ptr_5 @ptr_6 SL:country] [SL:spatial_relation @ptr_7 SL:spatial_relation] @ptr_8 [SL:timeRange @ptr_9 @ptr_10 SL:timeRange]
