Play me the greatest track of 1966	Play Ġme Ġthe Ġgreatest Ġtrack Ġof Ġ1966	@ptr_0 @ptr_1 @ptr_2 [SL:sort @ptr_3 SL:sort] [SL:music_item @ptr_4 SL:music_item] @ptr_5 [SL:year @ptr_6 SL:year]
Play Who Knows Where The Time Goes ? by Grigory Leps	Play ĠWho ĠKn ows ĠWhere ĠThe ĠTime ĠGoes Ġ? Ġby ĠGr ig ory ĠL eps	@ptr_0 [SL:track @ptr_1 @ptr_2 @ptr_3 @ptr_4 @ptr_5 @ptr_6 @ptr_7 SL:track] @ptr_8 @ptr_9 [SL:artist @ptr_10 @ptr_11 @ptr_12 @ptr_13 @ptr_14 SL:artist]
Please play a song by Everlast	Please Ġplay Ġa Ġsong Ġby ĠEver last	@ptr_0 @ptr_1 @ptr_2 [SL:music_item @ptr_3 SL:music_item] @ptr_4 [SL:artist @ptr_5 @ptr_6 SL:artist]
play a track by Mila Islam from Deezer	play Ġa Ġtrack Ġby ĠMil a ĠIslam Ġfrom ĠDe ez er	@ptr_0 @ptr_1 [SL:music_item @ptr_2 SL:music_item] @ptr_3 [SL:artist @ptr_4 @ptr_5 @ptr_6 SL:artist] @ptr_7 [SL:service @ptr_8 @ptr_9 @ptr_10 SL:service]
play 1977 good track	play Ġ1977 Ġgood Ġtrack	@ptr_0 [SL:year @ptr_1 SL:year] [SL:sort @ptr_2 SL:sort] [SL:music_item @ptr_3 SL:music_item]
Play Andy Williams Sings Rodgers And Hammerstein by elica todorova	Play ĠAndy ĠWilliams ĠS ings ĠRodgers ĠAnd ĠHammer stein Ġby Ġelic a Ġto dor ova	@ptr_0 [SL:album @ptr_1 @ptr_2 @ptr_3 @ptr_4 @ptr_5 @ptr_6 @ptr_7 @ptr_8 SL:album] @ptr_9 [SL:artist @ptr_10 @ptr_11 @ptr_12 @ptr_13 @ptr_14 SL:artist]
Play top Martin Solveig on deezer	Play Ġtop ĠMartin ĠSol ve ig Ġon Ġde ez er	@ptr_0 [SL:sort @ptr_1 SL:sort] [SL:artist @ptr_2 @ptr_3 @ptr_4 @ptr_5 SL:artist] @ptr_6 [SL:service @ptr_7 @ptr_8 @ptr_9 SL:service]
Play the music Hands Up	Play Ġthe Ġmusic ĠHands ĠUp	@ptr_0 @ptr_1 @ptr_2 [SL:playlist @ptr_3 @ptr_4 SL:playlist]
Please play something that's freak folk on Google Music	Please Ġplay Ġsomething Ġthat 's Ġfreak Ġfolk Ġon ĠGoogle ĠMusic	@ptr_0 @ptr_1 @ptr_2 @ptr_3 @ptr_4 [SL:genre @ptr_5 @ptr_6 SL:genre] @ptr_7 [SL:service @ptr_8 @ptr_9 SL:service]
