find movie times	find Ġmovie Ġtimes	@ptr_0 [SL:object_type @ptr_1 @ptr_2 SL:object_type]
Is The Skull playing at Loews Cineplex	Is ĠThe ĠSkull Ġplaying Ġat ĠLo ews ĠC ine plex	@ptr_0 [SL:movie_name @ptr_1 @ptr_2 SL:movie_name] @ptr_3 @ptr_4 [SL:location_name @ptr_5 @ptr_6 @ptr_7 @ptr_8 @ptr_9 SL:location_name]
i want to watch Mister Cool	i Ġwant Ġto Ġwatch ĠMister ĠCool	@ptr_0 @ptr_1 @ptr_2 @ptr_3 [SL:movie_name @ptr_4 @ptr_5 SL:movie_name]
When is Beyond My Reach scheduled at the nearest cinema	When Ġis ĠBeyond ĠMy ĠReach Ġscheduled Ġat Ġthe Ġnearest Ġcinema	@ptr_0 @ptr_1 [SL:movie_name @ptr_2 @ptr_3 @ptr_4 SL:movie_name] @ptr_5 @ptr_6 @ptr_7 [SL:spatial_relation @ptr_8 SL:spatial_relation] [SL:object_location_type @ptr_9 SL:object_location_type]
What are the movie times one second from now at the Alamo Drafthouse Cinema	What Ġare Ġthe Ġmovie Ġtimes Ġone Ġsecond Ġfrom Ġnow Ġat Ġthe ĠAl amo ĠDra f thouse ĠCinema	@ptr_0 @ptr_1 @ptr_2 [SL:object_type @ptr_3 @ptr_4 SL:object_type] [SL:timeRange @ptr_5 @ptr_6 @ptr_7 @ptr_8 SL:timeRange] @ptr_9 @ptr_10 [SL:location_name @ptr_11 @ptr_12 @ptr_13 @ptr_14 @ptr_15 @ptr_16 SL:location_name]
What animated movies are playing at the closest movie theatre	What Ġanimated Ġmovies Ġare Ġplaying Ġat Ġthe Ġclosest Ġmovie Ġtheatre	@ptr_0 [SL:movie_type @ptr_1 @ptr_2 SL:movie_type] @ptr_3 @ptr_4 @ptr_5 @ptr_6 [SL:spatial_relation @ptr_7 SL:spatial_relation] [SL:object_location_type @ptr_8 @ptr_9 SL:object_location_type]
Where is the nearest cinema playing Rainbow Eyes that starts in one minute	Where Ġis Ġthe Ġnearest Ġcinema Ġplaying ĠRainbow ĠEyes Ġthat Ġstarts Ġin Ġone Ġminute	@ptr_0 @ptr_1 @ptr_2 [SL:spatial_relation @ptr_3 SL:spatial_relation] [SL:object_location_type @ptr_4 SL:object_location_type] @ptr_5 [SL:movie_name @ptr_6 @ptr_7 SL:movie_name] @ptr_8 @ptr_9 [SL:timeRange @ptr_10 @ptr_11 @ptr_12 SL:timeRange]
