I want another track added to the Korean OSTs	I Ġwant Ġanother Ġtrack Ġadded Ġto Ġthe ĠKorean ĠO ST s	@ptr_0 @ptr_1 @ptr_2 [SL:music_item @ptr_3 SL:music_item] @ptr_4 @ptr_5 @ptr_6 [SL:playlist @ptr_7 @ptr_8 @ptr_9 @ptr_10 SL:playlist]
put this track on operación bikini	put Ġthis Ġtrack Ġon Ġoper aci Ã³n Ġbikini	@ptr_0 @ptr_1 [SL:music_item @ptr_2 SL:music_item] @ptr_3 [SL:playlist @ptr_4 @ptr_5 @ptr_6 @ptr_7 SL:playlist]
add this album by Bruce Dickinson onto top entrevistas my	add Ġthis Ġalbum Ġby ĠBruce ĠDickinson Ġonto Ġtop Ġent rev istas Ġmy	@ptr_0 @ptr_1 [SL:music_item @ptr_2 SL:music_item] @ptr_3 [SL:artist @ptr_4 @ptr_5 SL:artist] @ptr_6 [SL:playlist @ptr_7 @ptr_8 @ptr_9 @ptr_10 SL:playlist] [SL:playlist_owner @ptr_11 SL:playlist_owner]
put this tune on my Nothing But A Party R&B	put Ġthis Ġtune Ġon Ġmy ĠNothing ĠBut ĠA ĠParty ĠR & B	@ptr_0 @ptr_1 [SL:music_item @ptr_2 SL:music_item] @ptr_3 [SL:playlist_owner @ptr_4 SL:playlist_owner] [SL:playlist @ptr_5 @ptr_6 @ptr_7 @ptr_8 @ptr_9 @ptr_10 @ptr_11 SL:playlist]
I want to add something by the artist Nadine to my Workday – Pop	I Ġwant Ġto Ġadd Ġsomething Ġby Ġthe Ġartist ĠNad ine Ġto Ġmy ĠWork day ĠâĢĵ ĠPop	@ptr_0 @ptr_1 @ptr_2 @ptr_3 @ptr_4 @ptr_5 @ptr_6 [SL:music_item @ptr_7 SL:music_item] [SL:artist @ptr_8 @ptr_9 SL:artist] @ptr_10 [SL:playlist_owner @ptr_11 SL:playlist_owner] [SL:playlist @ptr_12 @ptr_13 @ptr_14 @ptr_15 SL:playlist]
Add an album by Liza Oumarova to the Steampunk	Add Ġan Ġalbum Ġby ĠL iza ĠO umar ova Ġto Ġthe ĠSte ampunk	@ptr_0 @ptr_1 [SL:music_item @ptr_2 SL:music_item] @ptr_3 [SL:artist @ptr_4 @ptr_5 @ptr_6 @ptr_7 @ptr_8 SL:artist] @ptr_9 @ptr_10 [SL:playlist @ptr_11 @ptr_12 SL:playlist]
add the tune to my jazz vibes	add Ġthe Ġtune Ġto Ġmy Ġjazz Ġvib es	@ptr_0 @ptr_1 [SL:music_item @ptr_2 SL:music_item] @ptr_3 [SL:playlist_owner @ptr_4 SL:playlist_owner] [SL:playlist @ptr_5 @ptr_6 @ptr_7 SL:playlist]
I want to send music to ann's lists from SIR John Winston Ono Lennon , put it on her Infinite Indie Folk	I Ġwant Ġto Ġsend Ġmusic Ġto Ġann 's Ġlists Ġfrom ĠS IR ĠJohn ĠWinston ĠOn o ĠLennon Ġ, Ġput Ġit Ġon Ġher ĠInfinite ĠIndie ĠFolk	@ptr_0 @ptr_1 @ptr_2 @ptr_3 @ptr_4 @ptr_5 [SL:playlist_owner @ptr_6 @ptr_7 SL:playlist_owner] @ptr_8 @ptr_9 [SL:entity_name @ptr_10 @ptr_11 @ptr_12 @ptr_13 @ptr_14 @ptr_15 @ptr_16 SL:entity_name] @ptr_17 @ptr_18 @ptr_19 @ptr_20 @ptr_21 [SL:playlist @ptr_22 @ptr_23 @ptr_24 SL:playlist]
Add an album to my week end	Add Ġan Ġalbum Ġto Ġmy Ġweek Ġend	@ptr_0 @ptr_1 [SL:music_item @ptr_2 SL:music_item] @ptr_3 [SL:playlist_owner @ptr_4 SL:playlist_owner] [SL:playlist @ptr_5 @ptr_6 SL:playlist]
Add Fear and Bullets to my Chill Tracks	Add ĠFear Ġand ĠBullets Ġto Ġmy ĠChill ĠTracks	@ptr_0 [SL:entity_name @ptr_1 @ptr_2 @ptr_3 SL:entity_name] @ptr_4 [SL:playlist_owner @ptr_5 SL:playlist_owner] [SL:playlist @ptr_6 @ptr_7 SL:playlist]
add the artist Beardyman to my classical x	add Ġthe Ġartist ĠBe ardy man Ġto Ġmy Ġclassical Ġx	@ptr_0 @ptr_1 [SL:music_item @ptr_2 SL:music_item] [SL:artist @ptr_3 @ptr_4 @ptr_5 SL:artist] @ptr_6 [SL:playlist_owner @ptr_7 SL:playlist_owner] [SL:playlist @ptr_8 @ptr_9 SL:playlist]
Add a track by flesh n bone to my totally alternative	Add Ġa Ġtrack Ġby Ġflesh Ġn Ġbone Ġto Ġmy Ġtotally Ġalternative	@ptr_0 @ptr_1 [SL:music_item @ptr_2 SL:music_item] @ptr_3 [SL:artist @ptr_4 @ptr_5 @ptr_6 SL:artist] @ptr_7 [SL:playlist_owner @ptr_8 SL:playlist_owner] [SL:playlist @ptr_9 @ptr_10 SL:playlist]
put K Maro track on my soul lounge	put ĠK ĠMar o Ġtrack Ġon Ġmy Ġsoul Ġlounge	@ptr_0 [SL:artist @ptr_1 @ptr_2 @ptr_3 SL:artist] [SL:music_item @ptr_4 SL:music_item] @ptr_5 [SL:playlist_owner @ptr_6 SL:playlist_owner] [SL:playlist @ptr_7 @ptr_8 SL:playlist]
I'd like to move the artist named Matt Walker to the playlist grandes unplugged	I 'd Ġlike Ġto Ġmove Ġthe Ġartist Ġnamed ĠMatt ĠWalker Ġto Ġthe Ġplaylist Ġgrand es Ġun plug ged	@ptr_0 @ptr_1 @ptr_2 @ptr_3 @ptr_4 @ptr_5 [SL:music_item @ptr_6 SL:music_item] @ptr_7 [SL:artist @ptr_8 @ptr_9 SL:artist] @ptr_10 @ptr_11 @ptr_12 [SL:playlist @ptr_13 @ptr_14 @ptr_15 @ptr_16 @ptr_17 SL:playlist]
Add Ronski Speed to sweet soul chillout	Add ĠR ons ki ĠSpeed Ġto Ġsweet Ġsoul Ġchill out	@ptr_0 [SL:artist @ptr_1 @ptr_2 @ptr_3 @ptr_4 SL:artist] @ptr_5 [SL:playlist @ptr_6 @ptr_7 @ptr_8 @ptr_9 SL:playlist]
Can you add some disco to my playlist called Genuine R&B	Can Ġyou Ġadd Ġsome Ġdisco Ġto Ġmy Ġplaylist Ġcalled ĠGen uine ĠR & B	@ptr_0 @ptr_1 @ptr_2 @ptr_3 [SL:entity_name @ptr_4 SL:entity_name] @ptr_5 [SL:playlist_owner @ptr_6 SL:playlist_owner] @ptr_7 @ptr_8 [SL:playlist @ptr_9 @ptr_10 @ptr_11 @ptr_12 @ptr_13 SL:playlist]
Can you please put this track onto my TODO NOVEDADES	Can Ġyou Ġplease Ġput Ġthis Ġtrack Ġonto Ġmy ĠTOD O ĠNO V ED AD ES	@ptr_0 @ptr_1 @ptr_2 @ptr_3 @ptr_4 [SL:music_item @ptr_5 SL:music_item] @ptr_6 [SL:playlist_owner @ptr_7 SL:playlist_owner] [SL:playlist @ptr_8 @ptr_9 @ptr_10 @ptr_11 @ptr_12 @ptr_13 @ptr_14 SL:playlist]
add this gisela song to my dancehall official	add Ġthis Ġg is ela Ġsong Ġto Ġmy Ġdance hall Ġofficial	@ptr_0 @ptr_1 [SL:artist @ptr_2 @ptr_3 @ptr_4 SL:artist] [SL:music_item @ptr_5 SL:music_item] @ptr_6 [SL:playlist_owner @ptr_7 SL:playlist_owner] [SL:playlist @ptr_8 @ptr_9 @ptr_10 SL:playlist]
Add The “Chirping” Crickets to my Mellowed Out Gaming	Add ĠThe ĠâĢ ľ Ch ir ping âĢ Ŀ ĠCr ickets Ġto Ġmy ĠM ellow ed ĠOut ĠGaming	@ptr_0 [SL:entity_name @ptr_1 @ptr_2 @ptr_3 @ptr_4 @ptr_5 @ptr_6 @ptr_7 @ptr_8 @ptr_9 @ptr_10 SL:entity_name] @ptr_11 [SL:playlist_owner @ptr_12 SL:playlist_owner] [SL:playlist @ptr_13 @ptr_14 @ptr_15 @ptr_16 @ptr_17 SL:playlist]
put Claude VonStroke onto my This Is Earth, Wind & Fire	put ĠClaude ĠVon St ro ke Ġonto Ġmy ĠThis ĠIs ĠEarth , ĠWind Ġ& ĠFire	@ptr_0 [SL:artist @ptr_1 @ptr_2 @ptr_3 @ptr_4 @ptr_5 SL:artist] @ptr_6 [SL:playlist_owner @ptr_7 SL:playlist_owner] [SL:playlist @ptr_8 @ptr_9 @ptr_10 @ptr_11 @ptr_12 @ptr_13 @ptr_14 SL:playlist]
put Bring Me Down onto my tokyo rising	put ĠBring ĠMe ĠDown Ġonto Ġmy Ġto ky o Ġrising	@ptr_0 [SL:entity_name @ptr_1 @ptr_2 @ptr_3 SL:entity_name] @ptr_4 [SL:playlist_owner @ptr_5 SL:playlist_owner] [SL:playlist @ptr_6 @ptr_7 @ptr_8 @ptr_9 SL:playlist]
Would you put hammer onto the lunch	Would Ġyou Ġput Ġhammer Ġonto Ġthe Ġlunch	@ptr_0 @ptr_1 @ptr_2 [SL:entity_name @ptr_3 SL:entity_name] @ptr_4 @ptr_5 [SL:playlist @ptr_6 SL:playlist]
Add Los Hombres Calientes Volume 3 New Congo Square to my descanso infinito	Add ĠLos ĠH omb res ĠCal ient es ĠVolume Ġ3 ĠNew ĠCongo ĠSquare Ġto Ġmy Ġdesc ans o Ġinf in ito	@ptr_0 [SL:entity_name @ptr_1 @ptr_2 @ptr_3 @ptr_4 @ptr_5 @ptr_6 @ptr_7 @ptr_8 @ptr_9 @ptr_10 @ptr_11 @ptr_12 SL:entity_name] @ptr_13 [SL:playlist_owner @ptr_14 SL:playlist_owner] [SL:playlist @ptr_15 @ptr_16 @ptr_17 @ptr_18 @ptr_19 @ptr_20 SL:playlist]
I want to add Robin Hood and Queen Katherine to my playlist entitled Genuine R&B	I Ġwant Ġto Ġadd ĠRobin ĠHood Ġand ĠQueen ĠKatherine Ġto Ġmy Ġplaylist Ġentitled ĠGen uine ĠR & B	@ptr_0 @ptr_1 @ptr_2 @ptr_3 [SL:entity_name @ptr_4 @ptr_5 @ptr_6 @ptr_7 @ptr_8 SL:entity_name] @ptr_9 [SL:playlist_owner @ptr_10 SL:playlist_owner] @ptr_11 @ptr_12 [SL:playlist @ptr_13 @ptr_14 @ptr_15 @ptr_16 @ptr_17 SL:playlist]
Add TEENAGER to the queen	Add ĠTE EN AG ER Ġto Ġthe Ġqueen	@ptr_0 [SL:entity_name @ptr_1 @ptr_2 @ptr_3 @ptr_4 SL:entity_name] @ptr_5 @ptr_6 [SL:playlist @ptr_7 SL:playlist]
