I'd like a table for ten in 2 minutes at French Horn, Sonning Eye	I 'd Ġlike Ġa Ġtable Ġfor Ġten Ġin Ġ2 Ġminutes Ġat ĠFrench ĠHorn , ĠSon ning ĠEye	@ptr_0 @ptr_1 @ptr_2 @ptr_3 @ptr_4 @ptr_5 [SL:party_size_number @ptr_6 SL:party_size_number] [SL:timeRange @ptr_7 @ptr_8 @ptr_9 SL:timeRange] @ptr_10 [SL:restaurant_name @ptr_11 @ptr_12 @ptr_13 @ptr_14 @ptr_15 @ptr_16 SL:restaurant_name]
I need a table in Iron Gates in one minute at the Weathervane Restaurant	I Ġneed Ġa Ġtable Ġin ĠIron ĠGates Ġin Ġone Ġminute Ġat Ġthe ĠWeather v ane ĠRestaurant	@ptr_0 @ptr_1 @ptr_2 @ptr_3 @ptr_4 [SL:city @ptr_5 @ptr_6 SL:city] [SL:timeRange @ptr_7 @ptr_8 @ptr_9 SL:timeRange] @ptr_10 @ptr_11 [SL:restaurant_name @ptr_12 @ptr_13 @ptr_14 @ptr_15 SL:restaurant_name]
Book me a table for 3 at TKK Fried Chicken in Sri Lanka	Book Ġme Ġa Ġtable Ġfor Ġ3 Ġat ĠT KK ĠFried ĠChicken Ġin ĠSri ĠLanka	@ptr_0 @ptr_1 @ptr_2 @ptr_3 @ptr_4 [SL:party_size_number @ptr_5 SL:party_size_number] @ptr_6 [SL:restaurant_name @ptr_7 @ptr_8 @ptr_9 @ptr_10 SL:restaurant_name] @ptr_11 [SL:country @ptr_12 @ptr_13 SL:country]
I need a table at The Middle East in MN for a party of 6	I Ġneed Ġa Ġtable Ġat ĠThe ĠMiddle ĠEast Ġin ĠMN Ġfor Ġa Ġparty Ġof Ġ6	@ptr_0 @ptr_1 @ptr_2 @ptr_3 @ptr_4 [SL:restaurant_name @ptr_5 @ptr_6 @ptr_7 SL:restaurant_name] @ptr_8 [SL:state @ptr_9 SL:state] @ptr_10 @ptr_11 @ptr_12 @ptr_13 [SL:party_size_number @ptr_14 SL:party_size_number]
Book a table for ida, monica and etta at Cold Spring Tavern in MD	Book Ġa Ġtable Ġfor Ġ ida , Ġmon ica Ġand Ġe tta Ġat ĠCold ĠSpring ĠTavern Ġin ĠMD	@ptr_0 @ptr_1 @ptr_2 @ptr_3 [SL:party_size_description @ptr_4 @ptr_5 @ptr_6 @ptr_7 @ptr_8 @ptr_9 @ptr_10 @ptr_11 SL:party_size_description] @ptr_12 [SL:restaurant_name @ptr_13 @ptr_14 @ptr_15 SL:restaurant_name] @ptr_16 [SL:state @ptr_17 SL:state]
I'd like to get 4 seats at a restaurant	I 'd Ġlike Ġto Ġget Ġ4 Ġseats Ġat Ġa Ġrestaurant	@ptr_0 @ptr_1 @ptr_2 @ptr_3 @ptr_4 [SL:party_size_number @ptr_5 SL:party_size_number] @ptr_6 @ptr_7 @ptr_8 [SL:restaurant_type @ptr_9 SL:restaurant_type]
restaurant in Watauga for me and my aunt	rest aur ant Ġin ĠWat auga Ġfor Ġme Ġand Ġmy Ġaunt	[SL:restaurant_type @ptr_0 @ptr_1 @ptr_2 SL:restaurant_type] @ptr_3 [SL:city @ptr_4 @ptr_5 SL:city] @ptr_6 [SL:party_size_description @ptr_7 @ptr_8 @ptr_9 @ptr_10 SL:party_size_description]
I want to book reservations for 8 at an indoor restaurant	I Ġwant Ġto Ġbook Ġreservations Ġfor Ġ8 Ġat Ġan Ġindoor Ġrestaurant	@ptr_0 @ptr_1 @ptr_2 @ptr_3 @ptr_4 @ptr_5 [SL:party_size_number @ptr_6 SL:party_size_number] @ptr_7 @ptr_8 [SL:facility @ptr_9 SL:facility] [SL:restaurant_type @ptr_10 SL:restaurant_type]
I need to book a table for claudia and imelda at a brasserie that is top-rated	I Ġneed Ġto Ġbook Ġa Ġtable Ġfor Ġcl aud ia Ġand Ġ ime lda Ġat Ġa Ġbrass erie Ġthat Ġis Ġtop - rated	@ptr_0 @ptr_1 @ptr_2 @ptr_3 @ptr_4 @ptr_5 @ptr_6 [SL:party_size_description @ptr_7 @ptr_8 @ptr_9 @ptr_10 @ptr_11 @ptr_12 @ptr_13 SL:party_size_description] @ptr_14 @ptr_15 [SL:restaurant_type @ptr_16 @ptr_17 SL:restaurant_type] @ptr_18 @ptr_19 [SL:sort @ptr_20 @ptr_21 @ptr_22 SL:sort]
Book a restaurant in Liechtenstein for seven	Book Ġa Ġrestaurant Ġin ĠLie ch ten stein Ġfor Ġseven	@ptr_0 @ptr_1 [SL:restaurant_type @ptr_2 SL:restaurant_type] @ptr_3 [SL:country @ptr_4 @ptr_5 @ptr_6 @ptr_7 SL:country] @ptr_8 [SL:party_size_number @ptr_9 SL:party_size_number]
Book a food truck in MP for me and my ex husband	Book Ġa Ġfood Ġtruck Ġin ĠMP Ġfor Ġme Ġand Ġmy Ġex Ġhusband	@ptr_0 @ptr_1 [SL:restaurant_type @ptr_2 @ptr_3 SL:restaurant_type] @ptr_4 [SL:state @ptr_5 SL:state] @ptr_6 [SL:party_size_description @ptr_7 @ptr_8 @ptr_9 @ptr_10 @ptr_11 SL:party_size_description]
I need a table at a cafeteria for a party of 6 in AL	I Ġneed Ġa Ġtable Ġat Ġa Ġcafeteria Ġfor Ġa Ġparty Ġof Ġ6 Ġin ĠAL	@ptr_0 @ptr_1 @ptr_2 @ptr_3 @ptr_4 @ptr_5 [SL:restaurant_type @ptr_6 SL:restaurant_type] @ptr_7 @ptr_8 @ptr_9 @ptr_10 [SL:party_size_number @ptr_11 SL:party_size_number] @ptr_12 [SL:state @ptr_13 SL:state]
Book an outdoor restaurant in MD at 11 pm for 8	Book Ġan Ġoutdoor Ġrestaurant Ġin ĠMD Ġat Ġ11 Ġpm Ġfor Ġ8	@ptr_0 @ptr_1 [SL:facility @ptr_2 SL:facility] [SL:restaurant_type @ptr_3 SL:restaurant_type] @ptr_4 [SL:state @ptr_5 SL:state] @ptr_6 [SL:timeRange @ptr_7 @ptr_8 SL:timeRange] @ptr_9 [SL:party_size_number @ptr_10 SL:party_size_number]
We want to eat at a brasserie with sicilian food in Nebraska	We Ġwant Ġto Ġeat Ġat Ġa Ġbrass erie Ġwith Ġs ic ilian Ġfood Ġin ĠNebraska	@ptr_0 @ptr_1 @ptr_2 @ptr_3 @ptr_4 @ptr_5 [SL:restaurant_type @ptr_6 @ptr_7 SL:restaurant_type] @ptr_8 [SL:cuisine @ptr_9 @ptr_10 @ptr_11 SL:cuisine] @ptr_12 @ptr_13 [SL:state @ptr_14 SL:state]
book me a bar that has chicken fried bacon in Vermont	book Ġme Ġa Ġbar Ġthat Ġhas Ġchicken Ġfried Ġbacon Ġin ĠVermont	@ptr_0 @ptr_1 @ptr_2 [SL:restaurant_type @ptr_3 SL:restaurant_type] @ptr_4 @ptr_5 [SL:served_dish @ptr_6 @ptr_7 @ptr_8 SL:served_dish] @ptr_9 [SL:state @ptr_10 SL:state]
I'd like a table for 7 at ten pm at a cafeteria in AL that serves malaysian	I 'd Ġlike Ġa Ġtable Ġfor Ġ7 Ġat Ġten Ġpm Ġat Ġa Ġcafeteria Ġin ĠAL Ġthat Ġserves Ġmal ays ian	@ptr_0 @ptr_1 @ptr_2 @ptr_3 @ptr_4 @ptr_5 [SL:party_size_number @ptr_6 SL:party_size_number] @ptr_7 [SL:timeRange @ptr_8 @ptr_9 SL:timeRange] @ptr_10 @ptr_11 [SL:restaurant_type @ptr_12 SL:restaurant_type] @ptr_13 [SL:state @ptr_14 SL:state] @ptr_15 @ptr_16 [SL:cuisine @ptr_17 @ptr_18 @ptr_19 SL:cuisine]
I want to book the best manadonese restaurant for six at 21:49 that is distant from my baby's work	I Ġwant Ġto Ġbook Ġthe Ġbest Ġman ad ones e Ġrestaurant Ġfor Ġsix Ġat Ġ21 : 49 Ġthat Ġis Ġdistant Ġfrom Ġmy Ġbaby 's Ġwork	@ptr_0 @ptr_1 @ptr_2 @ptr_3 @ptr_4 [SL:sort @ptr_5 SL:sort] [SL:cuisine @ptr_6 @ptr_7 @ptr_8 @ptr_9 SL:cuisine] [SL:restaurant_type @ptr_10 SL:restaurant_type] @ptr_11 [SL:party_size_number @ptr_12 SL:party_size_number] @ptr_13 [SL:timeRange @ptr_14 @ptr_15 @ptr_16 SL:timeRange] @ptr_17 @ptr_18 [SL:spatial_relation @ptr_19 SL:spatial_relation] @ptr_20 [SL:poi @ptr_21 @ptr_22 @ptr_23 @ptr_24 SL:poi]
Book a reservation for me and my step sister in Nebraska in two seconds	Book Ġa Ġreservation Ġfor Ġme Ġand Ġmy Ġstep Ġsister Ġin ĠNebraska Ġin Ġtwo Ġseconds	@ptr_0 @ptr_1 @ptr_2 @ptr_3 [SL:party_size_description @ptr_4 @ptr_5 @ptr_6 @ptr_7 @ptr_8 SL:party_size_description] @ptr_9 [SL:state @ptr_10 SL:state] [SL:timeRange @ptr_11 @ptr_12 @ptr_13 SL:timeRange]
I want to book the distant downtown Tribeca Grill for august the twenty-third, 2025 for wilda and jacklyn	I Ġwant Ġto Ġbook Ġthe Ġdistant Ġdowntown ĠTrib eca ĠGrill Ġfor Ġaug ust Ġthe Ġtwenty - third , Ġ2025 Ġfor Ġwild a Ġand Ġjack lyn	@ptr_0 @ptr_1 @ptr_2 @ptr_3 @ptr_4 [SL:spatial_relation @ptr_5 SL:spatial_relation] [SL:poi @ptr_6 SL:poi] [SL:restaurant_name @ptr_7 @ptr_8 @ptr_9 SL:restaurant_name] @ptr_10 [SL:timeRange @ptr_11 @ptr_12 @ptr_13 @ptr_14 @ptr_15 @ptr_16 @ptr_17 @ptr_18 SL:timeRange] @ptr_19 [SL:party_size_description @ptr_20 @ptr_21 @ptr_22 @ptr_23 @ptr_24 SL:party_size_description]
Lets go and take elsa and I to Westhampton Beach in 1 hour to the american chinese cuisine at the tea house	L ets Ġgo Ġand Ġtake Ġel sa Ġand ĠI Ġto ĠWest ham pton ĠBeach Ġin Ġ1 Ġhour Ġto Ġthe Ġameric an Ġch inese Ġcuisine Ġat Ġthe Ġtea Ġhouse	@ptr_0 @ptr_1 @ptr_2 @ptr_3 @ptr_4 [SL:party_size_description @ptr_5 @ptr_6 @ptr_7 @ptr_8 SL:party_size_description] @ptr_9 [SL:city @ptr_10 @ptr_11 @ptr_12 @ptr_13 SL:city] [SL:timeRange @ptr_14 @ptr_15 @ptr_16 SL:timeRange] @ptr_17 @ptr_18 [SL:served_dish @ptr_19 @ptr_20 @ptr_21 @ptr_22 @ptr_23 SL:served_dish] @ptr_24 @ptr_25 [SL:restaurant_type @ptr_26 @ptr_27 SL:restaurant_type]
Please book me a table at a food court faraway from Saint Kitts and Nevis	Please Ġbook Ġme Ġa Ġtable Ġat Ġa Ġfood Ġcourt Ġfar away Ġfrom ĠSaint ĠKitt s Ġand ĠNev is	@ptr_0 @ptr_1 @ptr_2 @ptr_3 @ptr_4 @ptr_5 @ptr_6 [SL:restaurant_type @ptr_7 @ptr_8 SL:restaurant_type] [SL:spatial_relation @ptr_9 @ptr_10 SL:spatial_relation] @ptr_11 [SL:country @ptr_12 @ptr_13 @ptr_14 @ptr_15 @ptr_16 @ptr_17 SL:country]
book a spot in the same area as Yankee Doodle Coffee Shop in Madagascar	book Ġa Ġspot Ġin Ġthe Ġsame Ġarea Ġas ĠYankee ĠDoodle ĠCoffee ĠShop Ġin ĠMadagascar	@ptr_0 @ptr_1 @ptr_2 [SL:spatial_relation @ptr_3 @ptr_4 @ptr_5 @ptr_6 SL:spatial_relation] @ptr_7 [SL:restaurant_name @ptr_8 @ptr_9 @ptr_10 @ptr_11 SL:restaurant_name] @ptr_12 [SL:country @ptr_13 SL:country]
book a table around London Borough of Ealing that is highly rated in a gluten free bar	book Ġa Ġtable Ġaround ĠLondon ĠBorough Ġof ĠE aling Ġthat Ġis Ġhighly Ġrated Ġin Ġa Ġgluten Ġfree Ġbar	@ptr_0 @ptr_1 @ptr_2 [SL:spatial_relation @ptr_3 SL:spatial_relation] [SL:poi @ptr_4 @ptr_5 @ptr_6 @ptr_7 @ptr_8 SL:poi] @ptr_9 @ptr_10 [SL:sort @ptr_11 @ptr_12 SL:sort] @ptr_13 @ptr_14 [SL:cuisine @ptr_15 @ptr_16 SL:cuisine] [SL:restaurant_type @ptr_17 SL:restaurant_type]
Lets go to the Rainforest Cafe that is in the same area as 135th St	L ets Ġgo Ġto Ġthe ĠRain forest ĠCafe Ġthat Ġis Ġin Ġthe Ġsame Ġarea Ġas Ġ135 th ĠSt	@ptr_0 @ptr_1 @ptr_2 @ptr_3 @ptr_4 [SL:restaurant_name @ptr_5 @ptr_6 @ptr_7 SL:restaurant_name] @ptr_8 @ptr_9 [SL:spatial_relation @ptr_10 @ptr_11 @ptr_12 @ptr_13 SL:spatial_relation] @ptr_14 [SL:poi @ptr_15 @ptr_16 @ptr_17 SL:poi]
I'm looking to bring shawn, marguerite and della to a place to eat at near Rwanda	I 'm Ġlooking Ġto Ġbring Ġsh awn , Ġmarg uer ite Ġand Ġde lla Ġto Ġa Ġplace Ġto Ġeat Ġat Ġnear ĠRwanda	@ptr_0 @ptr_1 @ptr_2 @ptr_3 @ptr_4 [SL:party_size_description @ptr_5 @ptr_6 @ptr_7 @ptr_8 @ptr_9 @ptr_10 @ptr_11 @ptr_12 @ptr_13 SL:party_size_description] @ptr_14 @ptr_15 @ptr_16 @ptr_17 @ptr_18 @ptr_19 [SL:spatial_relation @ptr_20 SL:spatial_relation] [SL:country @ptr_21 SL:country]
I need reservations at Khedive Palace that's close in town	I Ġneed Ġreservations Ġat ĠK hed ive ĠPalace Ġthat 's Ġclose Ġin Ġtown	@ptr_0 @ptr_1 @ptr_2 @ptr_3 [SL:restaurant_name @ptr_4 @ptr_5 @ptr_6 @ptr_7 SL:restaurant_name] @ptr_8 @ptr_9 [SL:spatial_relation @ptr_10 SL:spatial_relation] [SL:poi @ptr_11 @ptr_12 SL:poi]
I want to go to 88th St-Boyd Av or close by and book seats for 10	I Ġwant Ġto Ġgo Ġto Ġ88 th ĠSt - B oyd ĠAv Ġor Ġclose Ġby Ġand Ġbook Ġseats Ġfor Ġ10	@ptr_0 @ptr_1 @ptr_2 @ptr_3 @ptr_4 [SL:poi @ptr_5 @ptr_6 @ptr_7 @ptr_8 @ptr_9 @ptr_10 @ptr_11 SL:poi] @ptr_12 [SL:spatial_relation @ptr_13 SL:spatial_relation] @ptr_14 @ptr_15 @ptr_16 @ptr_17 @ptr_18 [SL:party_size_number @ptr_19 SL:party_size_number]
I am looking for a top-rated restaurant near bougatsa that can feed 3 that is close to Pelham Bay Park	I Ġam Ġlooking Ġfor Ġa Ġtop - rated Ġrestaurant Ġnear Ġb oug ats a Ġthat Ġcan Ġfeed Ġ3 Ġthat Ġis Ġclose Ġto ĠPel ham ĠBay ĠPark	@ptr_0 @ptr_1 @ptr_2 @ptr_3 @ptr_4 [SL:sort @ptr_5 @ptr_6 @ptr_7 SL:sort] [SL:restaurant_type @ptr_8 SL:restaurant_type] [SL:spatial_relation @ptr_9 SL:spatial_relation] [SL:cuisine @ptr_10 @ptr_11 @ptr_12 @ptr_13 SL:cuisine] @ptr_14 @ptr_15 @ptr_16 [SL:party_size_number @ptr_17 SL:party_size_number] @ptr_18 @ptr_19 [SL:spatial_relation @ptr_20 SL:spatial_relation] @ptr_21 [SL:poi @ptr_22 @ptr_23 @ptr_24 @ptr_25 SL:poi]
I need a party of two reservation faraway from Atlantic Av-Barclays Ctr at a spa for fast food	I Ġneed Ġa Ġparty Ġof Ġtwo Ġreservation Ġfar away Ġfrom ĠAtlantic ĠAv - Bar cl ays ĠC tr Ġat Ġa Ġspa Ġfor Ġfast Ġfood	@ptr_0 @ptr_1 @ptr_2 @ptr_3 @ptr_4 [SL:party_size_number @ptr_5 SL:party_size_number] @ptr_6 [SL:spatial_relation @ptr_7 @ptr_8 SL:spatial_relation] @ptr_9 [SL:poi @ptr_10 @ptr_11 @ptr_12 @ptr_13 @ptr_14 @ptr_15 @ptr_16 @ptr_17 SL:poi] @ptr_18 @ptr_19 [SL:facility @ptr_20 SL:facility] @ptr_21 [SL:restaurant_type @ptr_22 @ptr_23 SL:restaurant_type]
Book a table for kirsten price, audra and I faraway from our location at an outdoor taverna	Book Ġa Ġtable Ġfor Ġk irst en Ġprice , Ġaud ra Ġand ĠI Ġfar away Ġfrom Ġour Ġlocation Ġat Ġan Ġoutdoor Ġtavern a	@ptr_0 @ptr_1 @ptr_2 @ptr_3 [SL:party_size_description @ptr_4 @ptr_5 @ptr_6 @ptr_7 @ptr_8 @ptr_9 @ptr_10 @ptr_11 @ptr_12 SL:party_size_description] [SL:spatial_relation @ptr_13 @ptr_14 SL:spatial_relation] @ptr_15 [SL:poi @ptr_16 @ptr_17 SL:poi] @ptr_18 @ptr_19 [SL:facility @ptr_20 SL:facility] [SL:restaurant_type @ptr_21 @ptr_22 SL:restaurant_type]
Book a restaurant that serves meze in Roseville FL with meredith, louisa and corrine	Book Ġa Ġrestaurant Ġthat Ġserves Ġme ze Ġin ĠRose ville ĠFL Ġwith Ġme red ith , Ġlou isa Ġand Ġcor rine	@ptr_0 @ptr_1 [SL:restaurant_type @ptr_2 SL:restaurant_type] @ptr_3 @ptr_4 [SL:served_dish @ptr_5 @ptr_6 SL:served_dish] @ptr_7 [SL:city @ptr_8 @ptr_9 SL:city] [SL:state @ptr_10 SL:state] @ptr_11 [SL:party_size_description @ptr_12 @ptr_13 @ptr_14 @ptr_15 @ptr_16 @ptr_17 @ptr_18 @ptr_19 @ptr_20 SL:party_size_description]
I need to find a table for 4 at a brasserie that has fondue	I Ġneed Ġto Ġfind Ġa Ġtable Ġfor Ġ4 Ġat Ġa Ġbrass erie Ġthat Ġhas Ġfond ue	@ptr_0 @ptr_1 @ptr_2 @ptr_3 @ptr_4 @ptr_5 @ptr_6 [SL:party_size_number @ptr_7 SL:party_size_number] @ptr_8 @ptr_9 [SL:restaurant_type @ptr_10 @ptr_11 SL:restaurant_type] @ptr_12 @ptr_13 [SL:served_dish @ptr_14 @ptr_15 SL:served_dish]
I need a reservation that has spanish rice at a cafeteria with ten people today	I Ġneed Ġa Ġreservation Ġthat Ġhas Ġsp anish Ġrice Ġat Ġa Ġcafeteria Ġwith Ġten Ġpeople Ġtoday	@ptr_0 @ptr_1 @ptr_2 @ptr_3 @ptr_4 @ptr_5 [SL:served_dish @ptr_6 @ptr_7 @ptr_8 SL:served_dish] @ptr_9 @ptr_10 [SL:restaurant_type @ptr_11 SL:restaurant_type] @ptr_12 [SL:party_size_number @ptr_13 SL:party_size_number] @ptr_14 [SL:timeRange @ptr_15 SL:timeRange]
book a spot for 9 at a churrascaria that serves ammonia cookie in Volga	book Ġa Ġspot Ġfor Ġ9 Ġat Ġa Ġch ur r asc aria Ġthat Ġserves Ġammonia Ġcookie Ġin ĠVol ga	@ptr_0 @ptr_1 @ptr_2 @ptr_3 [SL:party_size_number @ptr_4 SL:party_size_number] @ptr_5 @ptr_6 [SL:restaurant_type @ptr_7 @ptr_8 @ptr_9 @ptr_10 @ptr_11 SL:restaurant_type] @ptr_12 @ptr_13 [SL:served_dish @ptr_14 @ptr_15 SL:served_dish] @ptr_16 [SL:city @ptr_17 @ptr_18 SL:city]
I want to eat at a pickled cucumber brasserie in 12 months	I Ġwant Ġto Ġeat Ġat Ġa Ġpick led Ġcuc umber Ġbrass erie Ġin Ġ12 Ġmonths	@ptr_0 @ptr_1 @ptr_2 @ptr_3 @ptr_4 @ptr_5 [SL:served_dish @ptr_6 @ptr_7 @ptr_8 @ptr_9 SL:served_dish] [SL:restaurant_type @ptr_10 @ptr_11 SL:restaurant_type] [SL:timeRange @ptr_12 @ptr_13 @ptr_14 SL:timeRange]
I want tables for 6 at a kosher steakhouse around Kosovo	I Ġwant Ġtables Ġfor Ġ6 Ġat Ġa Ġkosher Ġsteak house Ġaround ĠKosovo	@ptr_0 @ptr_1 @ptr_2 @ptr_3 [SL:party_size_number @ptr_4 SL:party_size_number] @ptr_5 @ptr_6 [SL:cuisine @ptr_7 SL:cuisine] [SL:restaurant_type @ptr_8 @ptr_9 SL:restaurant_type] [SL:spatial_relation @ptr_10 SL:spatial_relation] [SL:country @ptr_11 SL:country]
book me best joint restaurant for 2 members at AMerican Samoa today	book Ġme Ġbest Ġjoint Ġrestaurant Ġfor Ġ2 Ġmembers Ġat ĠAM er ican ĠSamoa Ġtoday	@ptr_0 @ptr_1 [SL:sort @ptr_2 SL:sort] [SL:restaurant_type @ptr_3 @ptr_4 SL:restaurant_type] @ptr_5 [SL:party_size_number @ptr_6 SL:party_size_number] @ptr_7 @ptr_8 [SL:country @ptr_9 @ptr_10 @ptr_11 @ptr_12 SL:country] [SL:timeRange @ptr_13 SL:timeRange]
I need a reservation for a restaurant now with a party of 9 in Hilt	I Ġneed Ġa Ġreservation Ġfor Ġa Ġrestaurant Ġnow Ġwith Ġa Ġparty Ġof Ġ9 Ġin ĠH ilt	@ptr_0 @ptr_1 @ptr_2 @ptr_3 @ptr_4 @ptr_5 [SL:restaurant_type @ptr_6 SL:restaurant_type] [SL:timeRange @ptr_7 SL:timeRange] @ptr_8 @ptr_9 @ptr_10 @ptr_11 [SL:party_size_number @ptr_12 SL:party_size_number] @ptr_13 [SL:city @ptr_14 @ptr_15 SL:city]
I want a table for seven at twenty three o'clock in Angola	I Ġwant Ġa Ġtable Ġfor Ġseven Ġat Ġtwenty Ġthree Ġo ' clock Ġin ĠAngola	@ptr_0 @ptr_1 @ptr_2 @ptr_3 @ptr_4 [SL:party_size_number @ptr_5 SL:party_size_number] @ptr_6 [SL:timeRange @ptr_7 @ptr_8 @ptr_9 @ptr_10 @ptr_11 SL:timeRange] @ptr_12 [SL:country @ptr_13 SL:country]
I'd like to eat at a popular brasserie in Chile with a party of 5	I 'd Ġlike Ġto Ġeat Ġat Ġa Ġpopular Ġbrass erie Ġin ĠChile Ġwith Ġa Ġparty Ġof Ġ5	@ptr_0 @ptr_1 @ptr_2 @ptr_3 @ptr_4 @ptr_5 @ptr_6 [SL:sort @ptr_7 SL:sort] [SL:restaurant_type @ptr_8 @ptr_9 SL:restaurant_type] @ptr_10 [SL:country @ptr_11 SL:country] @ptr_12 @ptr_13 @ptr_14 @ptr_15 [SL:party_size_number @ptr_16 SL:party_size_number]
I want to book a restaurant in Barbados that serves creole	I Ġwant Ġto Ġbook Ġa Ġrestaurant Ġin ĠBarb ados Ġthat Ġserves Ġcre ole	@ptr_0 @ptr_1 @ptr_2 @ptr_3 @ptr_4 [SL:restaurant_type @ptr_5 SL:restaurant_type] @ptr_6 [SL:country @ptr_7 @ptr_8 SL:country] @ptr_9 @ptr_10 [SL:cuisine @ptr_11 @ptr_12 SL:cuisine]
book me a diner close-by Benin that serves strolghino for eight	book Ġme Ġa Ġdiner Ġclose - by ĠBen in Ġthat Ġserves Ġst rol gh ino Ġfor Ġeight	@ptr_0 @ptr_1 @ptr_2 [SL:restaurant_type @ptr_3 SL:restaurant_type] [SL:spatial_relation @ptr_4 @ptr_5 @ptr_6 SL:spatial_relation] [SL:country @ptr_7 @ptr_8 SL:country] @ptr_9 @ptr_10 [SL:served_dish @ptr_11 @ptr_12 @ptr_13 @ptr_14 SL:served_dish] @ptr_15 [SL:party_size_number @ptr_16 SL:party_size_number]
Book me a table at The Fat Duck in Ireland	Book Ġme Ġa Ġtable Ġat ĠThe ĠFat ĠDuck Ġin ĠIreland	@ptr_0 @ptr_1 @ptr_2 @ptr_3 @ptr_4 [SL:restaurant_name @ptr_5 @ptr_6 @ptr_7 SL:restaurant_name] @ptr_8 [SL:country @ptr_9 SL:country]
book a table for chasity and I in Vanuatu	book Ġa Ġtable Ġfor Ġch as ity Ġand ĠI Ġin ĠVan u atu	@ptr_0 @ptr_1 @ptr_2 @ptr_3 [SL:party_size_description @ptr_4 @ptr_5 @ptr_6 @ptr_7 @ptr_8 SL:party_size_description] @ptr_9 [SL:country @ptr_10 @ptr_11 @ptr_12 SL:country]
book a cafeteria for 5 in Turkmenistan	book Ġa Ġcafeteria Ġfor Ġ5 Ġin ĠTurk men istan	@ptr_0 @ptr_1 [SL:restaurant_type @ptr_2 SL:restaurant_type] @ptr_3 [SL:party_size_number @ptr_4 SL:party_size_number] @ptr_5 [SL:country @ptr_6 @ptr_7 @ptr_8 SL:country]
Reserve a table in Top of the Mark Lambertville , Vermont	Res erve Ġa Ġtable Ġin ĠTop Ġof Ġthe ĠMark ĠLambert ville Ġ, ĠVermont	@ptr_0 @ptr_1 @ptr_2 @ptr_3 @ptr_4 [SL:restaurant_name @ptr_5 @ptr_6 @ptr_7 @ptr_8 SL:restaurant_name] [SL:city @ptr_9 @ptr_10 SL:city] @ptr_11 [SL:state @ptr_12 SL:state]
I want to book a bar in Bow Mar , New Mexico	I Ġwant Ġto Ġbook Ġa Ġbar Ġin ĠBow ĠMar Ġ, ĠNew ĠMexico	@ptr_0 @ptr_1 @ptr_2 @ptr_3 @ptr_4 [SL:restaurant_type @ptr_5 SL:restaurant_type] @ptr_6 [SL:city @ptr_7 @ptr_8 SL:city] @ptr_9 [SL:state @ptr_10 @ptr_11 SL:state]
Book a popular tuscan restaurant for 7 people in West Richfield	Book Ġa Ġpopular Ġt us can Ġrestaurant Ġfor Ġ7 Ġpeople Ġin ĠWest ĠRich field	@ptr_0 @ptr_1 [SL:sort @ptr_2 SL:sort] [SL:cuisine @ptr_3 @ptr_4 @ptr_5 SL:cuisine] [SL:restaurant_type @ptr_6 SL:restaurant_type] @ptr_7 [SL:party_size_number @ptr_8 SL:party_size_number] @ptr_9 @ptr_10 [SL:city @ptr_11 @ptr_12 @ptr_13 SL:city]
I want to eat at a Escondida South Carolina restaurant for 8	I Ġwant Ġto Ġeat Ġat Ġa ĠEsc ond ida ĠSouth ĠCarolina Ġrestaurant Ġfor Ġ8	@ptr_0 @ptr_1 @ptr_2 @ptr_3 @ptr_4 @ptr_5 [SL:city @ptr_6 @ptr_7 @ptr_8 SL:city] [SL:state @ptr_9 @ptr_10 SL:state] [SL:restaurant_type @ptr_11 SL:restaurant_type] @ptr_12 [SL:party_size_number @ptr_13 SL:party_size_number]
Book a bar which serves chicken french at Robinson	Book Ġa Ġbar Ġwhich Ġserves Ġchicken Ġfrench Ġat ĠRobinson	@ptr_0 @ptr_1 [SL:restaurant_type @ptr_2 SL:restaurant_type] @ptr_3 @ptr_4 [SL:served_dish @ptr_5 @ptr_6 SL:served_dish] @ptr_7 [SL:city @ptr_8 SL:city]
I'd like to eat at a top-rated restaurant in Turks and Caicos Islands	I 'd Ġlike Ġto Ġeat Ġat Ġa Ġtop - rated Ġrestaurant Ġin ĠTurks Ġand ĠCa ic os ĠIslands	@ptr_0 @ptr_1 @ptr_2 @ptr_3 @ptr_4 @ptr_5 @ptr_6 [SL:sort @ptr_7 @ptr_8 @ptr_9 SL:sort] [SL:restaurant_type @ptr_10 SL:restaurant_type] @ptr_11 [SL:country @ptr_12 @ptr_13 @ptr_14 @ptr_15 @ptr_16 @ptr_17 SL:country]
Can you get me a table reserved for three hundred thirty three days from now for eight people at a highly rated fast food place that serves north indian food not distant from Moores Mill	Can Ġyou Ġget Ġme Ġa Ġtable Ġreserved Ġfor Ġthree Ġhundred Ġthirty Ġthree Ġdays Ġfrom Ġnow Ġfor Ġeight Ġpeople Ġat Ġa Ġhighly Ġrated Ġfast Ġfood Ġplace Ġthat Ġserves Ġnorth Ġind ian Ġfood Ġnot Ġdistant Ġfrom ĠMo ores ĠMill	@ptr_0 @ptr_1 @ptr_2 @ptr_3 @ptr_4 @ptr_5 @ptr_6 @ptr_7 [SL:timeRange @ptr_8 @ptr_9 @ptr_10 @ptr_11 @ptr_12 @ptr_13 @ptr_14 SL:timeRange] @ptr_15 [SL:party_size_number @ptr_16 SL:party_size_number] @ptr_17 @ptr_18 @ptr_19 [SL:sort @ptr_20 @ptr_21 SL:sort] [SL:restaurant_type @ptr_22 @ptr_23 SL:restaurant_type] @ptr_24 @ptr_25 @ptr_26 [SL:cuisine @ptr_27 @ptr_28 @ptr_29 SL:cuisine] @ptr_30 [SL:spatial_relation @ptr_31 @ptr_32 SL:spatial_relation] @ptr_33 [SL:city @ptr_34 @ptr_35 @ptr_36 SL:city]
Book something at a highly rated and distant cafe in Kazakhstan for two on April 21	Book Ġsomething Ġat Ġa Ġhighly Ġrated Ġand Ġdistant Ġcafe Ġin ĠKazakhstan Ġfor Ġtwo Ġon ĠApril Ġ21	@ptr_0 @ptr_1 @ptr_2 @ptr_3 [SL:sort @ptr_4 @ptr_5 SL:sort] @ptr_6 [SL:spatial_relation @ptr_7 SL:spatial_relation] [SL:restaurant_type @ptr_8 SL:restaurant_type] @ptr_9 [SL:country @ptr_10 SL:country] @ptr_11 [SL:party_size_number @ptr_12 SL:party_size_number] @ptr_13 [SL:timeRange @ptr_14 @ptr_15 SL:timeRange]
What is the best restaurant in Kentucky for ten at 0 am	What Ġis Ġthe Ġbest Ġrestaurant Ġin ĠKentucky Ġfor Ġten Ġat Ġ0 Ġam	@ptr_0 @ptr_1 @ptr_2 [SL:sort @ptr_3 SL:sort] [SL:restaurant_type @ptr_4 SL:restaurant_type] @ptr_5 [SL:state @ptr_6 SL:state] @ptr_7 [SL:party_size_number @ptr_8 SL:party_size_number] @ptr_9 [SL:timeRange @ptr_10 @ptr_11 SL:timeRange]
Book me a table at the highly rated cafeteria in Federated States Of Micronesia	Book Ġme Ġa Ġtable Ġat Ġthe Ġhighly Ġrated Ġcafeteria Ġin ĠFeder ated ĠStates ĠOf ĠMic rones ia	@ptr_0 @ptr_1 @ptr_2 @ptr_3 @ptr_4 @ptr_5 [SL:sort @ptr_6 @ptr_7 SL:sort] [SL:restaurant_type @ptr_8 SL:restaurant_type] @ptr_9 [SL:state @ptr_10 @ptr_11 @ptr_12 @ptr_13 @ptr_14 @ptr_15 @ptr_16 SL:state]
book a spot for 1 at a south american restaurant	book Ġa Ġspot Ġfor Ġ1 Ġat Ġa Ġsouth Ġameric an Ġrestaurant	@ptr_0 @ptr_1 @ptr_2 @ptr_3 [SL:party_size_number @ptr_4 SL:party_size_number] @ptr_5 @ptr_6 [SL:cuisine @ptr_7 @ptr_8 @ptr_9 SL:cuisine] [SL:restaurant_type @ptr_10 SL:restaurant_type]
Get me a table for 5 at a restaurant which serves south tyrolean	Get Ġme Ġa Ġtable Ġfor Ġ5 Ġat Ġa Ġrestaurant Ġwhich Ġserves Ġsouth Ġty ro lean	@ptr_0 @ptr_1 @ptr_2 @ptr_3 @ptr_4 [SL:party_size_number @ptr_5 SL:party_size_number] @ptr_6 @ptr_7 [SL:restaurant_type @ptr_8 SL:restaurant_type] @ptr_9 @ptr_10 [SL:cuisine @ptr_11 @ptr_12 @ptr_13 @ptr_14 SL:cuisine]
holly and brittany need a reservation for a sardinian tea house close by CO	h olly Ġand Ġbr itt any Ġneed Ġa Ġreservation Ġfor Ġa Ġs ard inian Ġtea Ġhouse Ġclose Ġby ĠCO	[SL:party_size_description @ptr_0 @ptr_1 @ptr_2 @ptr_3 @ptr_4 @ptr_5 SL:party_size_description] @ptr_6 @ptr_7 @ptr_8 @ptr_9 @ptr_10 [SL:cuisine @ptr_11 @ptr_12 @ptr_13 SL:cuisine] [SL:restaurant_type @ptr_14 @ptr_15 SL:restaurant_type] [SL:spatial_relation @ptr_16 @ptr_17 SL:spatial_relation] [SL:state @ptr_18 SL:state]
Please book a bar type goiano room accommodate for 2 members 1 second from now in PR	Please Ġbook Ġa Ġbar Ġtype Ġgo iano Ġroom Ġaccommodate Ġfor Ġ2 Ġmembers Ġ1 Ġsecond Ġfrom Ġnow Ġin ĠPR	@ptr_0 @ptr_1 @ptr_2 [SL:restaurant_type @ptr_3 SL:restaurant_type] @ptr_4 [SL:cuisine @ptr_5 @ptr_6 SL:cuisine] @ptr_7 @ptr_8 @ptr_9 [SL:party_size_number @ptr_10 SL:party_size_number] @ptr_11 [SL:timeRange @ptr_12 @ptr_13 @ptr_14 @ptr_15 SL:timeRange] @ptr_16 [SL:state @ptr_17 SL:state]
I want a restaurant reservation for a party of 8 at a vegetarian tea house	I Ġwant Ġa Ġrestaurant Ġreservation Ġfor Ġa Ġparty Ġof Ġ8 Ġat Ġa Ġvegetarian Ġtea Ġhouse	@ptr_0 @ptr_1 @ptr_2 [SL:restaurant_type @ptr_3 SL:restaurant_type] @ptr_4 @ptr_5 @ptr_6 @ptr_7 @ptr_8 [SL:party_size_number @ptr_9 SL:party_size_number] @ptr_10 @ptr_11 [SL:cuisine @ptr_12 SL:cuisine] [SL:restaurant_type @ptr_13 @ptr_14 SL:restaurant_type]
I'm looking for a local cafeteria that has wifi accesss for a party of 4	I 'm Ġlooking Ġfor Ġa Ġlocal Ġcafeteria Ġthat Ġhas Ġwifi Ġaccess s Ġfor Ġa Ġparty Ġof Ġ4	@ptr_0 @ptr_1 @ptr_2 @ptr_3 @ptr_4 @ptr_5 [SL:restaurant_type @ptr_6 SL:restaurant_type] @ptr_7 @ptr_8 [SL:facility @ptr_9 SL:facility] @ptr_10 @ptr_11 @ptr_12 @ptr_13 @ptr_14 @ptr_15 [SL:party_size_number @ptr_16 SL:party_size_number]
I want to book at a pub with parking in Cuba	I Ġwant Ġto Ġbook Ġat Ġa Ġpub Ġwith Ġparking Ġin ĠCuba	@ptr_0 @ptr_1 @ptr_2 @ptr_3 @ptr_4 @ptr_5 [SL:restaurant_type @ptr_6 SL:restaurant_type] @ptr_7 [SL:facility @ptr_8 SL:facility] @ptr_9 [SL:country @ptr_10 SL:country]
book a spot at a taverna with internet in Mississippi	book Ġa Ġspot Ġat Ġa Ġtavern a Ġwith Ġinternet Ġin ĠMississippi	@ptr_0 @ptr_1 @ptr_2 @ptr_3 @ptr_4 [SL:restaurant_type @ptr_5 @ptr_6 SL:restaurant_type] @ptr_7 [SL:facility @ptr_8 SL:facility] @ptr_9 [SL:state @ptr_10 SL:state]
I need a reservation for three people at a spa restaurant in two hundred thirty seven days	I Ġneed Ġa Ġreservation Ġfor Ġthree Ġpeople Ġat Ġa Ġspa Ġrestaurant Ġin Ġtwo Ġhundred Ġthirty Ġseven Ġdays	@ptr_0 @ptr_1 @ptr_2 @ptr_3 @ptr_4 [SL:party_size_number @ptr_5 SL:party_size_number] @ptr_6 @ptr_7 @ptr_8 [SL:facility @ptr_9 SL:facility] [SL:restaurant_type @ptr_10 SL:restaurant_type] [SL:timeRange @ptr_11 @ptr_12 @ptr_13 @ptr_14 @ptr_15 @ptr_16 SL:timeRange]
Book a reservation for nine at an outdoor restaurant	Book Ġa Ġreservation Ġfor Ġnine Ġat Ġan Ġoutdoor Ġrestaurant	@ptr_0 @ptr_1 @ptr_2 @ptr_3 [SL:party_size_number @ptr_4 SL:party_size_number] @ptr_5 @ptr_6 [SL:facility @ptr_7 SL:facility] [SL:restaurant_type @ptr_8 SL:restaurant_type]
I need a table in West Virginia for me and my baby at Jacob Wirth Restaurant	I Ġneed Ġa Ġtable Ġin ĠWest ĠVirginia Ġfor Ġme Ġand Ġmy Ġbaby Ġat ĠJacob ĠW irth ĠRestaurant	@ptr_0 @ptr_1 @ptr_2 @ptr_3 @ptr_4 [SL:state @ptr_5 @ptr_6 SL:state] @ptr_7 [SL:party_size_description @ptr_8 @ptr_9 @ptr_10 @ptr_11 SL:party_size_description] @ptr_12 [SL:restaurant_name @ptr_13 @ptr_14 @ptr_15 @ptr_16 SL:restaurant_name]
Book a table for iris, ina and heidi around 9 pm	Book Ġa Ġtable Ġfor Ġir is , Ġin a Ġand Ġhe idi Ġaround Ġ9 Ġpm	@ptr_0 @ptr_1 @ptr_2 @ptr_3 [SL:party_size_description @ptr_4 @ptr_5 @ptr_6 @ptr_7 @ptr_8 @ptr_9 @ptr_10 @ptr_11 SL:party_size_description] @ptr_12 [SL:timeRange @ptr_13 @ptr_14 SL:timeRange]
Book a restaurant within the same area of Earls Court for lucille and marina	Book Ġa Ġrestaurant Ġwithin Ġthe Ġsame Ġarea Ġof ĠEar ls ĠCourt Ġfor Ġluc ille Ġand Ġmar ina	@ptr_0 @ptr_1 [SL:restaurant_type @ptr_2 SL:restaurant_type] [SL:spatial_relation @ptr_3 @ptr_4 @ptr_5 @ptr_6 SL:spatial_relation] @ptr_7 [SL:poi @ptr_8 @ptr_9 @ptr_10 SL:poi] @ptr_11 [SL:party_size_description @ptr_12 @ptr_13 @ptr_14 @ptr_15 @ptr_16 SL:party_size_description]
Please get me a reservation at a restaurant with a pool for manuela and yvonne	Please Ġget Ġme Ġa Ġreservation Ġat Ġa Ġrestaurant Ġwith Ġa Ġpool Ġfor Ġman uel a Ġand Ġy von ne	@ptr_0 @ptr_1 @ptr_2 @ptr_3 @ptr_4 @ptr_5 @ptr_6 [SL:restaurant_type @ptr_7 SL:restaurant_type] @ptr_8 @ptr_9 [SL:facility @ptr_10 SL:facility] @ptr_11 [SL:party_size_description @ptr_12 @ptr_13 @ptr_14 @ptr_15 @ptr_16 @ptr_17 @ptr_18 SL:party_size_description]
Reserve a table for teresa and elnora at a fast food joint which serves fish and chips	Res erve Ġa Ġtable Ġfor Ġte resa Ġand Ġel n ora Ġat Ġa Ġfast Ġfood Ġjoint Ġwhich Ġserves Ġfish Ġand Ġchips	@ptr_0 @ptr_1 @ptr_2 @ptr_3 @ptr_4 [SL:party_size_description @ptr_5 @ptr_6 @ptr_7 @ptr_8 @ptr_9 @ptr_10 SL:party_size_description] @ptr_11 @ptr_12 [SL:restaurant_type @ptr_13 @ptr_14 @ptr_15 SL:restaurant_type] @ptr_16 @ptr_17 [SL:served_dish @ptr_18 @ptr_19 @ptr_20 SL:served_dish]
