Is the expected weather temperate here in 1 month	Is Ġthe Ġexpected Ġweather Ġtemper ate Ġhere Ġin Ġ1 Ġmonth	@ptr_0 @ptr_1 @ptr_2 @ptr_3 [SL:condition_temperature @ptr_4 @ptr_5 SL:condition_temperature] [SL:current_location @ptr_6 SL:current_location] [SL:timeRange @ptr_7 @ptr_8 @ptr_9 SL:timeRange]
What will the weather be like 1 minute from now within the same area of my current location	What Ġwill Ġthe Ġweather Ġbe Ġlike Ġ1 Ġminute Ġfrom Ġnow Ġwithin Ġthe Ġsame Ġarea Ġof Ġmy Ġcurrent Ġlocation	@ptr_0 @ptr_1 @ptr_2 @ptr_3 @ptr_4 @ptr_5 [SL:timeRange @ptr_6 @ptr_7 @ptr_8 @ptr_9 SL:timeRange] [SL:spatial_relation @ptr_10 @ptr_11 @ptr_12 @ptr_13 SL:spatial_relation] @ptr_14 @ptr_15 [SL:current_location @ptr_16 @ptr_17 SL:current_location]
How will the weather be on May 9 in Wyoming	How Ġwill Ġthe Ġweather Ġbe Ġon ĠMay Ġ9 Ġin ĠWyoming	@ptr_0 @ptr_1 @ptr_2 @ptr_3 @ptr_4 @ptr_5 [SL:timeRange @ptr_6 @ptr_7 SL:timeRange] @ptr_8 [SL:state @ptr_9 SL:state]
How is the weather going to be this week in Roseau , IA	How Ġis Ġthe Ġweather Ġgoing Ġto Ġbe Ġthis Ġweek Ġin ĠRose au Ġ, ĠIA	@ptr_0 @ptr_1 @ptr_2 @ptr_3 @ptr_4 @ptr_5 @ptr_6 [SL:timeRange @ptr_7 @ptr_8 SL:timeRange] @ptr_9 [SL:city @ptr_10 @ptr_11 SL:city] @ptr_12 [SL:state @ptr_13 SL:state]
What will it feel like in the current place in July	What Ġwill Ġit Ġfeel Ġlike Ġin Ġthe Ġcurrent Ġplace Ġin ĠJuly	@ptr_0 @ptr_1 @ptr_2 @ptr_3 @ptr_4 @ptr_5 @ptr_6 [SL:current_location @ptr_7 @ptr_8 SL:current_location] @ptr_9 [SL:timeRange @ptr_10 SL:timeRange]
will there be hail in Dean Creek Wildlife Area on Feb. 25, 2031	will Ġthere Ġbe Ġhail Ġin ĠDean ĠCreek ĠWildlife ĠArea Ġon ĠFeb . Ġ25 , Ġ20 31	@ptr_0 @ptr_1 @ptr_2 [SL:condition_description @ptr_3 SL:condition_description] @ptr_4 [SL:geographic_poi @ptr_5 @ptr_6 @ptr_7 @ptr_8 SL:geographic_poi] @ptr_9 [SL:timeRange @ptr_10 @ptr_11 @ptr_12 @ptr_13 @ptr_14 @ptr_15 SL:timeRange]
What will the weather be in Catahoula National Wildlife Refuge	What Ġwill Ġthe Ġweather Ġbe Ġin ĠCat ah oul a ĠNational ĠWildlife ĠRefuge	@ptr_0 @ptr_1 @ptr_2 @ptr_3 @ptr_4 @ptr_5 [SL:geographic_poi @ptr_6 @ptr_7 @ptr_8 @ptr_9 @ptr_10 @ptr_11 @ptr_12 SL:geographic_poi]
Will it storm in Charles Pinckney National Historic Site	Will Ġit Ġstorm Ġin ĠCharles ĠPin ck ney ĠNational ĠHistoric ĠSite	@ptr_0 @ptr_1 [SL:condition_description @ptr_2 SL:condition_description] @ptr_3 [SL:geographic_poi @ptr_4 @ptr_5 @ptr_6 @ptr_7 @ptr_8 @ptr_9 @ptr_10 SL:geographic_poi]
will there be rainfall the day after tomorrow far from Rodna National Park	will Ġthere Ġbe Ġrainfall Ġthe Ġday Ġafter Ġtomorrow Ġfar Ġfrom ĠRod na ĠNational ĠPark	@ptr_0 @ptr_1 @ptr_2 [SL:condition_description @ptr_3 SL:condition_description] [SL:timeRange @ptr_4 @ptr_5 @ptr_6 @ptr_7 SL:timeRange] [SL:spatial_relation @ptr_8 SL:spatial_relation] @ptr_9 [SL:geographic_poi @ptr_10 @ptr_11 @ptr_12 @ptr_13 SL:geographic_poi]
What's the weather forecast for Pointe-Heath Ecological Reserve at midnight	What 's Ġthe Ġweather Ġforecast Ġfor ĠPoint e - He ath ĠEc ological ĠReserve Ġat Ġmidnight	@ptr_0 @ptr_1 @ptr_2 @ptr_3 @ptr_4 @ptr_5 [SL:geographic_poi @ptr_6 @ptr_7 @ptr_8 @ptr_9 @ptr_10 @ptr_11 @ptr_12 @ptr_13 SL:geographic_poi] @ptr_14 [SL:timeRange @ptr_15 SL:timeRange]
Will there be a blizzard in Woodmere	Will Ġthere Ġbe Ġa Ġbl izzard Ġin ĠWood mere	@ptr_0 @ptr_1 @ptr_2 @ptr_3 [SL:condition_description @ptr_4 @ptr_5 SL:condition_description] @ptr_6 [SL:city @ptr_7 @ptr_8 SL:city]
Will it be stormy in Ritchey in Palau	Will Ġit Ġbe Ġstorm y Ġin ĠR it che y Ġin ĠPal au	@ptr_0 @ptr_1 @ptr_2 [SL:condition_description @ptr_3 @ptr_4 SL:condition_description] @ptr_5 [SL:city @ptr_6 @ptr_7 @ptr_8 @ptr_9 SL:city] @ptr_10 [SL:country @ptr_11 @ptr_12 SL:country]
Is there snowfall nearby AMerican Samoa	Is Ġthere Ġsnow fall Ġnearby ĠAM er ican ĠSamoa	@ptr_0 @ptr_1 [SL:condition_description @ptr_2 @ptr_3 SL:condition_description] [SL:spatial_relation @ptr_4 SL:spatial_relation] [SL:state @ptr_5 @ptr_6 @ptr_7 @ptr_8 SL:state]
Will there be snowfall this month in UT	Will Ġthere Ġbe Ġsnow fall Ġthis Ġmonth Ġin ĠUT	@ptr_0 @ptr_1 @ptr_2 [SL:condition_description @ptr_3 @ptr_4 SL:condition_description] [SL:timeRange @ptr_5 @ptr_6 SL:timeRange] @ptr_7 [SL:state @ptr_8 SL:state]
in 17 minutes will it be foggy in Songimvelo Game Reserve	in Ġ17 Ġminutes Ġwill Ġit Ġbe Ġfog gy Ġin ĠSong im vel o ĠGame ĠReserve	[SL:timeRange @ptr_0 @ptr_1 @ptr_2 SL:timeRange] @ptr_3 @ptr_4 @ptr_5 [SL:condition_description @ptr_6 @ptr_7 SL:condition_description] @ptr_8 [SL:geographic_poi @ptr_9 @ptr_10 @ptr_11 @ptr_12 @ptr_13 @ptr_14 SL:geographic_poi]
I need the forecast for close by Becharof National Wildlife Refuge in nine months	I Ġneed Ġthe Ġforecast Ġfor Ġclose Ġby ĠBe char of ĠNational ĠWildlife ĠRefuge Ġin Ġnine Ġmonths	@ptr_0 @ptr_1 @ptr_2 @ptr_3 @ptr_4 [SL:spatial_relation @ptr_5 @ptr_6 SL:spatial_relation] [SL:geographic_poi @ptr_7 @ptr_8 @ptr_9 @ptr_10 @ptr_11 @ptr_12 SL:geographic_poi] [SL:timeRange @ptr_13 @ptr_14 @ptr_15 SL:timeRange]
What is the weather like within walking distance of the Nationalpark Drawa	What Ġis Ġthe Ġweather Ġlike Ġwithin Ġwalking Ġdistance Ġof Ġthe ĠNational park ĠDraw a	@ptr_0 @ptr_1 @ptr_2 @ptr_3 @ptr_4 [SL:spatial_relation @ptr_5 @ptr_6 @ptr_7 SL:spatial_relation] @ptr_8 @ptr_9 [SL:geographic_poi @ptr_10 @ptr_11 @ptr_12 @ptr_13 SL:geographic_poi]
What's the weather like when you're distant from Greenport	What 's Ġthe Ġweather Ġlike Ġwhen Ġyou 're Ġdistant Ġfrom ĠGreen port	@ptr_0 @ptr_1 @ptr_2 @ptr_3 @ptr_4 @ptr_5 @ptr_6 @ptr_7 [SL:spatial_relation @ptr_8 SL:spatial_relation] @ptr_9 [SL:city @ptr_10 @ptr_11 SL:city]
Warren Island State Park distant Weather forecast for 11 am	Warren ĠIsland ĠState ĠPark Ġdistant ĠWeather Ġforecast Ġfor Ġ11 Ġam	[SL:geographic_poi @ptr_0 @ptr_1 @ptr_2 @ptr_3 SL:geographic_poi] [SL:spatial_relation @ptr_4 SL:spatial_relation] @ptr_5 @ptr_6 @ptr_7 [SL:timeRange @ptr_8 @ptr_9 SL:timeRange]
What is the weather nearby Bermuda a week from now	What Ġis Ġthe Ġweather Ġnearby ĠBermuda Ġa Ġweek Ġfrom Ġnow	@ptr_0 @ptr_1 @ptr_2 @ptr_3 [SL:spatial_relation @ptr_4 SL:spatial_relation] [SL:country @ptr_5 SL:country] [SL:timeRange @ptr_6 @ptr_7 @ptr_8 @ptr_9 SL:timeRange]
Will it colder here on 11/18/2018	Will Ġit Ġcolder Ġhere Ġon Ġ11 / 18 / 2018	@ptr_0 @ptr_1 [SL:condition_temperature @ptr_2 SL:condition_temperature] [SL:current_location @ptr_3 SL:current_location] @ptr_4 [SL:timeRange @ptr_5 @ptr_6 @ptr_7 @ptr_8 @ptr_9 SL:timeRange]
Is it forecast to be chilly here on july 14	Is Ġit Ġforecast Ġto Ġbe Ġchilly Ġhere Ġon Ġj uly Ġ14	@ptr_0 @ptr_1 @ptr_2 @ptr_3 @ptr_4 [SL:condition_temperature @ptr_5 SL:condition_temperature] [SL:current_location @ptr_6 SL:current_location] @ptr_7 [SL:timeRange @ptr_8 @ptr_9 @ptr_10 SL:timeRange]
What's the weather forecast for my current position	What 's Ġthe Ġweather Ġforecast Ġfor Ġmy Ġcurrent Ġposition	@ptr_0 @ptr_1 @ptr_2 @ptr_3 @ptr_4 @ptr_5 @ptr_6 [SL:current_location @ptr_7 @ptr_8 SL:current_location]
Is it colder faraway from my current spot	Is Ġit Ġcolder Ġfar away Ġfrom Ġmy Ġcurrent Ġspot	@ptr_0 @ptr_1 [SL:condition_temperature @ptr_2 SL:condition_temperature] [SL:spatial_relation @ptr_3 @ptr_4 SL:spatial_relation] @ptr_5 @ptr_6 [SL:current_location @ptr_7 @ptr_8 SL:current_location]
Weather for this Winter here	Weather Ġfor Ġthis ĠWinter Ġhere	@ptr_0 @ptr_1 [SL:timeRange @ptr_2 @ptr_3 SL:timeRange] [SL:current_location @ptr_4 SL:current_location]
Is it forecast to be cold in Wisconsin	Is Ġit Ġforecast Ġto Ġbe Ġcold Ġin ĠWisconsin	@ptr_0 @ptr_1 @ptr_2 @ptr_3 @ptr_4 [SL:condition_temperature @ptr_5 SL:condition_temperature] @ptr_6 [SL:state @ptr_7 SL:state]
Will it get colder in Camp San Saba , Latvia in one minute and eight seconds	Will Ġit Ġget Ġcolder Ġin ĠCamp ĠSan ĠSab a Ġ, ĠLatvia Ġin Ġone Ġminute Ġand Ġeight Ġseconds	@ptr_0 @ptr_1 @ptr_2 [SL:condition_temperature @ptr_3 SL:condition_temperature] @ptr_4 [SL:city @ptr_5 @ptr_6 @ptr_7 @ptr_8 SL:city] @ptr_9 [SL:country @ptr_10 SL:country] [SL:timeRange @ptr_11 @ptr_12 @ptr_13 @ptr_14 @ptr_15 @ptr_16 SL:timeRange]
Tell me if it will be hot on Jun. the 10th in San de Fuca , Sweden	Tell Ġme Ġif Ġit Ġwill Ġbe Ġhot Ġon ĠJun . Ġthe Ġ10 th Ġin ĠSan Ġde ĠF uca Ġ, ĠSweden	@ptr_0 @ptr_1 @ptr_2 @ptr_3 @ptr_4 @ptr_5 [SL:condition_temperature @ptr_6 SL:condition_temperature] @ptr_7 [SL:timeRange @ptr_8 @ptr_9 @ptr_10 @ptr_11 @ptr_12 SL:timeRange] @ptr_13 [SL:city @ptr_14 @ptr_15 @ptr_16 @ptr_17 SL:city] @ptr_18 [SL:country @ptr_19 SL:country]
Is it chilly in Pixley	Is Ġit Ġchilly Ġin ĠPix ley	@ptr_0 @ptr_1 [SL:condition_temperature @ptr_2 SL:condition_temperature] @ptr_3 [SL:city @ptr_4 @ptr_5 SL:city]
Tell me if it'll be chillier now in Engadine	Tell Ġme Ġif Ġit 'll Ġbe Ġchill ier Ġnow Ġin ĠEng ad ine	@ptr_0 @ptr_1 @ptr_2 @ptr_3 @ptr_4 @ptr_5 [SL:condition_temperature @ptr_6 @ptr_7 SL:condition_temperature] [SL:timeRange @ptr_8 SL:timeRange] @ptr_9 [SL:city @ptr_10 @ptr_11 @ptr_12 SL:city]
What is the weather forecast tomorrow in French , UT	What Ġis Ġthe Ġweather Ġforecast Ġtomorrow Ġin ĠFrench Ġ, ĠUT	@ptr_0 @ptr_1 @ptr_2 @ptr_3 @ptr_4 [SL:timeRange @ptr_5 SL:timeRange] @ptr_6 [SL:city @ptr_7 SL:city] @ptr_8 [SL:state @ptr_9 SL:state]
Will it be chilly in MA 12 days from now	Will Ġit Ġbe Ġchilly Ġin ĠMA Ġ12 Ġdays Ġfrom Ġnow	@ptr_0 @ptr_1 @ptr_2 [SL:condition_temperature @ptr_3 SL:condition_temperature] @ptr_4 [SL:state @ptr_5 SL:state] [SL:timeRange @ptr_6 @ptr_7 @ptr_8 @ptr_9 SL:timeRange]
Is it going to be windy five minutes from now in NJ	Is Ġit Ġgoing Ġto Ġbe Ġwind y Ġfive Ġminutes Ġfrom Ġnow Ġin ĠNJ	@ptr_0 @ptr_1 @ptr_2 @ptr_3 @ptr_4 [SL:condition_description @ptr_5 @ptr_6 SL:condition_description] [SL:timeRange @ptr_7 @ptr_8 @ptr_9 @ptr_10 SL:timeRange] @ptr_11 [SL:state @ptr_12 SL:state]
What's the forecast for Fort Payne , AMerican Samoa this march twentieth	What 's Ġthe Ġforecast Ġfor ĠFort ĠPayne Ġ, ĠAM er ican ĠSamoa Ġthis Ġmarch Ġtwentieth	@ptr_0 @ptr_1 @ptr_2 @ptr_3 @ptr_4 [SL:city @ptr_5 @ptr_6 SL:city] @ptr_7 [SL:state @ptr_8 @ptr_9 @ptr_10 @ptr_11 SL:state] @ptr_12 [SL:timeRange @ptr_13 @ptr_14 SL:timeRange]
What's the weather forecast in the same area of ME on Apr. 20	What 's Ġthe Ġweather Ġforecast Ġin Ġthe Ġsame Ġarea Ġof ĠME Ġon ĠApr . Ġ20	@ptr_0 @ptr_1 @ptr_2 @ptr_3 @ptr_4 [SL:spatial_relation @ptr_5 @ptr_6 @ptr_7 @ptr_8 SL:spatial_relation] @ptr_9 [SL:state @ptr_10 SL:state] @ptr_11 [SL:timeRange @ptr_12 @ptr_13 @ptr_14 SL:timeRange]
will it be a snowy day in Dalcour	will Ġit Ġbe Ġa Ġsnowy Ġday Ġin ĠDal cour	@ptr_0 @ptr_1 @ptr_2 @ptr_3 [SL:condition_description @ptr_4 SL:condition_description] [SL:timeRange @ptr_5 SL:timeRange] @ptr_6 [SL:city @ptr_7 @ptr_8 SL:city]
Is it going to get any hotter in Kerrick	Is Ġit Ġgoing Ġto Ġget Ġany Ġhotter Ġin ĠKer rick	@ptr_0 @ptr_1 @ptr_2 @ptr_3 @ptr_4 @ptr_5 [SL:condition_temperature @ptr_6 SL:condition_temperature] @ptr_7 [SL:city @ptr_8 @ptr_9 SL:city]
Will it be stormy in Olmitz Connecticut	Will Ġit Ġbe Ġstorm y Ġin ĠOl mit z ĠConnecticut	@ptr_0 @ptr_1 @ptr_2 [SL:condition_description @ptr_3 @ptr_4 SL:condition_description] @ptr_5 [SL:city @ptr_6 @ptr_7 @ptr_8 SL:city] [SL:state @ptr_9 SL:state]
Will it storm in Texola , Delaware	Will Ġit Ġstorm Ġin ĠTex ola Ġ, ĠDelaware	@ptr_0 @ptr_1 [SL:condition_description @ptr_2 SL:condition_description] @ptr_3 [SL:city @ptr_4 @ptr_5 SL:city] @ptr_6 [SL:state @ptr_7 SL:state]
Is there a snowstorm coming in Dana at 4 pm	Is Ġthere Ġa Ġsnow storm Ġcoming Ġin ĠDana Ġat Ġ4 Ġpm	@ptr_0 @ptr_1 @ptr_2 [SL:condition_description @ptr_3 @ptr_4 SL:condition_description] @ptr_5 @ptr_6 [SL:city @ptr_7 SL:city] @ptr_8 [SL:timeRange @ptr_9 @ptr_10 SL:timeRange]
what is a weather of Martinique a month from now	what Ġis Ġa Ġweather Ġof ĠMartin ique Ġa Ġmonth Ġfrom Ġnow	@ptr_0 @ptr_1 @ptr_2 @ptr_3 @ptr_4 [SL:country @ptr_5 @ptr_6 SL:country] [SL:timeRange @ptr_7 @ptr_8 @ptr_9 @ptr_10 SL:timeRange]
What is the weather forecast for Laos	What Ġis Ġthe Ġweather Ġforecast Ġfor ĠLaos	@ptr_0 @ptr_1 @ptr_2 @ptr_3 @ptr_4 @ptr_5 [SL:country @ptr_6 SL:country]
What's it like in Bahrain right now	What 's Ġit Ġlike Ġin ĠBahrain Ġright Ġnow	@ptr_0 @ptr_1 @ptr_2 @ptr_3 @ptr_4 [SL:country @ptr_5 SL:country] @ptr_6 [SL:timeRange @ptr_7 SL:timeRange]
Will it be warm in Jenners , Panama on August the sixteenth	Will Ġit Ġbe Ġwarm Ġin ĠJenn ers Ġ, ĠPanama Ġon ĠAugust Ġthe Ġsix teenth	@ptr_0 @ptr_1 @ptr_2 [SL:condition_temperature @ptr_3 SL:condition_temperature] @ptr_4 [SL:city @ptr_5 @ptr_6 SL:city] @ptr_7 [SL:country @ptr_8 SL:country] @ptr_9 [SL:timeRange @ptr_10 @ptr_11 @ptr_12 @ptr_13 SL:timeRange]
What is weather in Azerbaijan 16 seconds from now	What Ġis Ġweather Ġin ĠAzerbaijan Ġ16 Ġseconds Ġfrom Ġnow	@ptr_0 @ptr_1 @ptr_2 @ptr_3 [SL:country @ptr_4 SL:country] [SL:timeRange @ptr_5 @ptr_6 @ptr_7 @ptr_8 SL:timeRange]
