rate The Archivist three out of 6 stars	rate ĠThe ĠArch ivist Ġthree Ġout Ġof Ġ6 Ġstars	@ptr_0 [SL:object_name @ptr_1 @ptr_2 @ptr_3 SL:object_name] [SL:rating_value @ptr_4 SL:rating_value] @ptr_5 @ptr_6 [SL:best_rating @ptr_7 SL:best_rating] [SL:rating_unit @ptr_8 SL:rating_unit]
How can I rate the current chronicle 5 stars	How Ġcan ĠI Ġrate Ġthe Ġcurrent Ġchron icle Ġ5 Ġstars	[SL:object_name @ptr_0 SL:object_name] @ptr_1 @ptr_2 @ptr_3 @ptr_4 [SL:object_select @ptr_5 SL:object_select] [SL:object_part_of_series_type @ptr_6 @ptr_7 SL:object_part_of_series_type] [SL:rating_value @ptr_8 SL:rating_value] [SL:rating_unit @ptr_9 SL:rating_unit]
Rate Encyclopaedia of the Social Sciences zero out of 6	Rate ĠEn cyclop a edia Ġof Ġthe ĠSocial ĠSciences Ġzero Ġout Ġof Ġ6	@ptr_0 [SL:object_name @ptr_1 @ptr_2 @ptr_3 @ptr_4 @ptr_5 @ptr_6 @ptr_7 @ptr_8 SL:object_name] [SL:rating_value @ptr_9 SL:rating_value] @ptr_10 @ptr_11 [SL:best_rating @ptr_12 SL:best_rating]
Give two stars to Scribblings	Give Ġtwo Ġstars Ġto ĠScrib bl ings	@ptr_0 [SL:rating_value @ptr_1 SL:rating_value] [SL:rating_unit @ptr_2 SL:rating_unit] @ptr_3 [SL:object_name @ptr_4 @ptr_5 @ptr_6 SL:object_name]
Put 4 points to The Last Island book	Put Ġ4 Ġpoints Ġto ĠThe ĠLast ĠIsland Ġbook	@ptr_0 [SL:rating_value @ptr_1 SL:rating_value] [SL:rating_unit @ptr_2 SL:rating_unit] @ptr_3 [SL:object_name @ptr_4 @ptr_5 @ptr_6 SL:object_name] [SL:object_type @ptr_7 SL:object_type]
Rate Dead Boys a 0	Rate ĠDead ĠBoys Ġa Ġ0	@ptr_0 [SL:object_name @ptr_1 @ptr_2 SL:object_name] @ptr_3 [SL:rating_value @ptr_4 SL:rating_value]
Rate The Night Land three out of 6	Rate ĠThe ĠNight ĠLand Ġthree Ġout Ġof Ġ6	@ptr_0 [SL:object_name @ptr_1 @ptr_2 @ptr_3 SL:object_name] [SL:rating_value @ptr_4 SL:rating_value] @ptr_5 @ptr_6 [SL:best_rating @ptr_7 SL:best_rating]
Rate Puttering About in a Small Land zero out of 6 stars	Rate ĠPut tering ĠAbout Ġin Ġa ĠSmall ĠLand Ġzero Ġout Ġof Ġ6 Ġstars	@ptr_0 [SL:object_name @ptr_1 @ptr_2 @ptr_3 @ptr_4 @ptr_5 @ptr_6 @ptr_7 SL:object_name] [SL:rating_value @ptr_8 SL:rating_value] @ptr_9 @ptr_10 [SL:best_rating @ptr_11 SL:best_rating] [SL:rating_unit @ptr_12 SL:rating_unit]
give Portions from a Wine-stained Notebook: Short Stories and Essays 0 points	give ĠPort ions Ġfrom Ġa ĠWine - stained ĠNote book : ĠShort ĠStories Ġand ĠEss ays Ġ0 Ġpoints	@ptr_0 [SL:object_name @ptr_1 @ptr_2 @ptr_3 @ptr_4 @ptr_5 @ptr_6 @ptr_7 @ptr_8 @ptr_9 @ptr_10 @ptr_11 @ptr_12 @ptr_13 @ptr_14 @ptr_15 SL:object_name] [SL:rating_value @ptr_16 SL:rating_value] [SL:rating_unit @ptr_17 SL:rating_unit]
give 4 points to this textbook	give Ġ4 Ġpoints Ġto Ġthis Ġtextbook	@ptr_0 [SL:rating_value @ptr_1 SL:rating_value] [SL:rating_unit @ptr_2 SL:rating_unit] @ptr_3 [SL:object_select @ptr_4 SL:object_select] [SL:object_type @ptr_5 SL:object_type]
Rate People of the Lakes 2 of 6	Rate ĠPeople Ġof Ġthe ĠLakes Ġ2 Ġof Ġ6	@ptr_0 [SL:object_name @ptr_1 @ptr_2 @ptr_3 @ptr_4 SL:object_name] [SL:rating_value @ptr_5 SL:rating_value] @ptr_6 [SL:best_rating @ptr_7 SL:best_rating]
Rate the current novel five of 6	Rate Ġthe Ġcurrent Ġnovel Ġfive Ġof Ġ6	@ptr_0 @ptr_1 [SL:object_select @ptr_2 SL:object_select] [SL:object_type @ptr_3 SL:object_type] [SL:rating_value @ptr_4 SL:rating_value] @ptr_5 [SL:best_rating @ptr_6 SL:best_rating]
Rate the following series a one out of 6	Rate Ġthe Ġfollowing Ġseries Ġa Ġone Ġout Ġof Ġ6	@ptr_0 @ptr_1 [SL:object_select @ptr_2 SL:object_select] [SL:object_part_of_series_type @ptr_3 SL:object_part_of_series_type] @ptr_4 [SL:rating_value @ptr_5 SL:rating_value] @ptr_6 @ptr_7 [SL:best_rating @ptr_8 SL:best_rating]
rate the current essay four of 6	rate Ġthe Ġcurrent Ġessay Ġfour Ġof Ġ6	@ptr_0 @ptr_1 [SL:object_select @ptr_2 SL:object_select] [SL:object_type @ptr_3 SL:object_type] [SL:rating_value @ptr_4 SL:rating_value] @ptr_5 [SL:best_rating @ptr_6 SL:best_rating]
For the current saga I rate 2 of 6 stars	For Ġthe Ġcurrent Ġsaga ĠI Ġrate Ġ2 Ġof Ġ6 Ġstars	@ptr_0 @ptr_1 [SL:object_select @ptr_2 SL:object_select] [SL:object_part_of_series_type @ptr_3 SL:object_part_of_series_type] @ptr_4 @ptr_5 [SL:rating_value @ptr_6 SL:rating_value] @ptr_7 [SL:best_rating @ptr_8 SL:best_rating] [SL:rating_unit @ptr_9 SL:rating_unit]
give 5 out of 6 points to Thorn Castle	give Ġ5 Ġout Ġof Ġ6 Ġpoints Ġto ĠThorn ĠCastle	@ptr_0 [SL:rating_value @ptr_1 SL:rating_value] @ptr_2 @ptr_3 [SL:best_rating @ptr_4 SL:best_rating] [SL:rating_unit @ptr_5 SL:rating_unit] @ptr_6 [SL:object_name @ptr_7 @ptr_8 SL:object_name]
I would rate The Best Science Fiction Stories and Novels: Ninth Series 5 points	I Ġwould Ġrate ĠThe ĠBest ĠScience ĠFiction ĠStories Ġand ĠNovel s : ĠNinth ĠSeries Ġ5 Ġpoints	@ptr_0 @ptr_1 @ptr_2 [SL:object_name @ptr_3 @ptr_4 @ptr_5 @ptr_6 @ptr_7 @ptr_8 @ptr_9 @ptr_10 @ptr_11 @ptr_12 @ptr_13 SL:object_name] [SL:rating_value @ptr_14 SL:rating_value] [SL:rating_unit @ptr_15 SL:rating_unit]
I rate this novel 2 of 6 points	I Ġrate Ġthis Ġnovel Ġ2 Ġof Ġ6 Ġpoints	@ptr_0 @ptr_1 [SL:object_select @ptr_2 SL:object_select] [SL:object_type @ptr_3 SL:object_type] [SL:rating_value @ptr_4 SL:rating_value] @ptr_5 [SL:best_rating @ptr_6 SL:best_rating] [SL:rating_unit @ptr_7 SL:rating_unit]
I would like to rate the current chronicle 4 to 6 stars	I Ġwould Ġlike Ġto Ġrate Ġthe Ġcurrent Ġchron icle Ġ4 Ġto Ġ6 Ġstars	@ptr_0 @ptr_1 @ptr_2 @ptr_3 @ptr_4 @ptr_5 [SL:object_select @ptr_6 SL:object_select] [SL:object_part_of_series_type @ptr_7 @ptr_8 SL:object_part_of_series_type] [SL:rating_value @ptr_9 SL:rating_value] @ptr_10 [SL:best_rating @ptr_11 SL:best_rating] [SL:rating_unit @ptr_12 SL:rating_unit]
Give this book 1 stars	Give Ġthis Ġbook Ġ1 Ġstars	@ptr_0 [SL:object_select @ptr_1 SL:object_select] [SL:object_type @ptr_2 SL:object_type] [SL:rating_value @ptr_3 SL:rating_value] [SL:rating_unit @ptr_4 SL:rating_unit]
I give a zero rating for this essay	I Ġgive Ġa Ġzero Ġrating Ġfor Ġthis Ġessay	@ptr_0 @ptr_1 @ptr_2 [SL:rating_value @ptr_3 SL:rating_value] @ptr_4 @ptr_5 [SL:object_select @ptr_6 SL:object_select] [SL:object_type @ptr_7 SL:object_type]
Rate current book 2 of 6	Rate Ġcurrent Ġbook Ġ2 Ġof Ġ6	@ptr_0 [SL:object_select @ptr_1 SL:object_select] [SL:object_type @ptr_2 SL:object_type] [SL:rating_value @ptr_3 SL:rating_value] @ptr_4 [SL:best_rating @ptr_5 SL:best_rating]
Rate this chronicle 0 stars	Rate Ġthis Ġchron icle Ġ0 Ġstars	@ptr_0 [SL:object_select @ptr_1 SL:object_select] [SL:object_part_of_series_type @ptr_2 @ptr_3 SL:object_part_of_series_type] [SL:rating_value @ptr_4 SL:rating_value] [SL:rating_unit @ptr_5 SL:rating_unit]
give this textbook zero out of 6	give Ġthis Ġtextbook Ġzero Ġout Ġof Ġ6	@ptr_0 [SL:object_select @ptr_1 SL:object_select] [SL:object_type @ptr_2 SL:object_type] [SL:rating_value @ptr_3 SL:rating_value] @ptr_4 @ptr_5 [SL:best_rating @ptr_6 SL:best_rating]
this book gets points for being current and a three	this Ġbook Ġgets Ġpoints Ġfor Ġbeing Ġcurrent Ġand Ġa Ġthree	@ptr_0 [SL:object_type @ptr_1 SL:object_type] @ptr_2 [SL:rating_unit @ptr_3 SL:rating_unit] @ptr_4 @ptr_5 [SL:object_select @ptr_6 SL:object_select] @ptr_7 @ptr_8 [SL:rating_value @ptr_9 SL:rating_value]
rate this textbook 5 out of 6	rate Ġthis Ġtextbook Ġ5 Ġout Ġof Ġ6	@ptr_0 [SL:object_select @ptr_1 SL:object_select] [SL:object_type @ptr_2 SL:object_type] [SL:rating_value @ptr_3 SL:rating_value] @ptr_4 @ptr_5 [SL:best_rating @ptr_6 SL:best_rating]
Give this album a five out of 6	Give Ġthis Ġalbum Ġa Ġfive Ġout Ġof Ġ6	@ptr_0 [SL:object_select @ptr_1 SL:object_select] [SL:object_type @ptr_2 SL:object_type] @ptr_3 [SL:rating_value @ptr_4 SL:rating_value] @ptr_5 @ptr_6 [SL:best_rating @ptr_7 SL:best_rating]
I this this current essay should be rated a three	I Ġthis Ġthis Ġcurrent Ġessay Ġshould Ġbe Ġrated Ġa Ġthree	@ptr_0 @ptr_1 @ptr_2 [SL:object_select @ptr_3 SL:object_select] [SL:object_type @ptr_4 SL:object_type] @ptr_5 @ptr_6 @ptr_7 @ptr_8 [SL:rating_value @ptr_9 SL:rating_value]
I rate the current textbook a 0 of 6	I Ġrate Ġthe Ġcurrent Ġtextbook Ġa Ġ0 Ġof Ġ6	@ptr_0 @ptr_1 @ptr_2 [SL:object_select @ptr_3 SL:object_select] [SL:object_type @ptr_4 SL:object_type] @ptr_5 [SL:rating_value @ptr_6 SL:rating_value] @ptr_7 [SL:best_rating @ptr_8 SL:best_rating]
The current essay is a three of 6	The Ġcurrent Ġessay Ġis Ġa Ġthree Ġof Ġ6	@ptr_0 [SL:object_select @ptr_1 SL:object_select] [SL:object_type @ptr_2 SL:object_type] @ptr_3 @ptr_4 [SL:rating_value @ptr_5 SL:rating_value] @ptr_6 [SL:best_rating @ptr_7 SL:best_rating]
rate the Which Moped with Chrome-plated Handlebars at the Back of the Yard ? saga a one	rate Ġthe ĠWhich ĠM oped Ġwith ĠChrome - pl ated ĠHandle bars Ġat Ġthe ĠBack Ġof Ġthe ĠYard Ġ? Ġsaga Ġa Ġone	@ptr_0 @ptr_1 [SL:object_name @ptr_2 @ptr_3 @ptr_4 @ptr_5 @ptr_6 @ptr_7 @ptr_8 @ptr_9 @ptr_10 @ptr_11 @ptr_12 @ptr_13 @ptr_14 @ptr_15 @ptr_16 @ptr_17 SL:object_name] @ptr_18 [SL:object_part_of_series_type @ptr_19 SL:object_part_of_series_type] @ptr_20 [SL:rating_value @ptr_21 SL:rating_value]
this chronicle rates a one for First Contact	this Ġchron icle Ġrates Ġa Ġone Ġfor ĠFirst ĠContact	@ptr_0 [SL:object_part_of_series_type @ptr_1 @ptr_2 SL:object_part_of_series_type] @ptr_3 @ptr_4 [SL:rating_value @ptr_5 SL:rating_value] @ptr_6 [SL:object_name @ptr_7 @ptr_8 SL:object_name]
I give The Caxtons chronicle 1 out of 6 stars	I Ġgive ĠThe ĠCa xt ons Ġchron icle Ġ1 Ġout Ġof Ġ6 Ġstars	@ptr_0 @ptr_1 [SL:object_name @ptr_2 @ptr_3 @ptr_4 @ptr_5 SL:object_name] [SL:object_part_of_series_type @ptr_6 @ptr_7 SL:object_part_of_series_type] [SL:rating_value @ptr_8 SL:rating_value] @ptr_9 @ptr_10 [SL:best_rating @ptr_11 SL:best_rating] [SL:rating_unit @ptr_12 SL:rating_unit]
rate this series 4 stars	rate Ġthis Ġseries Ġ4 Ġstars	@ptr_0 [SL:object_select @ptr_1 SL:object_select] [SL:object_part_of_series_type @ptr_2 SL:object_part_of_series_type] [SL:rating_value @ptr_3 SL:rating_value] [SL:rating_unit @ptr_4 SL:rating_unit]
rate this chronicle a 0	rate Ġthis Ġchron icle Ġa Ġ0	@ptr_0 [SL:object_select @ptr_1 SL:object_select] [SL:object_part_of_series_type @ptr_2 @ptr_3 SL:object_part_of_series_type] @ptr_4 [SL:rating_value @ptr_5 SL:rating_value]
