find the photograph Among the Living	find Ġthe Ġphotograph ĠAmong Ġthe ĠLiving	@ptr_0 @ptr_1 [SL:object_type @ptr_2 SL:object_type] [SL:object_name @ptr_3 @ptr_4 @ptr_5 SL:object_name]
Where can i watch the television show The Private Affairs of Bel Ami	Where Ġcan Ġi Ġwatch Ġthe Ġtelevision Ġshow ĠThe ĠPrivate ĠAffairs Ġof ĠBel ĠAm i	@ptr_0 @ptr_1 @ptr_2 @ptr_3 @ptr_4 [SL:object_type @ptr_5 @ptr_6 SL:object_type] [SL:object_name @ptr_7 @ptr_8 @ptr_9 @ptr_10 @ptr_11 @ptr_12 @ptr_13 SL:object_name]
show the show The Son of Tarzan	show Ġthe Ġshow ĠThe ĠSon Ġof ĠTar zan	[SL:object_type @ptr_0 SL:object_type] @ptr_1 @ptr_2 [SL:object_name @ptr_3 @ptr_4 @ptr_5 @ptr_6 @ptr_7 SL:object_name]
Show me the movie Sonic Triple Trouble	Show Ġme Ġthe Ġmovie ĠSonic ĠTriple ĠTrouble	@ptr_0 @ptr_1 @ptr_2 [SL:object_type @ptr_3 SL:object_type] [SL:object_name @ptr_4 @ptr_5 @ptr_6 SL:object_name]
What is the song The Beast from 20	What Ġis Ġthe Ġsong ĠThe ĠBeast Ġfrom Ġ20	@ptr_0 @ptr_1 @ptr_2 [SL:object_type @ptr_3 SL:object_type] [SL:object_name @ptr_4 @ptr_5 @ptr_6 @ptr_7 SL:object_name]
Find a novel called Under Blackpool Lights	Find Ġa Ġnovel Ġcalled ĠUnder ĠBlack pool ĠLights	@ptr_0 @ptr_1 [SL:object_type @ptr_2 SL:object_type] @ptr_3 [SL:object_name @ptr_4 @ptr_5 @ptr_6 @ptr_7 SL:object_name]
Where can I get Fight for Anarchy	Where Ġcan ĠI Ġget ĠFight Ġfor ĠAnarchy	@ptr_0 @ptr_1 @ptr_2 @ptr_3 [SL:object_name @ptr_4 @ptr_5 @ptr_6 SL:object_name]
Find All About Aubrey	Find ĠAll ĠAbout ĠAub rey	@ptr_0 [SL:object_name @ptr_1 @ptr_2 @ptr_3 @ptr_4 SL:object_name]
What is the song The Beast from 20	What Ġis Ġthe Ġsong ĠThe ĠBeast Ġfrom Ġ20	@ptr_0 @ptr_1 @ptr_2 [SL:object_type @ptr_3 SL:object_type] [SL:object_name @ptr_4 @ptr_5 @ptr_6 @ptr_7 SL:object_name]
fimd Glory	f im d ĠGlory	@ptr_0 @ptr_1 @ptr_2 [SL:object_name @ptr_3 SL:object_name]
