Find movie times for close by films	Find Ġmovie Ġtimes Ġfor Ġclose Ġby Ġfilms	@ptr_0 [SL:object_type @ptr_1 @ptr_2 SL:object_type] @ptr_3 [SL:spatial_relation @ptr_4 @ptr_5 SL:spatial_relation] [SL:movie_type @ptr_6 SL:movie_type]
Show the movie schedule for animated movies in the neighbourhood	Show Ġthe Ġmovie Ġschedule Ġfor Ġanimated Ġmovies Ġin Ġthe Ġneighbourhood	@ptr_0 @ptr_1 [SL:object_type @ptr_2 @ptr_3 SL:object_type] @ptr_4 [SL:movie_type @ptr_5 @ptr_6 SL:movie_type] [SL:spatial_relation @ptr_7 @ptr_8 @ptr_9 SL:spatial_relation]
find a nearby movie schedule for movies	find Ġa Ġnearby Ġmovie Ġschedule Ġfor Ġmovies	@ptr_0 @ptr_1 [SL:spatial_relation @ptr_2 SL:spatial_relation] [SL:object_type @ptr_3 @ptr_4 SL:object_type] @ptr_5 [SL:movie_type @ptr_6 SL:movie_type]
Find the schedule for Metallica Through the Never	Find Ġthe Ġschedule Ġfor ĠMetall ica ĠThrough Ġthe ĠNever	@ptr_0 @ptr_1 [SL:object_type @ptr_2 SL:object_type] @ptr_3 [SL:movie_name @ptr_4 @ptr_5 @ptr_6 @ptr_7 @ptr_8 SL:movie_name]
find a movie schedule in the neighborhood for animated movies	find Ġa Ġmovie Ġschedule Ġin Ġthe Ġneighborhood Ġfor Ġanimated Ġmovies	@ptr_0 @ptr_1 [SL:object_type @ptr_2 @ptr_3 SL:object_type] [SL:spatial_relation @ptr_4 @ptr_5 @ptr_6 SL:spatial_relation] @ptr_7 [SL:movie_type @ptr_8 @ptr_9 SL:movie_type]
What time is The Message playing at Loews Cineplex	What Ġtime Ġis ĠThe ĠMessage Ġplaying Ġat ĠLo ews ĠC ine plex	@ptr_0 @ptr_1 @ptr_2 [SL:movie_name @ptr_3 @ptr_4 SL:movie_name] @ptr_5 @ptr_6 [SL:location_name @ptr_7 @ptr_8 @ptr_9 @ptr_10 @ptr_11 SL:location_name]
What movies are playing at Dipson Theatres	What Ġmovies Ġare Ġplaying Ġat ĠDip son ĠThe at res	@ptr_0 [SL:movie_type @ptr_1 SL:movie_type] @ptr_2 @ptr_3 @ptr_4 [SL:location_name @ptr_5 @ptr_6 @ptr_7 @ptr_8 @ptr_9 SL:location_name]
Showtimes for animated movies fro Goodrich Quality Theaters	Show times Ġfor Ġanimated Ġmovies Ġfro ĠGood rich ĠQuality ĠThe aters	@ptr_0 @ptr_1 @ptr_2 [SL:movie_type @ptr_3 @ptr_4 SL:movie_type] @ptr_5 [SL:location_name @ptr_6 @ptr_7 @ptr_8 @ptr_9 @ptr_10 SL:location_name]
What is Dear Old Girl Cooper Foundation	What Ġis ĠDear ĠOld ĠGirl ĠCooper ĠFoundation	@ptr_0 @ptr_1 [SL:movie_name @ptr_2 @ptr_3 @ptr_4 SL:movie_name] [SL:location_name @ptr_5 @ptr_6 SL:location_name]
find movie schedules for Dickinson Theatres	find Ġmovie Ġschedules Ġfor ĠDickinson ĠThe at res	@ptr_0 [SL:object_type @ptr_1 @ptr_2 SL:object_type] @ptr_3 [SL:location_name @ptr_4 @ptr_5 @ptr_6 @ptr_7 SL:location_name]
find start time in 12 seconds for National Bomb	find Ġstart Ġtime Ġin Ġ12 Ġseconds Ġfor ĠNational ĠBomb	@ptr_0 @ptr_1 @ptr_2 [SL:timeRange @ptr_3 @ptr_4 @ptr_5 SL:timeRange] @ptr_6 [SL:movie_name @ptr_7 @ptr_8 SL:movie_name]
What time is 楽園追放 -Expelled from Paradise-	What Ġtime Ġis Ġæ ¥ ½ åľ Ĵ è ¿½ æ Ķ ¾ Ġ- Ex pelled Ġfrom ĠParadise -	@ptr_0 @ptr_1 @ptr_2 [SL:movie_name @ptr_3 @ptr_4 @ptr_5 @ptr_6 @ptr_7 @ptr_8 @ptr_9 @ptr_10 @ptr_11 @ptr_12 @ptr_13 @ptr_14 @ptr_15 @ptr_16 @ptr_17 @ptr_18 SL:movie_name]
Find the schedule for No Time to Be Young at AMC Theaters	Find Ġthe Ġschedule Ġfor ĠNo ĠTime Ġto ĠBe ĠYoung Ġat ĠAMC ĠThe aters	@ptr_0 @ptr_1 [SL:object_type @ptr_2 SL:object_type] @ptr_3 [SL:movie_name @ptr_4 @ptr_5 @ptr_6 @ptr_7 @ptr_8 SL:movie_name] @ptr_9 [SL:location_name @ptr_10 @ptr_11 @ptr_12 SL:location_name]
Where is the nearest movie house that is playing Sirivantha	Where Ġis Ġthe Ġnearest Ġmovie Ġhouse Ġthat Ġis Ġplaying ĠSir ivan tha	@ptr_0 @ptr_1 @ptr_2 [SL:spatial_relation @ptr_3 SL:spatial_relation] [SL:object_location_type @ptr_4 @ptr_5 SL:object_location_type] @ptr_6 @ptr_7 @ptr_8 [SL:movie_name @ptr_9 @ptr_10 @ptr_11 SL:movie_name]
What time is Ghostbusters - Acchiappafantasmi playing at IMAX Corporation	What Ġtime Ġis ĠGhostbusters Ġ- ĠAc ch ia pp af ant asm i Ġplaying Ġat ĠI MAX ĠCorporation	@ptr_0 @ptr_1 @ptr_2 [SL:movie_name @ptr_3 @ptr_4 @ptr_5 @ptr_6 @ptr_7 @ptr_8 @ptr_9 @ptr_10 @ptr_11 @ptr_12 SL:movie_name] @ptr_13 @ptr_14 [SL:location_name @ptr_15 @ptr_16 @ptr_17 SL:location_name]
When is The Naked Eye playing at the closest movie theatre	When Ġis ĠThe ĠNaked ĠEye Ġplaying Ġat Ġthe Ġclosest Ġmovie Ġtheatre	@ptr_0 @ptr_1 [SL:movie_name @ptr_2 @ptr_3 @ptr_4 SL:movie_name] @ptr_5 @ptr_6 @ptr_7 [SL:spatial_relation @ptr_8 SL:spatial_relation] [SL:object_location_type @ptr_9 @ptr_10 SL:object_location_type]
What is the nearest movie house playing The Miracle Rider	What Ġis Ġthe Ġnearest Ġmovie Ġhouse Ġplaying ĠThe ĠMiracle ĠRider	@ptr_0 @ptr_1 @ptr_2 [SL:spatial_relation @ptr_3 SL:spatial_relation] [SL:object_location_type @ptr_4 @ptr_5 SL:object_location_type] @ptr_6 [SL:movie_name @ptr_7 @ptr_8 @ptr_9 SL:movie_name]
What is the nearest movie house playing George Washington Slept Here	What Ġis Ġthe Ġnearest Ġmovie Ġhouse Ġplaying ĠGeorge ĠWashington ĠSle pt ĠHere	@ptr_0 @ptr_1 @ptr_2 [SL:spatial_relation @ptr_3 SL:spatial_relation] [SL:object_location_type @ptr_4 @ptr_5 SL:object_location_type] @ptr_6 [SL:movie_name @ptr_7 @ptr_8 @ptr_9 @ptr_10 @ptr_11 SL:movie_name]
find a movie theatre showing The Tailor of Panama	find Ġa Ġmovie Ġtheatre Ġshowing ĠThe ĠTail or Ġof ĠPanama	@ptr_0 @ptr_1 [SL:object_location_type @ptr_2 @ptr_3 SL:object_location_type] @ptr_4 [SL:movie_name @ptr_5 @ptr_6 @ptr_7 @ptr_8 @ptr_9 SL:movie_name]
When will The Boys Next Door be playing at the nearest movie house	When Ġwill ĠThe ĠBoys ĠNext ĠDoor Ġbe Ġplaying Ġat Ġthe Ġnearest Ġmovie Ġhouse	@ptr_0 @ptr_1 [SL:movie_name @ptr_2 @ptr_3 @ptr_4 @ptr_5 SL:movie_name] @ptr_6 @ptr_7 @ptr_8 @ptr_9 [SL:spatial_relation @ptr_10 SL:spatial_relation] [SL:object_location_type @ptr_11 @ptr_12 SL:object_location_type]
Where is the closest movie theatre playing Mighty Baby now	Where Ġis Ġthe Ġclosest Ġmovie Ġtheatre Ġplaying ĠMighty ĠBaby Ġnow	@ptr_0 @ptr_1 @ptr_2 [SL:spatial_relation @ptr_3 SL:spatial_relation] [SL:object_location_type @ptr_4 @ptr_5 SL:object_location_type] @ptr_6 [SL:movie_name @ptr_7 @ptr_8 SL:movie_name] [SL:timeRange @ptr_9 SL:timeRange]
in the neighbourhood find 11 p.m. movie schedules for movies	in Ġthe Ġneighbourhood Ġfind Ġ11 Ġp . m . Ġmovie Ġschedules Ġfor Ġmovies	[SL:spatial_relation @ptr_0 @ptr_1 @ptr_2 SL:spatial_relation] @ptr_3 [SL:timeRange @ptr_4 @ptr_5 @ptr_6 @ptr_7 @ptr_8 SL:timeRange] [SL:object_type @ptr_9 @ptr_10 SL:object_type] @ptr_11 [SL:movie_type @ptr_12 SL:movie_type]
Where does The Return of the Whistler play at the Bow Tie Cinemas at 03:01:48 A.M.	Where Ġdoes ĠThe ĠReturn Ġof Ġthe ĠWh ist ler Ġplay Ġat Ġthe ĠBow ĠTie ĠCinem as Ġat Ġ03 : 01 : 48 ĠA . M .	@ptr_0 @ptr_1 [SL:movie_name @ptr_2 @ptr_3 @ptr_4 @ptr_5 @ptr_6 @ptr_7 @ptr_8 SL:movie_name] @ptr_9 @ptr_10 @ptr_11 [SL:location_name @ptr_12 @ptr_13 @ptr_14 @ptr_15 SL:location_name] @ptr_16 [SL:timeRange @ptr_17 @ptr_18 @ptr_19 @ptr_20 @ptr_21 @ptr_22 @ptr_23 @ptr_24 @ptr_25 SL:timeRange]
find films in 12 hours at the nearest movie theatre	find Ġfilms Ġin Ġ12 Ġhours Ġat Ġthe Ġnearest Ġmovie Ġtheatre	@ptr_0 [SL:movie_type @ptr_1 SL:movie_type] [SL:timeRange @ptr_2 @ptr_3 @ptr_4 SL:timeRange] @ptr_5 @ptr_6 [SL:spatial_relation @ptr_7 SL:spatial_relation] [SL:object_location_type @ptr_8 @ptr_9 SL:object_location_type]
What films are at Century Theatres in twelve hours	What Ġfilms Ġare Ġat ĠCentury ĠThe at res Ġin Ġtwelve Ġhours	@ptr_0 [SL:movie_type @ptr_1 SL:movie_type] @ptr_2 @ptr_3 [SL:location_name @ptr_4 @ptr_5 @ptr_6 @ptr_7 SL:location_name] [SL:timeRange @ptr_8 @ptr_9 @ptr_10 SL:timeRange]
Can I get the newest movie schedule in the area for animated movies	Can ĠI Ġget Ġthe Ġnewest Ġmovie Ġschedule Ġin Ġthe Ġarea Ġfor Ġanimated Ġmovies	@ptr_0 @ptr_1 @ptr_2 @ptr_3 @ptr_4 [SL:object_type @ptr_5 @ptr_6 SL:object_type] [SL:spatial_relation @ptr_7 @ptr_8 @ptr_9 SL:spatial_relation] @ptr_10 [SL:movie_type @ptr_11 @ptr_12 SL:movie_type]
what films are on the movie schedule for ten at a close by	what Ġfilms Ġare Ġon Ġthe Ġmovie Ġschedule Ġfor Ġten Ġat Ġa Ġclose Ġby	@ptr_0 [SL:movie_type @ptr_1 SL:movie_type] @ptr_2 @ptr_3 @ptr_4 [SL:object_type @ptr_5 @ptr_6 SL:object_type] @ptr_7 [SL:timeRange @ptr_8 SL:timeRange] @ptr_9 @ptr_10 [SL:spatial_relation @ptr_11 @ptr_12 SL:spatial_relation]
Find the schedule for movies at Star Theatres	Find Ġthe Ġschedule Ġfor Ġmovies Ġat ĠStar ĠThe at res	@ptr_0 @ptr_1 [SL:object_type @ptr_2 SL:object_type] @ptr_3 [SL:movie_type @ptr_4 SL:movie_type] @ptr_5 [SL:location_name @ptr_6 @ptr_7 @ptr_8 @ptr_9 SL:location_name]
Tell me what films are currently playing at AMC Theaters	Tell Ġme Ġwhat Ġfilms Ġare Ġcurrently Ġplaying Ġat ĠAMC ĠThe aters	@ptr_0 @ptr_1 @ptr_2 [SL:movie_type @ptr_3 SL:movie_type] @ptr_4 @ptr_5 @ptr_6 @ptr_7 [SL:location_name @ptr_8 @ptr_9 @ptr_10 SL:location_name]
I'd like to know what films are scheduled at Alamo Drafthouse Cinema	I 'd Ġlike Ġto Ġknow Ġwhat Ġfilms Ġare Ġscheduled Ġat ĠAl amo ĠDra f thouse ĠCinema	@ptr_0 @ptr_1 @ptr_2 @ptr_3 @ptr_4 @ptr_5 [SL:movie_type @ptr_6 SL:movie_type] @ptr_7 @ptr_8 @ptr_9 [SL:location_name @ptr_10 @ptr_11 @ptr_12 @ptr_13 @ptr_14 @ptr_15 SL:location_name]
What time are films showing in the neighborhood	What Ġtime Ġare Ġfilms Ġshowing Ġin Ġthe Ġneighborhood	@ptr_0 @ptr_1 @ptr_2 [SL:movie_type @ptr_3 SL:movie_type] @ptr_4 [SL:spatial_relation @ptr_5 @ptr_6 @ptr_7 SL:spatial_relation]
fimd films around here	f im d Ġfilms Ġaround Ġhere	@ptr_0 @ptr_1 @ptr_2 [SL:movie_type @ptr_3 SL:movie_type] [SL:spatial_relation @ptr_4 @ptr_5 SL:spatial_relation]
Can you let me know the films that are on the movie schedules in the area at noon	Can Ġyou Ġlet Ġme Ġknow Ġthe Ġfilms Ġthat Ġare Ġon Ġthe Ġmovie Ġschedules Ġin Ġthe Ġarea Ġat Ġnoon	@ptr_0 @ptr_1 @ptr_2 @ptr_3 @ptr_4 @ptr_5 [SL:movie_type @ptr_6 SL:movie_type] @ptr_7 @ptr_8 @ptr_9 @ptr_10 [SL:object_type @ptr_11 @ptr_12 SL:object_type] [SL:spatial_relation @ptr_13 @ptr_14 @ptr_15 SL:spatial_relation] @ptr_16 [SL:timeRange @ptr_17 SL:timeRange]
find The Swindlers at the closest movie house	find ĠThe ĠSw ind lers Ġat Ġthe Ġclosest Ġmovie Ġhouse	@ptr_0 [SL:movie_name @ptr_1 @ptr_2 @ptr_3 @ptr_4 SL:movie_name] @ptr_5 @ptr_6 [SL:spatial_relation @ptr_7 SL:spatial_relation] [SL:object_location_type @ptr_8 @ptr_9 SL:object_location_type]
Can I get showtimes for films in the neighborhood	Can ĠI Ġget Ġshow times Ġfor Ġfilms Ġin Ġthe Ġneighborhood	@ptr_0 @ptr_1 @ptr_2 @ptr_3 @ptr_4 @ptr_5 [SL:movie_type @ptr_6 SL:movie_type] [SL:spatial_relation @ptr_7 @ptr_8 @ptr_9 SL:spatial_relation]
