Add an album to my Sylvia Plath	Add Ġan Ġalbum Ġto Ġmy ĠSylvia ĠPl ath	@ptr_0 @ptr_1 [SL:music_item @ptr_2 SL:music_item] @ptr_3 [SL:playlist_owner @ptr_4 SL:playlist_owner] [SL:playlist @ptr_5 @ptr_6 @ptr_7 SL:playlist]
add this track to my road trip	add Ġthis Ġtrack Ġto Ġmy Ġroad Ġtrip	@ptr_0 @ptr_1 [SL:music_item @ptr_2 SL:music_item] @ptr_3 [SL:playlist_owner @ptr_4 SL:playlist_owner] [SL:playlist @ptr_5 @ptr_6 SL:playlist]
Add another track to my Women of Latin Music	Add Ġanother Ġtrack Ġto Ġmy ĠWomen Ġof ĠLatin ĠMusic	@ptr_0 @ptr_1 [SL:music_item @ptr_2 SL:music_item] @ptr_3 [SL:playlist_owner @ptr_4 SL:playlist_owner] [SL:playlist @ptr_5 @ptr_6 @ptr_7 @ptr_8 SL:playlist]
add song to thrash attack	add Ġsong Ġto Ġthr ash Ġattack	@ptr_0 [SL:music_item @ptr_1 SL:music_item] @ptr_2 [SL:playlist @ptr_3 @ptr_4 @ptr_5 SL:playlist]
Add the trey gunn tune to my French N' Heavy	Add Ġthe Ġtre y Ġgun n Ġtune Ġto Ġmy ĠFrench ĠN ' ĠHeavy	@ptr_0 @ptr_1 [SL:artist @ptr_2 @ptr_3 @ptr_4 @ptr_5 SL:artist] [SL:music_item @ptr_6 SL:music_item] @ptr_7 [SL:playlist_owner @ptr_8 SL:playlist_owner] [SL:playlist @ptr_9 @ptr_10 @ptr_11 @ptr_12 SL:playlist]
Add the track to the Best Metal of the New Millennium	Add Ġthe Ġtrack Ġto Ġthe ĠBest ĠMetal Ġof Ġthe ĠNew ĠMillennium	@ptr_0 @ptr_1 [SL:music_item @ptr_2 SL:music_item] @ptr_3 @ptr_4 [SL:playlist @ptr_5 @ptr_6 @ptr_7 @ptr_8 @ptr_9 @ptr_10 SL:playlist]
Add song to my Pop Brasil	Add Ġsong Ġto Ġmy ĠPop ĠBras il	@ptr_0 [SL:music_item @ptr_1 SL:music_item] @ptr_2 [SL:playlist_owner @ptr_3 SL:playlist_owner] [SL:playlist @ptr_4 @ptr_5 @ptr_6 SL:playlist]
add a mina caputo album to my after hours party	add Ġa Ġmin a Ġcap uto Ġalbum Ġto Ġmy Ġafter Ġhours Ġparty	@ptr_0 @ptr_1 [SL:artist @ptr_2 @ptr_3 @ptr_4 @ptr_5 SL:artist] [SL:music_item @ptr_6 SL:music_item] @ptr_7 [SL:playlist_owner @ptr_8 SL:playlist_owner] [SL:playlist @ptr_9 @ptr_10 @ptr_11 SL:playlist]
Add a randy travis song to Deep Dark Indie Folk	Add Ġa Ġr andy Ġtra vis Ġsong Ġto ĠDeep ĠDark ĠIndie ĠFolk	@ptr_0 @ptr_1 [SL:artist @ptr_2 @ptr_3 @ptr_4 @ptr_5 SL:artist] [SL:music_item @ptr_6 SL:music_item] @ptr_7 [SL:playlist @ptr_8 @ptr_9 @ptr_10 @ptr_11 SL:playlist]
Add an album by twink to my Classic Country	Add Ġan Ġalbum Ġby Ġtw ink Ġto Ġmy ĠClassic ĠCountry	@ptr_0 @ptr_1 [SL:music_item @ptr_2 SL:music_item] @ptr_3 [SL:artist @ptr_4 @ptr_5 SL:artist] @ptr_6 [SL:playlist_owner @ptr_7 SL:playlist_owner] [SL:playlist @ptr_8 @ptr_9 SL:playlist]
add the song by brian larsen to the Cardio	add Ġthe Ġsong Ġby Ġb rian Ġl ars en Ġto Ġthe ĠCard io	@ptr_0 @ptr_1 [SL:music_item @ptr_2 SL:music_item] @ptr_3 [SL:artist @ptr_4 @ptr_5 @ptr_6 @ptr_7 @ptr_8 SL:artist] @ptr_9 @ptr_10 [SL:playlist @ptr_11 @ptr_12 SL:playlist]
please add this Rex Griffin tune to the Steampunk	please Ġadd Ġthis ĠRex ĠGriffin Ġtune Ġto Ġthe ĠSte ampunk	@ptr_0 @ptr_1 @ptr_2 [SL:artist @ptr_3 @ptr_4 SL:artist] [SL:music_item @ptr_5 SL:music_item] @ptr_6 @ptr_7 [SL:playlist @ptr_8 @ptr_9 SL:playlist]
Add artist to playlist Classic Punk	Add Ġartist Ġto Ġplaylist ĠClassic ĠPunk	@ptr_0 [SL:music_item @ptr_1 SL:music_item] @ptr_2 @ptr_3 [SL:playlist @ptr_4 @ptr_5 SL:playlist]
add song to Daily Lift	add Ġsong Ġto ĠDaily ĠLift	@ptr_0 [SL:music_item @ptr_1 SL:music_item] @ptr_2 [SL:playlist @ptr_3 @ptr_4 SL:playlist]
add the song to my We Everywhere	add Ġthe Ġsong Ġto Ġmy ĠWe ĠEverywhere	@ptr_0 @ptr_1 [SL:music_item @ptr_2 SL:music_item] @ptr_3 [SL:playlist_owner @ptr_4 SL:playlist_owner] [SL:playlist @ptr_5 @ptr_6 SL:playlist]
add song to Rocksteady	add Ġsong Ġto ĠRock stead y	@ptr_0 [SL:music_item @ptr_1 SL:music_item] @ptr_2 [SL:playlist @ptr_3 @ptr_4 @ptr_5 SL:playlist]
add this song to my crossroad blues	add Ġthis Ġsong Ġto Ġmy Ġcross road Ġblues	@ptr_0 @ptr_1 [SL:music_item @ptr_2 SL:music_item] @ptr_3 [SL:playlist_owner @ptr_4 SL:playlist_owner] [SL:playlist @ptr_5 @ptr_6 @ptr_7 SL:playlist]
I'd like to add this album to funtime	I 'd Ġlike Ġto Ġadd Ġthis Ġalbum Ġto Ġfun time	@ptr_0 @ptr_1 @ptr_2 @ptr_3 @ptr_4 @ptr_5 [SL:music_item @ptr_6 SL:music_item] @ptr_7 [SL:playlist @ptr_8 @ptr_9 SL:playlist]
I want to put this track on diann's Just Smile	I Ġwant Ġto Ġput Ġthis Ġtrack Ġon Ġd iann 's ĠJust ĠSmile	@ptr_0 @ptr_1 @ptr_2 @ptr_3 @ptr_4 [SL:music_item @ptr_5 SL:music_item] @ptr_6 [SL:playlist_owner @ptr_7 @ptr_8 @ptr_9 SL:playlist_owner] [SL:playlist @ptr_10 @ptr_11 SL:playlist]
add track 70s smash hits to my	add Ġtrack Ġ70 s Ġsmash Ġhits Ġto Ġmy	@ptr_0 [SL:music_item @ptr_1 SL:music_item] [SL:playlist @ptr_2 @ptr_3 @ptr_4 @ptr_5 SL:playlist] @ptr_6 [SL:playlist_owner @ptr_7 SL:playlist_owner]
add this tune by Jim White to my playlist Rumba y más	add Ġthis Ġtune Ġby ĠJim ĠWhite Ġto Ġmy Ġplaylist ĠR umb a Ġy Ġm Ã¡s	@ptr_0 @ptr_1 [SL:music_item @ptr_2 SL:music_item] @ptr_3 [SL:artist @ptr_4 @ptr_5 SL:artist] @ptr_6 [SL:playlist_owner @ptr_7 SL:playlist_owner] @ptr_8 [SL:playlist @ptr_9 @ptr_10 @ptr_11 @ptr_12 @ptr_13 @ptr_14 SL:playlist]
Add artist Leonard Cohen to my indie brazuca	Add Ġartist ĠLeonard ĠCohen Ġto Ġmy Ġindie Ġb raz uca	@ptr_0 [SL:music_item @ptr_1 SL:music_item] [SL:artist @ptr_2 @ptr_3 SL:artist] @ptr_4 [SL:playlist_owner @ptr_5 SL:playlist_owner] [SL:playlist @ptr_6 @ptr_7 @ptr_8 @ptr_9 SL:playlist]
Add track to this is puccini	Add Ġtrack Ġto Ġthis Ġis Ġp ucc ini	@ptr_0 [SL:music_item @ptr_1 SL:music_item] @ptr_2 [SL:playlist @ptr_3 @ptr_4 @ptr_5 @ptr_6 @ptr_7 SL:playlist]
Can you put this tune onto Latin Dance Cardio	Can Ġyou Ġput Ġthis Ġtune Ġonto ĠLatin ĠDance ĠCard io	@ptr_0 @ptr_1 @ptr_2 @ptr_3 [SL:music_item @ptr_4 SL:music_item] @ptr_5 [SL:playlist @ptr_6 @ptr_7 @ptr_8 @ptr_9 SL:playlist]
add this artist to my Jazz	add Ġthis Ġartist Ġto Ġmy ĠJazz	@ptr_0 @ptr_1 [SL:music_item @ptr_2 SL:music_item] @ptr_3 [SL:playlist_owner @ptr_4 SL:playlist_owner] [SL:playlist @ptr_5 SL:playlist]
Add another artist to the Spotlight on Country 2016	Add Ġanother Ġartist Ġto Ġthe ĠSpotlight Ġon ĠCountry Ġ2016	@ptr_0 @ptr_1 [SL:music_item @ptr_2 SL:music_item] @ptr_3 @ptr_4 [SL:playlist @ptr_5 @ptr_6 @ptr_7 @ptr_8 SL:playlist]
put Edwyn Collins onto my Trabajo Relax	put ĠEd wyn ĠCollins Ġonto Ġmy ĠTr ab ajo ĠRelax	@ptr_0 [SL:artist @ptr_1 @ptr_2 @ptr_3 SL:artist] @ptr_4 [SL:playlist_owner @ptr_5 SL:playlist_owner] [SL:playlist @ptr_6 @ptr_7 @ptr_8 @ptr_9 SL:playlist]
Add another artist to my soul bpm	Add Ġanother Ġartist Ġto Ġmy Ġsoul Ġb pm	@ptr_0 @ptr_1 [SL:music_item @ptr_2 SL:music_item] @ptr_3 [SL:playlist_owner @ptr_4 SL:playlist_owner] [SL:playlist @ptr_5 @ptr_6 @ptr_7 SL:playlist]
add flying to my Women of Rock	add Ġflying Ġto Ġmy ĠWomen Ġof ĠRock	@ptr_0 [SL:entity_name @ptr_1 SL:entity_name] @ptr_2 [SL:playlist_owner @ptr_3 SL:playlist_owner] [SL:playlist @ptr_4 @ptr_5 @ptr_6 SL:playlist]
Add this jimmy london tune to The New Waltz	Add Ġthis Ġj im my Ġl ondon Ġtune Ġto ĠThe ĠNew ĠWalt z	@ptr_0 @ptr_1 [SL:artist @ptr_2 @ptr_3 @ptr_4 @ptr_5 @ptr_6 SL:artist] [SL:music_item @ptr_7 SL:music_item] @ptr_8 [SL:playlist @ptr_9 @ptr_10 @ptr_11 @ptr_12 SL:playlist]
Can you add confessions to my playlist called Clásica	Can Ġyou Ġadd Ġconfessions Ġto Ġmy Ġplaylist Ġcalled ĠCl Ã¡s ica	@ptr_0 @ptr_1 @ptr_2 [SL:entity_name @ptr_3 SL:entity_name] @ptr_4 [SL:playlist_owner @ptr_5 SL:playlist_owner] @ptr_6 @ptr_7 [SL:playlist @ptr_8 @ptr_9 @ptr_10 SL:playlist]
add this track to the playlist named cali fire	add Ġthis Ġtrack Ġto Ġthe Ġplaylist Ġnamed Ġcal i Ġfire	@ptr_0 @ptr_1 [SL:music_item @ptr_2 SL:music_item] @ptr_3 @ptr_4 @ptr_5 @ptr_6 [SL:playlist @ptr_7 @ptr_8 @ptr_9 SL:playlist]
Add this album to my spotify orchestra cello	Add Ġthis Ġalbum Ġto Ġmy Ġspot ify Ġorchestra Ġcell o	@ptr_0 @ptr_1 [SL:music_item @ptr_2 SL:music_item] @ptr_3 [SL:playlist_owner @ptr_4 SL:playlist_owner] [SL:playlist @ptr_5 @ptr_6 @ptr_7 @ptr_8 @ptr_9 SL:playlist]
In my playlist Rock Gaming add Mariem Hassan con Leyoad	In Ġmy Ġplaylist ĠRock ĠGaming Ġadd ĠMar iem ĠHassan Ġcon ĠLey oad	@ptr_0 [SL:playlist_owner @ptr_1 SL:playlist_owner] @ptr_2 [SL:playlist @ptr_3 @ptr_4 SL:playlist] @ptr_5 [SL:entity_name @ptr_6 @ptr_7 @ptr_8 @ptr_9 @ptr_10 @ptr_11 SL:entity_name]
add gareth gates to my autumn	add Ġg areth Ġgates Ġto Ġmy Ġautumn	@ptr_0 [SL:artist @ptr_1 @ptr_2 @ptr_3 SL:artist] @ptr_4 [SL:playlist_owner @ptr_5 SL:playlist_owner] [SL:playlist @ptr_6 SL:playlist]
Add exorcising ghosts to joy's thrash attack	Add Ġexorc ising Ġghosts Ġto Ġjoy 's Ġthr ash Ġattack	@ptr_0 [SL:entity_name @ptr_1 @ptr_2 @ptr_3 SL:entity_name] @ptr_4 [SL:playlist_owner @ptr_5 @ptr_6 SL:playlist_owner] [SL:playlist @ptr_7 @ptr_8 @ptr_9 SL:playlist]
add robyn hitchcock to my romantic evening	add Ġro byn Ġhitch cock Ġto Ġmy Ġromantic Ġevening	@ptr_0 [SL:artist @ptr_1 @ptr_2 @ptr_3 @ptr_4 SL:artist] @ptr_5 [SL:playlist_owner @ptr_6 SL:playlist_owner] [SL:playlist @ptr_7 @ptr_8 SL:playlist]
add this artist to my Jazz	add Ġthis Ġartist Ġto Ġmy ĠJazz	@ptr_0 @ptr_1 [SL:music_item @ptr_2 SL:music_item] @ptr_3 [SL:playlist_owner @ptr_4 SL:playlist_owner] [SL:playlist @ptr_5 SL:playlist]
Put more Unbelievable in my grandes unplugged	Put Ġmore ĠUn bel iev able Ġin Ġmy Ġgrand es Ġun plug ged	@ptr_0 @ptr_1 [SL:entity_name @ptr_2 @ptr_3 @ptr_4 @ptr_5 SL:entity_name] @ptr_6 [SL:playlist_owner @ptr_7 SL:playlist_owner] [SL:playlist @ptr_8 @ptr_9 @ptr_10 @ptr_11 @ptr_12 SL:playlist]
add thomas anders to my crossroad blues	add Ġth omas Ġand ers Ġto Ġmy Ġcross road Ġblues	@ptr_0 [SL:artist @ptr_1 @ptr_2 @ptr_3 @ptr_4 SL:artist] @ptr_5 [SL:playlist_owner @ptr_6 SL:playlist_owner] [SL:playlist @ptr_7 @ptr_8 @ptr_9 SL:playlist]
Add this track to Duetos	Add Ġthis Ġtrack Ġto ĠDu et os	@ptr_0 @ptr_1 [SL:music_item @ptr_2 SL:music_item] @ptr_3 [SL:playlist @ptr_4 @ptr_5 @ptr_6 SL:playlist]
add track 70s smash hits to my	add Ġtrack Ġ70 s Ġsmash Ġhits Ġto Ġmy	@ptr_0 [SL:music_item @ptr_1 SL:music_item] [SL:playlist @ptr_2 @ptr_3 @ptr_4 @ptr_5 SL:playlist] @ptr_6 [SL:playlist_owner @ptr_7 SL:playlist_owner]
ADD Me Kommeni Tin Anasa to my propuesta alternativa	ADD ĠMe ĠK omm eni ĠTin ĠAn asa Ġto Ġmy Ġprop u esta Ġaltern at iva	@ptr_0 [SL:entity_name @ptr_1 @ptr_2 @ptr_3 @ptr_4 @ptr_5 @ptr_6 @ptr_7 SL:entity_name] @ptr_8 [SL:playlist_owner @ptr_9 SL:playlist_owner] [SL:playlist @ptr_10 @ptr_11 @ptr_12 @ptr_13 @ptr_14 @ptr_15 SL:playlist]
Can you add a tune by natalie macmaster to my viajes	Can Ġyou Ġadd Ġa Ġtune Ġby Ġn atalie Ġmac master Ġto Ġmy Ġvia j es	@ptr_0 @ptr_1 @ptr_2 @ptr_3 [SL:music_item @ptr_4 SL:music_item] @ptr_5 [SL:artist @ptr_6 @ptr_7 @ptr_8 @ptr_9 SL:artist] @ptr_10 [SL:playlist_owner @ptr_11 SL:playlist_owner] [SL:playlist @ptr_12 @ptr_13 @ptr_14 SL:playlist]
put playa fly onto my 2010 Decade	put Ġplay a Ġfly Ġonto Ġmy Ġ2010 ĠDec ade	@ptr_0 [SL:artist @ptr_1 @ptr_2 @ptr_3 SL:artist] @ptr_4 [SL:playlist_owner @ptr_5 SL:playlist_owner] [SL:playlist @ptr_6 @ptr_7 @ptr_8 SL:playlist]
can you put The Little Grey Mother Who Waits All Alone into uncharted 4 nathan drake	can Ġyou Ġput ĠThe ĠLittle ĠGrey ĠMother ĠWho ĠWa its ĠAll ĠAlone Ġinto Ġunch arted Ġ4 Ġn athan Ġdra ke	@ptr_0 @ptr_1 @ptr_2 [SL:entity_name @ptr_3 @ptr_4 @ptr_5 @ptr_6 @ptr_7 @ptr_8 @ptr_9 @ptr_10 @ptr_11 SL:entity_name] @ptr_12 [SL:playlist @ptr_13 @ptr_14 @ptr_15 @ptr_16 @ptr_17 @ptr_18 @ptr_19 SL:playlist]
add this artist to my Guilty Pleasures	add Ġthis Ġartist Ġto Ġmy ĠGuilty ĠPle asures	@ptr_0 @ptr_1 [SL:music_item @ptr_2 SL:music_item] @ptr_3 [SL:playlist_owner @ptr_4 SL:playlist_owner] [SL:playlist @ptr_5 @ptr_6 @ptr_7 SL:playlist]
add an album to playlist Emily Dickinson	add Ġan Ġalbum Ġto Ġplaylist ĠEmily ĠDickinson	@ptr_0 @ptr_1 [SL:music_item @ptr_2 SL:music_item] @ptr_3 @ptr_4 [SL:playlist @ptr_5 @ptr_6 SL:playlist]
Add Spanish Harlem Incident to cleaning the house	Add ĠSpanish ĠHarlem ĠIncident Ġto Ġcleaning Ġthe Ġhouse	@ptr_0 [SL:entity_name @ptr_1 @ptr_2 @ptr_3 SL:entity_name] @ptr_4 [SL:playlist @ptr_5 @ptr_6 @ptr_7 SL:playlist]
Put journey to love onto Hip Hop 2017 New School	Put Ġjourney Ġto Ġlove Ġonto ĠHip ĠHop Ġ2017 ĠNew ĠSchool	@ptr_0 [SL:entity_name @ptr_1 @ptr_2 @ptr_3 SL:entity_name] @ptr_4 [SL:playlist @ptr_5 @ptr_6 @ptr_7 @ptr_8 @ptr_9 SL:playlist]
add erik santos in my playlist Metal Xplorer	add Ġer ik Ġs ant os Ġin Ġmy Ġplaylist ĠMetal ĠX pl orer	@ptr_0 [SL:artist @ptr_1 @ptr_2 @ptr_3 @ptr_4 @ptr_5 SL:artist] @ptr_6 [SL:playlist_owner @ptr_7 SL:playlist_owner] @ptr_8 [SL:playlist @ptr_9 @ptr_10 @ptr_11 @ptr_12 SL:playlist]
add bert mccracken tune lo que suena new york	add Ġb ert Ġm cc rack en Ġtune Ġlo Ġque Ġsu ena Ġnew Ġy ork	@ptr_0 [SL:artist @ptr_1 @ptr_2 @ptr_3 @ptr_4 @ptr_5 @ptr_6 SL:artist] [SL:music_item @ptr_7 SL:music_item] [SL:playlist @ptr_8 @ptr_9 @ptr_10 @ptr_11 @ptr_12 @ptr_13 @ptr_14 SL:playlist]
Add irving berlin to my dishwashing	Add Ġir ving Ġber lin Ġto Ġmy Ġdish washing	@ptr_0 [SL:artist @ptr_1 @ptr_2 @ptr_3 @ptr_4 SL:artist] @ptr_5 [SL:playlist_owner @ptr_6 SL:playlist_owner] [SL:playlist @ptr_7 @ptr_8 SL:playlist]
put frank farian on lydia's playlist called The Black Power Mixtape 1967 to 1975	put Ġfrank Ġfar ian Ġon Ġl ydia 's Ġplaylist Ġcalled ĠThe ĠBlack ĠPower ĠM ixtape Ġ1967 Ġto Ġ1975	@ptr_0 [SL:artist @ptr_1 @ptr_2 @ptr_3 SL:artist] @ptr_4 [SL:playlist_owner @ptr_5 @ptr_6 @ptr_7 SL:playlist_owner] @ptr_8 @ptr_9 [SL:playlist @ptr_10 @ptr_11 @ptr_12 @ptr_13 @ptr_14 @ptr_15 @ptr_16 @ptr_17 SL:playlist]
add Fabri Fibra to The Birth of Cool	add ĠFab ri ĠFib ra Ġto ĠThe ĠBirth Ġof ĠCool	@ptr_0 [SL:artist @ptr_1 @ptr_2 @ptr_3 @ptr_4 SL:artist] @ptr_5 [SL:playlist @ptr_6 @ptr_7 @ptr_8 @ptr_9 SL:playlist]
Add Venetian Snares onto the atmospheric calm	Add ĠVen et ian ĠS na res Ġonto Ġthe Ġatmospheric Ġcalm	@ptr_0 [SL:artist @ptr_1 @ptr_2 @ptr_3 @ptr_4 @ptr_5 @ptr_6 SL:artist] @ptr_7 @ptr_8 [SL:playlist @ptr_9 @ptr_10 SL:playlist]
Add the yumi matsuzawa album to my sexy as folk	Add Ġthe Ġy umi Ġmats uz awa Ġalbum Ġto Ġmy Ġsexy Ġas Ġfolk	@ptr_0 @ptr_1 [SL:artist @ptr_2 @ptr_3 @ptr_4 @ptr_5 @ptr_6 SL:artist] [SL:music_item @ptr_7 SL:music_item] @ptr_8 [SL:playlist_owner @ptr_9 SL:playlist_owner] [SL:playlist @ptr_10 @ptr_11 @ptr_12 SL:playlist]
Add nyoil to my this is prince	Add Ġn yo il Ġto Ġmy Ġthis Ġis Ġprince	@ptr_0 [SL:artist @ptr_1 @ptr_2 @ptr_3 SL:artist] @ptr_4 [SL:playlist_owner @ptr_5 SL:playlist_owner] [SL:playlist @ptr_6 @ptr_7 @ptr_8 SL:playlist]
Add raz b to drive	Add Ġr az Ġb Ġto Ġdrive	@ptr_0 [SL:artist @ptr_1 @ptr_2 @ptr_3 SL:artist] @ptr_4 [SL:playlist @ptr_5 SL:playlist]
Add ana carolina to chill	Add Ġana Ġcar olina Ġto Ġchill	@ptr_0 [SL:artist @ptr_1 @ptr_2 @ptr_3 SL:artist] @ptr_4 [SL:playlist @ptr_5 SL:playlist]
Add Munawar Ali Khan to my mujeres y hombres y fiesta	Add ĠMun awar ĠAli ĠKhan Ġto Ġmy Ġmu je res Ġy Ġh omb res Ġy Ġf iesta	@ptr_0 [SL:artist @ptr_1 @ptr_2 @ptr_3 @ptr_4 SL:artist] @ptr_5 [SL:playlist_owner @ptr_6 SL:playlist_owner] [SL:playlist @ptr_7 @ptr_8 @ptr_9 @ptr_10 @ptr_11 @ptr_12 @ptr_13 @ptr_14 @ptr_15 @ptr_16 SL:playlist]
Add Claudine Longet to my Ultimate 00s	Add ĠClaud ine ĠLong et Ġto Ġmy ĠUltimate Ġ00 s	@ptr_0 [SL:artist @ptr_1 @ptr_2 @ptr_3 @ptr_4 SL:artist] @ptr_5 [SL:playlist_owner @ptr_6 SL:playlist_owner] [SL:playlist @ptr_7 @ptr_8 @ptr_9 SL:playlist]
add steve albini album to my psychedelic rock	add Ġste ve Ġal b ini Ġalbum Ġto Ġmy Ġpsychedelic Ġrock	@ptr_0 [SL:artist @ptr_1 @ptr_2 @ptr_3 @ptr_4 @ptr_5 SL:artist] [SL:music_item @ptr_6 SL:music_item] @ptr_7 [SL:playlist_owner @ptr_8 SL:playlist_owner] [SL:playlist @ptr_9 @ptr_10 SL:playlist]
Put transatlantic lullaby on sharlene's napoleon xiv	Put Ġtrans atlantic Ġlull aby Ġon Ġsh arl ene 's Ġnap oleon Ġx iv	@ptr_0 [SL:playlist @ptr_1 @ptr_2 @ptr_3 @ptr_4 SL:playlist] @ptr_5 [SL:playlist_owner @ptr_6 @ptr_7 @ptr_8 @ptr_9 SL:playlist_owner] [SL:artist @ptr_10 @ptr_11 @ptr_12 @ptr_13 SL:artist]
Please place tim wright 's track onto the queen	Please Ġplace Ġtim Ġwr ight Ġ' s Ġtrack Ġonto Ġthe Ġqueen	@ptr_0 @ptr_1 [SL:artist @ptr_2 @ptr_3 @ptr_4 SL:artist] @ptr_5 @ptr_6 [SL:music_item @ptr_7 SL:music_item] @ptr_8 @ptr_9 [SL:playlist @ptr_10 SL:playlist]
add the tune by misato watanabe to the Trapeo	add Ġthe Ġtune Ġby Ġmis ato Ġwat an abe Ġto Ġthe ĠTra pe o	@ptr_0 @ptr_1 [SL:music_item @ptr_2 SL:music_item] @ptr_3 [SL:artist @ptr_4 @ptr_5 @ptr_6 @ptr_7 @ptr_8 SL:artist] @ptr_9 @ptr_10 [SL:playlist @ptr_11 @ptr_12 @ptr_13 SL:playlist]
Add Jarvis Cocker to my Chillin' on a Dirt Road	Add ĠJarvis ĠC ocker Ġto Ġmy ĠCh illin ' Ġon Ġa ĠDirt ĠRoad	@ptr_0 [SL:artist @ptr_1 @ptr_2 @ptr_3 SL:artist] @ptr_4 [SL:playlist_owner @ptr_5 SL:playlist_owner] [SL:playlist @ptr_6 @ptr_7 @ptr_8 @ptr_9 @ptr_10 @ptr_11 @ptr_12 SL:playlist]
add adele onto funtime activity	add Ġad ele Ġonto Ġfun time Ġactivity	@ptr_0 [SL:artist @ptr_1 @ptr_2 SL:artist] @ptr_3 [SL:playlist @ptr_4 @ptr_5 @ptr_6 SL:playlist]
Add gregory douglass to my WHM	Add Ġg reg ory Ġdou glass Ġto Ġmy ĠWH M	@ptr_0 [SL:artist @ptr_1 @ptr_2 @ptr_3 @ptr_4 @ptr_5 SL:artist] @ptr_6 [SL:playlist_owner @ptr_7 SL:playlist_owner] [SL:playlist @ptr_8 @ptr_9 SL:playlist]
add a j mclean to rock to work	add Ġa Ġj Ġm clean Ġto Ġrock Ġto Ġwork	@ptr_0 [SL:artist @ptr_1 @ptr_2 @ptr_3 @ptr_4 SL:artist] @ptr_5 [SL:playlist @ptr_6 @ptr_7 @ptr_8 SL:playlist]
Add big bill broonzy to my Impulso Creativo	Add Ġbig Ġbill Ġbro on zy Ġto Ġmy ĠImp ul so ĠCreat ivo	@ptr_0 [SL:artist @ptr_1 @ptr_2 @ptr_3 @ptr_4 @ptr_5 SL:artist] @ptr_6 [SL:playlist_owner @ptr_7 SL:playlist_owner] [SL:playlist @ptr_8 @ptr_9 @ptr_10 @ptr_11 @ptr_12 SL:playlist]
add this tune by harry connick jr to my jazz brasileiro	add Ġthis Ġtune Ġby Ġhar ry Ġcon nick Ġj r Ġto Ġmy Ġjazz Ġbras ile iro	@ptr_0 @ptr_1 [SL:music_item @ptr_2 SL:music_item] @ptr_3 [SL:artist @ptr_4 @ptr_5 @ptr_6 @ptr_7 @ptr_8 @ptr_9 SL:artist] @ptr_10 [SL:playlist_owner @ptr_11 SL:playlist_owner] [SL:playlist @ptr_12 @ptr_13 @ptr_14 @ptr_15 SL:playlist]
Include Sean Yseult in kaitlin's metal overload	In clude ĠSean ĠY se ult Ġin Ġk ait lin 's Ġmetal Ġoverload	@ptr_0 @ptr_1 [SL:artist @ptr_2 @ptr_3 @ptr_4 @ptr_5 SL:artist] @ptr_6 [SL:playlist_owner @ptr_7 @ptr_8 @ptr_9 @ptr_10 SL:playlist_owner] [SL:playlist @ptr_11 @ptr_12 SL:playlist]
Add arthur russell to my Women of Disco	Add Ġar thur Ġr us sell Ġto Ġmy ĠWomen Ġof ĠDisco	@ptr_0 [SL:artist @ptr_1 @ptr_2 @ptr_3 @ptr_4 @ptr_5 SL:artist] @ptr_6 [SL:playlist_owner @ptr_7 SL:playlist_owner] [SL:playlist @ptr_8 @ptr_9 @ptr_10 SL:playlist]
add ali lohan songs in Club Hits	add Ġali Ġl ohan Ġsongs Ġin ĠClub ĠHits	@ptr_0 [SL:artist @ptr_1 @ptr_2 @ptr_3 SL:artist] @ptr_4 @ptr_5 [SL:playlist @ptr_6 @ptr_7 SL:playlist]
add Top 100 Indie Tracks on Spotify to my track	add ĠTop Ġ100 ĠIndie ĠTracks Ġon ĠSpotify Ġto Ġmy Ġtrack	@ptr_0 [SL:playlist @ptr_1 @ptr_2 @ptr_3 @ptr_4 @ptr_5 @ptr_6 SL:playlist] @ptr_7 [SL:playlist_owner @ptr_8 SL:playlist_owner] [SL:music_item @ptr_9 SL:music_item]
Can you add a song by Bill Frisell to my Top Latin Alternative	Can Ġyou Ġadd Ġa Ġsong Ġby ĠBill ĠFr is ell Ġto Ġmy ĠTop ĠLatin ĠAlternative	@ptr_0 @ptr_1 @ptr_2 @ptr_3 [SL:music_item @ptr_4 SL:music_item] @ptr_5 [SL:artist @ptr_6 @ptr_7 @ptr_8 @ptr_9 SL:artist] @ptr_10 [SL:playlist_owner @ptr_11 SL:playlist_owner] [SL:playlist @ptr_12 @ptr_13 @ptr_14 SL:playlist]
add Partners in Crime to joann's Lo Que Suena Los Angeles	add ĠPartners Ġin ĠCrime Ġto Ġjo ann 's ĠLo ĠQue ĠSu ena ĠLos ĠAngeles	@ptr_0 [SL:entity_name @ptr_1 @ptr_2 @ptr_3 SL:entity_name] @ptr_4 [SL:playlist_owner @ptr_5 @ptr_6 @ptr_7 SL:playlist_owner] [SL:playlist @ptr_8 @ptr_9 @ptr_10 @ptr_11 @ptr_12 @ptr_13 SL:playlist]
add john brown to my Dinnertime Acoustics	add Ġjohn Ġbrown Ġto Ġmy ĠD inn ert ime ĠAc oust ics	@ptr_0 [SL:entity_name @ptr_1 @ptr_2 SL:entity_name] @ptr_3 [SL:playlist_owner @ptr_4 SL:playlist_owner] [SL:playlist @ptr_5 @ptr_6 @ptr_7 @ptr_8 @ptr_9 @ptr_10 @ptr_11 SL:playlist]
Add a song from Randy Rhoads to my 50 Clásicos	Add Ġa Ġsong Ġfrom ĠRandy ĠRh oad s Ġto Ġmy Ġ50 ĠCl Ã¡ sic os	@ptr_0 @ptr_1 [SL:music_item @ptr_2 SL:music_item] @ptr_3 [SL:artist @ptr_4 @ptr_5 @ptr_6 @ptr_7 SL:artist] @ptr_8 [SL:playlist_owner @ptr_9 SL:playlist_owner] [SL:playlist @ptr_10 @ptr_11 @ptr_12 @ptr_13 @ptr_14 SL:playlist]
Put another tune into my dancehall official	Put Ġanother Ġtune Ġinto Ġmy Ġdance hall Ġofficial	@ptr_0 @ptr_1 [SL:music_item @ptr_2 SL:music_item] @ptr_3 [SL:playlist_owner @ptr_4 SL:playlist_owner] [SL:playlist @ptr_5 @ptr_6 @ptr_7 SL:playlist]
Add a kiley dean tune to my jazz for loving couples	Add Ġa Ġk iley Ġdean Ġtune Ġto Ġmy Ġjazz Ġfor Ġloving Ġcouples	@ptr_0 @ptr_1 [SL:artist @ptr_2 @ptr_3 @ptr_4 SL:artist] [SL:music_item @ptr_5 SL:music_item] @ptr_6 [SL:playlist_owner @ptr_7 SL:playlist_owner] [SL:playlist @ptr_8 @ptr_9 @ptr_10 @ptr_11 SL:playlist]
add Joe Hickerson to my Jazz – Classical Crossings	add ĠJoe ĠHick erson Ġto Ġmy ĠJazz ĠâĢĵ ĠClassical ĠCross ings	@ptr_0 [SL:artist @ptr_1 @ptr_2 @ptr_3 SL:artist] @ptr_4 [SL:playlist_owner @ptr_5 SL:playlist_owner] [SL:playlist @ptr_6 @ptr_7 @ptr_8 @ptr_9 @ptr_10 SL:playlist]
please put this artist on my indie mim	please Ġput Ġthis Ġartist Ġon Ġmy Ġindie Ġmim	@ptr_0 @ptr_1 @ptr_2 [SL:music_item @ptr_3 SL:music_item] @ptr_4 [SL:playlist_owner @ptr_5 SL:playlist_owner] [SL:playlist @ptr_6 @ptr_7 SL:playlist]
Go to my all out 00s and add brian wilson	Go Ġto Ġmy Ġall Ġout Ġ00 s Ġand Ġadd Ġb rian Ġwil son	@ptr_0 @ptr_1 [SL:playlist_owner @ptr_2 SL:playlist_owner] [SL:playlist @ptr_3 @ptr_4 @ptr_5 @ptr_6 SL:playlist] @ptr_7 @ptr_8 [SL:artist @ptr_9 @ptr_10 @ptr_11 @ptr_12 SL:artist]
Add a track to my list Made in Puerto Rico	Add Ġa Ġtrack Ġto Ġmy Ġlist ĠMade Ġin ĠPuerto ĠRico	@ptr_0 @ptr_1 [SL:music_item @ptr_2 SL:music_item] @ptr_3 [SL:playlist_owner @ptr_4 SL:playlist_owner] @ptr_5 [SL:playlist @ptr_6 @ptr_7 @ptr_8 @ptr_9 SL:playlist]
I'd like to add this album to my Siesta	I 'd Ġlike Ġto Ġadd Ġthis Ġalbum Ġto Ġmy ĠS iesta	@ptr_0 @ptr_1 @ptr_2 @ptr_3 @ptr_4 @ptr_5 [SL:music_item @ptr_6 SL:music_item] @ptr_7 [SL:playlist_owner @ptr_8 SL:playlist_owner] [SL:playlist @ptr_9 @ptr_10 SL:playlist]
Add Every Song Is a Cry for Love to my playlist Soul 'n' The City	Add ĠEvery ĠSong ĠIs Ġa ĠCry Ġfor ĠLove Ġto Ġmy Ġplaylist ĠSoul Ġ' n ' ĠThe ĠCity	@ptr_0 [SL:entity_name @ptr_1 @ptr_2 @ptr_3 @ptr_4 @ptr_5 @ptr_6 @ptr_7 SL:entity_name] @ptr_8 [SL:playlist_owner @ptr_9 SL:playlist_owner] @ptr_10 [SL:playlist @ptr_11 @ptr_12 @ptr_13 @ptr_14 @ptr_15 @ptr_16 SL:playlist]
Add the artist to my Duetos	Add Ġthe Ġartist Ġto Ġmy ĠDu et os	@ptr_0 @ptr_1 [SL:music_item @ptr_2 SL:music_item] @ptr_3 [SL:playlist_owner @ptr_4 SL:playlist_owner] [SL:playlist @ptr_5 @ptr_6 @ptr_7 SL:playlist]
Add a Tom Thacker tune to my rock classics	Add Ġa ĠTom ĠTh acker Ġtune Ġto Ġmy Ġrock Ġclassics	@ptr_0 @ptr_1 [SL:artist @ptr_2 @ptr_3 @ptr_4 SL:artist] [SL:music_item @ptr_5 SL:music_item] @ptr_6 [SL:playlist_owner @ptr_7 SL:playlist_owner] [SL:playlist @ptr_8 @ptr_9 SL:playlist]
please put this song by nas in my Hype	please Ġput Ġthis Ġsong Ġby Ġnas Ġin Ġmy ĠH ype	@ptr_0 @ptr_1 @ptr_2 [SL:music_item @ptr_3 SL:music_item] @ptr_4 [SL:artist @ptr_5 SL:artist] @ptr_6 [SL:playlist_owner @ptr_7 SL:playlist_owner] [SL:playlist @ptr_8 @ptr_9 SL:playlist]
put this tune by mark norman on my keep calm	put Ġthis Ġtune Ġby Ġmark Ġnorm an Ġon Ġmy Ġkeep Ġcalm	@ptr_0 @ptr_1 [SL:music_item @ptr_2 SL:music_item] @ptr_3 [SL:artist @ptr_4 @ptr_5 @ptr_6 SL:artist] @ptr_7 [SL:playlist_owner @ptr_8 SL:playlist_owner] [SL:playlist @ptr_9 @ptr_10 SL:playlist]
add eric johnson song to my The Refugee Playlist	add Ġer ic Ġjohn son Ġsong Ġto Ġmy ĠThe ĠRefugee ĠPlay list	@ptr_0 [SL:artist @ptr_1 @ptr_2 @ptr_3 @ptr_4 SL:artist] [SL:music_item @ptr_5 SL:music_item] @ptr_6 [SL:playlist_owner @ptr_7 SL:playlist_owner] [SL:playlist @ptr_8 @ptr_9 @ptr_10 @ptr_11 SL:playlist]
Add this artist to my Classic Punk	Add Ġthis Ġartist Ġto Ġmy ĠClassic ĠPunk	@ptr_0 @ptr_1 [SL:music_item @ptr_2 SL:music_item] @ptr_3 [SL:playlist_owner @ptr_4 SL:playlist_owner] [SL:playlist @ptr_5 @ptr_6 SL:playlist]
add Teddy Boy to my Irish Folk – Jigs & Reels	add ĠTeddy ĠBoy Ġto Ġmy ĠIrish ĠFolk ĠâĢĵ ĠJ igs Ġ& ĠRe els	@ptr_0 [SL:entity_name @ptr_1 @ptr_2 SL:entity_name] @ptr_3 [SL:playlist_owner @ptr_4 SL:playlist_owner] [SL:playlist @ptr_5 @ptr_6 @ptr_7 @ptr_8 @ptr_9 @ptr_10 @ptr_11 @ptr_12 SL:playlist]
Add something by Paul Whiteman to my sweet soul chillout	Add Ġsomething Ġby ĠPaul ĠWhit eman Ġto Ġmy Ġsweet Ġsoul Ġchill out	@ptr_0 @ptr_1 @ptr_2 [SL:artist @ptr_3 @ptr_4 @ptr_5 SL:artist] @ptr_6 [SL:playlist_owner @ptr_7 SL:playlist_owner] [SL:playlist @ptr_8 @ptr_9 @ptr_10 @ptr_11 SL:playlist]
Put another track in my electronica & dance	Put Ġanother Ġtrack Ġin Ġmy Ġelectron ica Ġ& Ġdance	@ptr_0 @ptr_1 [SL:music_item @ptr_2 SL:music_item] @ptr_3 [SL:playlist_owner @ptr_4 SL:playlist_owner] [SL:playlist @ptr_5 @ptr_6 @ptr_7 @ptr_8 SL:playlist]
Add another artist to my soul bpm	Add Ġanother Ġartist Ġto Ġmy Ġsoul Ġb pm	@ptr_0 @ptr_1 [SL:music_item @ptr_2 SL:music_item] @ptr_3 [SL:playlist_owner @ptr_4 SL:playlist_owner] [SL:playlist @ptr_5 @ptr_6 @ptr_7 SL:playlist]
Add Sifow to my Skatepark Punks	Add ĠS if ow Ġto Ġmy ĠSk ate park ĠP unks	@ptr_0 [SL:artist @ptr_1 @ptr_2 @ptr_3 SL:artist] @ptr_4 [SL:playlist_owner @ptr_5 SL:playlist_owner] [SL:playlist @ptr_6 @ptr_7 @ptr_8 @ptr_9 @ptr_10 SL:playlist]
Add this track to my Love Hurts	Add Ġthis Ġtrack Ġto Ġmy ĠLove ĠHur ts	@ptr_0 @ptr_1 [SL:music_item @ptr_2 SL:music_item] @ptr_3 [SL:playlist_owner @ptr_4 SL:playlist_owner] [SL:playlist @ptr_5 @ptr_6 @ptr_7 SL:playlist]
add great grape to my playlist named Novedades Pop	add Ġgreat Ġgrape Ġto Ġmy Ġplaylist Ġnamed ĠN oved ades ĠPop	@ptr_0 [SL:entity_name @ptr_1 @ptr_2 SL:entity_name] @ptr_3 [SL:playlist_owner @ptr_4 SL:playlist_owner] @ptr_5 @ptr_6 [SL:playlist @ptr_7 @ptr_8 @ptr_9 @ptr_10 SL:playlist]
Add splendido hotel to my verano forever	Add Ġsplend ido Ġhotel Ġto Ġmy Ġver ano Ġforever	@ptr_0 [SL:entity_name @ptr_1 @ptr_2 @ptr_3 SL:entity_name] @ptr_4 [SL:playlist_owner @ptr_5 SL:playlist_owner] [SL:playlist @ptr_6 @ptr_7 @ptr_8 SL:playlist]
For my playlist Wild Country add a great day for freedom	For Ġmy Ġplaylist ĠWild ĠCountry Ġadd Ġa Ġgreat Ġday Ġfor Ġfreedom	@ptr_0 [SL:playlist_owner @ptr_1 SL:playlist_owner] @ptr_2 [SL:playlist @ptr_3 @ptr_4 SL:playlist] @ptr_5 [SL:entity_name @ptr_6 @ptr_7 @ptr_8 @ptr_9 @ptr_10 SL:entity_name]
Add lapponia to my flamenco pa ti	Add Ġl app onia Ġto Ġmy Ġfl amen co Ġpa Ġti	@ptr_0 [SL:entity_name @ptr_1 @ptr_2 @ptr_3 SL:entity_name] @ptr_4 [SL:playlist_owner @ptr_5 SL:playlist_owner] [SL:playlist @ptr_6 @ptr_7 @ptr_8 @ptr_9 @ptr_10 SL:playlist]
For my playlist fresh finds hiptronix add the name polka medley	For Ġmy Ġplaylist Ġfresh Ġfinds Ġh ipt ron ix Ġadd Ġthe Ġname Ġpol ka Ġmed ley	@ptr_0 [SL:playlist_owner @ptr_1 SL:playlist_owner] @ptr_2 [SL:playlist @ptr_3 @ptr_4 @ptr_5 @ptr_6 @ptr_7 @ptr_8 SL:playlist] @ptr_9 @ptr_10 @ptr_11 [SL:entity_name @ptr_12 @ptr_13 @ptr_14 @ptr_15 SL:entity_name]
Put King of America onto the playlist with the title a sudden rainstorm	Put ĠKing Ġof ĠAmerica Ġonto Ġthe Ġplaylist Ġwith Ġthe Ġtitle Ġa Ġsudden Ġrain storm	@ptr_0 [SL:entity_name @ptr_1 @ptr_2 @ptr_3 SL:entity_name] @ptr_4 @ptr_5 @ptr_6 @ptr_7 @ptr_8 @ptr_9 [SL:playlist @ptr_10 @ptr_11 @ptr_12 @ptr_13 SL:playlist]
Add Star Light, Star Bright to my jazz classics	Add ĠStar ĠLight , ĠStar ĠBright Ġto Ġmy Ġjazz Ġclassics	@ptr_0 [SL:entity_name @ptr_1 @ptr_2 @ptr_3 @ptr_4 @ptr_5 SL:entity_name] @ptr_6 [SL:playlist_owner @ptr_7 SL:playlist_owner] [SL:playlist @ptr_8 @ptr_9 SL:playlist]
Add Unconscious State to my 90s Smash Hits	Add ĠUn conscious ĠState Ġto Ġmy Ġ90 s ĠSmash ĠHits	@ptr_0 [SL:entity_name @ptr_1 @ptr_2 @ptr_3 SL:entity_name] @ptr_4 [SL:playlist_owner @ptr_5 SL:playlist_owner] [SL:playlist @ptr_6 @ptr_7 @ptr_8 @ptr_9 SL:playlist]
Add I Almost Lost My Mind to my bossa nova dinner	Add ĠI ĠAlmost ĠLost ĠMy ĠMind Ġto Ġmy Ġboss a Ġno va Ġdinner	@ptr_0 [SL:entity_name @ptr_1 @ptr_2 @ptr_3 @ptr_4 @ptr_5 SL:entity_name] @ptr_6 [SL:playlist_owner @ptr_7 SL:playlist_owner] [SL:playlist @ptr_8 @ptr_9 @ptr_10 @ptr_11 @ptr_12 SL:playlist]
Add Progress to my clásica para todos	Add ĠProgress Ġto Ġmy Ġcl Ã¡s ica Ġpara Ġto dos	@ptr_0 [SL:entity_name @ptr_1 SL:entity_name] @ptr_2 [SL:playlist_owner @ptr_3 SL:playlist_owner] [SL:playlist @ptr_4 @ptr_5 @ptr_6 @ptr_7 @ptr_8 @ptr_9 SL:playlist]
Add New Wave Blues to my Push Button Funk	Add ĠNew ĠWave ĠBlues Ġto Ġmy ĠPush ĠButton ĠFunk	@ptr_0 [SL:entity_name @ptr_1 @ptr_2 @ptr_3 SL:entity_name] @ptr_4 [SL:playlist_owner @ptr_5 SL:playlist_owner] [SL:playlist @ptr_6 @ptr_7 @ptr_8 SL:playlist]
add hold tight to my throwback party	add Ġhold Ġtight Ġto Ġmy Ġthrow back Ġparty	@ptr_0 [SL:entity_name @ptr_1 @ptr_2 SL:entity_name] @ptr_3 [SL:playlist_owner @ptr_4 SL:playlist_owner] [SL:playlist @ptr_5 @ptr_6 @ptr_7 SL:playlist]
Add Hatfield and the North to my Hot House	Add ĠHat field Ġand Ġthe ĠNorth Ġto Ġmy ĠHot ĠHouse	@ptr_0 [SL:entity_name @ptr_1 @ptr_2 @ptr_3 @ptr_4 @ptr_5 SL:entity_name] @ptr_6 [SL:playlist_owner @ptr_7 SL:playlist_owner] [SL:playlist @ptr_8 @ptr_9 SL:playlist]
I want 4813 added to my Rhythm and Blues	I Ġwant Ġ48 13 Ġadded Ġto Ġmy ĠRhythm Ġand ĠBlues	@ptr_0 @ptr_1 [SL:entity_name @ptr_2 @ptr_3 SL:entity_name] @ptr_4 @ptr_5 [SL:playlist_owner @ptr_6 SL:playlist_owner] [SL:playlist @ptr_7 @ptr_8 @ptr_9 SL:playlist]
I'd like to put Ryō Yamazaki onto my sylvia plath	I 'd Ġlike Ġto Ġput ĠRy Åį ĠYam azaki Ġonto Ġmy Ġsy lv ia Ġpl ath	@ptr_0 @ptr_1 @ptr_2 @ptr_3 @ptr_4 [SL:entity_name @ptr_5 @ptr_6 @ptr_7 @ptr_8 SL:entity_name] @ptr_9 [SL:playlist_owner @ptr_10 SL:playlist_owner] [SL:playlist @ptr_11 @ptr_12 @ptr_13 @ptr_14 @ptr_15 SL:playlist]
add Halley to This Is Tchaikovsky	add ĠHal ley Ġto ĠThis ĠIs ĠT cha ik ovsky	@ptr_0 [SL:entity_name @ptr_1 @ptr_2 SL:entity_name] @ptr_3 [SL:playlist @ptr_4 @ptr_5 @ptr_6 @ptr_7 @ptr_8 @ptr_9 SL:playlist]
Add iene miene mutte to Women of R&B	Add Ġi ene Ġmi ene Ġmut te Ġto ĠWomen Ġof ĠR & B	@ptr_0 [SL:entity_name @ptr_1 @ptr_2 @ptr_3 @ptr_4 @ptr_5 @ptr_6 SL:entity_name] @ptr_7 [SL:playlist @ptr_8 @ptr_9 @ptr_10 @ptr_11 @ptr_12 SL:playlist]
Add janie jones to my Indie Pop	Add Ġj anie Ġj ones Ġto Ġmy ĠIndie ĠPop	@ptr_0 [SL:entity_name @ptr_1 @ptr_2 @ptr_3 @ptr_4 SL:entity_name] @ptr_5 [SL:playlist_owner @ptr_6 SL:playlist_owner] [SL:playlist @ptr_7 @ptr_8 SL:playlist]
Add Testifying to donna's tokyo rising	Add ĠTest ifying Ġto Ġdon na 's Ġto ky o Ġrising	@ptr_0 [SL:entity_name @ptr_1 @ptr_2 SL:entity_name] @ptr_3 [SL:playlist_owner @ptr_4 @ptr_5 @ptr_6 SL:playlist_owner] [SL:playlist @ptr_7 @ptr_8 @ptr_9 @ptr_10 SL:playlist]
add country nights by A Journal of the Plague Year	add Ġcountry Ġnights Ġby ĠA ĠJournal Ġof Ġthe ĠPlague ĠYear	@ptr_0 [SL:playlist @ptr_1 @ptr_2 SL:playlist] @ptr_3 [SL:entity_name @ptr_4 @ptr_5 @ptr_6 @ptr_7 @ptr_8 @ptr_9 SL:entity_name]
I want do you want to build a snowman in my Hip Hop 2017 New School	I Ġwant Ġdo Ġyou Ġwant Ġto Ġbuild Ġa Ġsnow man Ġin Ġmy ĠHip ĠHop Ġ2017 ĠNew ĠSchool	@ptr_0 @ptr_1 [SL:entity_name @ptr_2 @ptr_3 @ptr_4 @ptr_5 @ptr_6 @ptr_7 @ptr_8 @ptr_9 SL:entity_name] @ptr_10 [SL:playlist_owner @ptr_11 SL:playlist_owner] [SL:playlist @ptr_12 @ptr_13 @ptr_14 @ptr_15 @ptr_16 SL:playlist]
Add the name cry like a baby to my a mis niños de 30	Add Ġthe Ġname Ġcry Ġlike Ġa Ġbaby Ġto Ġmy Ġa Ġmis Ġni Ã± os Ġde Ġ30	@ptr_0 @ptr_1 @ptr_2 [SL:entity_name @ptr_3 @ptr_4 @ptr_5 @ptr_6 SL:entity_name] @ptr_7 [SL:playlist_owner @ptr_8 SL:playlist_owner] [SL:playlist @ptr_9 @ptr_10 @ptr_11 @ptr_12 @ptr_13 @ptr_14 @ptr_15 SL:playlist]
add ojuelegba to trabajo ritmos dance	add Ġo j ue leg ba Ġto Ġtr ab ajo Ġr it mos Ġdance	@ptr_0 [SL:entity_name @ptr_1 @ptr_2 @ptr_3 @ptr_4 @ptr_5 SL:entity_name] @ptr_6 [SL:playlist @ptr_7 @ptr_8 @ptr_9 @ptr_10 @ptr_11 @ptr_12 @ptr_13 SL:playlist]
Add Rattus at the Roundhouse to my funk	Add ĠRatt us Ġat Ġthe ĠRound house Ġto Ġmy Ġfunk	@ptr_0 [SL:entity_name @ptr_1 @ptr_2 @ptr_3 @ptr_4 @ptr_5 @ptr_6 SL:entity_name] @ptr_7 [SL:playlist_owner @ptr_8 SL:playlist_owner] [SL:playlist @ptr_9 SL:playlist]
add Hello, My Lover, Goodbye to my Deathcore	add ĠHello , ĠMy ĠLover , ĠGoodbye Ġto Ġmy ĠDeath core	@ptr_0 [SL:entity_name @ptr_1 @ptr_2 @ptr_3 @ptr_4 @ptr_5 @ptr_6 SL:entity_name] @ptr_7 [SL:playlist_owner @ptr_8 SL:playlist_owner] [SL:playlist @ptr_9 @ptr_10 SL:playlist]
