What will the weather be like on january 2nd, 2025 in GA	What Ġwill Ġthe Ġweather Ġbe Ġlike Ġon Ġjan uary Ġ2 nd , Ġ2025 Ġin ĠGA	@ptr_0 @ptr_1 @ptr_2 @ptr_3 @ptr_4 @ptr_5 @ptr_6 [SL:timeRange @ptr_7 @ptr_8 @ptr_9 @ptr_10 @ptr_11 @ptr_12 SL:timeRange] @ptr_13 [SL:state @ptr_14 SL:state]
give me the forecast for here on February the sixteenth, 2022	give Ġme Ġthe Ġforecast Ġfor Ġhere Ġon ĠFebruary Ġthe Ġsix teenth , Ġ2022	@ptr_0 @ptr_1 @ptr_2 @ptr_3 @ptr_4 [SL:current_location @ptr_5 SL:current_location] @ptr_6 [SL:timeRange @ptr_7 @ptr_8 @ptr_9 @ptr_10 @ptr_11 @ptr_12 SL:timeRange]
Will it be hotter close by here at 13 o'clock	Will Ġit Ġbe Ġhotter Ġclose Ġby Ġhere Ġat Ġ13 Ġo ' clock	@ptr_0 @ptr_1 @ptr_2 [SL:condition_temperature @ptr_3 SL:condition_temperature] [SL:spatial_relation @ptr_4 SL:spatial_relation] @ptr_5 [SL:current_location @ptr_6 SL:current_location] @ptr_7 [SL:timeRange @ptr_8 @ptr_9 @ptr_10 @ptr_11 SL:timeRange]
what is the nine AM weather forecast for Nationalpark Midongy du Sud	what Ġis Ġthe Ġnine ĠAM Ġweather Ġforecast Ġfor ĠNational park ĠMid ong y Ġdu ĠSud	@ptr_0 @ptr_1 @ptr_2 [SL:timeRange @ptr_3 @ptr_4 SL:timeRange] @ptr_5 @ptr_6 @ptr_7 [SL:geographic_poi @ptr_8 @ptr_9 @ptr_10 @ptr_11 @ptr_12 @ptr_13 @ptr_14 SL:geographic_poi]
Will it get warmer by 5 am in Washington	Will Ġit Ġget Ġwarmer Ġby Ġ5 Ġam Ġin ĠWashington	@ptr_0 @ptr_1 @ptr_2 [SL:condition_temperature @ptr_3 SL:condition_temperature] @ptr_4 [SL:timeRange @ptr_5 @ptr_6 SL:timeRange] @ptr_7 [SL:state @ptr_8 SL:state]
Tell me if it will be hot on Jun. the 10th in San de Fuca , Sweden	Tell Ġme Ġif Ġit Ġwill Ġbe Ġhot Ġon ĠJun . Ġthe Ġ10 th Ġin ĠSan Ġde ĠF uca Ġ, ĠSweden	@ptr_0 @ptr_1 @ptr_2 @ptr_3 @ptr_4 @ptr_5 [SL:condition_temperature @ptr_6 SL:condition_temperature] @ptr_7 [SL:timeRange @ptr_8 @ptr_9 @ptr_10 @ptr_11 @ptr_12 SL:timeRange] @ptr_13 [SL:city @ptr_14 @ptr_15 @ptr_16 @ptr_17 SL:city] @ptr_18 [SL:country @ptr_19 SL:country]
in 257 days what will the weather be like in Cannon Ball	in Ġ257 Ġdays Ġwhat Ġwill Ġthe Ġweather Ġbe Ġlike Ġin ĠCannon ĠBall	[SL:timeRange @ptr_0 @ptr_1 @ptr_2 SL:timeRange] @ptr_3 @ptr_4 @ptr_5 @ptr_6 @ptr_7 @ptr_8 @ptr_9 [SL:city @ptr_10 @ptr_11 SL:city]
Is it warm in Albania at noon	Is Ġit Ġwarm Ġin ĠAlbania Ġat Ġnoon	@ptr_0 @ptr_1 [SL:condition_temperature @ptr_2 SL:condition_temperature] @ptr_3 [SL:country @ptr_4 SL:country] @ptr_5 [SL:timeRange @ptr_6 SL:timeRange]
Will a blizzard hit Torrey Pines State Natural Reserve on jun. sixteenth	Will Ġa Ġbl izzard Ġhit ĠTor rey ĠP ines ĠState ĠNatural ĠReserve Ġon Ġjun . Ġsix teenth	@ptr_0 @ptr_1 [SL:condition_description @ptr_2 @ptr_3 SL:condition_description] @ptr_4 [SL:geographic_poi @ptr_5 @ptr_6 @ptr_7 @ptr_8 @ptr_9 @ptr_10 @ptr_11 SL:geographic_poi] @ptr_12 [SL:timeRange @ptr_13 @ptr_14 @ptr_15 @ptr_16 SL:timeRange]
Is it nice now in Madawaska	Is Ġit Ġnice Ġnow Ġin ĠMad aw aska	@ptr_0 @ptr_1 @ptr_2 [SL:timeRange @ptr_3 SL:timeRange] @ptr_4 [SL:city @ptr_5 @ptr_6 @ptr_7 SL:city]
Will the weather be cloudy seven weeks from now in Hinckley	Will Ġthe Ġweather Ġbe Ġcloudy Ġseven Ġweeks Ġfrom Ġnow Ġin ĠHin ck ley	@ptr_0 @ptr_1 @ptr_2 @ptr_3 [SL:condition_description @ptr_4 SL:condition_description] [SL:timeRange @ptr_5 @ptr_6 @ptr_7 @ptr_8 SL:timeRange] @ptr_9 [SL:city @ptr_10 @ptr_11 @ptr_12 SL:city]
Weather for jun. ninth, 2033 in San Pierre Romania	Weather Ġfor Ġjun . Ġninth , Ġ20 33 Ġin ĠSan ĠPierre ĠRomania	@ptr_0 @ptr_1 [SL:timeRange @ptr_2 @ptr_3 @ptr_4 @ptr_5 @ptr_6 @ptr_7 SL:timeRange] @ptr_8 [SL:city @ptr_9 @ptr_10 SL:city] [SL:country @ptr_11 SL:country]
what is the Pennsylvania forecast for Three Forks for midnight	what Ġis Ġthe ĠPennsylvania Ġforecast Ġfor ĠThree ĠFor ks Ġfor Ġmidnight	@ptr_0 @ptr_1 @ptr_2 [SL:state @ptr_3 SL:state] @ptr_4 @ptr_5 [SL:city @ptr_6 @ptr_7 @ptr_8 SL:city] @ptr_9 [SL:timeRange @ptr_10 SL:timeRange]
is it going to be cold in Readstown at 4 AM	is Ġit Ġgoing Ġto Ġbe Ġcold Ġin ĠRead stown Ġat Ġ4 ĠAM	@ptr_0 @ptr_1 @ptr_2 @ptr_3 @ptr_4 [SL:condition_temperature @ptr_5 SL:condition_temperature] @ptr_6 [SL:city @ptr_7 @ptr_8 SL:city] @ptr_9 [SL:timeRange @ptr_10 @ptr_11 SL:timeRange]
will it rain today in Circleville	will Ġit Ġrain Ġtoday Ġin ĠCirc lev ille	@ptr_0 @ptr_1 [SL:condition_description @ptr_2 SL:condition_description] [SL:timeRange @ptr_3 SL:timeRange] @ptr_4 [SL:city @ptr_5 @ptr_6 @ptr_7 SL:city]
Can you give me the weather forecast for Nov. 9th for Lakeview Heights , LA	Can Ġyou Ġgive Ġme Ġthe Ġweather Ġforecast Ġfor ĠNov . Ġ9 th Ġfor ĠLake view ĠHeights Ġ, ĠLA	@ptr_0 @ptr_1 @ptr_2 @ptr_3 @ptr_4 @ptr_5 @ptr_6 @ptr_7 [SL:timeRange @ptr_8 @ptr_9 @ptr_10 @ptr_11 SL:timeRange] @ptr_12 [SL:city @ptr_13 @ptr_14 @ptr_15 SL:city] @ptr_16 [SL:state @ptr_17 SL:state]
What is the forecast for my current place at 23 o'clock	What Ġis Ġthe Ġforecast Ġfor Ġmy Ġcurrent Ġplace Ġat Ġ23 Ġo ' clock	@ptr_0 @ptr_1 @ptr_2 @ptr_3 @ptr_4 @ptr_5 [SL:current_location @ptr_6 @ptr_7 SL:current_location] @ptr_8 [SL:timeRange @ptr_9 @ptr_10 @ptr_11 @ptr_12 SL:timeRange]
In Bon Secour National Wildlife Refuge at twelve pm will it be chilly	In ĠBon ĠSec our ĠNational ĠWildlife ĠRefuge Ġat Ġtwelve Ġpm Ġwill Ġit Ġbe Ġchilly	@ptr_0 [SL:geographic_poi @ptr_1 @ptr_2 @ptr_3 @ptr_4 @ptr_5 @ptr_6 SL:geographic_poi] @ptr_7 [SL:timeRange @ptr_8 @ptr_9 SL:timeRange] @ptr_10 @ptr_11 @ptr_12 [SL:condition_temperature @ptr_13 SL:condition_temperature]
How much snow will we get this week in Massachusetts	How Ġmuch Ġsnow Ġwill Ġwe Ġget Ġthis Ġweek Ġin ĠMassachusetts	@ptr_0 @ptr_1 [SL:condition_description @ptr_2 SL:condition_description] @ptr_3 @ptr_4 @ptr_5 @ptr_6 [SL:timeRange @ptr_7 SL:timeRange] @ptr_8 [SL:state @ptr_9 SL:state]
will the sun come out today in Houston	will Ġthe Ġsun Ġcome Ġout Ġtoday Ġin ĠHouston	@ptr_0 @ptr_1 [SL:condition_description @ptr_2 SL:condition_description] @ptr_3 @ptr_4 [SL:timeRange @ptr_5 SL:timeRange] @ptr_6 [SL:city @ptr_7 SL:city]
What will the weather be in Cummings Mississippi in eleven years	What Ġwill Ġthe Ġweather Ġbe Ġin ĠCummings ĠMississippi Ġin Ġeleven Ġyears	@ptr_0 @ptr_1 @ptr_2 @ptr_3 @ptr_4 @ptr_5 [SL:city @ptr_6 SL:city] [SL:state @ptr_7 SL:state] [SL:timeRange @ptr_8 @ptr_9 @ptr_10 SL:timeRange]
Tell me if there will be a snowstorm on Sep. the second, 2028 in Olpe	Tell Ġme Ġif Ġthere Ġwill Ġbe Ġa Ġsnow storm Ġon ĠSep . Ġthe Ġsecond , Ġ20 28 Ġin ĠOl pe	@ptr_0 @ptr_1 @ptr_2 @ptr_3 @ptr_4 @ptr_5 @ptr_6 [SL:condition_description @ptr_7 @ptr_8 SL:condition_description] @ptr_9 [SL:timeRange @ptr_10 @ptr_11 @ptr_12 @ptr_13 @ptr_14 @ptr_15 @ptr_16 SL:timeRange] @ptr_17 [SL:city @ptr_18 @ptr_19 SL:city]
How will the weather be in six minutes close to Moosic	How Ġwill Ġthe Ġweather Ġbe Ġin Ġsix Ġminutes Ġclose Ġto ĠMo os ic	@ptr_0 @ptr_1 @ptr_2 @ptr_3 @ptr_4 [SL:timeRange @ptr_5 @ptr_6 @ptr_7 SL:timeRange] [SL:spatial_relation @ptr_8 SL:spatial_relation] @ptr_9 [SL:city @ptr_10 @ptr_11 @ptr_12 SL:city]
Will it be freezing here at 06:31:22 am	Will Ġit Ġbe Ġfreezing Ġhere Ġat Ġ06 : 31 : 22 Ġam	@ptr_0 @ptr_1 @ptr_2 [SL:condition_temperature @ptr_3 SL:condition_temperature] [SL:current_location @ptr_4 SL:current_location] @ptr_5 [SL:timeRange @ptr_6 @ptr_7 @ptr_8 @ptr_9 @ptr_10 @ptr_11 SL:timeRange]
What's the weather here at 2 PM.	What 's Ġthe Ġweather Ġhere Ġat Ġ2 ĠPM .	@ptr_0 @ptr_1 @ptr_2 @ptr_3 [SL:current_location @ptr_4 SL:current_location] @ptr_5 [SL:timeRange @ptr_6 @ptr_7 @ptr_8 SL:timeRange]
What is the forecast this evening for the Calipuy National Reservation	What Ġis Ġthe Ġforecast Ġthis Ġevening Ġfor Ġthe ĠCal ip uy ĠNational ĠRes ervation	@ptr_0 @ptr_1 @ptr_2 @ptr_3 @ptr_4 [SL:timeRange @ptr_5 SL:timeRange] @ptr_6 @ptr_7 [SL:geographic_poi @ptr_8 @ptr_9 @ptr_10 @ptr_11 @ptr_12 @ptr_13 SL:geographic_poi]
What is the weather forecast for Monument of Lihula	What Ġis Ġthe Ġweather Ġforecast Ġfor ĠMonument Ġof ĠL ih ula	@ptr_0 @ptr_1 @ptr_2 @ptr_3 @ptr_4 @ptr_5 [SL:geographic_poi @ptr_6 @ptr_7 @ptr_8 @ptr_9 @ptr_10 SL:geographic_poi]
what is the weather forecast for Shasha Forest Reserve in 43 weeks	what Ġis Ġthe Ġweather Ġforecast Ġfor ĠSh asha ĠForest ĠReserve Ġin Ġ43 Ġweeks	@ptr_0 @ptr_1 @ptr_2 @ptr_3 @ptr_4 @ptr_5 [SL:geographic_poi @ptr_6 @ptr_7 @ptr_8 @ptr_9 SL:geographic_poi] [SL:timeRange @ptr_10 @ptr_11 @ptr_12 SL:timeRange]
Will it be warmer in 20 minutes at Natural Park of Las Batuecas	Will Ġit Ġbe Ġwarmer Ġin Ġ20 Ġminutes Ġat ĠNatural ĠPark Ġof ĠLas ĠBat ue cas	@ptr_0 @ptr_1 @ptr_2 [SL:condition_temperature @ptr_3 SL:condition_temperature] [SL:timeRange @ptr_4 @ptr_5 @ptr_6 SL:timeRange] @ptr_7 [SL:geographic_poi @ptr_8 @ptr_9 @ptr_10 @ptr_11 @ptr_12 @ptr_13 @ptr_14 SL:geographic_poi]
will it be getting warmer in Rainbow Falls Provincial Park	will Ġit Ġbe Ġgetting Ġwarmer Ġin ĠRainbow ĠFalls ĠProvincial ĠPark	@ptr_0 @ptr_1 @ptr_2 @ptr_3 [SL:condition_temperature @ptr_4 SL:condition_temperature] @ptr_5 [SL:geographic_poi @ptr_6 @ptr_7 @ptr_8 @ptr_9 SL:geographic_poi]
What's the weather in twenty five days in Hagerman National Wildlife Refuge	What 's Ġthe Ġweather Ġin Ġtwenty Ġfive Ġdays Ġin ĠHag erman ĠNational ĠWildlife ĠRefuge	@ptr_0 @ptr_1 @ptr_2 @ptr_3 [SL:timeRange @ptr_4 @ptr_5 @ptr_6 @ptr_7 SL:timeRange] @ptr_8 [SL:geographic_poi @ptr_9 @ptr_10 @ptr_11 @ptr_12 @ptr_13 SL:geographic_poi]
Tell me the weather forecast for Murone Kōgen Prefectural Natural Park at elevenses	Tell Ġme Ġthe Ġweather Ġforecast Ġfor ĠMur one ĠK Åį gen ĠPre fect ural ĠNatural ĠPark Ġat Ġeleven ses	@ptr_0 @ptr_1 @ptr_2 @ptr_3 @ptr_4 @ptr_5 [SL:geographic_poi @ptr_6 @ptr_7 @ptr_8 @ptr_9 @ptr_10 @ptr_11 @ptr_12 @ptr_13 @ptr_14 @ptr_15 SL:geographic_poi] @ptr_16 [SL:timeRange @ptr_17 @ptr_18 SL:timeRange]
Give me weather information for Porcupine Mountains	Give Ġme Ġweather Ġinformation Ġfor ĠPor cup ine ĠMountains	@ptr_0 @ptr_1 @ptr_2 @ptr_3 @ptr_4 [SL:geographic_poi @ptr_5 @ptr_6 @ptr_7 @ptr_8 SL:geographic_poi]
Will it snowstorm in Lampi Island Marine National Park	Will Ġit Ġsnow storm Ġin ĠLamp i ĠIsland ĠMarine ĠNational ĠPark	@ptr_0 @ptr_1 [SL:condition_description @ptr_2 @ptr_3 SL:condition_description] @ptr_4 [SL:geographic_poi @ptr_5 @ptr_6 @ptr_7 @ptr_8 @ptr_9 @ptr_10 SL:geographic_poi]
What's the weather going to be like around Lewis and Clark Trail sixteen hours from now	What 's Ġthe Ġweather Ġgoing Ġto Ġbe Ġlike Ġaround ĠLewis Ġand ĠClark ĠTrail Ġsixteen Ġhours Ġfrom Ġnow	@ptr_0 @ptr_1 @ptr_2 @ptr_3 @ptr_4 @ptr_5 @ptr_6 @ptr_7 [SL:spatial_relation @ptr_8 SL:spatial_relation] [SL:geographic_poi @ptr_9 @ptr_10 @ptr_11 @ptr_12 SL:geographic_poi] [SL:timeRange @ptr_13 @ptr_14 @ptr_15 @ptr_16 SL:timeRange]
What's the weather in Heritage Hill State Historical Park	What 's Ġthe Ġweather Ġin ĠHeritage ĠHill ĠState ĠHistorical ĠPark	@ptr_0 @ptr_1 @ptr_2 @ptr_3 @ptr_4 [SL:geographic_poi @ptr_5 @ptr_6 @ptr_7 @ptr_8 @ptr_9 SL:geographic_poi]
What's the weather now in Salmon Lake State Park	What 's Ġthe Ġweather Ġnow Ġin ĠSalmon ĠLake ĠState ĠPark	@ptr_0 @ptr_1 @ptr_2 @ptr_3 [SL:timeRange @ptr_4 SL:timeRange] @ptr_5 [SL:geographic_poi @ptr_6 @ptr_7 @ptr_8 @ptr_9 SL:geographic_poi]
What is the weather like within walking distance of the Nationalpark Drawa	What Ġis Ġthe Ġweather Ġlike Ġwithin Ġwalking Ġdistance Ġof Ġthe ĠNational park ĠDraw a	@ptr_0 @ptr_1 @ptr_2 @ptr_3 @ptr_4 [SL:spatial_relation @ptr_5 @ptr_6 @ptr_7 SL:spatial_relation] @ptr_8 @ptr_9 [SL:geographic_poi @ptr_10 @ptr_11 @ptr_12 @ptr_13 SL:geographic_poi]
Tell me if it'll be colder in Steptoe Battlefield State Park in one minute	Tell Ġme Ġif Ġit 'll Ġbe Ġcolder Ġin ĠSte pt oe ĠBattlefield ĠState ĠPark Ġin Ġone Ġminute	@ptr_0 @ptr_1 @ptr_2 @ptr_3 @ptr_4 @ptr_5 [SL:condition_temperature @ptr_6 SL:condition_temperature] @ptr_7 [SL:geographic_poi @ptr_8 @ptr_9 @ptr_10 @ptr_11 @ptr_12 @ptr_13 SL:geographic_poi] [SL:timeRange @ptr_14 @ptr_15 @ptr_16 SL:timeRange]
What will the weather be like on january 16, 2030 in Rainbow Falls State Park	What Ġwill Ġthe Ġweather Ġbe Ġlike Ġon Ġjan uary Ġ16 , Ġ2030 Ġin ĠRainbow ĠFalls ĠState ĠPark	@ptr_0 @ptr_1 @ptr_2 @ptr_3 @ptr_4 @ptr_5 @ptr_6 [SL:timeRange @ptr_7 @ptr_8 @ptr_9 @ptr_10 @ptr_11 SL:timeRange] @ptr_12 [SL:geographic_poi @ptr_13 @ptr_14 @ptr_15 @ptr_16 SL:geographic_poi]
Is the sun coming out today in Lacassine National Wildlife Refuge	Is Ġthe Ġsun Ġcoming Ġout Ġtoday Ġin ĠLac ass ine ĠNational ĠWildlife ĠRefuge	@ptr_0 @ptr_1 [SL:condition_description @ptr_2 SL:condition_description] @ptr_3 @ptr_4 [SL:timeRange @ptr_5 SL:timeRange] @ptr_6 [SL:geographic_poi @ptr_7 @ptr_8 @ptr_9 @ptr_10 @ptr_11 @ptr_12 SL:geographic_poi]
What's the forecast for Maltio Strict Nature Reserve	What 's Ġthe Ġforecast Ġfor ĠMalt io ĠSt rict ĠNature ĠReserve	@ptr_0 @ptr_1 @ptr_2 @ptr_3 @ptr_4 [SL:geographic_poi @ptr_5 @ptr_6 @ptr_7 @ptr_8 @ptr_9 @ptr_10 SL:geographic_poi]
what is the depression forecast for in five years in Altyn-Emel-Nationalpark	what Ġis Ġthe Ġdepression Ġforecast Ġfor Ġin Ġfive Ġyears Ġin ĠAl ty n - Em el - National park	@ptr_0 @ptr_1 @ptr_2 [SL:condition_description @ptr_3 SL:condition_description] @ptr_4 @ptr_5 [SL:timeRange @ptr_6 @ptr_7 @ptr_8 SL:timeRange] @ptr_9 [SL:geographic_poi @ptr_10 @ptr_11 @ptr_12 @ptr_13 @ptr_14 @ptr_15 @ptr_16 @ptr_17 @ptr_18 SL:geographic_poi]
Tell me if there is wind in the forecast for Roaring River State Park	Tell Ġme Ġif Ġthere Ġis Ġwind Ġin Ġthe Ġforecast Ġfor ĠRo aring ĠRiver ĠState ĠPark	@ptr_0 @ptr_1 @ptr_2 @ptr_3 @ptr_4 [SL:condition_description @ptr_5 SL:condition_description] @ptr_6 @ptr_7 @ptr_8 @ptr_9 [SL:geographic_poi @ptr_10 @ptr_11 @ptr_12 @ptr_13 @ptr_14 SL:geographic_poi]
what is the forecast for hot temps at Bowman Bay Wildlife Sanctuary	what Ġis Ġthe Ġforecast Ġfor Ġhot Ġtem ps Ġat ĠBowman ĠBay ĠWildlife ĠSanctuary	@ptr_0 @ptr_1 @ptr_2 @ptr_3 @ptr_4 [SL:condition_temperature @ptr_5 SL:condition_temperature] @ptr_6 @ptr_7 @ptr_8 [SL:geographic_poi @ptr_9 @ptr_10 @ptr_11 @ptr_12 SL:geographic_poi]
Will the weather be warm in the Nationaal park Band-e AMir at twelve am	Will Ġthe Ġweather Ġbe Ġwarm Ġin Ġthe ĠNation a al Ġpark ĠBand - e ĠAM ir Ġat Ġtwelve Ġam	@ptr_0 @ptr_1 @ptr_2 @ptr_3 [SL:condition_temperature @ptr_4 SL:condition_temperature] @ptr_5 @ptr_6 [SL:geographic_poi @ptr_7 @ptr_8 @ptr_9 @ptr_10 @ptr_11 @ptr_12 @ptr_13 @ptr_14 @ptr_15 SL:geographic_poi] @ptr_16 [SL:timeRange @ptr_17 @ptr_18 SL:timeRange]
I need to know the weather seven weeks from now in Morgan–Monroe State Forest	I Ġneed Ġto Ġknow Ġthe Ġweather Ġseven Ġweeks Ġfrom Ġnow Ġin ĠMorgan âĢĵ Mon roe ĠState ĠForest	@ptr_0 @ptr_1 @ptr_2 @ptr_3 @ptr_4 @ptr_5 [SL:timeRange @ptr_6 @ptr_7 @ptr_8 @ptr_9 SL:timeRange] @ptr_10 [SL:geographic_poi @ptr_11 @ptr_12 @ptr_13 @ptr_14 @ptr_15 @ptr_16 SL:geographic_poi]
Will it be chilly 17 hours from now in Cold Creek Conservation Area	Will Ġit Ġbe Ġchilly Ġ17 Ġhours Ġfrom Ġnow Ġin ĠCold ĠCreek ĠConservation ĠArea	@ptr_0 @ptr_1 @ptr_2 [SL:condition_temperature @ptr_3 SL:condition_temperature] [SL:timeRange @ptr_4 @ptr_5 @ptr_6 @ptr_7 SL:timeRange] @ptr_8 [SL:geographic_poi @ptr_9 @ptr_10 @ptr_11 @ptr_12 SL:geographic_poi]
what is the Currituck National Wildlife Refuge forecast for chilly	what Ġis Ġthe ĠCur rit uck ĠNational ĠWildlife ĠRefuge Ġforecast Ġfor Ġchilly	@ptr_0 @ptr_1 @ptr_2 [SL:geographic_poi @ptr_3 @ptr_4 @ptr_5 @ptr_6 @ptr_7 @ptr_8 SL:geographic_poi] @ptr_9 @ptr_10 [SL:condition_temperature @ptr_11 SL:condition_temperature]
Check the forecast for Natchaug State Forest	Check Ġthe Ġforecast Ġfor ĠN atch aug ĠState ĠForest	@ptr_0 @ptr_1 @ptr_2 @ptr_3 [SL:geographic_poi @ptr_4 @ptr_5 @ptr_6 @ptr_7 @ptr_8 SL:geographic_poi]
Will there be a cloud in Kiribati	Will Ġthere Ġbe Ġa Ġcloud Ġin ĠKir ib ati	@ptr_0 @ptr_1 @ptr_2 @ptr_3 [SL:condition_description @ptr_4 SL:condition_description] @ptr_5 [SL:country @ptr_6 @ptr_7 @ptr_8 SL:country]
Will it get windy close by here	Will Ġit Ġget Ġwind y Ġclose Ġby Ġhere	@ptr_0 @ptr_1 @ptr_2 [SL:condition_description @ptr_3 @ptr_4 SL:condition_description] [SL:spatial_relation @ptr_5 SL:spatial_relation] @ptr_6 [SL:current_location @ptr_7 SL:current_location]
Will it get rainy like last March in Hagerman , Saint Vincent and the Grenadines	Will Ġit Ġget Ġrainy Ġlike Ġlast ĠMarch Ġin ĠHag erman Ġ, ĠSaint ĠVincent Ġand Ġthe ĠGren ad ines	@ptr_0 @ptr_1 @ptr_2 [SL:condition_description @ptr_3 SL:condition_description] @ptr_4 [SL:timeRange @ptr_5 @ptr_6 SL:timeRange] @ptr_7 [SL:city @ptr_8 @ptr_9 SL:city] @ptr_10 [SL:country @ptr_11 @ptr_12 @ptr_13 @ptr_14 @ptr_15 @ptr_16 @ptr_17 SL:country]
Is it sunny in Qatar	Is Ġit Ġsunny Ġin ĠQatar	@ptr_0 @ptr_1 [SL:condition_description @ptr_2 SL:condition_description] @ptr_3 [SL:country @ptr_4 SL:country]
Will the weather be cloudy seven weeks from now in Hinckley	Will Ġthe Ġweather Ġbe Ġcloudy Ġseven Ġweeks Ġfrom Ġnow Ġin ĠHin ck ley	@ptr_0 @ptr_1 @ptr_2 @ptr_3 [SL:condition_description @ptr_4 SL:condition_description] [SL:timeRange @ptr_5 @ptr_6 @ptr_7 @ptr_8 SL:timeRange] @ptr_9 [SL:city @ptr_10 @ptr_11 @ptr_12 SL:city]
In Morgan Mill will it be sunny	In ĠMorgan ĠMill Ġwill Ġit Ġbe Ġsunny	@ptr_0 [SL:city @ptr_1 @ptr_2 SL:city] @ptr_3 @ptr_4 @ptr_5 [SL:condition_description @ptr_6 SL:condition_description]
in 1 week is there going to be a depression in Washington	in Ġ1 Ġweek Ġis Ġthere Ġgoing Ġto Ġbe Ġa Ġdepression Ġin ĠWashington	[SL:timeRange @ptr_0 @ptr_1 @ptr_2 SL:timeRange] @ptr_3 @ptr_4 @ptr_5 @ptr_6 @ptr_7 @ptr_8 [SL:condition_description @ptr_9 SL:condition_description] @ptr_10 [SL:state @ptr_11 SL:state]
Will it rain here at 13:22:09	Will Ġit Ġrain Ġhere Ġat Ġ13 : 22 : 09	@ptr_0 @ptr_1 [SL:condition_description @ptr_2 SL:condition_description] [SL:current_location @ptr_3 SL:current_location] @ptr_4 [SL:timeRange @ptr_5 @ptr_6 @ptr_7 @ptr_8 @ptr_9 SL:timeRange]
Is it humid in Caddo Mills , KY	Is Ġit Ġhumid Ġin ĠC add o ĠMills Ġ, ĠKY	@ptr_0 @ptr_1 [SL:condition_description @ptr_2 SL:condition_description] @ptr_3 [SL:city @ptr_4 @ptr_5 @ptr_6 @ptr_7 SL:city] @ptr_8 [SL:state @ptr_9 SL:state]
Is it windy in June Park	Is Ġit Ġwind y Ġin ĠJune ĠPark	@ptr_0 @ptr_1 [SL:condition_description @ptr_2 @ptr_3 SL:condition_description] @ptr_4 [SL:city @ptr_5 @ptr_6 SL:city]
Is it snowy in DeMotte MS	Is Ġit Ġsnowy Ġin ĠDe M otte ĠMS	@ptr_0 @ptr_1 [SL:condition_description @ptr_2 SL:condition_description] @ptr_3 [SL:city @ptr_4 @ptr_5 @ptr_6 SL:city] [SL:state @ptr_7 SL:state]
Is it going to storm in Black Rock Alaska	Is Ġit Ġgoing Ġto Ġstorm Ġin ĠBlack ĠRock ĠAlaska	@ptr_0 @ptr_1 @ptr_2 @ptr_3 [SL:condition_description @ptr_4 SL:condition_description] @ptr_5 [SL:city @ptr_6 @ptr_7 SL:city] [SL:state @ptr_8 SL:state]
Is it cloudy in Tingley	Is Ġit Ġcloudy Ġin ĠT ing ley	@ptr_0 @ptr_1 [SL:condition_description @ptr_2 SL:condition_description] @ptr_3 [SL:city @ptr_4 @ptr_5 @ptr_6 SL:city]
Will there be a blizzard in Egypt	Will Ġthere Ġbe Ġa Ġbl izzard Ġin ĠEgypt	@ptr_0 @ptr_1 @ptr_2 @ptr_3 [SL:condition_description @ptr_4 @ptr_5 SL:condition_description] @ptr_6 [SL:country @ptr_7 SL:country]
Will there be a snowstorm around eight pm in Reed Island State Park	Will Ġthere Ġbe Ġa Ġsnow storm Ġaround Ġeight Ġpm Ġin ĠReed ĠIsland ĠState ĠPark	@ptr_0 @ptr_1 @ptr_2 @ptr_3 [SL:condition_description @ptr_4 @ptr_5 SL:condition_description] @ptr_6 [SL:timeRange @ptr_7 @ptr_8 SL:timeRange] @ptr_9 [SL:geographic_poi @ptr_10 @ptr_11 @ptr_12 @ptr_13 SL:geographic_poi]
Is it foggy in Phinizy Swamp Nature Park	Is Ġit Ġfog gy Ġin ĠPh in iz y ĠSwamp ĠNature ĠPark	@ptr_0 @ptr_1 [SL:condition_description @ptr_2 @ptr_3 SL:condition_description] @ptr_4 [SL:geographic_poi @ptr_5 @ptr_6 @ptr_7 @ptr_8 @ptr_9 @ptr_10 @ptr_11 SL:geographic_poi]
Will there be a blizzard next friday close in TN	Will Ġthere Ġbe Ġa Ġbl izzard Ġnext Ġfr iday Ġclose Ġin ĠTN	@ptr_0 @ptr_1 @ptr_2 @ptr_3 [SL:condition_description @ptr_4 @ptr_5 SL:condition_description] [SL:timeRange @ptr_6 @ptr_7 @ptr_8 SL:timeRange] [SL:spatial_relation @ptr_9 SL:spatial_relation] @ptr_10 [SL:state @ptr_11 SL:state]
will the sun come out today in Houston	will Ġthe Ġsun Ġcome Ġout Ġtoday Ġin ĠHouston	@ptr_0 @ptr_1 [SL:condition_description @ptr_2 SL:condition_description] @ptr_3 @ptr_4 [SL:timeRange @ptr_5 SL:timeRange] @ptr_6 [SL:city @ptr_7 SL:city]
Will there be a depression in the weather here on cyber monday	Will Ġthere Ġbe Ġa Ġdepression Ġin Ġthe Ġweather Ġhere Ġon Ġcyber Ġm onday	@ptr_0 @ptr_1 @ptr_2 @ptr_3 [SL:condition_description @ptr_4 SL:condition_description] @ptr_5 @ptr_6 @ptr_7 [SL:current_location @ptr_8 SL:current_location] @ptr_9 [SL:timeRange @ptr_10 @ptr_11 @ptr_12 SL:timeRange]
Will there be fog not far from Mexico on Apr. 27	Will Ġthere Ġbe Ġfog Ġnot Ġfar Ġfrom ĠMexico Ġon ĠApr . Ġ27	@ptr_0 @ptr_1 @ptr_2 [SL:condition_description @ptr_3 SL:condition_description] [SL:spatial_relation @ptr_4 @ptr_5 SL:spatial_relation] @ptr_6 [SL:country @ptr_7 SL:country] @ptr_8 [SL:timeRange @ptr_9 @ptr_10 @ptr_11 SL:timeRange]
Is there a blizzard coming to North Bonneville , OH around 10 o'clock	Is Ġthere Ġa Ġbl izzard Ġcoming Ġto ĠNorth ĠBon ne ville Ġ, ĠOH Ġaround Ġ10 Ġo ' clock	@ptr_0 @ptr_1 @ptr_2 [SL:condition_description @ptr_3 @ptr_4 SL:condition_description] @ptr_5 @ptr_6 [SL:city @ptr_7 @ptr_8 @ptr_9 @ptr_10 SL:city] @ptr_11 [SL:state @ptr_12 SL:state] @ptr_13 [SL:timeRange @ptr_14 @ptr_15 @ptr_16 @ptr_17 SL:timeRange]
Tell me if it will rain on 4/19/2030 in Angola	Tell Ġme Ġif Ġit Ġwill Ġrain Ġon Ġ4 / 19 / 20 30 Ġin ĠAngola	@ptr_0 @ptr_1 @ptr_2 @ptr_3 @ptr_4 [SL:condition_description @ptr_5 SL:condition_description] @ptr_6 [SL:timeRange @ptr_7 @ptr_8 @ptr_9 @ptr_10 @ptr_11 @ptr_12 SL:timeRange] @ptr_13 [SL:country @ptr_14 SL:country]
How much rain in Montana 12 months from now	How Ġmuch Ġrain Ġin ĠMontana Ġ12 Ġmonths Ġfrom Ġnow	@ptr_0 @ptr_1 [SL:condition_description @ptr_2 SL:condition_description] @ptr_3 [SL:state @ptr_4 SL:state] [SL:timeRange @ptr_5 @ptr_6 @ptr_7 @ptr_8 SL:timeRange]
How much fog is there in Hahnville	How Ġmuch Ġfog Ġis Ġthere Ġin ĠH ahn ville	@ptr_0 @ptr_1 [SL:condition_description @ptr_2 SL:condition_description] @ptr_3 @ptr_4 @ptr_5 [SL:city @ptr_6 @ptr_7 @ptr_8 SL:city]
there is fog weather in Grand Lake Nebraska	there Ġis Ġfog Ġweather Ġin ĠGrand ĠLake ĠNebraska	@ptr_0 @ptr_1 [SL:condition_description @ptr_2 SL:condition_description] @ptr_3 @ptr_4 [SL:city @ptr_5 @ptr_6 SL:city] [SL:state @ptr_7 SL:state]
How will be the weather condition near MI 129 days and a half from now	How Ġwill Ġbe Ġthe Ġweather Ġcondition Ġnear ĠMI Ġ129 Ġdays Ġand Ġa Ġhalf Ġfrom Ġnow	@ptr_0 @ptr_1 @ptr_2 @ptr_3 @ptr_4 @ptr_5 [SL:spatial_relation @ptr_6 SL:spatial_relation] [SL:state @ptr_7 SL:state] [SL:timeRange @ptr_8 @ptr_9 @ptr_10 @ptr_11 @ptr_12 @ptr_13 @ptr_14 SL:timeRange]
Will it be stormy not far from ID on 10/2/2021	Will Ġit Ġbe Ġstorm y Ġnot Ġfar Ġfrom ĠID Ġon Ġ10 / 2 / 20 21	@ptr_0 @ptr_1 @ptr_2 [SL:condition_description @ptr_3 @ptr_4 SL:condition_description] [SL:spatial_relation @ptr_5 @ptr_6 SL:spatial_relation] @ptr_7 [SL:state @ptr_8 SL:state] @ptr_9 [SL:timeRange @ptr_10 @ptr_11 @ptr_12 @ptr_13 @ptr_14 @ptr_15 SL:timeRange]
Will it be freezing within walking distance of Alaska	Will Ġit Ġbe Ġfreezing Ġwithin Ġwalking Ġdistance Ġof ĠAlaska	@ptr_0 @ptr_1 @ptr_2 [SL:condition_temperature @ptr_3 SL:condition_temperature] [SL:spatial_relation @ptr_4 @ptr_5 @ptr_6 SL:spatial_relation] @ptr_7 [SL:state @ptr_8 SL:state]
Is it snowy in Audra State Park or within the same area	Is Ġit Ġsnowy Ġin ĠAud ra ĠState ĠPark Ġor Ġwithin Ġthe Ġsame Ġarea	@ptr_0 @ptr_1 [SL:condition_description @ptr_2 SL:condition_description] @ptr_3 [SL:geographic_poi @ptr_4 @ptr_5 @ptr_6 @ptr_7 SL:geographic_poi] @ptr_8 [SL:spatial_relation @ptr_9 @ptr_10 @ptr_11 @ptr_12 SL:spatial_relation]
Will it be warm neighboring here in Whitehouse	Will Ġit Ġbe Ġwarm Ġneighboring Ġhere Ġin ĠWhite house	@ptr_0 @ptr_1 @ptr_2 [SL:condition_temperature @ptr_3 SL:condition_temperature] [SL:spatial_relation @ptr_4 SL:spatial_relation] [SL:current_location @ptr_5 SL:current_location] @ptr_6 [SL:city @ptr_7 @ptr_8 SL:city]
Is there weather going to get chilly when I get close to New York	Is Ġthere Ġweather Ġgoing Ġto Ġget Ġchilly Ġwhen ĠI Ġget Ġclose Ġto ĠNew ĠYork	@ptr_0 @ptr_1 @ptr_2 @ptr_3 @ptr_4 @ptr_5 [SL:condition_temperature @ptr_6 SL:condition_temperature] @ptr_7 @ptr_8 @ptr_9 [SL:spatial_relation @ptr_10 SL:spatial_relation] @ptr_11 [SL:state @ptr_12 @ptr_13 SL:state]
What's the weather forecast for tomorrow around Sankertown	What 's Ġthe Ġweather Ġforecast Ġfor Ġtomorrow Ġaround ĠS ank ert own	@ptr_0 @ptr_1 @ptr_2 @ptr_3 @ptr_4 @ptr_5 [SL:timeRange @ptr_6 SL:timeRange] [SL:spatial_relation @ptr_7 SL:spatial_relation] [SL:city @ptr_8 @ptr_9 @ptr_10 @ptr_11 SL:city]
Will it be temperate near Neylandville	Will Ġit Ġbe Ġtemper ate Ġnear ĠNey land ville	@ptr_0 @ptr_1 @ptr_2 [SL:condition_temperature @ptr_3 @ptr_4 SL:condition_temperature] [SL:spatial_relation @ptr_5 SL:spatial_relation] [SL:city @ptr_6 @ptr_7 @ptr_8 SL:city]
is it going to be windy faraway from the Valley of Fire	is Ġit Ġgoing Ġto Ġbe Ġwind y Ġfar away Ġfrom Ġthe ĠValley Ġof ĠFire	@ptr_0 @ptr_1 @ptr_2 @ptr_3 @ptr_4 [SL:condition_description @ptr_5 @ptr_6 SL:condition_description] [SL:spatial_relation @ptr_7 @ptr_8 SL:spatial_relation] @ptr_9 @ptr_10 [SL:geographic_poi @ptr_11 @ptr_12 @ptr_13 SL:geographic_poi]
What is the temperature in Western Sahara or within the same area three seconds from now	What Ġis Ġthe Ġtemperature Ġin ĠWestern ĠSahara Ġor Ġwithin Ġthe Ġsame Ġarea Ġthree Ġseconds Ġfrom Ġnow	@ptr_0 @ptr_1 @ptr_2 @ptr_3 @ptr_4 [SL:country @ptr_5 @ptr_6 SL:country] @ptr_7 [SL:spatial_relation @ptr_8 @ptr_9 @ptr_10 @ptr_11 SL:spatial_relation] [SL:timeRange @ptr_12 @ptr_13 @ptr_14 @ptr_15 SL:timeRange]
what will the weather be within the same area of Weir Farm National Historic Site	what Ġwill Ġthe Ġweather Ġbe Ġwithin Ġthe Ġsame Ġarea Ġof ĠWeir ĠFarm ĠNational ĠHistoric ĠSite	@ptr_0 @ptr_1 @ptr_2 @ptr_3 @ptr_4 [SL:spatial_relation @ptr_5 @ptr_6 @ptr_7 @ptr_8 SL:spatial_relation] @ptr_9 [SL:geographic_poi @ptr_10 @ptr_11 @ptr_12 @ptr_13 @ptr_14 SL:geographic_poi]
weather near California	weather Ġnear ĠCalifornia	@ptr_0 [SL:spatial_relation @ptr_1 SL:spatial_relation] [SL:state @ptr_2 SL:state]
Tell me the weather forecast nearby my current location	Tell Ġme Ġthe Ġweather Ġforecast Ġnearby Ġmy Ġcurrent Ġlocation	@ptr_0 @ptr_1 @ptr_2 @ptr_3 @ptr_4 [SL:spatial_relation @ptr_5 SL:spatial_relation] @ptr_6 [SL:current_location @ptr_7 @ptr_8 SL:current_location]
Tell me the weather forecast close by Brown County State Park for meal	Tell Ġme Ġthe Ġweather Ġforecast Ġclose Ġby ĠBrown ĠCounty ĠState ĠPark Ġfor Ġmeal	@ptr_0 @ptr_1 @ptr_2 @ptr_3 @ptr_4 [SL:spatial_relation @ptr_5 @ptr_6 SL:spatial_relation] [SL:geographic_poi @ptr_7 @ptr_8 @ptr_9 @ptr_10 SL:geographic_poi] @ptr_11 [SL:timeRange @ptr_12 SL:timeRange]
What's the weather far away in Estonia	What 's Ġthe Ġweather Ġfar Ġaway Ġin ĠEstonia	@ptr_0 @ptr_1 @ptr_2 @ptr_3 [SL:spatial_relation @ptr_4 SL:spatial_relation] @ptr_5 @ptr_6 [SL:country @ptr_7 SL:country]
What's the weather close to Cambodia at 05:44:13	What 's Ġthe Ġweather Ġclose Ġto ĠCambodia Ġat Ġ05 : 44 : 13	@ptr_0 @ptr_1 @ptr_2 @ptr_3 [SL:spatial_relation @ptr_4 SL:spatial_relation] @ptr_5 [SL:country @ptr_6 SL:country] @ptr_7 [SL:timeRange @ptr_8 @ptr_9 @ptr_10 @ptr_11 @ptr_12 SL:timeRange]
what is the nearby forecast for here at 15:26:11	what Ġis Ġthe Ġnearby Ġforecast Ġfor Ġhere Ġat Ġ15 : 26 : 11	@ptr_0 @ptr_1 @ptr_2 [SL:spatial_relation @ptr_3 SL:spatial_relation] @ptr_4 @ptr_5 [SL:current_location @ptr_6 SL:current_location] @ptr_7 [SL:timeRange @ptr_8 @ptr_9 @ptr_10 @ptr_11 @ptr_12 SL:timeRange]
Is it going to be hotter within walking distance of Ohio on 3/22/2038	Is Ġit Ġgoing Ġto Ġbe Ġhotter Ġwithin Ġwalking Ġdistance Ġof ĠOhio Ġon Ġ3 / 22 / 20 38	@ptr_0 @ptr_1 @ptr_2 @ptr_3 @ptr_4 [SL:condition_temperature @ptr_5 SL:condition_temperature] [SL:spatial_relation @ptr_6 @ptr_7 @ptr_8 SL:spatial_relation] @ptr_9 [SL:state @ptr_10 SL:state] @ptr_11 [SL:timeRange @ptr_12 @ptr_13 @ptr_14 @ptr_15 @ptr_16 @ptr_17 SL:timeRange]
what is the forecast for colder conditions within the same area of this current place	what Ġis Ġthe Ġforecast Ġfor Ġcolder Ġconditions Ġwithin Ġthe Ġsame Ġarea Ġof Ġthis Ġcurrent Ġplace	@ptr_0 @ptr_1 @ptr_2 @ptr_3 @ptr_4 [SL:condition_temperature @ptr_5 SL:condition_temperature] @ptr_6 [SL:spatial_relation @ptr_7 @ptr_8 @ptr_9 @ptr_10 SL:spatial_relation] @ptr_11 @ptr_12 [SL:current_location @ptr_13 @ptr_14 SL:current_location]
What is the weather like within walking distance of the Nationalpark Drawa	What Ġis Ġthe Ġweather Ġlike Ġwithin Ġwalking Ġdistance Ġof Ġthe ĠNational park ĠDraw a	@ptr_0 @ptr_1 @ptr_2 @ptr_3 @ptr_4 [SL:spatial_relation @ptr_5 @ptr_6 @ptr_7 SL:spatial_relation] @ptr_8 @ptr_9 [SL:geographic_poi @ptr_10 @ptr_11 @ptr_12 @ptr_13 SL:geographic_poi]
what is the current spot forecast for far areas and warmer	what Ġis Ġthe Ġcurrent Ġspot Ġforecast Ġfor Ġfar Ġareas Ġand Ġwarmer	@ptr_0 @ptr_1 @ptr_2 [SL:current_location @ptr_3 @ptr_4 SL:current_location] @ptr_5 @ptr_6 [SL:spatial_relation @ptr_7 SL:spatial_relation] @ptr_8 @ptr_9 [SL:condition_temperature @ptr_10 SL:condition_temperature]
Whats the temperature not far from Valley of Fire	Wh ats Ġthe Ġtemperature Ġnot Ġfar Ġfrom ĠValley Ġof ĠFire	@ptr_0 @ptr_1 @ptr_2 @ptr_3 [SL:spatial_relation @ptr_4 @ptr_5 SL:spatial_relation] @ptr_6 [SL:geographic_poi @ptr_7 @ptr_8 @ptr_9 SL:geographic_poi]
Will it be chillier on october 17 nearby East Glacier Park	Will Ġit Ġbe Ġchill ier Ġon Ġoct ober Ġ17 Ġnearby ĠEast ĠGlacier ĠPark	@ptr_0 @ptr_1 @ptr_2 [SL:condition_temperature @ptr_3 @ptr_4 SL:condition_temperature] @ptr_5 [SL:timeRange @ptr_6 @ptr_7 @ptr_8 SL:timeRange] [SL:spatial_relation @ptr_9 SL:spatial_relation] [SL:city @ptr_10 @ptr_11 @ptr_12 SL:city]
What is the weather forecast in nine months within walking distance of Ohio	What Ġis Ġthe Ġweather Ġforecast Ġin Ġnine Ġmonths Ġwithin Ġwalking Ġdistance Ġof ĠOhio	@ptr_0 @ptr_1 @ptr_2 @ptr_3 @ptr_4 [SL:timeRange @ptr_5 @ptr_6 @ptr_7 SL:timeRange] [SL:spatial_relation @ptr_8 @ptr_9 @ptr_10 SL:spatial_relation] @ptr_11 [SL:state @ptr_12 SL:state]
Hows the weather supposed to be on April eleventh close by Lyons Ferry Park	H ows Ġthe Ġweather Ġsupposed Ġto Ġbe Ġon ĠApril Ġele venth Ġclose Ġby ĠLyons ĠFerry ĠPark	@ptr_0 @ptr_1 @ptr_2 @ptr_3 @ptr_4 @ptr_5 @ptr_6 @ptr_7 [SL:timeRange @ptr_8 @ptr_9 @ptr_10 SL:timeRange] [SL:spatial_relation @ptr_11 @ptr_12 SL:spatial_relation] [SL:geographic_poi @ptr_13 @ptr_14 @ptr_15 SL:geographic_poi]
What will the weather be like here on September 17, 2040	What Ġwill Ġthe Ġweather Ġbe Ġlike Ġhere Ġon ĠSeptember Ġ17 , Ġ20 40	@ptr_0 @ptr_1 @ptr_2 @ptr_3 @ptr_4 @ptr_5 [SL:current_location @ptr_6 SL:current_location] @ptr_7 [SL:timeRange @ptr_8 @ptr_9 @ptr_10 @ptr_11 @ptr_12 SL:timeRange]
what is the forecast for in eighteen minutes here for colder	what Ġis Ġthe Ġforecast Ġfor Ġin Ġeighteen Ġminutes Ġhere Ġfor Ġcolder	@ptr_0 @ptr_1 @ptr_2 @ptr_3 @ptr_4 [SL:timeRange @ptr_5 @ptr_6 @ptr_7 SL:timeRange] [SL:current_location @ptr_8 SL:current_location] @ptr_9 [SL:condition_temperature @ptr_10 SL:condition_temperature]
What will the weather be like at my current spot on january the 19th	What Ġwill Ġthe Ġweather Ġbe Ġlike Ġat Ġmy Ġcurrent Ġspot Ġon Ġjan uary Ġthe Ġ19 th	@ptr_0 @ptr_1 @ptr_2 @ptr_3 @ptr_4 @ptr_5 @ptr_6 @ptr_7 [SL:current_location @ptr_8 @ptr_9 SL:current_location] @ptr_10 [SL:timeRange @ptr_11 @ptr_12 @ptr_13 @ptr_14 @ptr_15 SL:timeRange]
Will it in hail in my current position on 12/10/2035	Will Ġit Ġin Ġhail Ġin Ġmy Ġcurrent Ġposition Ġon Ġ12 / 10 / 20 35	@ptr_0 @ptr_1 @ptr_2 [SL:condition_description @ptr_3 SL:condition_description] @ptr_4 @ptr_5 [SL:current_location @ptr_6 @ptr_7 SL:current_location] @ptr_8 [SL:timeRange @ptr_9 @ptr_10 @ptr_11 @ptr_12 @ptr_13 @ptr_14 SL:timeRange]
What's the weather forecast for next week at my current position	What 's Ġthe Ġweather Ġforecast Ġfor Ġnext Ġweek Ġat Ġmy Ġcurrent Ġposition	@ptr_0 @ptr_1 @ptr_2 @ptr_3 @ptr_4 @ptr_5 [SL:timeRange @ptr_6 @ptr_7 SL:timeRange] @ptr_8 @ptr_9 [SL:current_location @ptr_10 @ptr_11 SL:current_location]
what is the twenty one o'clock forecast for the current spot	what Ġis Ġthe Ġtwenty Ġone Ġo ' clock Ġforecast Ġfor Ġthe Ġcurrent Ġspot	@ptr_0 @ptr_1 @ptr_2 [SL:timeRange @ptr_3 @ptr_4 @ptr_5 @ptr_6 @ptr_7 SL:timeRange] @ptr_8 @ptr_9 @ptr_10 [SL:current_location @ptr_11 @ptr_12 SL:current_location]
what is the cold forecast for our current position	what Ġis Ġthe Ġcold Ġforecast Ġfor Ġour Ġcurrent Ġposition	@ptr_0 @ptr_1 @ptr_2 [SL:condition_temperature @ptr_3 SL:condition_temperature] @ptr_4 @ptr_5 @ptr_6 [SL:current_location @ptr_7 @ptr_8 SL:current_location]
What will the weather be here	What Ġwill Ġthe Ġweather Ġbe Ġhere	@ptr_0 @ptr_1 @ptr_2 @ptr_3 @ptr_4 [SL:current_location @ptr_5 SL:current_location]
what is the weather in current location on december the 23rd, 2027	what Ġis Ġthe Ġweather Ġin Ġcurrent Ġlocation Ġon Ġde cember Ġthe Ġ23 rd , Ġ20 27	@ptr_0 @ptr_1 @ptr_2 @ptr_3 @ptr_4 [SL:current_location @ptr_5 @ptr_6 SL:current_location] @ptr_7 [SL:timeRange @ptr_8 @ptr_9 @ptr_10 @ptr_11 @ptr_12 @ptr_13 @ptr_14 @ptr_15 SL:timeRange]
What will the weather be like 1 minute from now within the same area of my current location	What Ġwill Ġthe Ġweather Ġbe Ġlike Ġ1 Ġminute Ġfrom Ġnow Ġwithin Ġthe Ġsame Ġarea Ġof Ġmy Ġcurrent Ġlocation	@ptr_0 @ptr_1 @ptr_2 @ptr_3 @ptr_4 @ptr_5 [SL:timeRange @ptr_6 @ptr_7 @ptr_8 @ptr_9 SL:timeRange] [SL:spatial_relation @ptr_10 @ptr_11 @ptr_12 @ptr_13 SL:spatial_relation] @ptr_14 @ptr_15 [SL:current_location @ptr_16 @ptr_17 SL:current_location]
Will it be colder here one minute from now	Will Ġit Ġbe Ġcolder Ġhere Ġone Ġminute Ġfrom Ġnow	@ptr_0 @ptr_1 @ptr_2 [SL:condition_temperature @ptr_3 SL:condition_temperature] [SL:current_location @ptr_4 SL:current_location] [SL:timeRange @ptr_5 @ptr_6 @ptr_7 @ptr_8 SL:timeRange]
She me the weather in the current place for nov. the 9th	She Ġme Ġthe Ġweather Ġin Ġthe Ġcurrent Ġplace Ġfor Ġno v . Ġthe Ġ9 th	@ptr_0 @ptr_1 @ptr_2 @ptr_3 @ptr_4 @ptr_5 [SL:current_location @ptr_6 @ptr_7 SL:current_location] @ptr_8 [SL:timeRange @ptr_9 @ptr_10 @ptr_11 @ptr_12 @ptr_13 @ptr_14 SL:timeRange]
What is the weather here at 7 am	What Ġis Ġthe Ġweather Ġhere Ġat Ġ7 Ġam	@ptr_0 @ptr_1 @ptr_2 @ptr_3 [SL:current_location @ptr_4 SL:current_location] @ptr_5 [SL:timeRange @ptr_6 @ptr_7 SL:timeRange]
Tell me the weather forecast for april 15, 2019 here	Tell Ġme Ġthe Ġweather Ġforecast Ġfor Ġapr il Ġ15 , Ġ2019 Ġhere	@ptr_0 @ptr_1 @ptr_2 @ptr_3 @ptr_4 @ptr_5 [SL:timeRange @ptr_6 @ptr_7 @ptr_8 @ptr_9 @ptr_10 SL:timeRange] [SL:current_location @ptr_11 SL:current_location]
Tell me when it'll be hotter here	Tell Ġme Ġwhen Ġit 'll Ġbe Ġhotter Ġhere	@ptr_0 @ptr_1 @ptr_2 @ptr_3 @ptr_4 @ptr_5 [SL:condition_temperature @ptr_6 SL:condition_temperature] [SL:current_location @ptr_7 SL:current_location]
What's the weather forecast not far from here	What 's Ġthe Ġweather Ġforecast Ġnot Ġfar Ġfrom Ġhere	@ptr_0 @ptr_1 @ptr_2 @ptr_3 @ptr_4 [SL:spatial_relation @ptr_5 @ptr_6 SL:spatial_relation] @ptr_7 [SL:current_location @ptr_8 SL:current_location]
How is the weather far from my current place in 42 weeks	How Ġis Ġthe Ġweather Ġfar Ġfrom Ġmy Ġcurrent Ġplace Ġin Ġ42 Ġweeks	@ptr_0 @ptr_1 @ptr_2 @ptr_3 [SL:spatial_relation @ptr_4 SL:spatial_relation] @ptr_5 @ptr_6 [SL:current_location @ptr_7 @ptr_8 SL:current_location] [SL:timeRange @ptr_9 @ptr_10 @ptr_11 SL:timeRange]
How snowy will it be in this current place on Feb. first, 2034	How Ġsnowy Ġwill Ġit Ġbe Ġin Ġthis Ġcurrent Ġplace Ġon ĠFeb . Ġfirst , Ġ20 34	@ptr_0 [SL:condition_description @ptr_1 SL:condition_description] @ptr_2 @ptr_3 @ptr_4 @ptr_5 @ptr_6 [SL:current_location @ptr_7 @ptr_8 SL:current_location] @ptr_9 [SL:timeRange @ptr_10 @ptr_11 @ptr_12 @ptr_13 @ptr_14 @ptr_15 SL:timeRange]
Tell me when it will be warmer in my current position	Tell Ġme Ġwhen Ġit Ġwill Ġbe Ġwarmer Ġin Ġmy Ġcurrent Ġposition	@ptr_0 @ptr_1 @ptr_2 @ptr_3 @ptr_4 @ptr_5 [SL:condition_temperature @ptr_6 SL:condition_temperature] @ptr_7 @ptr_8 [SL:current_location @ptr_9 @ptr_10 SL:current_location]
What is the weather here	What Ġis Ġthe Ġweather Ġhere	@ptr_0 @ptr_1 @ptr_2 @ptr_3 [SL:current_location @ptr_4 SL:current_location]
Is it forecast to be windy here in seven seconds	Is Ġit Ġforecast Ġto Ġbe Ġwind y Ġhere Ġin Ġseven Ġseconds	@ptr_0 @ptr_1 @ptr_2 @ptr_3 @ptr_4 [SL:condition_description @ptr_5 @ptr_6 SL:condition_description] [SL:current_location @ptr_7 SL:current_location] [SL:timeRange @ptr_8 @ptr_9 @ptr_10 SL:timeRange]
Will it be warmer in my current position	Will Ġit Ġbe Ġwarmer Ġin Ġmy Ġcurrent Ġposition	@ptr_0 @ptr_1 @ptr_2 [SL:condition_temperature @ptr_3 SL:condition_temperature] @ptr_4 @ptr_5 [SL:current_location @ptr_6 @ptr_7 SL:current_location]
What's the weather here at 2 PM.	What 's Ġthe Ġweather Ġhere Ġat Ġ2 ĠPM .	@ptr_0 @ptr_1 @ptr_2 @ptr_3 [SL:current_location @ptr_4 SL:current_location] @ptr_5 [SL:timeRange @ptr_6 @ptr_7 @ptr_8 SL:timeRange]
Is it temperate in the current location now	Is Ġit Ġtemper ate Ġin Ġthe Ġcurrent Ġlocation Ġnow	@ptr_0 @ptr_1 [SL:condition_temperature @ptr_2 @ptr_3 SL:condition_temperature] @ptr_4 @ptr_5 [SL:current_location @ptr_6 @ptr_7 SL:current_location] [SL:timeRange @ptr_8 SL:timeRange]
What will the weather be in the current position on Dec. 23	What Ġwill Ġthe Ġweather Ġbe Ġin Ġthe Ġcurrent Ġposition Ġon ĠDec . Ġ23	@ptr_0 @ptr_1 @ptr_2 @ptr_3 @ptr_4 @ptr_5 @ptr_6 [SL:current_location @ptr_7 @ptr_8 SL:current_location] @ptr_9 [SL:timeRange @ptr_10 @ptr_11 @ptr_12 SL:timeRange]
Will it be colder in Oaklawn Zambia	Will Ġit Ġbe Ġcolder Ġin ĠOak l awn ĠZamb ia	@ptr_0 @ptr_1 @ptr_2 [SL:condition_temperature @ptr_3 SL:condition_temperature] @ptr_4 [SL:city @ptr_5 @ptr_6 @ptr_7 SL:city] [SL:country @ptr_8 @ptr_9 SL:country]
Will it be colder 1 hour from now noew in East Dundee Zimbabwe	Will Ġit Ġbe Ġcolder Ġ1 Ġhour Ġfrom Ġnow Ġno ew Ġin ĠEast ĠDund ee ĠZimbabwe	@ptr_0 @ptr_1 @ptr_2 [SL:condition_temperature @ptr_3 SL:condition_temperature] [SL:timeRange @ptr_4 @ptr_5 @ptr_6 @ptr_7 SL:timeRange] @ptr_8 @ptr_9 @ptr_10 [SL:city @ptr_11 @ptr_12 @ptr_13 SL:city] [SL:country @ptr_14 SL:country]
is the weather freezing in AK	is Ġthe Ġweather Ġfreezing Ġin ĠAK	@ptr_0 @ptr_1 @ptr_2 [SL:condition_temperature @ptr_3 SL:condition_temperature] @ptr_4 [SL:state @ptr_5 SL:state]
Will it be chilly at 4 in Druid Hills AMerican Samoa	Will Ġit Ġbe Ġchilly Ġat Ġ4 Ġin ĠDruid ĠHills ĠAM er ican ĠSamoa	@ptr_0 @ptr_1 @ptr_2 [SL:condition_temperature @ptr_3 SL:condition_temperature] @ptr_4 [SL:timeRange @ptr_5 SL:timeRange] @ptr_6 [SL:city @ptr_7 @ptr_8 SL:city] [SL:country @ptr_9 @ptr_10 @ptr_11 @ptr_12 SL:country]
In Hawaii will it be warmer at 3 am	In ĠHawaii Ġwill Ġit Ġbe Ġwarmer Ġat Ġ3 Ġam	@ptr_0 [SL:state @ptr_1 SL:state] @ptr_2 @ptr_3 @ptr_4 [SL:condition_temperature @ptr_5 SL:condition_temperature] @ptr_6 [SL:timeRange @ptr_7 @ptr_8 SL:timeRange]
Will it be colder in San Pablo today	Will Ġit Ġbe Ġcolder Ġin ĠSan ĠPablo Ġtoday	@ptr_0 @ptr_1 @ptr_2 [SL:condition_temperature @ptr_3 SL:condition_temperature] @ptr_4 [SL:city @ptr_5 @ptr_6 SL:city] [SL:timeRange @ptr_7 SL:timeRange]
Is it hot in Bolivia	Is Ġit Ġhot Ġin ĠBolivia	@ptr_0 @ptr_1 [SL:condition_temperature @ptr_2 SL:condition_temperature] @ptr_3 [SL:country @ptr_4 SL:country]
Is it freezing near Medley	Is Ġit Ġfreezing Ġnear ĠMed ley	@ptr_0 @ptr_1 [SL:condition_temperature @ptr_2 SL:condition_temperature] [SL:spatial_relation @ptr_3 SL:spatial_relation] [SL:city @ptr_4 @ptr_5 SL:city]
Will it be warmer in my current position	Will Ġit Ġbe Ġwarmer Ġin Ġmy Ġcurrent Ġposition	@ptr_0 @ptr_1 @ptr_2 [SL:condition_temperature @ptr_3 SL:condition_temperature] @ptr_4 @ptr_5 [SL:current_location @ptr_6 @ptr_7 SL:current_location]
Will it get cold in Nationalpark Mu Ko Phetra	Will Ġit Ġget Ġcold Ġin ĠNational park ĠMu ĠKo ĠP het ra	@ptr_0 @ptr_1 @ptr_2 [SL:condition_temperature @ptr_3 SL:condition_temperature] @ptr_4 [SL:geographic_poi @ptr_5 @ptr_6 @ptr_7 @ptr_8 @ptr_9 @ptr_10 @ptr_11 SL:geographic_poi]
what is the forecast for hot temps in Kuwait in Augusta Springs	what Ġis Ġthe Ġforecast Ġfor Ġhot Ġtem ps Ġin ĠKuwait Ġin ĠAugusta ĠSprings	@ptr_0 @ptr_1 @ptr_2 @ptr_3 @ptr_4 [SL:condition_temperature @ptr_5 SL:condition_temperature] @ptr_6 @ptr_7 @ptr_8 [SL:country @ptr_9 SL:country] @ptr_10 [SL:city @ptr_11 @ptr_12 SL:city]
Is it going to be temperate in Farallon Islands now	Is Ġit Ġgoing Ġto Ġbe Ġtemper ate Ġin ĠFar all on ĠIslands Ġnow	@ptr_0 @ptr_1 @ptr_2 @ptr_3 @ptr_4 [SL:condition_temperature @ptr_5 @ptr_6 SL:condition_temperature] @ptr_7 [SL:geographic_poi @ptr_8 @ptr_9 @ptr_10 @ptr_11 SL:geographic_poi] [SL:timeRange @ptr_12 SL:timeRange]
how cold is it in Princeton Junction	how Ġcold Ġis Ġit Ġin ĠPrinceton ĠJunction	@ptr_0 [SL:condition_temperature @ptr_1 SL:condition_temperature] @ptr_2 @ptr_3 @ptr_4 [SL:city @ptr_5 @ptr_6 SL:city]
Will it get colder in Alaska	Will Ġit Ġget Ġcolder Ġin ĠAlaska	@ptr_0 @ptr_1 @ptr_2 [SL:condition_temperature @ptr_3 SL:condition_temperature] @ptr_4 [SL:state @ptr_5 SL:state]
Is it going to be warmer in 2 years and a half in Deweese	Is Ġit Ġgoing Ġto Ġbe Ġwarmer Ġin Ġ2 Ġyears Ġand Ġa Ġhalf Ġin ĠDew e ese	@ptr_0 @ptr_1 @ptr_2 @ptr_3 @ptr_4 [SL:condition_temperature @ptr_5 SL:condition_temperature] [SL:timeRange @ptr_6 @ptr_7 @ptr_8 @ptr_9 @ptr_10 @ptr_11 SL:timeRange] @ptr_12 [SL:city @ptr_13 @ptr_14 @ptr_15 SL:city]
Is it freezing in Kelso	Is Ġit Ġfreezing Ġin ĠKel so	@ptr_0 @ptr_1 [SL:condition_temperature @ptr_2 SL:condition_temperature] @ptr_3 [SL:city @ptr_4 @ptr_5 SL:city]
Congress has warmer	Congress Ġhas Ġwarmer	[SL:city @ptr_0 SL:city] @ptr_1 [SL:condition_temperature @ptr_2 SL:condition_temperature]
When will it be hot in Millvale	When Ġwill Ġit Ġbe Ġhot Ġin ĠMill vale	@ptr_0 @ptr_1 @ptr_2 @ptr_3 [SL:condition_temperature @ptr_4 SL:condition_temperature] @ptr_5 [SL:city @ptr_6 @ptr_7 SL:city]
what is the Fiji forecast for warm	what Ġis Ġthe ĠFiji Ġforecast Ġfor Ġwarm	@ptr_0 @ptr_1 @ptr_2 [SL:country @ptr_3 SL:country] @ptr_4 @ptr_5 [SL:condition_temperature @ptr_6 SL:condition_temperature]
Will it be warmer in 20 minutes at Natural Park of Las Batuecas	Will Ġit Ġbe Ġwarmer Ġin Ġ20 Ġminutes Ġat ĠNatural ĠPark Ġof ĠLas ĠBat ue cas	@ptr_0 @ptr_1 @ptr_2 [SL:condition_temperature @ptr_3 SL:condition_temperature] [SL:timeRange @ptr_4 @ptr_5 @ptr_6 SL:timeRange] @ptr_7 [SL:geographic_poi @ptr_8 @ptr_9 @ptr_10 @ptr_11 @ptr_12 @ptr_13 @ptr_14 SL:geographic_poi]
will the weather be warm in August at the faraway in Micronesia	will Ġthe Ġweather Ġbe Ġwarm Ġin ĠAugust Ġat Ġthe Ġfar away Ġin ĠMic rones ia	@ptr_0 @ptr_1 @ptr_2 @ptr_3 [SL:condition_temperature @ptr_4 SL:condition_temperature] @ptr_5 [SL:timeRange @ptr_6 SL:timeRange] @ptr_7 @ptr_8 [SL:spatial_relation @ptr_9 @ptr_10 SL:spatial_relation] @ptr_11 [SL:country @ptr_12 @ptr_13 @ptr_14 SL:country]
Will it be chilly in Penuelas Indonesia on Nov. 26th, 2030	Will Ġit Ġbe Ġchilly Ġin ĠPen uel as ĠIndonesia Ġon ĠNov . Ġ26 th , Ġ2030	@ptr_0 @ptr_1 @ptr_2 [SL:condition_temperature @ptr_3 SL:condition_temperature] @ptr_4 [SL:city @ptr_5 @ptr_6 @ptr_7 SL:city] [SL:country @ptr_8 SL:country] @ptr_9 [SL:timeRange @ptr_10 @ptr_11 @ptr_12 @ptr_13 @ptr_14 @ptr_15 SL:timeRange]
in California will it be cold in East Trenton Heights	in ĠCalifornia Ġwill Ġit Ġbe Ġcold Ġin ĠEast ĠTrent on ĠHeights	@ptr_0 [SL:state @ptr_1 SL:state] @ptr_2 @ptr_3 @ptr_4 [SL:condition_temperature @ptr_5 SL:condition_temperature] @ptr_6 [SL:city @ptr_7 @ptr_8 @ptr_9 @ptr_10 SL:city]
Will it get chillier in Sinclair in 8 hours	Will Ġit Ġget Ġchill ier Ġin ĠSinclair Ġin Ġ8 Ġhours	@ptr_0 @ptr_1 @ptr_2 [SL:condition_temperature @ptr_3 @ptr_4 SL:condition_temperature] @ptr_5 [SL:city @ptr_6 SL:city] [SL:timeRange @ptr_7 @ptr_8 @ptr_9 SL:timeRange]
Will it be colder in Noblesville East Timor at 3 pm	Will Ġit Ġbe Ġcolder Ġin ĠNob les ville ĠEast ĠTim or Ġat Ġ3 Ġpm	@ptr_0 @ptr_1 @ptr_2 [SL:condition_temperature @ptr_3 SL:condition_temperature] @ptr_4 [SL:city @ptr_5 @ptr_6 @ptr_7 SL:city] [SL:country @ptr_8 @ptr_9 @ptr_10 SL:country] @ptr_11 [SL:timeRange @ptr_12 @ptr_13 SL:timeRange]
Will it be snowy in Pillow Indiana	Will Ġit Ġbe Ġsnowy Ġin ĠPill ow ĠIndiana	@ptr_0 @ptr_1 @ptr_2 [SL:condition_description @ptr_3 SL:condition_description] @ptr_4 [SL:city @ptr_5 @ptr_6 SL:city] [SL:state @ptr_7 SL:state]
Will the weather close by be warmer in Kentucky	Will Ġthe Ġweather Ġclose Ġby Ġbe Ġwarmer Ġin ĠKentucky	@ptr_0 @ptr_1 @ptr_2 [SL:spatial_relation @ptr_3 @ptr_4 SL:spatial_relation] @ptr_5 [SL:condition_temperature @ptr_6 SL:condition_temperature] @ptr_7 [SL:state @ptr_8 SL:state]
Is there forecast to be snow in GU this summer	Is Ġthere Ġforecast Ġto Ġbe Ġsnow Ġin ĠGU Ġthis Ġsummer	@ptr_0 @ptr_1 @ptr_2 @ptr_3 @ptr_4 [SL:condition_description @ptr_5 SL:condition_description] @ptr_6 [SL:state @ptr_7 SL:state] [SL:timeRange @ptr_8 @ptr_9 SL:timeRange]
What's the weather going to be in 7 hours in FM	What 's Ġthe Ġweather Ġgoing Ġto Ġbe Ġin Ġ7 Ġhours Ġin ĠFM	@ptr_0 @ptr_1 @ptr_2 @ptr_3 @ptr_4 @ptr_5 @ptr_6 [SL:timeRange @ptr_7 @ptr_8 @ptr_9 SL:timeRange] @ptr_10 [SL:state @ptr_11 SL:state]
When it comes to Dukes and the District Of Columbia , what will the weather be in one hour	When Ġit Ġcomes Ġto ĠD ukes Ġand Ġthe ĠDistrict ĠOf ĠColumbia Ġ, Ġwhat Ġwill Ġthe Ġweather Ġbe Ġin Ġone Ġhour	@ptr_0 @ptr_1 @ptr_2 @ptr_3 [SL:city @ptr_4 @ptr_5 SL:city] @ptr_6 @ptr_7 [SL:state @ptr_8 @ptr_9 @ptr_10 SL:state] @ptr_11 @ptr_12 @ptr_13 @ptr_14 @ptr_15 @ptr_16 [SL:timeRange @ptr_17 @ptr_18 @ptr_19 SL:timeRange]
Tell me the weather forecast for Lecanto , Georgia	Tell Ġme Ġthe Ġweather Ġforecast Ġfor ĠL ec anto Ġ, ĠGeorgia	@ptr_0 @ptr_1 @ptr_2 @ptr_3 @ptr_4 @ptr_5 [SL:city @ptr_6 @ptr_7 @ptr_8 SL:city] @ptr_9 [SL:state @ptr_10 SL:state]
What's the weather like nearby in Rhode Island	What 's Ġthe Ġweather Ġlike Ġnearby Ġin ĠRhode ĠIsland	@ptr_0 @ptr_1 @ptr_2 @ptr_3 @ptr_4 [SL:spatial_relation @ptr_5 SL:spatial_relation] @ptr_6 [SL:state @ptr_7 @ptr_8 SL:state]
What's the weather forecast for North Wolcott , Alabama on october 12, 2032	What 's Ġthe Ġweather Ġforecast Ġfor ĠNorth ĠWol cott Ġ, ĠAlabama Ġon Ġoct ober Ġ12 , Ġ20 32	@ptr_0 @ptr_1 @ptr_2 @ptr_3 @ptr_4 @ptr_5 [SL:city @ptr_6 @ptr_7 @ptr_8 SL:city] @ptr_9 [SL:state @ptr_10 SL:state] @ptr_11 [SL:timeRange @ptr_12 @ptr_13 @ptr_14 @ptr_15 @ptr_16 @ptr_17 SL:timeRange]
What will the weather be at thirteen in NJ	What Ġwill Ġthe Ġweather Ġbe Ġat Ġthirteen Ġin ĠNJ	@ptr_0 @ptr_1 @ptr_2 @ptr_3 @ptr_4 @ptr_5 [SL:timeRange @ptr_6 SL:timeRange] @ptr_7 [SL:state @ptr_8 SL:state]
what is the PW forecast for stormy	what Ġis Ġthe ĠPW Ġforecast Ġfor Ġstorm y	@ptr_0 @ptr_1 @ptr_2 [SL:state @ptr_3 SL:state] @ptr_4 @ptr_5 [SL:condition_description @ptr_6 @ptr_7 SL:condition_description]
What's the weather forecast for East Berlin , AL	What 's Ġthe Ġweather Ġforecast Ġfor ĠEast ĠBerlin Ġ, ĠAL	@ptr_0 @ptr_1 @ptr_2 @ptr_3 @ptr_4 @ptr_5 [SL:city @ptr_6 @ptr_7 SL:city] @ptr_8 [SL:state @ptr_9 SL:state]
What's the weather forecast at sixteen in Oklahoma	What 's Ġthe Ġweather Ġforecast Ġat Ġsixteen Ġin ĠOklahoma	@ptr_0 @ptr_1 @ptr_2 @ptr_3 @ptr_4 @ptr_5 [SL:timeRange @ptr_6 SL:timeRange] @ptr_7 [SL:state @ptr_8 SL:state]
Weather for Oct. 16 in MO	Weather Ġfor ĠOct . Ġ16 Ġin ĠMO	@ptr_0 @ptr_1 [SL:timeRange @ptr_2 @ptr_3 @ptr_4 SL:timeRange] @ptr_5 [SL:state @ptr_6 SL:state]
Is it going to storm in NE	Is Ġit Ġgoing Ġto Ġstorm Ġin ĠNE	@ptr_0 @ptr_1 @ptr_2 @ptr_3 [SL:condition_description @ptr_4 SL:condition_description] @ptr_5 [SL:state @ptr_6 SL:state]
What will the weather be like May the 10th in Rocky Boy WI	What Ġwill Ġthe Ġweather Ġbe Ġlike ĠMay Ġthe Ġ10 th Ġin ĠRocky ĠBoy ĠWI	@ptr_0 @ptr_1 @ptr_2 @ptr_3 @ptr_4 @ptr_5 [SL:timeRange @ptr_6 @ptr_7 @ptr_8 @ptr_9 SL:timeRange] @ptr_10 [SL:city @ptr_11 @ptr_12 SL:city] [SL:state @ptr_13 SL:state]
Is it going to be temperate at six am in Washington	Is Ġit Ġgoing Ġto Ġbe Ġtemper ate Ġat Ġsix Ġam Ġin ĠWashington	@ptr_0 @ptr_1 @ptr_2 @ptr_3 @ptr_4 [SL:condition_temperature @ptr_5 @ptr_6 SL:condition_temperature] @ptr_7 [SL:timeRange @ptr_8 @ptr_9 SL:timeRange] @ptr_10 [SL:state @ptr_11 SL:state]
Is it going to be warm on march the 12th in Pendleton , Delaware	Is Ġit Ġgoing Ġto Ġbe Ġwarm Ġon Ġmarch Ġthe Ġ12 th Ġin ĠPend leton Ġ, ĠDelaware	@ptr_0 @ptr_1 @ptr_2 @ptr_3 @ptr_4 [SL:condition_temperature @ptr_5 SL:condition_temperature] @ptr_6 [SL:timeRange @ptr_7 @ptr_8 @ptr_9 @ptr_10 SL:timeRange] @ptr_11 [SL:city @ptr_12 @ptr_13 SL:city] @ptr_14 [SL:state @ptr_15 SL:state]
Is it supposed to gt colder in OR	Is Ġit Ġsupposed Ġto Ġg t Ġcolder Ġin ĠOR	@ptr_0 @ptr_1 @ptr_2 @ptr_3 @ptr_4 @ptr_5 [SL:condition_temperature @ptr_6 SL:condition_temperature] @ptr_7 [SL:state @ptr_8 SL:state]
will it be colder at midnight in Washington	will Ġit Ġbe Ġcolder Ġat Ġmidnight Ġin ĠWashington	@ptr_0 @ptr_1 @ptr_2 [SL:condition_temperature @ptr_3 SL:condition_temperature] @ptr_4 [SL:timeRange @ptr_5 SL:timeRange] @ptr_6 [SL:state @ptr_7 SL:state]
Is the forecast colder in Idaho 1 second from now	Is Ġthe Ġforecast Ġcolder Ġin ĠIdaho Ġ1 Ġsecond Ġfrom Ġnow	@ptr_0 @ptr_1 @ptr_2 [SL:condition_temperature @ptr_3 SL:condition_temperature] @ptr_4 [SL:state @ptr_5 SL:state] [SL:timeRange @ptr_6 @ptr_7 @ptr_8 @ptr_9 SL:timeRange]
What will the weather conditions be in Hahntown , Wyoming at 1	What Ġwill Ġthe Ġweather Ġconditions Ġbe Ġin ĠH ah nt own Ġ, ĠWyoming Ġat Ġ1	@ptr_0 @ptr_1 @ptr_2 @ptr_3 @ptr_4 @ptr_5 @ptr_6 [SL:city @ptr_7 @ptr_8 @ptr_9 @ptr_10 SL:city] @ptr_11 [SL:state @ptr_12 SL:state] @ptr_13 [SL:timeRange @ptr_14 SL:timeRange]
Give me the weather forecast in Pleasant Dale , Alaska starting in 19:52	Give Ġme Ġthe Ġweather Ġforecast Ġin ĠPleasant ĠDale Ġ, ĠAlaska Ġstarting Ġin Ġ19 : 52	@ptr_0 @ptr_1 @ptr_2 @ptr_3 @ptr_4 @ptr_5 [SL:city @ptr_6 @ptr_7 SL:city] @ptr_8 [SL:state @ptr_9 SL:state] @ptr_10 @ptr_11 [SL:timeRange @ptr_12 @ptr_13 @ptr_14 SL:timeRange]
Show me the forecast for Wisconsin	Show Ġme Ġthe Ġforecast Ġfor ĠWisconsin	@ptr_0 @ptr_1 @ptr_2 @ptr_3 @ptr_4 [SL:state @ptr_5 SL:state]
What's the weather in Pennsylvania	What 's Ġthe Ġweather Ġin ĠPennsylvania	@ptr_0 @ptr_1 @ptr_2 @ptr_3 @ptr_4 [SL:state @ptr_5 SL:state]
what is the weather like now in AK	what Ġis Ġthe Ġweather Ġlike Ġnow Ġin ĠAK	@ptr_0 @ptr_1 @ptr_2 @ptr_3 @ptr_4 [SL:timeRange @ptr_5 SL:timeRange] @ptr_6 [SL:state @ptr_7 SL:state]
What's the weather in Koontz Lake	What 's Ġthe Ġweather Ġin ĠKo ont z ĠLake	@ptr_0 @ptr_1 @ptr_2 @ptr_3 @ptr_4 [SL:city @ptr_5 @ptr_6 @ptr_7 @ptr_8 SL:city]
What's the forecast for the weather at eight am in Oxford	What 's Ġthe Ġforecast Ġfor Ġthe Ġweather Ġat Ġeight Ġam Ġin ĠOxford	@ptr_0 @ptr_1 @ptr_2 @ptr_3 @ptr_4 @ptr_5 @ptr_6 @ptr_7 [SL:timeRange @ptr_8 @ptr_9 SL:timeRange] @ptr_10 [SL:city @ptr_11 SL:city]
Weather for Marshall	Weather Ġfor ĠMarshall	@ptr_0 @ptr_1 [SL:city @ptr_2 SL:city]
What's the weather next week in Standard City	What 's Ġthe Ġweather Ġnext Ġweek Ġin ĠStandard ĠCity	@ptr_0 @ptr_1 @ptr_2 @ptr_3 [SL:timeRange @ptr_4 @ptr_5 SL:timeRange] @ptr_6 [SL:city @ptr_7 @ptr_8 SL:city]
Is it supposed to be chillier in Favoretta	Is Ġit Ġsupposed Ġto Ġbe Ġchill ier Ġin ĠFav ore tta	@ptr_0 @ptr_1 @ptr_2 @ptr_3 @ptr_4 [SL:condition_temperature @ptr_5 @ptr_6 SL:condition_temperature] @ptr_7 [SL:city @ptr_8 @ptr_9 @ptr_10 SL:city]
Tell me the weather forecast for Inniswold , Réunion	Tell Ġme Ġthe Ġweather Ġforecast Ġfor ĠInn is w old Ġ, ĠRÃ© union	@ptr_0 @ptr_1 @ptr_2 @ptr_3 @ptr_4 @ptr_5 [SL:city @ptr_6 @ptr_7 @ptr_8 @ptr_9 SL:city] @ptr_10 [SL:country @ptr_11 @ptr_12 SL:country]
What will the weather be in Bernie ID	What Ġwill Ġthe Ġweather Ġbe Ġin ĠBernie ĠID	@ptr_0 @ptr_1 @ptr_2 @ptr_3 @ptr_4 @ptr_5 [SL:city @ptr_6 SL:city] [SL:state @ptr_7 SL:state]
What's the weather on august seventh for Crystal Lawns Guam	What 's Ġthe Ġweather Ġon Ġaug ust Ġseventh Ġfor ĠCrystal ĠLawn s ĠGuam	@ptr_0 @ptr_1 @ptr_2 @ptr_3 @ptr_4 [SL:timeRange @ptr_5 @ptr_6 @ptr_7 SL:timeRange] @ptr_8 [SL:city @ptr_9 @ptr_10 @ptr_11 SL:city] [SL:state @ptr_12 SL:state]
what will the weather be in Double Oak at 12 am	what Ġwill Ġthe Ġweather Ġbe Ġin ĠDouble ĠOak Ġat Ġ12 Ġam	@ptr_0 @ptr_1 @ptr_2 @ptr_3 @ptr_4 @ptr_5 [SL:city @ptr_6 @ptr_7 SL:city] @ptr_8 [SL:timeRange @ptr_9 @ptr_10 SL:timeRange]
Is it warm in West Monroe	Is Ġit Ġwarm Ġin ĠWest ĠMonroe	@ptr_0 @ptr_1 [SL:condition_temperature @ptr_2 SL:condition_temperature] @ptr_3 [SL:city @ptr_4 @ptr_5 SL:city]
Is it supposed to be colder at lunch time in Schuyler , Venezuela	Is Ġit Ġsupposed Ġto Ġbe Ġcolder Ġat Ġlunch Ġtime Ġin ĠSch uy ler Ġ, ĠVenezuela	@ptr_0 @ptr_1 @ptr_2 @ptr_3 @ptr_4 [SL:condition_temperature @ptr_5 SL:condition_temperature] @ptr_6 [SL:timeRange @ptr_7 SL:timeRange] @ptr_8 @ptr_9 [SL:city @ptr_10 @ptr_11 @ptr_12 SL:city] @ptr_13 [SL:country @ptr_14 SL:country]
will it rain on Jan. 18th, 2029 in Kanopolis Arkansas	will Ġit Ġrain Ġon ĠJan . Ġ18 th , Ġ20 29 Ġin ĠKan opolis ĠArkansas	@ptr_0 @ptr_1 [SL:condition_description @ptr_2 SL:condition_description] @ptr_3 [SL:timeRange @ptr_4 @ptr_5 @ptr_6 @ptr_7 @ptr_8 @ptr_9 @ptr_10 SL:timeRange] @ptr_11 [SL:city @ptr_12 @ptr_13 SL:city] [SL:state @ptr_14 SL:state]
forecast for Thayer	fore cast Ġfor ĠTh ayer	@ptr_0 @ptr_1 @ptr_2 [SL:city @ptr_3 @ptr_4 SL:city]
Tell me when it'll be cloudy in Woodport	Tell Ġme Ġwhen Ġit 'll Ġbe Ġcloudy Ġin ĠWood port	@ptr_0 @ptr_1 @ptr_2 @ptr_3 @ptr_4 @ptr_5 [SL:condition_description @ptr_6 SL:condition_description] @ptr_7 [SL:city @ptr_8 @ptr_9 SL:city]
Check the weather forecast for Chisholm , Kentucky	Check Ġthe Ġweather Ġforecast Ġfor ĠCh ish ol m Ġ, ĠKentucky	@ptr_0 @ptr_1 @ptr_2 @ptr_3 @ptr_4 [SL:city @ptr_5 @ptr_6 @ptr_7 @ptr_8 SL:city] @ptr_9 [SL:state @ptr_10 SL:state]
Give me a forecast for Carol City	Give Ġme Ġa Ġforecast Ġfor ĠCarol ĠCity	@ptr_0 @ptr_1 @ptr_2 @ptr_3 @ptr_4 [SL:city @ptr_5 @ptr_6 SL:city]
what is the Bethany Beach	what Ġis Ġthe ĠBeth any ĠBeach	@ptr_0 @ptr_1 @ptr_2 [SL:city @ptr_3 @ptr_4 @ptr_5 SL:city]
Weather for Knierim Kansas in twelve weeks and a half from now	Weather Ġfor ĠKn ier im ĠKansas Ġin Ġtwelve Ġweeks Ġand Ġa Ġhalf Ġfrom Ġnow	@ptr_0 @ptr_1 [SL:city @ptr_2 @ptr_3 @ptr_4 SL:city] [SL:state @ptr_5 SL:state] @ptr_6 [SL:timeRange @ptr_7 @ptr_8 @ptr_9 @ptr_10 @ptr_11 @ptr_12 @ptr_13 SL:timeRange]
Will it be colder in Winnebago	Will Ġit Ġbe Ġcolder Ġin ĠWin ne b ago	@ptr_0 @ptr_1 @ptr_2 [SL:condition_temperature @ptr_3 SL:condition_temperature] @ptr_4 [SL:city @ptr_5 @ptr_6 @ptr_7 @ptr_8 SL:city]
Will there be wind in Loyola	Will Ġthere Ġbe Ġwind Ġin ĠL oy ola	@ptr_0 @ptr_1 @ptr_2 [SL:condition_description @ptr_3 SL:condition_description] @ptr_4 [SL:city @ptr_5 @ptr_6 @ptr_7 SL:city]
What's the forecast for Gamaliel	What 's Ġthe Ġforecast Ġfor ĠGam ali el	@ptr_0 @ptr_1 @ptr_2 @ptr_3 @ptr_4 [SL:city @ptr_5 @ptr_6 @ptr_7 SL:city]
How much rainfall is there faraway from Douglass	How Ġmuch Ġrainfall Ġis Ġthere Ġfar away Ġfrom ĠDou glass	@ptr_0 @ptr_1 [SL:condition_description @ptr_2 SL:condition_description] @ptr_3 @ptr_4 [SL:spatial_relation @ptr_5 @ptr_6 SL:spatial_relation] @ptr_7 [SL:city @ptr_8 @ptr_9 SL:city]
Is it warmer in Monson , U.S. Minor Outlying Islands	Is Ġit Ġwarmer Ġin ĠMons on Ġ, ĠU . S . ĠMinor ĠOut lying ĠIslands	@ptr_0 @ptr_1 [SL:condition_temperature @ptr_2 SL:condition_temperature] @ptr_3 [SL:city @ptr_4 @ptr_5 SL:city] @ptr_6 [SL:country @ptr_7 @ptr_8 @ptr_9 @ptr_10 @ptr_11 @ptr_12 @ptr_13 @ptr_14 SL:country]
Tell me the weather forecast for Roseburg , Iowa	Tell Ġme Ġthe Ġweather Ġforecast Ġfor ĠRose burg Ġ, ĠIowa	@ptr_0 @ptr_1 @ptr_2 @ptr_3 @ptr_4 @ptr_5 [SL:city @ptr_6 @ptr_7 SL:city] @ptr_8 [SL:state @ptr_9 SL:state]
What is the weather supposed to be like on Sep. 20 in Maltby , Russia	What Ġis Ġthe Ġweather Ġsupposed Ġto Ġbe Ġlike Ġon ĠSep . Ġ20 Ġin ĠMalt by Ġ, ĠRussia	@ptr_0 @ptr_1 @ptr_2 @ptr_3 @ptr_4 @ptr_5 @ptr_6 @ptr_7 @ptr_8 [SL:timeRange @ptr_9 @ptr_10 @ptr_11 SL:timeRange] @ptr_12 [SL:city @ptr_13 @ptr_14 SL:city] @ptr_15 [SL:country @ptr_16 SL:country]
Is it warmer now in Wetumpka , Mauritania	Is Ġit Ġwarmer Ġnow Ġin ĠWet ump ka Ġ, ĠMaurit ania	@ptr_0 @ptr_1 [SL:condition_temperature @ptr_2 SL:condition_temperature] [SL:timeRange @ptr_3 SL:timeRange] @ptr_4 [SL:city @ptr_5 @ptr_6 @ptr_7 SL:city] @ptr_8 [SL:country @ptr_9 @ptr_10 SL:country]
Can you tell me the weather forecast for Samoa	Can Ġyou Ġtell Ġme Ġthe Ġweather Ġforecast Ġfor ĠSamoa	@ptr_0 @ptr_1 @ptr_2 @ptr_3 @ptr_4 @ptr_5 @ptr_6 @ptr_7 [SL:country @ptr_8 SL:country]
What is the weather forecast one minute from now in Macao	What Ġis Ġthe Ġweather Ġforecast Ġone Ġminute Ġfrom Ġnow Ġin ĠMac ao	@ptr_0 @ptr_1 @ptr_2 @ptr_3 @ptr_4 [SL:timeRange @ptr_5 @ptr_6 @ptr_7 @ptr_8 SL:timeRange] @ptr_9 [SL:country @ptr_10 @ptr_11 SL:country]
will there be any snowfall in AMerican Samoa	will Ġthere Ġbe Ġany Ġsnow fall Ġin ĠAM er ican ĠSamoa	@ptr_0 @ptr_1 @ptr_2 @ptr_3 [SL:condition_description @ptr_4 @ptr_5 SL:condition_description] @ptr_6 [SL:country @ptr_7 @ptr_8 @ptr_9 @ptr_10 SL:country]
What's the weather in the U.S. Virgin Islands	What 's Ġthe Ġweather Ġin Ġthe ĠU . S . ĠVirgin ĠIslands	@ptr_0 @ptr_1 @ptr_2 @ptr_3 @ptr_4 @ptr_5 [SL:country @ptr_6 @ptr_7 @ptr_8 @ptr_9 @ptr_10 @ptr_11 SL:country]
Weather within the same area as Qatar at four	Weather Ġwithin Ġthe Ġsame Ġarea Ġas ĠQatar Ġat Ġfour	@ptr_0 [SL:spatial_relation @ptr_1 @ptr_2 @ptr_3 @ptr_4 SL:spatial_relation] @ptr_5 [SL:country @ptr_6 SL:country] @ptr_7 [SL:timeRange @ptr_8 SL:timeRange]
is Saint Robert hotter than Turkmenistan	is ĠSaint ĠRobert Ġhotter Ġthan ĠTurk men istan	@ptr_0 [SL:city @ptr_1 @ptr_2 SL:city] [SL:condition_temperature @ptr_3 SL:condition_temperature] @ptr_4 [SL:country @ptr_5 @ptr_6 @ptr_7 SL:country]
What is the weather nearby Bermuda a week from now	What Ġis Ġthe Ġweather Ġnearby ĠBermuda Ġa Ġweek Ġfrom Ġnow	@ptr_0 @ptr_1 @ptr_2 @ptr_3 [SL:spatial_relation @ptr_4 SL:spatial_relation] [SL:country @ptr_5 SL:country] [SL:timeRange @ptr_6 @ptr_7 @ptr_8 @ptr_9 SL:timeRange]
is it going to be chilly on 12/13/2025 in Haugan Pakistan	is Ġit Ġgoing Ġto Ġbe Ġchilly Ġon Ġ12 / 13 / 20 25 Ġin ĠHau gan ĠPakistan	@ptr_0 @ptr_1 @ptr_2 @ptr_3 @ptr_4 [SL:condition_temperature @ptr_5 SL:condition_temperature] @ptr_6 [SL:timeRange @ptr_7 @ptr_8 @ptr_9 @ptr_10 @ptr_11 @ptr_12 SL:timeRange] @ptr_13 [SL:city @ptr_14 @ptr_15 SL:city] [SL:country @ptr_16 SL:country]
Is there any predicted snowfall in 2 months in Vandalia , El Salvador	Is Ġthere Ġany Ġpredicted Ġsnow fall Ġin Ġ2 Ġmonths Ġin ĠV andal ia Ġ, ĠEl ĠSalvador	@ptr_0 @ptr_1 @ptr_2 @ptr_3 [SL:condition_description @ptr_4 @ptr_5 SL:condition_description] [SL:timeRange @ptr_6 @ptr_7 @ptr_8 SL:timeRange] @ptr_9 [SL:city @ptr_10 @ptr_11 @ptr_12 SL:city] @ptr_13 [SL:country @ptr_14 @ptr_15 SL:country]
How's the weather in Grisdale , Bangladesh	How 's Ġthe Ġweather Ġin ĠGr isd ale Ġ, ĠBangladesh	@ptr_0 @ptr_1 @ptr_2 @ptr_3 @ptr_4 [SL:city @ptr_5 @ptr_6 @ptr_7 SL:city] @ptr_8 [SL:country @ptr_9 SL:country]
Will there be depression on Mar. the twenty-eighth in Saint Pierre and Miquelon	Will Ġthere Ġbe Ġdepression Ġon ĠMar . Ġthe Ġtwenty - e ighth Ġin ĠSaint ĠPierre Ġand ĠM iqu el on	@ptr_0 @ptr_1 @ptr_2 [SL:condition_description @ptr_3 SL:condition_description] @ptr_4 [SL:timeRange @ptr_5 @ptr_6 @ptr_7 @ptr_8 @ptr_9 @ptr_10 @ptr_11 SL:timeRange] @ptr_12 [SL:country @ptr_13 @ptr_14 @ptr_15 @ptr_16 @ptr_17 @ptr_18 @ptr_19 SL:country]
weather in one minute in Norfolk Island	weather Ġin Ġone Ġminute Ġin ĠNorfolk ĠIsland	@ptr_0 [SL:timeRange @ptr_1 @ptr_2 @ptr_3 SL:timeRange] @ptr_4 [SL:country @ptr_5 @ptr_6 SL:country]
What's the weather in Gabon	What 's Ġthe Ġweather Ġin ĠGab on	@ptr_0 @ptr_1 @ptr_2 @ptr_3 @ptr_4 [SL:country @ptr_5 @ptr_6 SL:country]
is Agnew United States has chilly	is ĠAg new ĠUnited ĠStates Ġhas Ġchilly	@ptr_0 [SL:city @ptr_1 @ptr_2 SL:city] [SL:country @ptr_3 @ptr_4 SL:country] @ptr_5 [SL:condition_temperature @ptr_6 SL:condition_temperature]
Give me the weather forecast for Wisconsin Dells in Saint Kitts and Nevis on the day after tomorrow	Give Ġme Ġthe Ġweather Ġforecast Ġfor ĠWisconsin ĠD ells Ġin ĠSaint ĠKitt s Ġand ĠNev is Ġon Ġthe Ġday Ġafter Ġtomorrow	@ptr_0 @ptr_1 @ptr_2 @ptr_3 @ptr_4 @ptr_5 [SL:city @ptr_6 @ptr_7 @ptr_8 SL:city] @ptr_9 [SL:country @ptr_10 @ptr_11 @ptr_12 @ptr_13 @ptr_14 @ptr_15 SL:country] @ptr_16 [SL:timeRange @ptr_17 @ptr_18 @ptr_19 @ptr_20 SL:timeRange]
What will be the weather like in Turks and Caicos Islands around dec. sixth, 2032	What Ġwill Ġbe Ġthe Ġweather Ġlike Ġin ĠTurks Ġand ĠCa ic os ĠIslands Ġaround Ġdec . Ġsixth , Ġ20 32	@ptr_0 @ptr_1 @ptr_2 @ptr_3 @ptr_4 @ptr_5 @ptr_6 [SL:country @ptr_7 @ptr_8 @ptr_9 @ptr_10 @ptr_11 @ptr_12 SL:country] @ptr_13 [SL:timeRange @ptr_14 @ptr_15 @ptr_16 @ptr_17 @ptr_18 @ptr_19 SL:timeRange]
Will it be nice on Aug. the nineteenth in Beda Bulgaria	Will Ġit Ġbe Ġnice Ġon ĠAug . Ġthe Ġnineteenth Ġin ĠBed a ĠBulgaria	@ptr_0 @ptr_1 @ptr_2 @ptr_3 @ptr_4 [SL:timeRange @ptr_5 @ptr_6 @ptr_7 @ptr_8 SL:timeRange] @ptr_9 [SL:city @ptr_10 @ptr_11 SL:city] [SL:country @ptr_12 SL:country]
Is it freezing this evening in Maunabo United States	Is Ġit Ġfreezing Ġthis Ġevening Ġin ĠM aun abo ĠUnited ĠStates	@ptr_0 @ptr_1 [SL:condition_temperature @ptr_2 SL:condition_temperature] @ptr_3 [SL:timeRange @ptr_4 SL:timeRange] @ptr_5 [SL:city @ptr_6 @ptr_7 @ptr_8 SL:city] [SL:country @ptr_9 @ptr_10 SL:country]
whats the forecast for Greece	wh ats Ġthe Ġforecast Ġfor ĠGreece	@ptr_0 @ptr_1 @ptr_2 @ptr_3 @ptr_4 [SL:country @ptr_5 SL:country]
check the weather for around nine in South Georgia and the South Sandwich Islands	check Ġthe Ġweather Ġfor Ġaround Ġnine Ġin ĠSouth ĠGeorgia Ġand Ġthe ĠSouth ĠSandwich ĠIslands	@ptr_0 @ptr_1 @ptr_2 @ptr_3 @ptr_4 [SL:timeRange @ptr_5 SL:timeRange] @ptr_6 [SL:country @ptr_7 @ptr_8 @ptr_9 @ptr_10 @ptr_11 @ptr_12 @ptr_13 SL:country]
What is the temperate in Seattle Heights and Slovenia at seven pm	What Ġis Ġthe Ġtemper ate Ġin ĠSeattle ĠHeights Ġand ĠSlovenia Ġat Ġseven Ġpm	@ptr_0 @ptr_1 @ptr_2 [SL:condition_temperature @ptr_3 @ptr_4 SL:condition_temperature] @ptr_5 [SL:city @ptr_6 @ptr_7 SL:city] @ptr_8 [SL:country @ptr_9 SL:country] @ptr_10 [SL:timeRange @ptr_11 @ptr_12 SL:timeRange]
What's the weather in Waretown Lebanon	What 's Ġthe Ġweather Ġin ĠW aret own ĠLebanon	@ptr_0 @ptr_1 @ptr_2 @ptr_3 @ptr_4 [SL:city @ptr_5 @ptr_6 @ptr_7 SL:city] [SL:country @ptr_8 SL:country]
Forecast for 11 am in Nauru	Fore cast Ġfor Ġ11 Ġam Ġin ĠN aur u	@ptr_0 @ptr_1 @ptr_2 [SL:timeRange @ptr_3 @ptr_4 SL:timeRange] @ptr_5 [SL:country @ptr_6 @ptr_7 @ptr_8 SL:country]
What's the weather forecast for 8 hours from now in Cape Verde	What 's Ġthe Ġweather Ġforecast Ġfor Ġ8 Ġhours Ġfrom Ġnow Ġin ĠCape ĠVer de	@ptr_0 @ptr_1 @ptr_2 @ptr_3 @ptr_4 @ptr_5 [SL:timeRange @ptr_6 @ptr_7 @ptr_8 @ptr_9 SL:timeRange] @ptr_10 [SL:country @ptr_11 @ptr_12 @ptr_13 SL:country]
