Play the good sort of 1992 theme music by Layzie Bone	Play Ġthe Ġgood Ġsort Ġof Ġ1992 Ġtheme Ġmusic Ġby ĠLay zie ĠBone	@ptr_0 @ptr_1 [SL:sort @ptr_2 SL:sort] @ptr_3 @ptr_4 [SL:year @ptr_5 SL:year] [SL:music_item @ptr_6 SL:music_item] @ptr_7 @ptr_8 [SL:artist @ptr_9 @ptr_10 @ptr_11 SL:artist]
Play the album Making Evening And Night by Cevin Key	Play Ġthe Ġalbum ĠMaking ĠEvening ĠAnd ĠNight Ġby ĠC evin ĠKey	@ptr_0 @ptr_1 [SL:music_item @ptr_2 SL:music_item] [SL:album @ptr_3 @ptr_4 @ptr_5 @ptr_6 SL:album] @ptr_7 [SL:artist @ptr_8 @ptr_9 @ptr_10 SL:artist]
Please play an album from 1987	Please Ġplay Ġan Ġalbum Ġfrom Ġ1987	@ptr_0 @ptr_1 @ptr_2 [SL:music_item @ptr_3 SL:music_item] @ptr_4 [SL:year @ptr_5 SL:year]
I want to hear the Live At Slane Castle album by Haifa Wehbe	I Ġwant Ġto Ġhear Ġthe ĠLive ĠAt ĠSl ane ĠCastle Ġalbum Ġby ĠHa ifa ĠWe h be	@ptr_0 @ptr_1 @ptr_2 @ptr_3 @ptr_4 [SL:album @ptr_5 @ptr_6 @ptr_7 @ptr_8 @ptr_9 SL:album] [SL:music_item @ptr_10 SL:music_item] @ptr_11 [SL:artist @ptr_12 @ptr_13 @ptr_14 @ptr_15 @ptr_16 SL:artist]
Play some Iris Dement 's theme based 2015 music on lastfm	Play Ġsome ĠIris ĠD ement Ġ' s Ġtheme Ġbased Ġ2015 Ġmusic Ġon Ġlast fm	@ptr_0 @ptr_1 [SL:artist @ptr_2 @ptr_3 @ptr_4 SL:artist] @ptr_5 @ptr_6 [SL:music_item @ptr_7 SL:music_item] @ptr_8 [SL:year @ptr_9 SL:year] @ptr_10 @ptr_11 [SL:service @ptr_12 @ptr_13 SL:service]
Play a record from the year 1979	Play Ġa Ġrecord Ġfrom Ġthe Ġyear Ġ1979	@ptr_0 @ptr_1 [SL:music_item @ptr_2 SL:music_item] @ptr_3 @ptr_4 @ptr_5 [SL:year @ptr_6 SL:year]
play a top-fifty 1965 album by Ski	play Ġa Ġtop - f ifty Ġ1965 Ġalbum Ġby ĠSki	@ptr_0 @ptr_1 [SL:sort @ptr_2 @ptr_3 @ptr_4 @ptr_5 SL:sort] [SL:year @ptr_6 SL:year] [SL:music_item @ptr_7 SL:music_item] @ptr_8 [SL:artist @ptr_9 SL:artist]
play the album Winner Takes All by Takuro with Last Fm	play Ġthe Ġalbum ĠWinner ĠTakes ĠAll Ġby ĠTak uro Ġwith ĠLast ĠF m	@ptr_0 @ptr_1 [SL:music_item @ptr_2 SL:music_item] [SL:album @ptr_3 @ptr_4 @ptr_5 SL:album] @ptr_6 [SL:artist @ptr_7 @ptr_8 SL:artist] @ptr_9 [SL:service @ptr_10 @ptr_11 @ptr_12 SL:service]
play a top twenty symphony of 2010	play Ġa Ġtop Ġtwenty Ġsym phony Ġof Ġ2010	@ptr_0 @ptr_1 [SL:sort @ptr_2 @ptr_3 SL:sort] [SL:music_item @ptr_4 @ptr_5 SL:music_item] @ptr_6 [SL:year @ptr_7 SL:year]
Play a song from 2013	Play Ġa Ġsong Ġfrom Ġ2013	@ptr_0 @ptr_1 [SL:music_item @ptr_2 SL:music_item] @ptr_3 [SL:year @ptr_4 SL:year]
Play the most popular track from Valery Alexandrovich Kipelov	Play Ġthe Ġmost Ġpopular Ġtrack Ġfrom ĠVal ery ĠAlexand rov ich ĠK ipel ov	@ptr_0 @ptr_1 [SL:sort @ptr_2 @ptr_3 SL:sort] [SL:music_item @ptr_4 SL:music_item] @ptr_5 [SL:artist @ptr_6 @ptr_7 @ptr_8 @ptr_9 @ptr_10 @ptr_11 @ptr_12 @ptr_13 SL:artist]
Play a top five Linda Strawberry ep	Play Ġa Ġtop Ġfive ĠLinda ĠStrawberry Ġep	@ptr_0 @ptr_1 [SL:sort @ptr_2 @ptr_3 SL:sort] [SL:artist @ptr_4 @ptr_5 SL:artist] [SL:music_item @ptr_6 SL:music_item]
Can you play an ep by Tatjana Iwanowna Bulanowa	Can Ġyou Ġplay Ġan Ġep Ġby ĠTat j ana ĠI wan own a ĠBul an owa	@ptr_0 @ptr_1 @ptr_2 @ptr_3 [SL:music_item @ptr_4 SL:music_item] @ptr_5 [SL:artist @ptr_6 @ptr_7 @ptr_8 @ptr_9 @ptr_10 @ptr_11 @ptr_12 @ptr_13 @ptr_14 @ptr_15 SL:artist]
Play greatest chant music from Beni Arashiro	Play Ġgreatest Ġchant Ġmusic Ġfrom ĠBen i ĠAr ash iro	@ptr_0 [SL:sort @ptr_1 SL:sort] [SL:music_item @ptr_2 SL:music_item] @ptr_3 @ptr_4 [SL:artist @ptr_5 @ptr_6 @ptr_7 @ptr_8 @ptr_9 SL:artist]
play a concerto that was most popular in 1958 by mickey hart	play Ġa Ġconcert o Ġthat Ġwas Ġmost Ġpopular Ġin Ġ1958 Ġby Ġmic key Ġh art	@ptr_0 @ptr_1 [SL:music_item @ptr_2 @ptr_3 SL:music_item] @ptr_4 @ptr_5 [SL:sort @ptr_6 @ptr_7 SL:sort] @ptr_8 [SL:year @ptr_9 SL:year] @ptr_10 [SL:artist @ptr_11 @ptr_12 @ptr_13 @ptr_14 SL:artist]
Play me a 2003 song by Charles Neidich	Play Ġme Ġa Ġ2003 Ġsong Ġby ĠCharles ĠNe id ich	@ptr_0 @ptr_1 @ptr_2 [SL:year @ptr_3 SL:year] [SL:music_item @ptr_4 SL:music_item] @ptr_5 [SL:artist @ptr_6 @ptr_7 @ptr_8 @ptr_9 SL:artist]
Play me a song by Teitur Lassen on Groove Shark	Play Ġme Ġa Ġsong Ġby ĠTe it ur ĠL ass en Ġon ĠGro ove ĠShark	@ptr_0 @ptr_1 @ptr_2 [SL:music_item @ptr_3 SL:music_item] @ptr_4 [SL:artist @ptr_5 @ptr_6 @ptr_7 @ptr_8 @ptr_9 @ptr_10 SL:artist] @ptr_11 [SL:service @ptr_12 @ptr_13 @ptr_14 SL:service]
play 1988 chant music on Itunes	play Ġ1988 Ġchant Ġmusic Ġon ĠIt unes	@ptr_0 [SL:year @ptr_1 SL:year] [SL:music_item @ptr_2 SL:music_item] @ptr_3 @ptr_4 [SL:service @ptr_5 @ptr_6 SL:service]
Play me a song from Movies For The Blind on Pandora	Play Ġme Ġa Ġsong Ġfrom ĠMovies ĠFor ĠThe ĠBlind Ġon ĠPandora	@ptr_0 @ptr_1 @ptr_2 [SL:music_item @ptr_3 SL:music_item] @ptr_4 [SL:album @ptr_5 @ptr_6 @ptr_7 @ptr_8 SL:album] @ptr_9 [SL:service @ptr_10 SL:service]
Play a popular melody by Lindsay Lohan on Youtube	Play Ġa Ġpopular Ġmelody Ġby ĠLindsay ĠL ohan Ġon ĠYoutube	@ptr_0 @ptr_1 [SL:sort @ptr_2 SL:sort] [SL:music_item @ptr_3 SL:music_item] @ptr_4 [SL:artist @ptr_5 @ptr_6 @ptr_7 SL:artist] @ptr_8 [SL:service @ptr_9 SL:service]
Play the music of Filipp Bedrossowitsch Kirkorow 's theme	Play Ġthe Ġmusic Ġof ĠF ilipp ĠBed ross ow itsch ĠKirk or ow Ġ' s Ġtheme	@ptr_0 @ptr_1 @ptr_2 @ptr_3 [SL:artist @ptr_4 @ptr_5 @ptr_6 @ptr_7 @ptr_8 @ptr_9 @ptr_10 @ptr_11 @ptr_12 SL:artist] @ptr_13 @ptr_14 [SL:music_item @ptr_15 SL:music_item]
Play me a twenties tune on Deezer	Play Ġme Ġa Ġtwenties Ġtune Ġon ĠDe ez er	@ptr_0 @ptr_1 @ptr_2 [SL:year @ptr_3 SL:year] [SL:music_item @ptr_4 SL:music_item] @ptr_5 [SL:service @ptr_6 @ptr_7 @ptr_8 SL:service]
Play me a song by Avispa Music from 1965	Play Ġme Ġa Ġsong Ġby ĠA vis pa ĠMusic Ġfrom Ġ1965	@ptr_0 @ptr_1 @ptr_2 [SL:music_item @ptr_3 SL:music_item] @ptr_4 [SL:artist @ptr_5 @ptr_6 @ptr_7 @ptr_8 SL:artist] @ptr_9 [SL:year @ptr_10 SL:year]
I want to hear the new Vasilis Tsitsanis ep	I Ġwant Ġto Ġhear Ġthe Ġnew ĠVas il is ĠTs its an is Ġep	@ptr_0 @ptr_1 @ptr_2 @ptr_3 @ptr_4 @ptr_5 [SL:artist @ptr_6 @ptr_7 @ptr_8 @ptr_9 @ptr_10 @ptr_11 @ptr_12 SL:artist] [SL:music_item @ptr_13 SL:music_item]
play a 1983 concerto by Ayaka on Itunes	play Ġa Ġ1983 Ġconcert o Ġby ĠAy aka Ġon ĠIt unes	@ptr_0 @ptr_1 [SL:year @ptr_2 SL:year] [SL:music_item @ptr_3 @ptr_4 SL:music_item] @ptr_5 [SL:artist @ptr_6 @ptr_7 SL:artist] @ptr_8 [SL:service @ptr_9 @ptr_10 SL:service]
Play Maggot Brain by Albano Carrisi	Play ĠMag got ĠBrain Ġby ĠAlban o ĠCar ris i	@ptr_0 [SL:track @ptr_1 @ptr_2 @ptr_3 SL:track] @ptr_4 [SL:artist @ptr_5 @ptr_6 @ptr_7 @ptr_8 @ptr_9 SL:artist]
play All Of Your Toys by Chris Ledoux	play ĠAll ĠOf ĠYour ĠToys Ġby ĠChris ĠLed oux	@ptr_0 [SL:track @ptr_1 @ptr_2 @ptr_3 @ptr_4 SL:track] @ptr_5 [SL:artist @ptr_6 @ptr_7 @ptr_8 SL:artist]
I want to hear This Is The Night from Proof	I Ġwant Ġto Ġhear ĠThis ĠIs ĠThe ĠNight Ġfrom ĠProof	@ptr_0 @ptr_1 @ptr_2 @ptr_3 [SL:track @ptr_4 @ptr_5 @ptr_6 @ptr_7 SL:track] @ptr_8 [SL:artist @ptr_9 SL:artist]
Play Marche Lorraine by Rachael Lampa	Play ĠMar che ĠLor raine Ġby ĠR ach ael ĠL ampa	@ptr_0 [SL:track @ptr_1 @ptr_2 @ptr_3 @ptr_4 SL:track] @ptr_5 [SL:artist @ptr_6 @ptr_7 @ptr_8 @ptr_9 @ptr_10 SL:artist]
Play Adieu by Al Arsenault	Play ĠAd ieu Ġby ĠAl ĠAr sen ault	@ptr_0 [SL:track @ptr_1 @ptr_2 SL:track] @ptr_3 [SL:artist @ptr_4 @ptr_5 @ptr_6 @ptr_7 SL:artist]
Play Robin Hood Rescuing Three Squires by Bhupinder Singh	Play ĠRobin ĠHood ĠRes c uing ĠThree ĠSqu ires Ġby ĠBh up inder ĠSingh	@ptr_0 [SL:track @ptr_1 @ptr_2 @ptr_3 @ptr_4 @ptr_5 @ptr_6 @ptr_7 @ptr_8 SL:track] @ptr_9 [SL:artist @ptr_10 @ptr_11 @ptr_12 @ptr_13 SL:artist]
play Yo Ho from the new york pops on Youtube	play ĠYo ĠHo Ġfrom Ġthe Ġnew Ġy ork Ġpops Ġon ĠYoutube	@ptr_0 [SL:track @ptr_1 @ptr_2 SL:track] @ptr_3 [SL:artist @ptr_4 @ptr_5 @ptr_6 @ptr_7 @ptr_8 SL:artist] @ptr_9 [SL:service @ptr_10 SL:service]
Play me the track Mama Liked The Roses	Play Ġme Ġthe Ġtrack ĠMama ĠL iked ĠThe ĠRoses	@ptr_0 @ptr_1 @ptr_2 [SL:music_item @ptr_3 SL:music_item] [SL:track @ptr_4 @ptr_5 @ptr_6 @ptr_7 @ptr_8 SL:track]
Play the song domino by Luca Turilli	Play Ġthe Ġsong Ġdom ino Ġby ĠLuc a ĠTur illi	@ptr_0 @ptr_1 [SL:music_item @ptr_2 SL:music_item] [SL:track @ptr_3 @ptr_4 SL:track] @ptr_5 [SL:artist @ptr_6 @ptr_7 @ptr_8 @ptr_9 SL:artist]
Play Miami 2017 by Rodney Whitaker	Play ĠMiami Ġ2017 Ġby ĠRodney ĠWhit aker	@ptr_0 [SL:track @ptr_1 @ptr_2 SL:track] @ptr_3 [SL:artist @ptr_4 @ptr_5 @ptr_6 SL:artist]
Play Out From Under from Hurricane Chris	Play ĠOut ĠFrom ĠUnder Ġfrom ĠHurricane ĠChris	@ptr_0 [SL:track @ptr_1 @ptr_2 @ptr_3 SL:track] @ptr_4 [SL:artist @ptr_5 @ptr_6 SL:artist]
Use Itunes to play artist Ringo Shiina track In Heaven	Use ĠIt unes Ġto Ġplay Ġartist ĠRing o ĠShi ina Ġtrack ĠIn ĠHeaven	@ptr_0 [SL:service @ptr_1 @ptr_2 SL:service] @ptr_3 @ptr_4 @ptr_5 [SL:artist @ptr_6 @ptr_7 @ptr_8 @ptr_9 SL:artist] [SL:music_item @ptr_10 SL:music_item] [SL:track @ptr_11 @ptr_12 SL:track]
Please play me Jerry Lee Lewis 's If You Say So track	Please Ġplay Ġme ĠJerry ĠLee ĠLewis Ġ' s ĠIf ĠYou ĠSay ĠSo Ġtrack	@ptr_0 @ptr_1 @ptr_2 [SL:artist @ptr_3 @ptr_4 @ptr_5 SL:artist] @ptr_6 @ptr_7 [SL:track @ptr_8 @ptr_9 @ptr_10 @ptr_11 SL:track] [SL:music_item @ptr_12 SL:music_item]
Play Hughie Graham by Vidyadhar Vyas	Play ĠHugh ie ĠGraham Ġby ĠV idy ad har ĠV y as	@ptr_0 [SL:track @ptr_1 @ptr_2 @ptr_3 SL:track] @ptr_4 [SL:artist @ptr_5 @ptr_6 @ptr_7 @ptr_8 @ptr_9 @ptr_10 @ptr_11 SL:artist]
play the track The Wizard And I	play Ġthe Ġtrack ĠThe ĠWizard ĠAnd ĠI	@ptr_0 @ptr_1 [SL:music_item @ptr_2 SL:music_item] [SL:track @ptr_3 @ptr_4 @ptr_5 @ptr_6 SL:track]
play The Necromancer	play ĠThe ĠNec romancer	@ptr_0 [SL:track @ptr_1 @ptr_2 @ptr_3 SL:track]
Play Praise The Lord And Pass The Ammunition	Play ĠPra ise ĠThe ĠLord ĠAnd ĠPass ĠThe ĠAmmunition	@ptr_0 [SL:track @ptr_1 @ptr_2 @ptr_3 @ptr_4 @ptr_5 @ptr_6 @ptr_7 @ptr_8 SL:track]
play No More Sorrow	play ĠNo ĠMore ĠS orrow	@ptr_0 [SL:track @ptr_1 @ptr_2 @ptr_3 @ptr_4 SL:track]
play some Alte Kameraden	play Ġsome ĠAl te ĠK amer aden	@ptr_0 @ptr_1 [SL:track @ptr_2 @ptr_3 @ptr_4 @ptr_5 @ptr_6 SL:track]
Can you play The Change Is Made on Netflix	Can Ġyou Ġplay ĠThe ĠChange ĠIs ĠMade Ġon ĠNetflix	@ptr_0 @ptr_1 @ptr_2 [SL:track @ptr_3 @ptr_4 @ptr_5 @ptr_6 SL:track] @ptr_7 [SL:service @ptr_8 SL:service]
play Hora Din Moldova by Yamazaki Maso	play ĠH ora ĠDin ĠMold ova Ġby ĠYam azaki ĠMas o	@ptr_0 [SL:track @ptr_1 @ptr_2 @ptr_3 @ptr_4 @ptr_5 SL:track] @ptr_6 [SL:artist @ptr_7 @ptr_8 @ptr_9 @ptr_10 SL:artist]
I want to hear La Jaula De Oro by Mc Ren on Google Music	I Ġwant Ġto Ġhear ĠLa ĠJ aul a ĠDe ĠOro Ġby ĠMc ĠRen Ġon ĠGoogle ĠMusic	@ptr_0 @ptr_1 @ptr_2 @ptr_3 [SL:track @ptr_4 @ptr_5 @ptr_6 @ptr_7 @ptr_8 @ptr_9 SL:track] @ptr_10 [SL:artist @ptr_11 @ptr_12 SL:artist] @ptr_13 [SL:service @ptr_14 @ptr_15 SL:service]
play This Is Colour by Panda Bear	play ĠThis ĠIs ĠColour Ġby ĠPanda ĠBear	@ptr_0 [SL:track @ptr_1 @ptr_2 @ptr_3 SL:track] @ptr_4 [SL:artist @ptr_5 @ptr_6 SL:artist]
Play Talking To The Universe on Itunes	Play ĠTalking ĠTo ĠThe ĠUniverse Ġon ĠIt unes	@ptr_0 [SL:track @ptr_1 @ptr_2 @ptr_3 @ptr_4 SL:track] @ptr_5 [SL:service @ptr_6 @ptr_7 SL:service]
Play In Every Dream Home A Heartache by vincent paul abbott	Play ĠIn ĠEvery ĠDream ĠHome ĠA ĠHeart ache Ġby Ġv incent Ġp aul Ġab bott	@ptr_0 [SL:track @ptr_1 @ptr_2 @ptr_3 @ptr_4 @ptr_5 @ptr_6 @ptr_7 SL:track] @ptr_8 [SL:artist @ptr_9 @ptr_10 @ptr_11 @ptr_12 @ptr_13 @ptr_14 SL:artist]
Play music by Janet Paschal	Play Ġmusic Ġby ĠJanet ĠPas chal	@ptr_0 @ptr_1 @ptr_2 [SL:artist @ptr_3 @ptr_4 @ptr_5 SL:artist]
Play music by Fidel Nadal sorted by newest	Play Ġmusic Ġby ĠFidel ĠNad al Ġsorted Ġby Ġnewest	@ptr_0 @ptr_1 @ptr_2 [SL:artist @ptr_3 @ptr_4 @ptr_5 SL:artist] @ptr_6 @ptr_7 [SL:sort @ptr_8 SL:sort]
Play some Matthew Sweet music from around 1996 on Spotify	Play Ġsome ĠMatthew ĠSweet Ġmusic Ġfrom Ġaround Ġ1996 Ġon ĠSpotify	@ptr_0 @ptr_1 [SL:artist @ptr_2 @ptr_3 SL:artist] @ptr_4 @ptr_5 @ptr_6 [SL:year @ptr_7 SL:year] @ptr_8 [SL:service @ptr_9 SL:service]
Play Burhøns by Ernie C	Play ĠBur h Ã¸ ns Ġby ĠEr nie ĠC	@ptr_0 [SL:album @ptr_1 @ptr_2 @ptr_3 @ptr_4 SL:album] @ptr_5 [SL:artist @ptr_6 @ptr_7 @ptr_8 SL:artist]
play some Kyle Ward from the seventies	play Ġsome ĠKyle ĠWard Ġfrom Ġthe Ġsevent ies	@ptr_0 @ptr_1 [SL:artist @ptr_2 @ptr_3 SL:artist] @ptr_4 @ptr_5 [SL:year @ptr_6 @ptr_7 SL:year]
Play Shinehead 's music from the twenties on Slacker	Play ĠShine head Ġ' s Ġmusic Ġfrom Ġthe Ġtwenties Ġon ĠSl acker	@ptr_0 [SL:artist @ptr_1 @ptr_2 SL:artist] @ptr_3 @ptr_4 @ptr_5 @ptr_6 @ptr_7 [SL:year @ptr_8 SL:year] @ptr_9 [SL:service @ptr_10 @ptr_11 SL:service]
play 2007 tunes by Bunny Berigan	play Ġ2007 Ġtunes Ġby ĠBunny ĠBer igan	@ptr_0 [SL:year @ptr_1 SL:year] @ptr_2 @ptr_3 [SL:artist @ptr_4 @ptr_5 @ptr_6 SL:artist]
Play some music by Jody Williams from 2001	Play Ġsome Ġmusic Ġby ĠJ ody ĠWilliams Ġfrom Ġ2001	@ptr_0 @ptr_1 @ptr_2 @ptr_3 [SL:artist @ptr_4 @ptr_5 @ptr_6 SL:artist] @ptr_7 [SL:year @ptr_8 SL:year]
Play Dawn Richard song White Summer	Play ĠDawn ĠRichard Ġsong ĠWhite ĠSummer	@ptr_0 [SL:artist @ptr_1 @ptr_2 SL:artist] [SL:music_item @ptr_3 SL:music_item] [SL:track @ptr_4 @ptr_5 SL:track]
I want to hear the top Tim Madison	I Ġwant Ġto Ġhear Ġthe Ġtop ĠTim ĠMadison	@ptr_0 @ptr_1 @ptr_2 @ptr_3 @ptr_4 [SL:sort @ptr_5 SL:sort] [SL:artist @ptr_6 @ptr_7 SL:artist]
Play a 2014 theme from Greg Pattillo	Play Ġa Ġ2014 Ġtheme Ġfrom ĠGreg ĠPatt illo	@ptr_0 @ptr_1 [SL:year @ptr_2 SL:year] [SL:music_item @ptr_3 SL:music_item] @ptr_4 [SL:artist @ptr_5 @ptr_6 @ptr_7 SL:artist]
Play the top 5 by Akira The Don	Play Ġthe Ġtop Ġ5 Ġby ĠAkira ĠThe ĠDon	@ptr_0 @ptr_1 [SL:sort @ptr_2 @ptr_3 SL:sort] @ptr_4 [SL:artist @ptr_5 @ptr_6 @ptr_7 SL:artist]
I want to hear Vegetables by pharrell williams	I Ġwant Ġto Ġhear ĠVeget ables Ġby Ġph arrell Ġwill iam s	@ptr_0 @ptr_1 @ptr_2 @ptr_3 [SL:track @ptr_4 @ptr_5 SL:track] @ptr_6 [SL:artist @ptr_7 @ptr_8 @ptr_9 @ptr_10 @ptr_11 SL:artist]
Play the newest chant by John Doyle on Zvooq	Play Ġthe Ġnewest Ġchant Ġby ĠJohn ĠDoyle Ġon ĠZ v oo q	@ptr_0 @ptr_1 [SL:sort @ptr_2 SL:sort] [SL:music_item @ptr_3 SL:music_item] @ptr_4 [SL:artist @ptr_5 @ptr_6 SL:artist] @ptr_7 [SL:service @ptr_8 @ptr_9 @ptr_10 @ptr_11 SL:service]
Play Paul Landers , O Rio, A Cidade, A Árvore on slacker	Play ĠPaul ĠLand ers Ġ, ĠO ĠRio , ĠA ĠC id ade , ĠA ĠÃ ģ r v ore Ġon Ġsl acker	@ptr_0 [SL:artist @ptr_1 @ptr_2 @ptr_3 SL:artist] @ptr_4 [SL:album @ptr_5 @ptr_6 @ptr_7 @ptr_8 @ptr_9 @ptr_10 @ptr_11 @ptr_12 @ptr_13 @ptr_14 @ptr_15 @ptr_16 @ptr_17 @ptr_18 SL:album] @ptr_19 [SL:service @ptr_20 @ptr_21 SL:service]
play the album Everybody Happy by Lee Aaron	play Ġthe Ġalbum ĠEverybody ĠHappy Ġby ĠLee ĠAaron	@ptr_0 @ptr_1 [SL:music_item @ptr_2 SL:music_item] [SL:album @ptr_3 @ptr_4 SL:album] @ptr_5 [SL:artist @ptr_6 @ptr_7 SL:artist]
play some eighties by Amirbai Karnataki	play Ġsome Ġeight ies Ġby ĠAmir b ai ĠKarn at aki	@ptr_0 @ptr_1 [SL:year @ptr_2 @ptr_3 SL:year] @ptr_4 [SL:artist @ptr_5 @ptr_6 @ptr_7 @ptr_8 @ptr_9 @ptr_10 SL:artist]
Let me hear the Live From The Ghetto album by Beau Jocque	Let Ġme Ġhear Ġthe ĠLive ĠFrom ĠThe ĠG hetto Ġalbum Ġby ĠBeau ĠJ oc que	@ptr_0 @ptr_1 @ptr_2 @ptr_3 [SL:album @ptr_4 @ptr_5 @ptr_6 @ptr_7 @ptr_8 SL:album] [SL:music_item @ptr_9 SL:music_item] @ptr_10 [SL:artist @ptr_11 @ptr_12 @ptr_13 @ptr_14 SL:artist]
Let me listen to Rouhollah Khaleghi on deezer	Let Ġme Ġlisten Ġto ĠRou h ollah ĠKh ale gh i Ġon Ġde ez er	@ptr_0 @ptr_1 @ptr_2 @ptr_3 [SL:artist @ptr_4 @ptr_5 @ptr_6 @ptr_7 @ptr_8 @ptr_9 @ptr_10 SL:artist] @ptr_11 [SL:service @ptr_12 @ptr_13 @ptr_14 SL:service]
Please play a song off the Curtis Lee album Rough Diamonds	Please Ġplay Ġa Ġsong Ġoff Ġthe ĠCurtis ĠLee Ġalbum ĠRough ĠDiamond s	@ptr_0 @ptr_1 @ptr_2 [SL:music_item @ptr_3 SL:music_item] @ptr_4 @ptr_5 [SL:artist @ptr_6 @ptr_7 SL:artist] [SL:music_item @ptr_8 SL:music_item] [SL:album @ptr_9 @ptr_10 @ptr_11 SL:album]
Play some Katiejane Garside on Vimeo	Play Ġsome ĠKatie j ane ĠG ars ide Ġon ĠV imeo	@ptr_0 @ptr_1 [SL:artist @ptr_2 @ptr_3 @ptr_4 @ptr_5 @ptr_6 @ptr_7 SL:artist] @ptr_8 [SL:service @ptr_9 @ptr_10 SL:service]
Play me a song by Dj Paul Elstak in 1988 on Zvooq	Play Ġme Ġa Ġsong Ġby ĠDj ĠPaul ĠEl st ak Ġin Ġ1988 Ġon ĠZ v oo q	@ptr_0 @ptr_1 @ptr_2 [SL:music_item @ptr_3 SL:music_item] @ptr_4 [SL:artist @ptr_5 @ptr_6 @ptr_7 @ptr_8 @ptr_9 SL:artist] @ptr_10 [SL:year @ptr_11 SL:year] @ptr_12 [SL:service @ptr_13 @ptr_14 @ptr_15 @ptr_16 SL:service]
Please play Jim Martin on Vimeo	Please Ġplay ĠJim ĠMartin Ġon ĠV imeo	@ptr_0 @ptr_1 [SL:artist @ptr_2 @ptr_3 SL:artist] @ptr_4 [SL:service @ptr_5 @ptr_6 SL:service]
Play an Andy Silvester sound track from the thirties on Spotify	Play Ġan ĠAndy ĠSil ves ter Ġsound Ġtrack Ġfrom Ġthe Ġth irt ies Ġon ĠSpotify	@ptr_0 @ptr_1 [SL:artist @ptr_2 @ptr_3 @ptr_4 @ptr_5 SL:artist] [SL:music_item @ptr_6 @ptr_7 SL:music_item] @ptr_8 @ptr_9 [SL:year @ptr_10 @ptr_11 @ptr_12 SL:year] @ptr_13 [SL:service @ptr_14 SL:service]
Play the best music from Klaus Badelt	Play Ġthe Ġbest Ġmusic Ġfrom ĠKlaus ĠBad elt	@ptr_0 @ptr_1 [SL:sort @ptr_2 SL:sort] @ptr_3 @ptr_4 [SL:artist @ptr_5 @ptr_6 @ptr_7 SL:artist]
Play a Martyn Bennett from 1957 on Pandora	Play Ġa ĠMart yn ĠBennett Ġfrom Ġ1957 Ġon ĠPandora	@ptr_0 @ptr_1 [SL:artist @ptr_2 @ptr_3 @ptr_4 SL:artist] @ptr_5 [SL:year @ptr_6 SL:year] @ptr_7 [SL:service @ptr_8 SL:service]
play My Back Pages by Paul Young on vimeo	play ĠMy ĠBack ĠPages Ġby ĠPaul ĠYoung Ġon Ġv imeo	@ptr_0 [SL:track @ptr_1 @ptr_2 @ptr_3 SL:track] @ptr_4 [SL:artist @ptr_5 @ptr_6 SL:artist] @ptr_7 [SL:service @ptr_8 @ptr_9 SL:service]
play pandora	play Ġpand ora	@ptr_0 [SL:service @ptr_1 @ptr_2 SL:service]
Play The Eternal by Juju Mob on Vimeo	Play ĠThe ĠEternal Ġby ĠJu ju ĠMob Ġon ĠV imeo	@ptr_0 [SL:album @ptr_1 @ptr_2 SL:album] @ptr_3 [SL:artist @ptr_4 @ptr_5 @ptr_6 SL:artist] @ptr_7 [SL:service @ptr_8 @ptr_9 SL:service]
play a good John Maher record with Netflix	play Ġa Ġgood ĠJohn ĠMaher Ġrecord Ġwith ĠNetflix	@ptr_0 @ptr_1 [SL:sort @ptr_2 SL:sort] [SL:artist @ptr_3 @ptr_4 SL:artist] [SL:music_item @ptr_5 SL:music_item] @ptr_6 [SL:service @ptr_7 SL:service]
play Isaac Hayes on Pandora from love, sweat and beer ep	play ĠIsaac ĠHayes Ġon ĠPandora Ġfrom Ġlove , Ġsweat Ġand Ġbeer Ġep	@ptr_0 [SL:artist @ptr_1 @ptr_2 SL:artist] @ptr_3 [SL:service @ptr_4 SL:service] @ptr_5 [SL:album @ptr_6 @ptr_7 @ptr_8 @ptr_9 @ptr_10 @ptr_11 SL:album]
Play some Instrumental music on the service Lastfm	Play Ġsome ĠInstrument al Ġmusic Ġon Ġthe Ġservice ĠLast fm	@ptr_0 @ptr_1 [SL:genre @ptr_2 @ptr_3 SL:genre] @ptr_4 @ptr_5 @ptr_6 @ptr_7 [SL:service @ptr_8 @ptr_9 SL:service]
Play some amber kuo from the eighties on Spotify	Play Ġsome Ġamber Ġk uo Ġfrom Ġthe Ġeight ies Ġon ĠSpotify	@ptr_0 @ptr_1 [SL:artist @ptr_2 @ptr_3 @ptr_4 SL:artist] @ptr_5 @ptr_6 [SL:year @ptr_7 @ptr_8 SL:year] @ptr_9 [SL:service @ptr_10 SL:service]
I want to hear Dido from 1966 on Youtube	I Ġwant Ġto Ġhear ĠDid o Ġfrom Ġ1966 Ġon ĠYoutube	@ptr_0 @ptr_1 @ptr_2 @ptr_3 [SL:artist @ptr_4 @ptr_5 SL:artist] @ptr_6 [SL:year @ptr_7 SL:year] @ptr_8 [SL:service @ptr_9 SL:service]
Play Dj Subroc on Itunes	Play ĠDj ĠSub roc Ġon ĠIt unes	@ptr_0 [SL:artist @ptr_1 @ptr_2 @ptr_3 SL:artist] @ptr_4 [SL:service @ptr_5 @ptr_6 SL:service]
use Slacker to listen to seventies	use ĠSl acker Ġto Ġlisten Ġto Ġsevent ies	@ptr_0 [SL:service @ptr_1 @ptr_2 SL:service] @ptr_3 @ptr_4 @ptr_5 [SL:year @ptr_6 @ptr_7 SL:year]
play Itunes album mondovisione	play ĠIt unes Ġalbum Ġm ond ov ision e	@ptr_0 [SL:service @ptr_1 @ptr_2 SL:service] [SL:music_item @ptr_3 SL:music_item] [SL:album @ptr_4 @ptr_5 @ptr_6 @ptr_7 @ptr_8 SL:album]
Open Itunes and play Heath music from 1981	Open ĠIt unes Ġand Ġplay ĠHeath Ġmusic Ġfrom Ġ1981	@ptr_0 [SL:service @ptr_1 @ptr_2 SL:service] @ptr_3 @ptr_4 [SL:artist @ptr_5 SL:artist] @ptr_6 @ptr_7 [SL:year @ptr_8 SL:year]
Play top Martin Solveig on deezer	Play Ġtop ĠMartin ĠSol ve ig Ġon Ġde ez er	@ptr_0 [SL:sort @ptr_1 SL:sort] [SL:artist @ptr_2 @ptr_3 @ptr_4 @ptr_5 SL:artist] @ptr_6 [SL:service @ptr_7 @ptr_8 @ptr_9 SL:service]
Play a native us song on Last Fm	Play Ġa Ġnative Ġus Ġsong Ġon ĠLast ĠF m	@ptr_0 @ptr_1 [SL:genre @ptr_2 @ptr_3 SL:genre] [SL:music_item @ptr_4 SL:music_item] @ptr_5 [SL:service @ptr_6 @ptr_7 @ptr_8 SL:service]
Play music from Art Porter Junior movie sound track using Vimeo	Play Ġmusic Ġfrom ĠArt ĠPorter ĠJunior Ġmovie Ġsound Ġtrack Ġusing ĠV imeo	@ptr_0 @ptr_1 @ptr_2 [SL:artist @ptr_3 @ptr_4 @ptr_5 SL:artist] @ptr_6 [SL:music_item @ptr_7 @ptr_8 SL:music_item] @ptr_9 [SL:service @ptr_10 @ptr_11 SL:service]
Use itunes to play dancing	Use Ġit unes Ġto Ġplay Ġdancing	@ptr_0 [SL:service @ptr_1 @ptr_2 SL:service] @ptr_3 @ptr_4 [SL:playlist @ptr_5 SL:playlist]
Play music on Netflix by Don Kikas	Play Ġmusic Ġon ĠNetflix Ġby ĠDon ĠKik as	@ptr_0 @ptr_1 @ptr_2 [SL:service @ptr_3 SL:service] @ptr_4 [SL:artist @ptr_5 @ptr_6 @ptr_7 SL:artist]
Play on spotify Ms Scandalous	Play Ġon Ġspot ify ĠMs ĠSc andal ous	@ptr_0 @ptr_1 [SL:service @ptr_2 @ptr_3 SL:service] [SL:artist @ptr_4 @ptr_5 @ptr_6 @ptr_7 SL:artist]
play chant from the nineties with Last Fm	play Ġchant Ġfrom Ġthe Ġnin eties Ġwith ĠLast ĠF m	@ptr_0 [SL:music_item @ptr_1 SL:music_item] @ptr_2 @ptr_3 [SL:year @ptr_4 @ptr_5 SL:year] @ptr_6 [SL:service @ptr_7 @ptr_8 @ptr_9 SL:service]
Play music on my Itunes	Play Ġmusic Ġon Ġmy ĠIt unes	@ptr_0 @ptr_1 @ptr_2 @ptr_3 [SL:service @ptr_4 @ptr_5 SL:service]
Play a song off Get Up Offa That Thing by Doseone on Last Fm	Play Ġa Ġsong Ġoff ĠGet ĠUp ĠOff a ĠThat ĠThing Ġby ĠD ose one Ġon ĠLast ĠF m	@ptr_0 @ptr_1 [SL:music_item @ptr_2 SL:music_item] @ptr_3 [SL:album @ptr_4 @ptr_5 @ptr_6 @ptr_7 @ptr_8 @ptr_9 SL:album] @ptr_10 [SL:artist @ptr_11 @ptr_12 @ptr_13 SL:artist] @ptr_14 [SL:service @ptr_15 @ptr_16 @ptr_17 SL:service]
Open Vimeo and play Lee Mellor good	Open ĠV imeo Ġand Ġplay ĠLee ĠMell or Ġgood	@ptr_0 [SL:service @ptr_1 @ptr_2 SL:service] @ptr_3 @ptr_4 [SL:artist @ptr_5 @ptr_6 @ptr_7 SL:artist] [SL:sort @ptr_8 SL:sort]
play The New Timer by Augustus Pablo with Itunes	play ĠThe ĠNew ĠTim er Ġby ĠAugustus ĠPablo Ġwith ĠIt unes	@ptr_0 [SL:track @ptr_1 @ptr_2 @ptr_3 @ptr_4 SL:track] @ptr_5 [SL:artist @ptr_6 @ptr_7 SL:artist] @ptr_8 [SL:service @ptr_9 @ptr_10 SL:service]
Play me a song on Pandora	Play Ġme Ġa Ġsong Ġon ĠPandora	@ptr_0 @ptr_1 @ptr_2 [SL:music_item @ptr_3 SL:music_item] @ptr_4 [SL:service @ptr_5 SL:service]
play a music ballad from the sixties	play Ġa Ġmusic Ġball ad Ġfrom Ġthe Ġs ixties	@ptr_0 @ptr_1 @ptr_2 [SL:music_item @ptr_3 @ptr_4 SL:music_item] @ptr_5 @ptr_6 [SL:year @ptr_7 @ptr_8 SL:year]
Play some 1962 theme	Play Ġsome Ġ1962 Ġtheme	@ptr_0 @ptr_1 [SL:year @ptr_2 SL:year] [SL:music_item @ptr_3 SL:music_item]
Play the music of melody of 1997 in Itunes	Play Ġthe Ġmusic Ġof Ġmelody Ġof Ġ1997 Ġin ĠIt unes	@ptr_0 @ptr_1 @ptr_2 @ptr_3 [SL:music_item @ptr_4 SL:music_item] @ptr_5 [SL:year @ptr_6 SL:year] @ptr_7 [SL:service @ptr_8 @ptr_9 SL:service]
play Matt Uelmen songs from 1965 on Slacker	play ĠMatt ĠU el men Ġsongs Ġfrom Ġ1965 Ġon ĠSl acker	@ptr_0 [SL:artist @ptr_1 @ptr_2 @ptr_3 @ptr_4 SL:artist] @ptr_5 @ptr_6 [SL:year @ptr_7 SL:year] @ptr_8 [SL:service @ptr_9 @ptr_10 SL:service]
Play a track from 1959	Play Ġa Ġtrack Ġfrom Ġ1959	@ptr_0 @ptr_1 [SL:music_item @ptr_2 SL:music_item] @ptr_3 [SL:year @ptr_4 SL:year]
Play a fifties album on Itunes	Play Ġa Ġf ift ies Ġalbum Ġon ĠIt unes	@ptr_0 @ptr_1 [SL:year @ptr_2 @ptr_3 @ptr_4 SL:year] [SL:music_item @ptr_5 SL:music_item] @ptr_6 [SL:service @ptr_7 @ptr_8 SL:service]
Play some 1987 Edie Brickell	Play Ġsome Ġ1987 ĠEd ie ĠB ric kell	@ptr_0 @ptr_1 [SL:year @ptr_2 SL:year] [SL:artist @ptr_3 @ptr_4 @ptr_5 @ptr_6 @ptr_7 SL:artist]
Play some theme based music from the thirties	Play Ġsome Ġtheme Ġbased Ġmusic Ġfrom Ġthe Ġth irt ies	@ptr_0 @ptr_1 [SL:music_item @ptr_2 SL:music_item] @ptr_3 @ptr_4 @ptr_5 @ptr_6 [SL:year @ptr_7 @ptr_8 @ptr_9 SL:year]
Play a new song from 1976	Play Ġa Ġnew Ġsong Ġfrom Ġ1976	@ptr_0 @ptr_1 [SL:sort @ptr_2 SL:sort] [SL:music_item @ptr_3 SL:music_item] @ptr_4 [SL:year @ptr_5 SL:year]
play some seventies Dj Colette	play Ġsome Ġsevent ies ĠDj ĠCo lette	@ptr_0 @ptr_1 [SL:year @ptr_2 @ptr_3 SL:year] [SL:artist @ptr_4 @ptr_5 @ptr_6 SL:artist]
Play a 1958 soundtrack by Rudolf Schenker on Netflix	Play Ġa Ġ1958 Ġsoundtrack Ġby ĠRud olf ĠSc hen ker Ġon ĠNetflix	@ptr_0 @ptr_1 [SL:year @ptr_2 SL:year] [SL:music_item @ptr_3 SL:music_item] @ptr_4 [SL:artist @ptr_5 @ptr_6 @ptr_7 @ptr_8 @ptr_9 SL:artist] @ptr_10 [SL:service @ptr_11 SL:service]
play fifties movement songs by Fabio on Last Fm	play Ġf ift ies Ġmovement Ġsongs Ġby ĠFab io Ġon ĠLast ĠF m	@ptr_0 [SL:year @ptr_1 @ptr_2 @ptr_3 SL:year] [SL:music_item @ptr_4 SL:music_item] @ptr_5 @ptr_6 [SL:artist @ptr_7 @ptr_8 SL:artist] @ptr_9 [SL:service @ptr_10 @ptr_11 @ptr_12 SL:service]
Can you play a 1967 soundtrack on Slacker	Can Ġyou Ġplay Ġa Ġ1967 Ġsoundtrack Ġon ĠSl acker	@ptr_0 @ptr_1 @ptr_2 @ptr_3 [SL:year @ptr_4 SL:year] [SL:music_item @ptr_5 SL:music_item] @ptr_6 [SL:service @ptr_7 @ptr_8 SL:service]
Play some music from 1995	Play Ġsome Ġmusic Ġfrom Ġ1995	@ptr_0 @ptr_1 @ptr_2 @ptr_3 [SL:year @ptr_4 SL:year]
Play top-ten eighties song	Play Ġtop - ten Ġeight ies Ġsong	@ptr_0 [SL:sort @ptr_1 @ptr_2 @ptr_3 SL:sort] [SL:year @ptr_4 @ptr_5 SL:year] [SL:music_item @ptr_6 SL:music_item]
Play me the last 1980 record by Brenda Kahn	Play Ġme Ġthe Ġlast Ġ1980 Ġrecord Ġby ĠBrenda ĠKahn	@ptr_0 @ptr_1 @ptr_2 [SL:sort @ptr_3 SL:sort] [SL:year @ptr_4 SL:year] [SL:music_item @ptr_5 SL:music_item] @ptr_6 [SL:artist @ptr_7 @ptr_8 SL:artist]
Play the last ep from 1999	Play Ġthe Ġlast Ġep Ġfrom Ġ1999	@ptr_0 @ptr_1 [SL:sort @ptr_2 SL:sort] [SL:music_item @ptr_3 SL:music_item] @ptr_4 [SL:year @ptr_5 SL:year]
play a 1983 concerto by Ayaka on Itunes	play Ġa Ġ1983 Ġconcert o Ġby ĠAy aka Ġon ĠIt unes	@ptr_0 @ptr_1 [SL:year @ptr_2 SL:year] [SL:music_item @ptr_3 @ptr_4 SL:music_item] @ptr_5 [SL:artist @ptr_6 @ptr_7 SL:artist] @ptr_8 [SL:service @ptr_9 @ptr_10 SL:service]
Play any chant from 1973	Play Ġany Ġchant Ġfrom Ġ1973	@ptr_0 @ptr_1 [SL:music_item @ptr_2 SL:music_item] @ptr_3 [SL:year @ptr_4 SL:year]
Play a 1991 song by Anila Mirza	Play Ġa Ġ1991 Ġsong Ġby ĠAn ila ĠMir za	@ptr_0 @ptr_1 [SL:year @ptr_2 SL:year] [SL:music_item @ptr_3 SL:music_item] @ptr_4 [SL:artist @ptr_5 @ptr_6 @ptr_7 @ptr_8 SL:artist]
Play eighties music on Groove Shark	Play Ġeight ies Ġmusic Ġon ĠGro ove ĠShark	@ptr_0 [SL:year @ptr_1 @ptr_2 SL:year] @ptr_3 @ptr_4 [SL:service @ptr_5 @ptr_6 @ptr_7 SL:service]
I want to hear any tune from the twenties	I Ġwant Ġto Ġhear Ġany Ġtune Ġfrom Ġthe Ġtwenties	@ptr_0 @ptr_1 @ptr_2 @ptr_3 @ptr_4 [SL:music_item @ptr_5 SL:music_item] @ptr_6 @ptr_7 [SL:year @ptr_8 SL:year]
I want to hear Somi 's songs from the twenties	I Ġwant Ġto Ġhear ĠSom i Ġ' s Ġsongs Ġfrom Ġthe Ġtwenties	@ptr_0 @ptr_1 @ptr_2 @ptr_3 [SL:artist @ptr_4 @ptr_5 SL:artist] @ptr_6 @ptr_7 @ptr_8 @ptr_9 @ptr_10 [SL:year @ptr_11 SL:year]
play chant from the nineties with Last Fm	play Ġchant Ġfrom Ġthe Ġnin eties Ġwith ĠLast ĠF m	@ptr_0 [SL:music_item @ptr_1 SL:music_item] @ptr_2 @ptr_3 [SL:year @ptr_4 @ptr_5 SL:year] @ptr_6 [SL:service @ptr_7 @ptr_8 @ptr_9 SL:service]
Play a chant from the fifties	Play Ġa Ġchant Ġfrom Ġthe Ġf ift ies	@ptr_0 @ptr_1 [SL:music_item @ptr_2 SL:music_item] @ptr_3 @ptr_4 [SL:year @ptr_5 @ptr_6 @ptr_7 SL:year]
I want to listen to Lastfm , play A Drop Of The Hard Stuff by Joi Chua	I Ġwant Ġto Ġlisten Ġto ĠLast fm Ġ, Ġplay ĠA ĠDrop ĠOf ĠThe ĠHard ĠStuff Ġby ĠJo i ĠCh ua	@ptr_0 @ptr_1 @ptr_2 @ptr_3 @ptr_4 [SL:service @ptr_5 @ptr_6 SL:service] @ptr_7 @ptr_8 [SL:album @ptr_9 @ptr_10 @ptr_11 @ptr_12 @ptr_13 @ptr_14 SL:album] @ptr_15 [SL:artist @ptr_16 @ptr_17 @ptr_18 @ptr_19 SL:artist]
Play Hættuleg Hljómsveit & Glæpakvendið Stella by Kaori Iida	Play ĠH Ã¦ tt u leg ĠH l j Ã³ ms ve it Ġ& ĠGl Ã¦ pak v endi Ã° ĠStella Ġby ĠKa ori ĠI ida	@ptr_0 [SL:album @ptr_1 @ptr_2 @ptr_3 @ptr_4 @ptr_5 @ptr_6 @ptr_7 @ptr_8 @ptr_9 @ptr_10 @ptr_11 @ptr_12 @ptr_13 @ptr_14 @ptr_15 @ptr_16 @ptr_17 @ptr_18 @ptr_19 @ptr_20 SL:album] @ptr_21 [SL:artist @ptr_22 @ptr_23 @ptr_24 @ptr_25 SL:artist]
Play the album Shooting Silvio by Dave Sabo	Play Ġthe Ġalbum ĠShooting ĠSil v io Ġby ĠDave ĠSab o	@ptr_0 @ptr_1 [SL:music_item @ptr_2 SL:music_item] [SL:album @ptr_3 @ptr_4 @ptr_5 @ptr_6 SL:album] @ptr_7 [SL:artist @ptr_8 @ptr_9 @ptr_10 SL:artist]
Open Lastfm and play a voluntad del cielo from Wax	Open ĠLast fm Ġand Ġplay Ġa Ġvolunt ad Ġdel Ġc iel o Ġfrom ĠWax	@ptr_0 [SL:service @ptr_1 @ptr_2 SL:service] @ptr_3 @ptr_4 [SL:album @ptr_5 @ptr_6 @ptr_7 @ptr_8 @ptr_9 @ptr_10 @ptr_11 SL:album] @ptr_12 [SL:artist @ptr_13 SL:artist]
Play the Busco Un Pueblo album	Play Ġthe ĠBus co ĠUn ĠP uebl o Ġalbum	@ptr_0 @ptr_1 [SL:album @ptr_2 @ptr_3 @ptr_4 @ptr_5 @ptr_6 @ptr_7 SL:album] [SL:music_item @ptr_8 SL:music_item]
Play breed the killers on Itunes	Play Ġbreed Ġthe Ġkillers Ġon ĠIt unes	@ptr_0 [SL:album @ptr_1 @ptr_2 @ptr_3 SL:album] @ptr_4 [SL:service @ptr_5 @ptr_6 SL:service]
Play the album Making Evening And Night by Cevin Key	Play Ġthe Ġalbum ĠMaking ĠEvening ĠAnd ĠNight Ġby ĠC evin ĠKey	@ptr_0 @ptr_1 [SL:music_item @ptr_2 SL:music_item] [SL:album @ptr_3 @ptr_4 @ptr_5 @ptr_6 SL:album] @ptr_7 [SL:artist @ptr_8 @ptr_9 @ptr_10 SL:artist]
Play the album Qr Iii by bobby bare	Play Ġthe Ġalbum ĠQ r ĠI ii Ġby Ġb obby Ġbare	@ptr_0 @ptr_1 [SL:music_item @ptr_2 SL:music_item] [SL:album @ptr_3 @ptr_4 @ptr_5 @ptr_6 SL:album] @ptr_7 [SL:artist @ptr_8 @ptr_9 @ptr_10 SL:artist]
Play Paul Landers , O Rio, A Cidade, A Árvore on slacker	Play ĠPaul ĠLand ers Ġ, ĠO ĠRio , ĠA ĠC id ade , ĠA ĠÃ ģ r v ore Ġon Ġsl acker	@ptr_0 [SL:artist @ptr_1 @ptr_2 @ptr_3 SL:artist] @ptr_4 [SL:album @ptr_5 @ptr_6 @ptr_7 @ptr_8 @ptr_9 @ptr_10 @ptr_11 @ptr_12 @ptr_13 @ptr_14 @ptr_15 @ptr_16 @ptr_17 @ptr_18 SL:album] @ptr_19 [SL:service @ptr_20 @ptr_21 SL:service]
Play me a song from Luxury Liner	Play Ġme Ġa Ġsong Ġfrom ĠLux ury ĠLin er	@ptr_0 @ptr_1 @ptr_2 [SL:music_item @ptr_3 SL:music_item] @ptr_4 [SL:album @ptr_5 @ptr_6 @ptr_7 @ptr_8 SL:album]
I want to hear Gloryhole from Mani off of Lastfm	I Ġwant Ġto Ġhear ĠGlory hole Ġfrom ĠMan i Ġoff Ġof ĠLast fm	@ptr_0 @ptr_1 @ptr_2 @ptr_3 [SL:album @ptr_4 @ptr_5 SL:album] @ptr_6 [SL:artist @ptr_7 @ptr_8 SL:artist] @ptr_9 @ptr_10 [SL:service @ptr_11 @ptr_12 SL:service]
Play Night Electric Night on Iheart	Play ĠNight ĠElectric ĠNight Ġon ĠI heart	@ptr_0 [SL:album @ptr_1 @ptr_2 @ptr_3 SL:album] @ptr_4 [SL:service @ptr_5 @ptr_6 SL:service]
Play Expresión from Mickey Finn	Play ĠExp res i Ã³n Ġfrom ĠMickey ĠFinn	@ptr_0 [SL:album @ptr_1 @ptr_2 @ptr_3 @ptr_4 SL:album] @ptr_5 [SL:artist @ptr_6 @ptr_7 SL:artist]
play the It Could Only Happen With You album by Lawrence	play Ġthe ĠIt ĠCould ĠOnly ĠHapp en ĠWith ĠYou Ġalbum Ġby ĠLawrence	@ptr_0 @ptr_1 [SL:album @ptr_2 @ptr_3 @ptr_4 @ptr_5 @ptr_6 @ptr_7 @ptr_8 SL:album] [SL:music_item @ptr_9 SL:music_item] @ptr_10 [SL:artist @ptr_11 SL:artist]
Please play Every Woman In Me	Please Ġplay ĠEvery ĠWoman ĠIn ĠMe	@ptr_0 @ptr_1 [SL:album @ptr_2 @ptr_3 @ptr_4 @ptr_5 SL:album]
Play play Lodge by Alkabli on lastfm	Play Ġplay ĠLodge Ġby ĠAl k ab li Ġon Ġlast fm	@ptr_0 @ptr_1 [SL:album @ptr_2 SL:album] @ptr_3 [SL:artist @ptr_4 @ptr_5 @ptr_6 @ptr_7 SL:artist] @ptr_8 [SL:service @ptr_9 @ptr_10 SL:service]
Play Andy Williams Sings Rodgers And Hammerstein by elica todorova	Play ĠAndy ĠWilliams ĠS ings ĠRodgers ĠAnd ĠHammer stein Ġby Ġelic a Ġto dor ova	@ptr_0 [SL:album @ptr_1 @ptr_2 @ptr_3 @ptr_4 @ptr_5 @ptr_6 @ptr_7 @ptr_8 SL:album] @ptr_9 [SL:artist @ptr_10 @ptr_11 @ptr_12 @ptr_13 @ptr_14 SL:artist]
Play Brotherhood by Ock Joo-hyun	Play ĠBrotherhood Ġby ĠO ck ĠJ oo - hy un	@ptr_0 [SL:album @ptr_1 SL:album] @ptr_2 [SL:artist @ptr_3 @ptr_4 @ptr_5 @ptr_6 @ptr_7 @ptr_8 @ptr_9 SL:artist]
Play Elliot Easton 's album Beautiful	Play ĠElliot ĠEast on Ġ' s Ġalbum ĠBeautiful	@ptr_0 [SL:artist @ptr_1 @ptr_2 @ptr_3 SL:artist] @ptr_4 @ptr_5 [SL:music_item @ptr_6 SL:music_item] [SL:album @ptr_7 SL:album]
Play me a Felix Kubin from No Light on Spotify	Play Ġme Ġa ĠFelix ĠKub in Ġfrom ĠNo ĠLight Ġon ĠSpotify	@ptr_0 @ptr_1 @ptr_2 [SL:artist @ptr_3 @ptr_4 @ptr_5 SL:artist] @ptr_6 [SL:album @ptr_7 @ptr_8 SL:album] @ptr_9 [SL:service @ptr_10 SL:service]
Play music from jeremy taylor on the album Dormi Amore, La Situazione Non È Buona on Groove Shark	Play Ġmusic Ġfrom Ġj ere my Ġt aylor Ġon Ġthe Ġalbum ĠD orm i ĠAm ore , ĠLa ĠSit u az ione ĠNon ĠÃ Ī ĠBu ona Ġon ĠGro ove ĠShark	@ptr_0 @ptr_1 @ptr_2 [SL:artist @ptr_3 @ptr_4 @ptr_5 @ptr_6 @ptr_7 SL:artist] @ptr_8 @ptr_9 [SL:music_item @ptr_10 SL:music_item] [SL:album @ptr_11 @ptr_12 @ptr_13 @ptr_14 @ptr_15 @ptr_16 @ptr_17 @ptr_18 @ptr_19 @ptr_20 @ptr_21 @ptr_22 @ptr_23 @ptr_24 @ptr_25 @ptr_26 SL:album] @ptr_27 [SL:service @ptr_28 @ptr_29 @ptr_30 SL:service]
Play Rei Momo newest album	Play ĠRei ĠMom o Ġnewest Ġalbum	@ptr_0 [SL:album @ptr_1 @ptr_2 @ptr_3 SL:album] [SL:sort @ptr_4 SL:sort] [SL:music_item @ptr_5 SL:music_item]
play Itunes album mondovisione	play ĠIt unes Ġalbum Ġm ond ov ision e	@ptr_0 [SL:service @ptr_1 @ptr_2 SL:service] [SL:music_item @ptr_3 SL:music_item] [SL:album @ptr_4 @ptr_5 @ptr_6 @ptr_7 @ptr_8 SL:album]
Play Regulate…g Funk Era by artist Iouri Bachmet on groove shark	Play ĠReg ulate âĢ¦ g ĠFunk ĠEra Ġby Ġartist ĠI ouri ĠBach met Ġon Ġgroove Ġshark	@ptr_0 [SL:album @ptr_1 @ptr_2 @ptr_3 @ptr_4 @ptr_5 @ptr_6 SL:album] @ptr_7 @ptr_8 [SL:artist @ptr_9 @ptr_10 @ptr_11 @ptr_12 SL:artist] @ptr_13 [SL:service @ptr_14 @ptr_15 SL:service]
Play the album Killer Instinkt	Play Ġthe Ġalbum ĠKiller ĠInst ink t	@ptr_0 @ptr_1 [SL:music_item @ptr_2 SL:music_item] [SL:album @ptr_3 @ptr_4 @ptr_5 @ptr_6 SL:album]
I'd like to play the top ten Mickdeth on Google Music	I 'd Ġlike Ġto Ġplay Ġthe Ġtop Ġten ĠMick d eth Ġon ĠGoogle ĠMusic	@ptr_0 @ptr_1 @ptr_2 @ptr_3 @ptr_4 @ptr_5 [SL:sort @ptr_6 @ptr_7 SL:sort] [SL:artist @ptr_8 @ptr_9 @ptr_10 SL:artist] @ptr_11 [SL:service @ptr_12 @ptr_13 SL:service]
Play anything from the top-50 Jeff Irwin record off of itunes	Play Ġanything Ġfrom Ġthe Ġtop - 50 ĠJeff ĠIrwin Ġrecord Ġoff Ġof Ġit unes	@ptr_0 @ptr_1 @ptr_2 @ptr_3 [SL:sort @ptr_4 @ptr_5 @ptr_6 SL:sort] [SL:artist @ptr_7 @ptr_8 SL:artist] [SL:music_item @ptr_9 SL:music_item] @ptr_10 @ptr_11 [SL:service @ptr_12 @ptr_13 SL:service]
play the top twenty tracks of Ron Jarzombek	play Ġthe Ġtop Ġtwenty Ġtracks Ġof ĠRon ĠJar z omb ek	@ptr_0 @ptr_1 [SL:sort @ptr_2 @ptr_3 SL:sort] [SL:playlist @ptr_4 SL:playlist] @ptr_5 [SL:artist @ptr_6 @ptr_7 @ptr_8 @ptr_9 @ptr_10 SL:artist]
Play the top chant music from 2014	Play Ġthe Ġtop Ġchant Ġmusic Ġfrom Ġ2014	@ptr_0 @ptr_1 [SL:sort @ptr_2 SL:sort] [SL:music_item @ptr_3 SL:music_item] @ptr_4 @ptr_5 [SL:year @ptr_6 SL:year]
Play me the greatest Howard Levy song	Play Ġme Ġthe Ġgreatest ĠHoward ĠLevy Ġsong	@ptr_0 @ptr_1 @ptr_2 [SL:sort @ptr_3 SL:sort] [SL:artist @ptr_4 @ptr_5 SL:artist] [SL:music_item @ptr_6 SL:music_item]
play a top-10 ballad from 1995	play Ġa Ġtop - 10 Ġball ad Ġfrom Ġ1995	@ptr_0 @ptr_1 [SL:sort @ptr_2 @ptr_3 @ptr_4 SL:sort] [SL:music_item @ptr_5 @ptr_6 SL:music_item] @ptr_7 [SL:year @ptr_8 SL:year]
I want to hear any top five music from Gene Autry	I Ġwant Ġto Ġhear Ġany Ġtop Ġfive Ġmusic Ġfrom ĠGene ĠAut ry	@ptr_0 @ptr_1 @ptr_2 @ptr_3 @ptr_4 [SL:sort @ptr_5 @ptr_6 SL:sort] @ptr_7 @ptr_8 [SL:artist @ptr_9 @ptr_10 @ptr_11 SL:artist]
Play Bob Hilliard top-twenty	Play ĠBob ĠHill iard Ġtop - tw enty	@ptr_0 [SL:artist @ptr_1 @ptr_2 @ptr_3 SL:artist] [SL:sort @ptr_4 @ptr_5 @ptr_6 @ptr_7 SL:sort]
Play greatest chant music from Beni Arashiro	Play Ġgreatest Ġchant Ġmusic Ġfrom ĠBen i ĠAr ash iro	@ptr_0 [SL:sort @ptr_1 SL:sort] [SL:music_item @ptr_2 SL:music_item] @ptr_3 @ptr_4 [SL:artist @ptr_5 @ptr_6 @ptr_7 @ptr_8 @ptr_9 SL:artist]
Play Geddy Lee music on Spotify sort by top	Play ĠG eddy ĠLee Ġmusic Ġon ĠSpotify Ġsort Ġby Ġtop	@ptr_0 [SL:artist @ptr_1 @ptr_2 @ptr_3 SL:artist] @ptr_4 @ptr_5 [SL:service @ptr_6 SL:service] @ptr_7 @ptr_8 [SL:sort @ptr_9 SL:sort]
play a tune by Syreeta Wright from twenties from the top	play Ġa Ġtune Ġby ĠSy reet a ĠWright Ġfrom Ġtwenties Ġfrom Ġthe Ġtop	@ptr_0 @ptr_1 [SL:music_item @ptr_2 SL:music_item] @ptr_3 [SL:artist @ptr_4 @ptr_5 @ptr_6 @ptr_7 SL:artist] @ptr_8 [SL:year @ptr_9 SL:year] @ptr_10 @ptr_11 [SL:sort @ptr_12 SL:sort]
Play a new song form the eighties	Play Ġa Ġnew Ġsong Ġform Ġthe Ġeight ies	@ptr_0 @ptr_1 [SL:sort @ptr_2 SL:sort] [SL:music_item @ptr_3 SL:music_item] @ptr_4 @ptr_5 [SL:year @ptr_6 @ptr_7 SL:year]
Play top-ten eighties song	Play Ġtop - ten Ġeight ies Ġsong	@ptr_0 [SL:sort @ptr_1 @ptr_2 @ptr_3 SL:sort] [SL:year @ptr_4 @ptr_5 SL:year] [SL:music_item @ptr_6 SL:music_item]
Play the top movement music from 1997	Play Ġthe Ġtop Ġmovement Ġmusic Ġfrom Ġ1997	@ptr_0 @ptr_1 [SL:sort @ptr_2 SL:sort] [SL:music_item @ptr_3 SL:music_item] @ptr_4 @ptr_5 [SL:year @ptr_6 SL:year]
Play a top fifty ballad by Linda Strawberry on Google Music	Play Ġa Ġtop Ġfifty Ġball ad Ġby ĠLinda ĠStrawberry Ġon ĠGoogle ĠMusic	@ptr_0 @ptr_1 [SL:sort @ptr_2 @ptr_3 SL:sort] [SL:music_item @ptr_4 @ptr_5 SL:music_item] @ptr_6 [SL:artist @ptr_7 @ptr_8 SL:artist] @ptr_9 [SL:service @ptr_10 @ptr_11 SL:service]
Play the newest twenties melody	Play Ġthe Ġnewest Ġtwenties Ġmelody	@ptr_0 @ptr_1 [SL:sort @ptr_2 SL:sort] [SL:year @ptr_3 SL:year] [SL:music_item @ptr_4 SL:music_item]
Play the top track by Claudja Barry on Last Fm	Play Ġthe Ġtop Ġtrack Ġby ĠClaud ja ĠBarry Ġon ĠLast ĠF m	@ptr_0 @ptr_1 [SL:sort @ptr_2 SL:sort] [SL:music_item @ptr_3 SL:music_item] @ptr_4 [SL:artist @ptr_5 @ptr_6 @ptr_7 SL:artist] @ptr_8 [SL:service @ptr_9 @ptr_10 @ptr_11 SL:service]
play a good John Maher record with Netflix	play Ġa Ġgood ĠJohn ĠMaher Ġrecord Ġwith ĠNetflix	@ptr_0 @ptr_1 [SL:sort @ptr_2 SL:sort] [SL:artist @ptr_3 @ptr_4 SL:artist] [SL:music_item @ptr_5 SL:music_item] @ptr_6 [SL:service @ptr_7 SL:service]
Play the greatest Nicholaus Arson concerto from around 2000	Play Ġthe Ġgreatest ĠNich ola us ĠAr son Ġconcert o Ġfrom Ġaround Ġ2000	@ptr_0 @ptr_1 [SL:sort @ptr_2 SL:sort] [SL:artist @ptr_3 @ptr_4 @ptr_5 @ptr_6 @ptr_7 SL:artist] [SL:music_item @ptr_8 @ptr_9 SL:music_item] @ptr_10 @ptr_11 [SL:year @ptr_12 SL:year]
Play the top hits of 2016	Play Ġthe Ġtop Ġhits Ġof Ġ2016	@ptr_0 @ptr_1 [SL:sort @ptr_2 SL:sort] @ptr_3 @ptr_4 [SL:year @ptr_5 SL:year]
Play the newest chant by John Doyle on Zvooq	Play Ġthe Ġnewest Ġchant Ġby ĠJohn ĠDoyle Ġon ĠZ v oo q	@ptr_0 @ptr_1 [SL:sort @ptr_2 SL:sort] [SL:music_item @ptr_3 SL:music_item] @ptr_4 [SL:artist @ptr_5 @ptr_6 SL:artist] @ptr_7 [SL:service @ptr_8 @ptr_9 @ptr_10 @ptr_11 SL:service]
Play the top caleigh peters	Play Ġthe Ġtop Ġc aleigh Ġpet ers	@ptr_0 @ptr_1 [SL:sort @ptr_2 SL:sort] [SL:artist @ptr_3 @ptr_4 @ptr_5 @ptr_6 SL:artist]
Play rie fu music sorted by the best	Play Ġr ie Ġfu Ġmusic Ġsorted Ġby Ġthe Ġbest	@ptr_0 [SL:artist @ptr_1 @ptr_2 @ptr_3 SL:artist] @ptr_4 @ptr_5 @ptr_6 @ptr_7 [SL:sort @ptr_8 SL:sort]
Play new music from Liang Wern Fook	Play Ġnew Ġmusic Ġfrom ĠLiang ĠW ern ĠF ook	@ptr_0 [SL:sort @ptr_1 SL:sort] @ptr_2 @ptr_3 [SL:artist @ptr_4 @ptr_5 @ptr_6 @ptr_7 @ptr_8 SL:artist]
play the greatest james yorkston song	play Ġthe Ġgreatest Ġj ames Ġy ork ston Ġsong	@ptr_0 @ptr_1 [SL:sort @ptr_2 SL:sort] [SL:artist @ptr_3 @ptr_4 @ptr_5 @ptr_6 @ptr_7 SL:artist] [SL:music_item @ptr_8 SL:music_item]
play drive	play Ġdrive	@ptr_0 [SL:playlist @ptr_1 SL:playlist]
Play my entertaining	Play Ġmy Ġentertaining	@ptr_0 @ptr_1 [SL:playlist @ptr_2 SL:playlist]
Play my New Indie Mix on Google Music	Play Ġmy ĠNew ĠIndie ĠMix Ġon ĠGoogle ĠMusic	@ptr_0 @ptr_1 [SL:playlist @ptr_2 @ptr_3 @ptr_4 SL:playlist] @ptr_5 [SL:service @ptr_6 @ptr_7 SL:service]
Play my Acoustic Covers playlist on Spotify	Play Ġmy ĠAc oustic ĠCo vers Ġplaylist Ġon ĠSpotify	@ptr_0 @ptr_1 [SL:playlist @ptr_2 @ptr_3 @ptr_4 @ptr_5 SL:playlist] @ptr_6 @ptr_7 [SL:service @ptr_8 SL:service]
play journey	play Ġjourney	@ptr_0 [SL:playlist @ptr_1 SL:playlist]
Play my 70s Smash Hits	Play Ġmy Ġ70 s ĠSmash ĠHits	@ptr_0 @ptr_1 [SL:playlist @ptr_2 @ptr_3 @ptr_4 @ptr_5 SL:playlist]
I want toi hear some Pop Punk Perfection off of Deezer	I Ġwant Ġto i Ġhear Ġsome ĠPop ĠPunk ĠPerfect ion Ġoff Ġof ĠDe ez er	@ptr_0 @ptr_1 @ptr_2 @ptr_3 @ptr_4 @ptr_5 [SL:playlist @ptr_6 @ptr_7 @ptr_8 @ptr_9 SL:playlist] @ptr_10 @ptr_11 [SL:service @ptr_12 @ptr_13 @ptr_14 SL:service]
Play my Futuros Hits playlist on Spotify	Play Ġmy ĠFut uro s ĠHits Ġplaylist Ġon ĠSpotify	@ptr_0 @ptr_1 [SL:playlist @ptr_2 @ptr_3 @ptr_4 @ptr_5 SL:playlist] @ptr_6 @ptr_7 [SL:service @ptr_8 SL:service]
Please play playlist TODO REGGAETON	Please Ġplay Ġplaylist ĠTOD O ĠREG GA ET ON	@ptr_0 @ptr_1 @ptr_2 [SL:playlist @ptr_3 @ptr_4 @ptr_5 @ptr_6 @ptr_7 @ptr_8 SL:playlist]
play Té Para Tres	play ĠT Ã© ĠPar a ĠT res	@ptr_0 [SL:playlist @ptr_1 @ptr_2 @ptr_3 @ptr_4 @ptr_5 @ptr_6 SL:playlist]
Play my Femme Fatale playlist on Vimeo	Play Ġmy ĠFem me ĠFat ale Ġplaylist Ġon ĠV imeo	@ptr_0 @ptr_1 [SL:playlist @ptr_2 @ptr_3 @ptr_4 @ptr_5 SL:playlist] @ptr_6 @ptr_7 [SL:service @ptr_8 @ptr_9 SL:service]
Play Pura Vida	Play ĠP ura ĠV ida	@ptr_0 [SL:playlist @ptr_1 @ptr_2 @ptr_3 @ptr_4 SL:playlist]
Play Party Anthems	Play ĠParty ĠAnt he ms	@ptr_0 [SL:playlist @ptr_1 @ptr_2 @ptr_3 @ptr_4 SL:playlist]
Play rhythmic	Play Ġrhyth mic	@ptr_0 [SL:playlist @ptr_1 @ptr_2 SL:playlist]
Use Pandora to play Korean OSTs	Use ĠPandora Ġto Ġplay ĠKorean ĠO ST s	@ptr_0 [SL:service @ptr_1 SL:service] @ptr_2 @ptr_3 [SL:playlist @ptr_4 @ptr_5 @ptr_6 @ptr_7 SL:playlist]
Play the Instrumental Study on Vimeo	Play Ġthe ĠInstrument al ĠStudy Ġon ĠV imeo	@ptr_0 @ptr_1 [SL:playlist @ptr_2 @ptr_3 @ptr_4 SL:playlist] @ptr_5 [SL:service @ptr_6 @ptr_7 SL:service]
play playlist The Realest Down South	play Ġplaylist ĠThe ĠReal est ĠDown ĠSouth	@ptr_0 @ptr_1 [SL:playlist @ptr_2 @ptr_3 @ptr_4 @ptr_5 @ptr_6 SL:playlist]
Play This Is: Animal Collective	Play ĠThis ĠIs : ĠAnimal ĠCollective	@ptr_0 [SL:playlist @ptr_1 @ptr_2 @ptr_3 @ptr_4 @ptr_5 SL:playlist]
Play Strength of Street Knowledge on Groove Shark	Play ĠStrength Ġof ĠStreet ĠKnowledge Ġon ĠGro ove ĠShark	@ptr_0 [SL:playlist @ptr_1 @ptr_2 @ptr_3 @ptr_4 SL:playlist] @ptr_5 [SL:service @ptr_6 @ptr_7 @ptr_8 SL:service]
Play Giovanni Battista Guadagnini 's 1982 tracks	Play ĠGiovanni ĠBatt ista ĠGu ad agn ini Ġ' s Ġ1982 Ġtracks	@ptr_0 [SL:artist @ptr_1 @ptr_2 @ptr_3 @ptr_4 @ptr_5 @ptr_6 @ptr_7 SL:artist] @ptr_8 @ptr_9 [SL:year @ptr_10 SL:year] [SL:playlist @ptr_11 SL:playlist]
play Piano Ballads on Netflix	play ĠPiano ĠBall ads Ġon ĠNetflix	@ptr_0 [SL:playlist @ptr_1 @ptr_2 @ptr_3 SL:playlist] @ptr_4 [SL:service @ptr_5 SL:service]
Play music from the playlist Get Your Mind Right	Play Ġmusic Ġfrom Ġthe Ġplaylist ĠGet ĠYour ĠMind ĠRight	@ptr_0 @ptr_1 @ptr_2 @ptr_3 @ptr_4 [SL:playlist @ptr_5 @ptr_6 @ptr_7 @ptr_8 SL:playlist]
Play music from my relentless	Play Ġmusic Ġfrom Ġmy Ġrelentless	@ptr_0 @ptr_1 @ptr_2 @ptr_3 [SL:playlist @ptr_4 SL:playlist]
Play my 88 Keys	Play Ġmy Ġ88 ĠKeys	@ptr_0 @ptr_1 [SL:playlist @ptr_2 @ptr_3 SL:playlist]
play Zvooq Night Rider	play ĠZ v oo q ĠNight ĠRider	@ptr_0 [SL:service @ptr_1 @ptr_2 @ptr_3 @ptr_4 SL:service] [SL:playlist @ptr_5 @ptr_6 SL:playlist]
Play some Retro	Play Ġsome ĠRetro	@ptr_0 @ptr_1 [SL:genre @ptr_2 SL:genre]
Play christian gangsta rap	Play Ġchrist ian Ġgang sta Ġrap	@ptr_0 [SL:genre @ptr_1 @ptr_2 @ptr_3 @ptr_4 @ptr_5 SL:genre]
use Iheart to listen to retro	use ĠI heart Ġto Ġlisten Ġto Ġretro	@ptr_0 [SL:service @ptr_1 @ptr_2 SL:service] @ptr_3 @ptr_4 @ptr_5 [SL:genre @ptr_6 SL:genre]
Play celtic	Play Ġc elt ic	@ptr_0 [SL:genre @ptr_1 @ptr_2 @ptr_3 SL:genre]
Play me a bluegrass song	Play Ġme Ġa Ġblue grass Ġsong	@ptr_0 @ptr_1 @ptr_2 [SL:genre @ptr_3 @ptr_4 SL:genre] [SL:music_item @ptr_5 SL:music_item]
play some dream	play Ġsome Ġdream	@ptr_0 @ptr_1 [SL:genre @ptr_2 SL:genre]
Play a native us song on Last Fm	Play Ġa Ġnative Ġus Ġsong Ġon ĠLast ĠF m	@ptr_0 @ptr_1 [SL:genre @ptr_2 @ptr_3 SL:genre] [SL:music_item @ptr_4 SL:music_item] @ptr_5 [SL:service @ptr_6 @ptr_7 @ptr_8 SL:service]
Play drum & bass	Play Ġdrum Ġ& Ġbass	@ptr_0 [SL:genre @ptr_1 @ptr_2 @ptr_3 SL:genre]
play some Classical music on Spotify	play Ġsome ĠClassical Ġmusic Ġon ĠSpotify	@ptr_0 @ptr_1 [SL:genre @ptr_2 SL:genre] @ptr_3 @ptr_4 [SL:service @ptr_5 SL:service]
Please play some Black Metal	Please Ġplay Ġsome ĠBlack ĠMetal	@ptr_0 @ptr_1 @ptr_2 [SL:genre @ptr_3 @ptr_4 SL:genre]
Play some thrash metal	Play Ġsome Ġthr ash Ġmetal	@ptr_0 @ptr_1 [SL:genre @ptr_2 @ptr_3 @ptr_4 SL:genre]
play Lastfm pop	play ĠLast fm Ġpop	@ptr_0 [SL:service @ptr_1 @ptr_2 SL:service] [SL:genre @ptr_3 SL:genre]
I need some ambient	I Ġneed Ġsome Ġambient	@ptr_0 @ptr_1 @ptr_2 [SL:genre @ptr_3 SL:genre]
Play some folk-rock	Play Ġsome Ġfolk - rock	@ptr_0 @ptr_1 [SL:genre @ptr_2 @ptr_3 @ptr_4 SL:genre]
Play some psychadelic	Play Ġsome Ġpsych adel ic	@ptr_0 @ptr_1 [SL:genre @ptr_2 @ptr_3 @ptr_4 SL:genre]
Play some jpop on Google Music	Play Ġsome Ġj pop Ġon ĠGoogle ĠMusic	@ptr_0 @ptr_1 [SL:genre @ptr_2 @ptr_3 SL:genre] @ptr_4 [SL:service @ptr_5 @ptr_6 SL:service]
Play slow rock music on Vimeo	Play Ġslow Ġrock Ġmusic Ġon ĠV imeo	@ptr_0 [SL:genre @ptr_1 @ptr_2 SL:genre] @ptr_3 @ptr_4 [SL:service @ptr_5 @ptr_6 SL:service]
play some Folk	play Ġsome ĠFolk	@ptr_0 @ptr_1 [SL:genre @ptr_2 SL:genre]
Play any chanson	Play Ġany Ġch anson	@ptr_0 @ptr_1 [SL:genre @ptr_2 @ptr_3 SL:genre]
Play opera music on google music	Play Ġopera Ġmusic Ġon Ġgoogle Ġmusic	@ptr_0 [SL:genre @ptr_1 SL:genre] @ptr_2 @ptr_3 [SL:service @ptr_4 @ptr_5 SL:service]
play some grunge	play Ġsome Ġgrun ge	@ptr_0 @ptr_1 [SL:genre @ptr_2 @ptr_3 SL:genre]
Play some symphonic rock	Play Ġsome Ġsym ph onic Ġrock	@ptr_0 @ptr_1 [SL:genre @ptr_2 @ptr_3 @ptr_4 @ptr_5 SL:genre]
Play some Techno	Play Ġsome ĠTechn o	@ptr_0 @ptr_1 [SL:genre @ptr_2 @ptr_3 SL:genre]
Play some rock & roll by Deezer	Play Ġsome Ġrock Ġ& Ġroll Ġby ĠDe ez er	@ptr_0 @ptr_1 [SL:genre @ptr_2 @ptr_3 @ptr_4 SL:genre] @ptr_5 [SL:service @ptr_6 @ptr_7 @ptr_8 SL:service]
play Groove Shark folk-rock	play ĠGro ove ĠShark Ġfolk - rock	@ptr_0 [SL:service @ptr_1 @ptr_2 @ptr_3 SL:service] [SL:genre @ptr_4 @ptr_5 @ptr_6 SL:genre]
