rate the book Whit a zero	rate Ġthe Ġbook ĠWhit Ġa Ġzero	@ptr_0 @ptr_1 [SL:object_type @ptr_2 SL:object_type] [SL:object_name @ptr_3 SL:object_name] @ptr_4 [SL:rating_value @ptr_5 SL:rating_value]
Contemporary Religious Satanism gets a 3	Cont emporary ĠReligious ĠSatan ism Ġgets Ġa Ġ3	[SL:object_name @ptr_0 @ptr_1 @ptr_2 @ptr_3 @ptr_4 SL:object_name] @ptr_5 @ptr_6 [SL:rating_value @ptr_7 SL:rating_value]
I want to rate The Turbulent Term of Tyke Tiler a 3	I Ġwant Ġto Ġrate ĠThe ĠTur bul ent ĠTerm Ġof ĠTy ke ĠT iler Ġa Ġ3	@ptr_0 @ptr_1 @ptr_2 @ptr_3 [SL:object_name @ptr_4 @ptr_5 @ptr_6 @ptr_7 @ptr_8 @ptr_9 @ptr_10 @ptr_11 @ptr_12 @ptr_13 SL:object_name] @ptr_14 [SL:rating_value @ptr_15 SL:rating_value]
rate the Effortless Mastery chronicle a 4	rate Ġthe ĠEff ort less ĠMastery Ġchron icle Ġa Ġ4	@ptr_0 @ptr_1 [SL:object_name @ptr_2 @ptr_3 @ptr_4 @ptr_5 SL:object_name] [SL:object_part_of_series_type @ptr_6 @ptr_7 SL:object_part_of_series_type] @ptr_8 [SL:rating_value @ptr_9 SL:rating_value]
Rate A Pelican at Blandings a 2	Rate ĠA ĠPel ican Ġat ĠBland ings Ġa Ġ2	@ptr_0 [SL:object_name @ptr_1 @ptr_2 @ptr_3 @ptr_4 @ptr_5 @ptr_6 SL:object_name] @ptr_7 [SL:rating_value @ptr_8 SL:rating_value]
give Begums Thugs and White Mughals four points	give ĠBeg ums ĠTh ugs Ġand ĠWhite ĠM ugh als Ġfour Ġpoints	@ptr_0 [SL:object_name @ptr_1 @ptr_2 @ptr_3 @ptr_4 @ptr_5 @ptr_6 @ptr_7 @ptr_8 @ptr_9 SL:object_name] [SL:rating_value @ptr_10 SL:rating_value] [SL:rating_unit @ptr_11 SL:rating_unit]
Give The Snows of Kilimanjaro 3 stars	Give ĠThe ĠSn ows Ġof ĠKil iman jar o Ġ3 Ġstars	@ptr_0 [SL:object_name @ptr_1 @ptr_2 @ptr_3 @ptr_4 @ptr_5 @ptr_6 @ptr_7 @ptr_8 SL:object_name] [SL:rating_value @ptr_9 SL:rating_value] [SL:rating_unit @ptr_10 SL:rating_unit]
The horrible book The Black Gryphon only gets 2 out of 6	The Ġhorrible Ġbook ĠThe ĠBlack ĠGry ph on Ġonly Ġgets Ġ2 Ġout Ġof Ġ6	@ptr_0 @ptr_1 [SL:object_type @ptr_2 SL:object_type] [SL:object_name @ptr_3 @ptr_4 @ptr_5 @ptr_6 @ptr_7 SL:object_name] @ptr_8 @ptr_9 [SL:rating_value @ptr_10 SL:rating_value] @ptr_11 @ptr_12 [SL:best_rating @ptr_13 SL:best_rating]
I give The Lady Decides a rating value of 4 and a best rating of 6	I Ġgive ĠThe ĠLady ĠDec ides Ġa Ġrating Ġvalue Ġof Ġ4 Ġand Ġa Ġbest Ġrating Ġof Ġ6	@ptr_0 @ptr_1 [SL:object_name @ptr_2 @ptr_3 @ptr_4 @ptr_5 SL:object_name] @ptr_6 @ptr_7 @ptr_8 @ptr_9 [SL:rating_value @ptr_10 SL:rating_value] @ptr_11 @ptr_12 @ptr_13 @ptr_14 @ptr_15 [SL:best_rating @ptr_16 SL:best_rating]
give The Story of the Last Thought a five	give ĠThe ĠStory Ġof Ġthe ĠLast ĠThought Ġa Ġfive	@ptr_0 [SL:object_name @ptr_1 @ptr_2 @ptr_3 @ptr_4 @ptr_5 @ptr_6 SL:object_name] @ptr_7 [SL:rating_value @ptr_8 SL:rating_value]
Rate The Joy of Gay Sex a 5 out of 6	Rate ĠThe ĠJoy Ġof ĠGay ĠSex Ġa Ġ5 Ġout Ġof Ġ6	@ptr_0 [SL:object_name @ptr_1 @ptr_2 @ptr_3 @ptr_4 @ptr_5 SL:object_name] @ptr_6 [SL:rating_value @ptr_7 SL:rating_value] @ptr_8 @ptr_9 [SL:best_rating @ptr_10 SL:best_rating]
Rate The Hard Life 0 stars	Rate ĠThe ĠHard ĠLife Ġ0 Ġstars	@ptr_0 [SL:object_name @ptr_1 @ptr_2 @ptr_3 SL:object_name] [SL:rating_value @ptr_4 SL:rating_value] [SL:rating_unit @ptr_5 SL:rating_unit]
Give Highways in Hiding a 5 out of 6 points	Give ĠHigh ways Ġin ĠH iding Ġa Ġ5 Ġout Ġof Ġ6 Ġpoints	@ptr_0 [SL:object_name @ptr_1 @ptr_2 @ptr_3 @ptr_4 @ptr_5 SL:object_name] @ptr_6 [SL:rating_value @ptr_7 SL:rating_value] @ptr_8 @ptr_9 [SL:best_rating @ptr_10 SL:best_rating] [SL:rating_unit @ptr_11 SL:rating_unit]
I would give French Poets and Novelists a best rating of 6 and a value of three	I Ġwould Ġgive ĠFrench ĠPo ets Ġand ĠNovel ists Ġa Ġbest Ġrating Ġof Ġ6 Ġand Ġa Ġvalue Ġof Ġthree	@ptr_0 @ptr_1 @ptr_2 [SL:object_name @ptr_3 @ptr_4 @ptr_5 @ptr_6 @ptr_7 @ptr_8 SL:object_name] @ptr_9 @ptr_10 @ptr_11 @ptr_12 [SL:best_rating @ptr_13 SL:best_rating] @ptr_14 @ptr_15 @ptr_16 @ptr_17 [SL:rating_value @ptr_18 SL:rating_value]
The book the Gardens of the Moon deserves only 1 stars	The Ġbook Ġthe ĠGardens Ġof Ġthe ĠMoon Ġdeserves Ġonly Ġ1 Ġstars	@ptr_0 [SL:object_type @ptr_1 SL:object_type] @ptr_2 [SL:object_name @ptr_3 @ptr_4 @ptr_5 @ptr_6 SL:object_name] @ptr_7 @ptr_8 [SL:rating_value @ptr_9 SL:rating_value] [SL:rating_unit @ptr_10 SL:rating_unit]
I want to give Gay Male Pornography: An Issue of Sex Discrimination a 1	I Ġwant Ġto Ġgive ĠGay ĠMale ĠPorn ography : ĠAn ĠIssue Ġof ĠSex ĠDiscrimination Ġa Ġ1	@ptr_0 @ptr_1 @ptr_2 @ptr_3 [SL:object_name @ptr_4 @ptr_5 @ptr_6 @ptr_7 @ptr_8 @ptr_9 @ptr_10 @ptr_11 @ptr_12 @ptr_13 SL:object_name] @ptr_14 [SL:rating_value @ptr_15 SL:rating_value]
Rate Battle Hymn of China five of 6 points	Rate ĠBattle ĠH ym n Ġof ĠChina Ġfive Ġof Ġ6 Ġpoints	@ptr_0 [SL:object_name @ptr_1 @ptr_2 @ptr_3 @ptr_4 @ptr_5 @ptr_6 SL:object_name] [SL:rating_value @ptr_7 SL:rating_value] @ptr_8 [SL:best_rating @ptr_9 SL:best_rating] [SL:rating_unit @ptr_10 SL:rating_unit]
I want to give Elephants Can Remember 4 out of 6 points	I Ġwant Ġto Ġgive ĠEle ph ants ĠCan ĠRemember Ġ4 Ġout Ġof Ġ6 Ġpoints	@ptr_0 @ptr_1 @ptr_2 @ptr_3 [SL:object_name @ptr_4 @ptr_5 @ptr_6 @ptr_7 @ptr_8 SL:object_name] [SL:rating_value @ptr_9 SL:rating_value] @ptr_10 @ptr_11 [SL:best_rating @ptr_12 SL:best_rating] [SL:rating_unit @ptr_13 SL:rating_unit]
Rate the chronicle Tarzan the Terrible a 4 out of 6	Rate Ġthe Ġchron icle ĠTar zan Ġthe ĠTer rible Ġa Ġ4 Ġout Ġof Ġ6	@ptr_0 @ptr_1 [SL:object_part_of_series_type @ptr_2 @ptr_3 SL:object_part_of_series_type] [SL:object_name @ptr_4 @ptr_5 @ptr_6 @ptr_7 @ptr_8 SL:object_name] @ptr_9 [SL:rating_value @ptr_10 SL:rating_value] @ptr_11 @ptr_12 [SL:best_rating @ptr_13 SL:best_rating]
Give Memoirs of a Fox-Hunting Man a rating of 4 out of 6	Give ĠMem oir s Ġof Ġa ĠFox - Hun ting ĠMan Ġa Ġrating Ġof Ġ4 Ġout Ġof Ġ6	@ptr_0 [SL:object_name @ptr_1 @ptr_2 @ptr_3 @ptr_4 @ptr_5 @ptr_6 @ptr_7 @ptr_8 @ptr_9 @ptr_10 SL:object_name] @ptr_11 @ptr_12 @ptr_13 [SL:rating_value @ptr_14 SL:rating_value] @ptr_15 @ptr_16 [SL:best_rating @ptr_17 SL:best_rating]
rate the book Now and Forever 1 out of 6 points	rate Ġthe Ġbook ĠNow Ġand ĠForever Ġ1 Ġout Ġof Ġ6 Ġpoints	@ptr_0 @ptr_1 [SL:object_type @ptr_2 SL:object_type] [SL:object_name @ptr_3 @ptr_4 @ptr_5 SL:object_name] [SL:rating_value @ptr_6 SL:rating_value] @ptr_7 @ptr_8 [SL:best_rating @ptr_9 SL:best_rating] [SL:rating_unit @ptr_10 SL:rating_unit]
My Idea of Fun is a book that should get 2 stars	My ĠIdea Ġof ĠFun Ġis Ġa Ġbook Ġthat Ġshould Ġget Ġ2 Ġstars	[SL:object_name @ptr_0 @ptr_1 @ptr_2 @ptr_3 SL:object_name] @ptr_4 @ptr_5 [SL:object_type @ptr_6 SL:object_type] @ptr_7 @ptr_8 @ptr_9 [SL:rating_value @ptr_10 SL:rating_value] [SL:rating_unit @ptr_11 SL:rating_unit]
Rate The Scoop 5 out of 6 points	Rate ĠThe ĠSco op Ġ5 Ġout Ġof Ġ6 Ġpoints	@ptr_0 [SL:object_name @ptr_1 @ptr_2 @ptr_3 SL:object_name] [SL:rating_value @ptr_4 SL:rating_value] @ptr_5 @ptr_6 [SL:best_rating @ptr_7 SL:best_rating] [SL:rating_unit @ptr_8 SL:rating_unit]
I would like to rate Hive Propolis 4 stars with a best rating of 6	I Ġwould Ġlike Ġto Ġrate ĠHive ĠProp olis Ġ4 Ġstars Ġwith Ġa Ġbest Ġrating Ġof Ġ6	@ptr_0 @ptr_1 @ptr_2 @ptr_3 @ptr_4 [SL:object_name @ptr_5 @ptr_6 @ptr_7 SL:object_name] [SL:rating_value @ptr_8 SL:rating_value] [SL:rating_unit @ptr_9 SL:rating_unit] @ptr_10 @ptr_11 @ptr_12 @ptr_13 @ptr_14 [SL:best_rating @ptr_15 SL:best_rating]
give 0 rating to She and Allan book	give Ġ0 Ġrating Ġto ĠShe Ġand ĠAllan Ġbook	@ptr_0 [SL:rating_value @ptr_1 SL:rating_value] @ptr_2 @ptr_3 [SL:object_name @ptr_4 @ptr_5 @ptr_6 SL:object_name] [SL:object_type @ptr_7 SL:object_type]
I would rate this book a value of 3 and a best rating of 6	I Ġwould Ġrate Ġthis Ġbook Ġa Ġvalue Ġof Ġ3 Ġand Ġa Ġbest Ġrating Ġof Ġ6	@ptr_0 @ptr_1 @ptr_2 [SL:object_select @ptr_3 SL:object_select] [SL:object_type @ptr_4 SL:object_type] @ptr_5 @ptr_6 @ptr_7 [SL:rating_value @ptr_8 SL:rating_value] @ptr_9 @ptr_10 @ptr_11 @ptr_12 @ptr_13 [SL:best_rating @ptr_14 SL:best_rating]
The Great Science Fiction Stories About Mars series deserves a rating of zero	The ĠGreat ĠScience ĠFiction ĠStories ĠAbout ĠMars Ġseries Ġdeserves Ġa Ġrating Ġof Ġzero	@ptr_0 [SL:object_name @ptr_1 @ptr_2 @ptr_3 @ptr_4 @ptr_5 @ptr_6 SL:object_name] [SL:object_part_of_series_type @ptr_7 SL:object_part_of_series_type] @ptr_8 @ptr_9 @ptr_10 @ptr_11 [SL:rating_value @ptr_12 SL:rating_value]
Rate Dictionary of the English Language a 4	Rate ĠDictionary Ġof Ġthe ĠEnglish ĠLanguage Ġa Ġ4	@ptr_0 [SL:object_name @ptr_1 @ptr_2 @ptr_3 @ptr_4 @ptr_5 SL:object_name] @ptr_6 [SL:rating_value @ptr_7 SL:rating_value]
Rate The Crossroads 4 of 6 stars	Rate ĠThe ĠCross roads Ġ4 Ġof Ġ6 Ġstars	@ptr_0 [SL:object_name @ptr_1 @ptr_2 @ptr_3 SL:object_name] [SL:rating_value @ptr_4 SL:rating_value] @ptr_5 [SL:best_rating @ptr_6 SL:best_rating] [SL:rating_unit @ptr_7 SL:rating_unit]
I'd give this essay a three of 6	I 'd Ġgive Ġthis Ġessay Ġa Ġthree Ġof Ġ6	@ptr_0 @ptr_1 @ptr_2 [SL:object_select @ptr_3 SL:object_select] [SL:object_type @ptr_4 SL:object_type] @ptr_5 [SL:rating_value @ptr_6 SL:rating_value] @ptr_7 [SL:best_rating @ptr_8 SL:best_rating]
rate The Republic of Thieves chronicle three out of 6 points	rate ĠThe ĠRepublic Ġof ĠThieves Ġchron icle Ġthree Ġout Ġof Ġ6 Ġpoints	@ptr_0 [SL:object_name @ptr_1 @ptr_2 @ptr_3 @ptr_4 SL:object_name] [SL:object_part_of_series_type @ptr_5 @ptr_6 SL:object_part_of_series_type] [SL:rating_value @ptr_7 SL:rating_value] @ptr_8 @ptr_9 [SL:best_rating @ptr_10 SL:best_rating] [SL:rating_unit @ptr_11 SL:rating_unit]
rate Winning the Oil Endgame zero of 6	rate ĠWinning Ġthe ĠOil ĠEnd game Ġzero Ġof Ġ6	@ptr_0 [SL:object_name @ptr_1 @ptr_2 @ptr_3 @ptr_4 @ptr_5 SL:object_name] [SL:rating_value @ptr_6 SL:rating_value] @ptr_7 [SL:best_rating @ptr_8 SL:best_rating]
Give The Dark Abode chronicle 2 out of 6 points	Give ĠThe ĠDark ĠAb ode Ġchron icle Ġ2 Ġout Ġof Ġ6 Ġpoints	@ptr_0 [SL:object_name @ptr_1 @ptr_2 @ptr_3 @ptr_4 SL:object_name] [SL:object_part_of_series_type @ptr_5 @ptr_6 SL:object_part_of_series_type] [SL:rating_value @ptr_7 SL:rating_value] @ptr_8 @ptr_9 [SL:best_rating @ptr_10 SL:best_rating] [SL:rating_unit @ptr_11 SL:rating_unit]
I give The Beatrice Letters 2 out of 6 stars	I Ġgive ĠThe ĠBeat rice ĠLetters Ġ2 Ġout Ġof Ġ6 Ġstars	@ptr_0 @ptr_1 [SL:object_name @ptr_2 @ptr_3 @ptr_4 @ptr_5 SL:object_name] [SL:rating_value @ptr_6 SL:rating_value] @ptr_7 @ptr_8 [SL:best_rating @ptr_9 SL:best_rating] [SL:rating_unit @ptr_10 SL:rating_unit]
rate this novel four points	rate Ġthis Ġnovel Ġfour Ġpoints	@ptr_0 [SL:object_select @ptr_1 SL:object_select] [SL:object_type @ptr_2 SL:object_type] [SL:rating_value @ptr_3 SL:rating_value] [SL:rating_unit @ptr_4 SL:rating_unit]
Dawn of the Emperors: Thyatis and Alphatia deserves a rating value of 1	D awn Ġof Ġthe ĠEm perors : ĠThy atis Ġand ĠAlph at ia Ġdeserves Ġa Ġrating Ġvalue Ġof Ġ1	[SL:object_name @ptr_0 @ptr_1 @ptr_2 @ptr_3 @ptr_4 @ptr_5 @ptr_6 @ptr_7 @ptr_8 @ptr_9 @ptr_10 @ptr_11 @ptr_12 SL:object_name] @ptr_13 @ptr_14 @ptr_15 @ptr_16 @ptr_17 [SL:rating_value @ptr_18 SL:rating_value]
rate the current album 2 points out of 6	rate Ġthe Ġcurrent Ġalbum Ġ2 Ġpoints Ġout Ġof Ġ6	@ptr_0 @ptr_1 [SL:object_select @ptr_2 SL:object_select] [SL:object_type @ptr_3 SL:object_type] [SL:rating_value @ptr_4 SL:rating_value] [SL:rating_unit @ptr_5 SL:rating_unit] @ptr_6 @ptr_7 [SL:best_rating @ptr_8 SL:best_rating]
rate Doctor No one of 6	rate ĠDoctor ĠNo Ġone Ġof Ġ6	@ptr_0 [SL:object_name @ptr_1 @ptr_2 SL:object_name] [SL:rating_value @ptr_3 SL:rating_value] @ptr_4 [SL:best_rating @ptr_5 SL:best_rating]
Give this chronicle 4 stars	Give Ġthis Ġchron icle Ġ4 Ġstars	@ptr_0 [SL:object_select @ptr_1 SL:object_select] [SL:object_part_of_series_type @ptr_2 @ptr_3 SL:object_part_of_series_type] [SL:rating_value @ptr_4 SL:rating_value] [SL:rating_unit @ptr_5 SL:rating_unit]
Give the current novel four points	Give Ġthe Ġcurrent Ġnovel Ġfour Ġpoints	@ptr_0 @ptr_1 [SL:object_select @ptr_2 SL:object_select] [SL:object_type @ptr_3 SL:object_type] [SL:rating_value @ptr_4 SL:rating_value] [SL:rating_unit @ptr_5 SL:rating_unit]
Rate the current novel two stars	Rate Ġthe Ġcurrent Ġnovel Ġtwo Ġstars	@ptr_0 @ptr_1 [SL:object_select @ptr_2 SL:object_select] [SL:object_type @ptr_3 SL:object_type] [SL:rating_value @ptr_4 SL:rating_value] [SL:rating_unit @ptr_5 SL:rating_unit]
Rate this album a 3	Rate Ġthis Ġalbum Ġa Ġ3	@ptr_0 [SL:object_select @ptr_1 SL:object_select] [SL:object_type @ptr_2 SL:object_type] @ptr_3 [SL:rating_value @ptr_4 SL:rating_value]
this chronicle of The Origins and History of Consciousness is a three	this Ġchron icle Ġof ĠThe ĠOrigins Ġand ĠHistory Ġof ĠConscious ness Ġis Ġa Ġthree	@ptr_0 [SL:object_part_of_series_type @ptr_1 @ptr_2 SL:object_part_of_series_type] @ptr_3 [SL:object_name @ptr_4 @ptr_5 @ptr_6 @ptr_7 @ptr_8 @ptr_9 @ptr_10 SL:object_name] @ptr_11 @ptr_12 [SL:rating_value @ptr_13 SL:rating_value]
For this current essay I give 5 of 6 points	For Ġthis Ġcurrent Ġessay ĠI Ġgive Ġ5 Ġof Ġ6 Ġpoints	@ptr_0 @ptr_1 [SL:object_select @ptr_2 SL:object_select] [SL:object_type @ptr_3 SL:object_type] @ptr_4 @ptr_5 [SL:rating_value @ptr_6 SL:rating_value] @ptr_7 [SL:best_rating @ptr_8 SL:best_rating] [SL:rating_unit @ptr_9 SL:rating_unit]
Who rated the book Women, Culture, and Society only 3 stars	Who Ġrated Ġthe Ġbook ĠWomen , ĠCulture , Ġand ĠSociety Ġonly Ġ3 Ġstars	@ptr_0 @ptr_1 @ptr_2 @ptr_3 [SL:object_name @ptr_4 @ptr_5 @ptr_6 @ptr_7 @ptr_8 @ptr_9 SL:object_name] @ptr_10 [SL:rating_value @ptr_11 SL:rating_value] [SL:rating_unit @ptr_12 SL:rating_unit]
Rate The Seventh Decade two of 6 points	Rate ĠThe ĠSeventh ĠDec ade Ġtwo Ġof Ġ6 Ġpoints	@ptr_0 [SL:object_name @ptr_1 @ptr_2 @ptr_3 @ptr_4 SL:object_name] [SL:rating_value @ptr_5 SL:rating_value] @ptr_6 [SL:best_rating @ptr_7 SL:best_rating] [SL:rating_unit @ptr_8 SL:rating_unit]
I want to rate Pontypool Changes Everything a zero out of 6 points	I Ġwant Ġto Ġrate ĠPont yp ool ĠChanges ĠEverything Ġa Ġzero Ġout Ġof Ġ6 Ġpoints	@ptr_0 @ptr_1 @ptr_2 @ptr_3 [SL:object_name @ptr_4 @ptr_5 @ptr_6 @ptr_7 @ptr_8 SL:object_name] @ptr_9 [SL:rating_value @ptr_10 SL:rating_value] @ptr_11 @ptr_12 [SL:best_rating @ptr_13 SL:best_rating] [SL:rating_unit @ptr_14 SL:rating_unit]
I rate the current saga 0 points and a best rating of 6	I Ġrate Ġthe Ġcurrent Ġsaga Ġ0 Ġpoints Ġand Ġa Ġbest Ġrating Ġof Ġ6	@ptr_0 @ptr_1 @ptr_2 [SL:object_select @ptr_3 SL:object_select] [SL:object_part_of_series_type @ptr_4 SL:object_part_of_series_type] [SL:rating_value @ptr_5 SL:rating_value] [SL:rating_unit @ptr_6 SL:rating_unit] @ptr_7 @ptr_8 @ptr_9 @ptr_10 @ptr_11 [SL:best_rating @ptr_12 SL:best_rating]
this chronicle rates a one for First Contact	this Ġchron icle Ġrates Ġa Ġone Ġfor ĠFirst ĠContact	@ptr_0 [SL:object_part_of_series_type @ptr_1 @ptr_2 SL:object_part_of_series_type] @ptr_3 @ptr_4 [SL:rating_value @ptr_5 SL:rating_value] @ptr_6 [SL:object_name @ptr_7 @ptr_8 SL:object_name]
rate this chronicle a 0	rate Ġthis Ġchron icle Ġa Ġ0	@ptr_0 [SL:object_select @ptr_1 SL:object_select] [SL:object_part_of_series_type @ptr_2 @ptr_3 SL:object_part_of_series_type] @ptr_4 [SL:rating_value @ptr_5 SL:rating_value]
Give the current textbook 5 / 6 points	Give Ġthe Ġcurrent Ġtextbook Ġ5 Ġ/ Ġ6 Ġpoints	@ptr_0 @ptr_1 [SL:object_select @ptr_2 SL:object_select] [SL:object_type @ptr_3 SL:object_type] [SL:rating_value @ptr_4 SL:rating_value] @ptr_5 [SL:best_rating @ptr_6 SL:best_rating] [SL:rating_unit @ptr_7 SL:rating_unit]
I'd rate the chronicle called The Art of Loving 3 points out of 6	I 'd Ġrate Ġthe Ġchron icle Ġcalled ĠThe ĠArt Ġof ĠLoving Ġ3 Ġpoints Ġout Ġof Ġ6	@ptr_0 @ptr_1 @ptr_2 @ptr_3 [SL:object_part_of_series_type @ptr_4 @ptr_5 SL:object_part_of_series_type] @ptr_6 [SL:object_name @ptr_7 @ptr_8 @ptr_9 @ptr_10 SL:object_name] [SL:rating_value @ptr_11 SL:rating_value] [SL:rating_unit @ptr_12 SL:rating_unit] @ptr_13 @ptr_14 [SL:best_rating @ptr_15 SL:best_rating]
I would rate That Old Ace in the Hole one stars and a best rating of 6	I Ġwould Ġrate ĠThat ĠOld ĠAce Ġin Ġthe ĠHole Ġone Ġstars Ġand Ġa Ġbest Ġrating Ġof Ġ6	@ptr_0 @ptr_1 @ptr_2 [SL:object_name @ptr_3 @ptr_4 @ptr_5 @ptr_6 @ptr_7 @ptr_8 SL:object_name] [SL:rating_value @ptr_9 SL:rating_value] [SL:rating_unit @ptr_10 SL:rating_unit] @ptr_11 @ptr_12 @ptr_13 @ptr_14 @ptr_15 [SL:best_rating @ptr_16 SL:best_rating]
Give The Frog Prince, Continued 2 points out of 6	Give ĠThe ĠFrog ĠPrince , ĠContinued Ġ2 Ġpoints Ġout Ġof Ġ6	@ptr_0 [SL:object_name @ptr_1 @ptr_2 @ptr_3 @ptr_4 @ptr_5 SL:object_name] [SL:rating_value @ptr_6 SL:rating_value] [SL:rating_unit @ptr_7 SL:rating_unit] @ptr_8 @ptr_9 [SL:best_rating @ptr_10 SL:best_rating]
I give the chronicle Atop an Underwood: Early Stories and Other Writings a rating value of 3 and a best rating of 6	I Ġgive Ġthe Ġchron icle ĠAt op Ġan ĠUnder wood : ĠEarly ĠStories Ġand ĠOther ĠWrit ings Ġa Ġrating Ġvalue Ġof Ġ3 Ġand Ġa Ġbest Ġrating Ġof Ġ6	@ptr_0 @ptr_1 @ptr_2 [SL:object_part_of_series_type @ptr_3 @ptr_4 SL:object_part_of_series_type] [SL:object_name @ptr_5 @ptr_6 @ptr_7 @ptr_8 @ptr_9 @ptr_10 @ptr_11 @ptr_12 @ptr_13 @ptr_14 @ptr_15 @ptr_16 SL:object_name] @ptr_17 @ptr_18 @ptr_19 @ptr_20 [SL:rating_value @ptr_21 SL:rating_value] @ptr_22 @ptr_23 @ptr_24 @ptr_25 @ptr_26 [SL:best_rating @ptr_27 SL:best_rating]
I rate 4 of 6 points for this textbook	I Ġrate Ġ4 Ġof Ġ6 Ġpoints Ġfor Ġthis Ġtextbook	@ptr_0 @ptr_1 [SL:rating_value @ptr_2 SL:rating_value] @ptr_3 [SL:best_rating @ptr_4 SL:best_rating] [SL:rating_unit @ptr_5 SL:rating_unit] @ptr_6 [SL:object_select @ptr_7 SL:object_select] [SL:object_type @ptr_8 SL:object_type]
Rate this book three out of 6	Rate Ġthis Ġbook Ġthree Ġout Ġof Ġ6	@ptr_0 [SL:object_select @ptr_1 SL:object_select] [SL:object_type @ptr_2 SL:object_type] [SL:rating_value @ptr_3 SL:rating_value] @ptr_4 @ptr_5 [SL:best_rating @ptr_6 SL:best_rating]
rate The Pig Scrolls one of 6 points	rate ĠThe ĠPig ĠScrolls Ġone Ġof Ġ6 Ġpoints	@ptr_0 [SL:object_name @ptr_1 @ptr_2 @ptr_3 SL:object_name] [SL:rating_value @ptr_4 SL:rating_value] @ptr_5 [SL:best_rating @ptr_6 SL:best_rating] [SL:rating_unit @ptr_7 SL:rating_unit]
Rate The A-Z Guide to Arranged Marriage 0 of 6	Rate ĠThe ĠA - Z ĠGuide Ġto ĠAr ranged ĠMarriage Ġ0 Ġof Ġ6	@ptr_0 [SL:object_name @ptr_1 @ptr_2 @ptr_3 @ptr_4 @ptr_5 @ptr_6 @ptr_7 @ptr_8 @ptr_9 SL:object_name] [SL:rating_value @ptr_10 SL:rating_value] @ptr_11 [SL:best_rating @ptr_12 SL:best_rating]
give three out of 6 points to this textbook	give Ġthree Ġout Ġof Ġ6 Ġpoints Ġto Ġthis Ġtextbook	@ptr_0 [SL:rating_value @ptr_1 SL:rating_value] @ptr_2 @ptr_3 [SL:best_rating @ptr_4 SL:best_rating] [SL:rating_unit @ptr_5 SL:rating_unit] @ptr_6 [SL:object_select @ptr_7 SL:object_select] [SL:object_type @ptr_8 SL:object_type]
give this textbook a 0 out of 6	give Ġthis Ġtextbook Ġa Ġ0 Ġout Ġof Ġ6	@ptr_0 [SL:object_select @ptr_1 SL:object_select] [SL:object_type @ptr_2 SL:object_type] @ptr_3 [SL:rating_value @ptr_4 SL:rating_value] @ptr_5 @ptr_6 [SL:best_rating @ptr_7 SL:best_rating]
I give the current chronicle one of 6 stars	I Ġgive Ġthe Ġcurrent Ġchron icle Ġone Ġof Ġ6 Ġstars	@ptr_0 @ptr_1 @ptr_2 [SL:object_select @ptr_3 SL:object_select] [SL:object_part_of_series_type @ptr_4 @ptr_5 SL:object_part_of_series_type] [SL:rating_value @ptr_6 SL:rating_value] @ptr_7 [SL:best_rating @ptr_8 SL:best_rating] [SL:rating_unit @ptr_9 SL:rating_unit]
I think this textbook should have a rating of four and a best rating of 6	I Ġthink Ġthis Ġtextbook Ġshould Ġhave Ġa Ġrating Ġof Ġfour Ġand Ġa Ġbest Ġrating Ġof Ġ6	@ptr_0 @ptr_1 [SL:object_select @ptr_2 SL:object_select] [SL:object_type @ptr_3 SL:object_type] @ptr_4 @ptr_5 @ptr_6 @ptr_7 @ptr_8 [SL:rating_value @ptr_9 SL:rating_value] @ptr_10 @ptr_11 @ptr_12 @ptr_13 @ptr_14 [SL:best_rating @ptr_15 SL:best_rating]
rate the bok series Preparedness 101: Zombie Apocalypse two for 6 stars	rate Ġthe Ġb ok Ġseries ĠPrep ared ness Ġ101 : ĠZombie ĠApocalypse Ġtwo Ġfor Ġ6 Ġstars	@ptr_0 @ptr_1 @ptr_2 @ptr_3 [SL:object_part_of_series_type @ptr_4 SL:object_part_of_series_type] [SL:object_name @ptr_5 @ptr_6 @ptr_7 @ptr_8 @ptr_9 @ptr_10 @ptr_11 SL:object_name] [SL:rating_value @ptr_12 SL:rating_value] @ptr_13 [SL:best_rating @ptr_14 SL:best_rating] [SL:rating_unit @ptr_15 SL:rating_unit]
Rate the Why Is Sex Fun? saga two of 6	Rate Ġthe ĠWhy ĠIs ĠSex ĠFun ? Ġsaga Ġtwo Ġof Ġ6	@ptr_0 @ptr_1 [SL:object_name @ptr_2 @ptr_3 @ptr_4 @ptr_5 @ptr_6 SL:object_name] [SL:object_part_of_series_type @ptr_7 SL:object_part_of_series_type] [SL:rating_value @ptr_8 SL:rating_value] @ptr_9 [SL:best_rating @ptr_10 SL:best_rating]
give The Englishman of the Bones 2 stars out of 6	give ĠThe ĠEnglish man Ġof Ġthe ĠBones Ġ2 Ġstars Ġout Ġof Ġ6	@ptr_0 [SL:object_name @ptr_1 @ptr_2 @ptr_3 @ptr_4 @ptr_5 @ptr_6 SL:object_name] [SL:rating_value @ptr_7 SL:rating_value] [SL:rating_unit @ptr_8 SL:rating_unit] @ptr_9 @ptr_10 [SL:best_rating @ptr_11 SL:best_rating]
rate the book Pimpernel and Rosemary 1 out of 6	rate Ġthe Ġbook ĠP im per nel Ġand ĠRose mary Ġ1 Ġout Ġof Ġ6	@ptr_0 @ptr_1 [SL:object_type @ptr_2 SL:object_type] [SL:object_name @ptr_3 @ptr_4 @ptr_5 @ptr_6 @ptr_7 @ptr_8 @ptr_9 SL:object_name] [SL:rating_value @ptr_10 SL:rating_value] @ptr_11 @ptr_12 [SL:best_rating @ptr_13 SL:best_rating]
I would give this current book a rating a five and a best rating of 6	I Ġwould Ġgive Ġthis Ġcurrent Ġbook Ġa Ġrating Ġa Ġfive Ġand Ġa Ġbest Ġrating Ġof Ġ6	@ptr_0 @ptr_1 @ptr_2 @ptr_3 [SL:object_select @ptr_4 SL:object_select] [SL:object_type @ptr_5 SL:object_type] @ptr_6 @ptr_7 @ptr_8 [SL:rating_value @ptr_9 SL:rating_value] @ptr_10 @ptr_11 @ptr_12 @ptr_13 @ptr_14 [SL:best_rating @ptr_15 SL:best_rating]
this textbook rates a 4 of 6	this Ġtextbook Ġrates Ġa Ġ4 Ġof Ġ6	[SL:object_select @ptr_0 SL:object_select] [SL:object_type @ptr_1 SL:object_type] @ptr_2 @ptr_3 [SL:rating_value @ptr_4 SL:rating_value] @ptr_5 [SL:best_rating @ptr_6 SL:best_rating]
Rate this novel 1 out of 6 points	Rate Ġthis Ġnovel Ġ1 Ġout Ġof Ġ6 Ġpoints	@ptr_0 [SL:object_select @ptr_1 SL:object_select] [SL:object_type @ptr_2 SL:object_type] [SL:rating_value @ptr_3 SL:rating_value] @ptr_4 @ptr_5 [SL:best_rating @ptr_6 SL:best_rating] [SL:rating_unit @ptr_7 SL:rating_unit]
I give Rogue Ship 5 out of 6	I Ġgive ĠRogue ĠShip Ġ5 Ġout Ġof Ġ6	@ptr_0 @ptr_1 [SL:object_name @ptr_2 @ptr_3 SL:object_name] [SL:rating_value @ptr_4 SL:rating_value] @ptr_5 @ptr_6 [SL:best_rating @ptr_7 SL:best_rating]
Rate The Night Land three out of 6	Rate ĠThe ĠNight ĠLand Ġthree Ġout Ġof Ġ6	@ptr_0 [SL:object_name @ptr_1 @ptr_2 @ptr_3 SL:object_name] [SL:rating_value @ptr_4 SL:rating_value] @ptr_5 @ptr_6 [SL:best_rating @ptr_7 SL:best_rating]
Give the current essay 5 / 6 stars	Give Ġthe Ġcurrent Ġessay Ġ5 Ġ/ Ġ6 Ġstars	@ptr_0 @ptr_1 [SL:object_select @ptr_2 SL:object_select] [SL:object_type @ptr_3 SL:object_type] [SL:rating_value @ptr_4 SL:rating_value] @ptr_5 [SL:best_rating @ptr_6 SL:best_rating] [SL:rating_unit @ptr_7 SL:rating_unit]
Give three points out of 6 to One Hundred Poems of Tukaram	Give Ġthree Ġpoints Ġout Ġof Ġ6 Ġto ĠOne ĠHundred ĠPo ems Ġof ĠT uk aram	@ptr_0 [SL:rating_value @ptr_1 SL:rating_value] [SL:rating_unit @ptr_2 SL:rating_unit] @ptr_3 @ptr_4 [SL:best_rating @ptr_5 SL:best_rating] @ptr_6 [SL:object_name @ptr_7 @ptr_8 @ptr_9 @ptr_10 @ptr_11 @ptr_12 @ptr_13 @ptr_14 SL:object_name]
Give Hornblower in the West Indies 0 / 6 points	Give ĠHorn bl ower Ġin Ġthe ĠWest ĠIndies Ġ0 Ġ/ Ġ6 Ġpoints	@ptr_0 [SL:object_name @ptr_1 @ptr_2 @ptr_3 @ptr_4 @ptr_5 @ptr_6 @ptr_7 SL:object_name] [SL:rating_value @ptr_8 SL:rating_value] @ptr_9 [SL:best_rating @ptr_10 SL:best_rating] [SL:rating_unit @ptr_11 SL:rating_unit]
The book the Gardens of the Moon deserves only 1 stars	The Ġbook Ġthe ĠGardens Ġof Ġthe ĠMoon Ġdeserves Ġonly Ġ1 Ġstars	@ptr_0 [SL:object_type @ptr_1 SL:object_type] @ptr_2 [SL:object_name @ptr_3 @ptr_4 @ptr_5 @ptr_6 SL:object_name] @ptr_7 @ptr_8 [SL:rating_value @ptr_9 SL:rating_value] [SL:rating_unit @ptr_10 SL:rating_unit]
give 2 out of 6 points to current essay	give Ġ2 Ġout Ġof Ġ6 Ġpoints Ġto Ġcurrent Ġessay	@ptr_0 [SL:rating_value @ptr_1 SL:rating_value] @ptr_2 @ptr_3 [SL:best_rating @ptr_4 SL:best_rating] [SL:rating_unit @ptr_5 SL:rating_unit] @ptr_6 [SL:object_select @ptr_7 SL:object_select] [SL:object_type @ptr_8 SL:object_type]
rate Varney the Vampire with 1 points	rate ĠVar ney Ġthe ĠVampire Ġwith Ġ1 Ġpoints	@ptr_0 [SL:object_name @ptr_1 @ptr_2 @ptr_3 @ptr_4 SL:object_name] @ptr_5 [SL:rating_value @ptr_6 SL:rating_value] [SL:rating_unit @ptr_7 SL:rating_unit]
This current book should get four stars or a rating of 6	This Ġcurrent Ġbook Ġshould Ġget Ġfour Ġstars Ġor Ġa Ġrating Ġof Ġ6	@ptr_0 [SL:object_select @ptr_1 SL:object_select] [SL:object_type @ptr_2 SL:object_type] @ptr_3 @ptr_4 [SL:rating_value @ptr_5 SL:rating_value] [SL:rating_unit @ptr_6 SL:rating_unit] @ptr_7 @ptr_8 @ptr_9 @ptr_10 [SL:best_rating @ptr_11 SL:best_rating]
rate The Chymical Wedding 3 points	rate ĠThe ĠCh ym ical ĠWedding Ġ3 Ġpoints	@ptr_0 [SL:object_name @ptr_1 @ptr_2 @ptr_3 @ptr_4 @ptr_5 SL:object_name] [SL:rating_value @ptr_6 SL:rating_value] [SL:rating_unit @ptr_7 SL:rating_unit]
Rate the current book one of 6 points	Rate Ġthe Ġcurrent Ġbook Ġone Ġof Ġ6 Ġpoints	@ptr_0 @ptr_1 [SL:object_select @ptr_2 SL:object_select] [SL:object_type @ptr_3 SL:object_type] [SL:rating_value @ptr_4 SL:rating_value] @ptr_5 [SL:best_rating @ptr_6 SL:best_rating] [SL:rating_unit @ptr_7 SL:rating_unit]
Give The Slap 0 stars	Give ĠThe ĠSl ap Ġ0 Ġstars	@ptr_0 [SL:object_name @ptr_1 @ptr_2 @ptr_3 SL:object_name] [SL:rating_value @ptr_4 SL:rating_value] [SL:rating_unit @ptr_5 SL:rating_unit]
Rate The Warrior Prophet 3 of 6 stars	Rate ĠThe ĠWarrior ĠProphet Ġ3 Ġof Ġ6 Ġstars	@ptr_0 [SL:object_name @ptr_1 @ptr_2 @ptr_3 SL:object_name] [SL:rating_value @ptr_4 SL:rating_value] @ptr_5 [SL:best_rating @ptr_6 SL:best_rating] [SL:rating_unit @ptr_7 SL:rating_unit]
I give the part of the chronicle Growth Fetish four out of 6 stars	I Ġgive Ġthe Ġpart Ġof Ġthe Ġchron icle ĠGrowth ĠFet ish Ġfour Ġout Ġof Ġ6 Ġstars	@ptr_0 @ptr_1 @ptr_2 @ptr_3 @ptr_4 @ptr_5 [SL:object_part_of_series_type @ptr_6 @ptr_7 SL:object_part_of_series_type] [SL:object_name @ptr_8 @ptr_9 @ptr_10 SL:object_name] [SL:rating_value @ptr_11 SL:rating_value] @ptr_12 @ptr_13 [SL:best_rating @ptr_14 SL:best_rating] [SL:rating_unit @ptr_15 SL:rating_unit]
Can I rate the book My Life in France not one , but 6 stars	Can ĠI Ġrate Ġthe Ġbook ĠMy ĠLife Ġin ĠFrance Ġnot Ġone Ġ, Ġbut Ġ6 Ġstars	@ptr_0 @ptr_1 @ptr_2 @ptr_3 [SL:object_type @ptr_4 SL:object_type] [SL:object_name @ptr_5 @ptr_6 @ptr_7 @ptr_8 @ptr_9 SL:object_name] [SL:rating_value @ptr_10 SL:rating_value] @ptr_11 @ptr_12 [SL:best_rating @ptr_13 SL:best_rating] [SL:rating_unit @ptr_14 SL:rating_unit]
I rate the book You Only Live Twice two points	I Ġrate Ġthe Ġbook ĠYou ĠOnly ĠLive ĠTwice Ġtwo Ġpoints	@ptr_0 @ptr_1 @ptr_2 [SL:object_type @ptr_3 SL:object_type] [SL:object_name @ptr_4 @ptr_5 @ptr_6 @ptr_7 SL:object_name] [SL:rating_value @ptr_8 SL:rating_value] [SL:rating_unit @ptr_9 SL:rating_unit]
I give The Savage Mind a rating of zero out of 6 points	I Ġgive ĠThe ĠSavage ĠMind Ġa Ġrating Ġof Ġzero Ġout Ġof Ġ6 Ġpoints	@ptr_0 @ptr_1 [SL:object_name @ptr_2 @ptr_3 @ptr_4 SL:object_name] @ptr_5 @ptr_6 @ptr_7 [SL:rating_value @ptr_8 SL:rating_value] @ptr_9 @ptr_10 [SL:best_rating @ptr_11 SL:best_rating] [SL:rating_unit @ptr_12 SL:rating_unit]
rate The Long Dark Tea-Time of the Soul 5 stars	rate ĠThe ĠLong ĠDark ĠTea - Time Ġof Ġthe ĠSoul Ġ5 Ġstars	@ptr_0 [SL:object_name @ptr_1 @ptr_2 @ptr_3 @ptr_4 @ptr_5 @ptr_6 @ptr_7 @ptr_8 @ptr_9 SL:object_name] [SL:rating_value @ptr_10 SL:rating_value] [SL:rating_unit @ptr_11 SL:rating_unit]
this book gets points for being current and a three	this Ġbook Ġgets Ġpoints Ġfor Ġbeing Ġcurrent Ġand Ġa Ġthree	@ptr_0 [SL:object_type @ptr_1 SL:object_type] @ptr_2 [SL:rating_unit @ptr_3 SL:rating_unit] @ptr_4 @ptr_5 [SL:object_select @ptr_6 SL:object_select] @ptr_7 @ptr_8 [SL:rating_value @ptr_9 SL:rating_value]
Give the current chronicle 3 of 6 stars	Give Ġthe Ġcurrent Ġchron icle Ġ3 Ġof Ġ6 Ġstars	@ptr_0 @ptr_1 [SL:object_select @ptr_2 SL:object_select] [SL:object_part_of_series_type @ptr_3 @ptr_4 SL:object_part_of_series_type] [SL:rating_value @ptr_5 SL:rating_value] @ptr_6 [SL:best_rating @ptr_7 SL:best_rating] [SL:rating_unit @ptr_8 SL:rating_unit]
I give The Battle of Bretton Woods saga two of 6 stars	I Ġgive ĠThe ĠBattle Ġof ĠBrett on ĠWoods Ġsaga Ġtwo Ġof Ġ6 Ġstars	@ptr_0 @ptr_1 [SL:object_name @ptr_2 @ptr_3 @ptr_4 @ptr_5 @ptr_6 @ptr_7 SL:object_name] [SL:object_part_of_series_type @ptr_8 SL:object_part_of_series_type] [SL:rating_value @ptr_9 SL:rating_value] @ptr_10 [SL:best_rating @ptr_11 SL:best_rating] [SL:rating_unit @ptr_12 SL:rating_unit]
Rate this album 0 points out of 6	Rate Ġthis Ġalbum Ġ0 Ġpoints Ġout Ġof Ġ6	@ptr_0 [SL:object_select @ptr_1 SL:object_select] [SL:object_type @ptr_2 SL:object_type] [SL:rating_value @ptr_3 SL:rating_value] [SL:rating_unit @ptr_4 SL:rating_unit] @ptr_5 @ptr_6 [SL:best_rating @ptr_7 SL:best_rating]
Give Modern Glamour: The Art of Unexpected Style three out of 6 stars	Give ĠModern ĠG lam our : ĠThe ĠArt Ġof ĠU nexpected ĠStyle Ġthree Ġout Ġof Ġ6 Ġstars	@ptr_0 [SL:object_name @ptr_1 @ptr_2 @ptr_3 @ptr_4 @ptr_5 @ptr_6 @ptr_7 @ptr_8 @ptr_9 @ptr_10 @ptr_11 SL:object_name] [SL:rating_value @ptr_12 SL:rating_value] @ptr_13 @ptr_14 [SL:best_rating @ptr_15 SL:best_rating] [SL:rating_unit @ptr_16 SL:rating_unit]
rate the current novel five out of 6 stars	rate Ġthe Ġcurrent Ġnovel Ġfive Ġout Ġof Ġ6 Ġstars	@ptr_0 @ptr_1 [SL:object_select @ptr_2 SL:object_select] [SL:object_type @ptr_3 SL:object_type] [SL:rating_value @ptr_4 SL:rating_value] @ptr_5 @ptr_6 [SL:best_rating @ptr_7 SL:best_rating] [SL:rating_unit @ptr_8 SL:rating_unit]
give 0 points to The Hand in the Glove	give Ġ0 Ġpoints Ġto ĠThe ĠHand Ġin Ġthe ĠGl ove	@ptr_0 [SL:rating_value @ptr_1 SL:rating_value] [SL:rating_unit @ptr_2 SL:rating_unit] @ptr_3 [SL:object_name @ptr_4 @ptr_5 @ptr_6 @ptr_7 @ptr_8 @ptr_9 SL:object_name]
rate the book Line to Tomorrow three stars	rate Ġthe Ġbook ĠLine Ġto ĠTomorrow Ġthree Ġstars	@ptr_0 @ptr_1 [SL:object_type @ptr_2 SL:object_type] [SL:object_name @ptr_3 @ptr_4 @ptr_5 SL:object_name] [SL:rating_value @ptr_6 SL:rating_value] [SL:rating_unit @ptr_7 SL:rating_unit]
give one out of 6 points to current series	give Ġone Ġout Ġof Ġ6 Ġpoints Ġto Ġcurrent Ġseries	@ptr_0 [SL:rating_value @ptr_1 SL:rating_value] @ptr_2 @ptr_3 [SL:best_rating @ptr_4 SL:best_rating] [SL:rating_unit @ptr_5 SL:rating_unit] @ptr_6 [SL:object_select @ptr_7 SL:object_select] [SL:object_part_of_series_type @ptr_8 SL:object_part_of_series_type]
can i give the book The Saga of Seven Suns a four out of 6 stars	can Ġi Ġgive Ġthe Ġbook ĠThe ĠSaga Ġof ĠSeven ĠSuns Ġa Ġfour Ġout Ġof Ġ6 Ġstars	@ptr_0 @ptr_1 @ptr_2 @ptr_3 [SL:object_type @ptr_4 SL:object_type] [SL:object_name @ptr_5 @ptr_6 @ptr_7 @ptr_8 @ptr_9 SL:object_name] @ptr_10 [SL:rating_value @ptr_11 SL:rating_value] @ptr_12 @ptr_13 [SL:best_rating @ptr_14 SL:best_rating] [SL:rating_unit @ptr_15 SL:rating_unit]
this series should get 0 of 6 points	this Ġseries Ġshould Ġget Ġ0 Ġof Ġ6 Ġpoints	[SL:object_select @ptr_0 SL:object_select] [SL:object_part_of_series_type @ptr_1 SL:object_part_of_series_type] @ptr_2 @ptr_3 [SL:rating_value @ptr_4 SL:rating_value] @ptr_5 [SL:best_rating @ptr_6 SL:best_rating] [SL:rating_unit @ptr_7 SL:rating_unit]
Give Physics of the Impossible four points	Give ĠPhysics Ġof Ġthe ĠImpossible Ġfour Ġpoints	@ptr_0 [SL:object_name @ptr_1 @ptr_2 @ptr_3 @ptr_4 SL:object_name] [SL:rating_value @ptr_5 SL:rating_value] [SL:rating_unit @ptr_6 SL:rating_unit]
Give this book a 2	Give Ġthis Ġbook Ġa Ġ2	@ptr_0 [SL:object_select @ptr_1 SL:object_select] [SL:object_type @ptr_2 SL:object_type] @ptr_3 [SL:rating_value @ptr_4 SL:rating_value]
I think this novel only deserves 2 points out of 6	I Ġthink Ġthis Ġnovel Ġonly Ġdeserves Ġ2 Ġpoints Ġout Ġof Ġ6	@ptr_0 @ptr_1 [SL:object_select @ptr_2 SL:object_select] [SL:object_type @ptr_3 SL:object_type] @ptr_4 @ptr_5 [SL:rating_value @ptr_6 SL:rating_value] [SL:rating_unit @ptr_7 SL:rating_unit] @ptr_8 @ptr_9 [SL:best_rating @ptr_10 SL:best_rating]
rate this book four out of 6 points	rate Ġthis Ġbook Ġfour Ġout Ġof Ġ6 Ġpoints	@ptr_0 [SL:object_select @ptr_1 SL:object_select] [SL:object_type @ptr_2 SL:object_type] [SL:rating_value @ptr_3 SL:rating_value] @ptr_4 @ptr_5 [SL:best_rating @ptr_6 SL:best_rating] [SL:rating_unit @ptr_7 SL:rating_unit]
Give this saga a 1	Give Ġthis Ġsaga Ġa Ġ1	@ptr_0 [SL:object_select @ptr_1 SL:object_select] [SL:object_part_of_series_type @ptr_2 SL:object_part_of_series_type] @ptr_3 [SL:rating_value @ptr_4 SL:rating_value]
i give the following textbook three points	i Ġgive Ġthe Ġfollowing Ġtextbook Ġthree Ġpoints	@ptr_0 @ptr_1 @ptr_2 [SL:object_select @ptr_3 SL:object_select] [SL:object_type @ptr_4 SL:object_type] [SL:rating_value @ptr_5 SL:rating_value] [SL:rating_unit @ptr_6 SL:rating_unit]
Rate this album three of 6 points	Rate Ġthis Ġalbum Ġthree Ġof Ġ6 Ġpoints	@ptr_0 [SL:object_select @ptr_1 SL:object_select] [SL:object_type @ptr_2 SL:object_type] [SL:rating_value @ptr_3 SL:rating_value] @ptr_4 [SL:best_rating @ptr_5 SL:best_rating] [SL:rating_unit @ptr_6 SL:rating_unit]
Rate this novel a five out of 6	Rate Ġthis Ġnovel Ġa Ġfive Ġout Ġof Ġ6	@ptr_0 [SL:object_select @ptr_1 SL:object_select] [SL:object_type @ptr_2 SL:object_type] @ptr_3 [SL:rating_value @ptr_4 SL:rating_value] @ptr_5 @ptr_6 [SL:best_rating @ptr_7 SL:best_rating]
Rate this current essay four out of 6	Rate Ġthis Ġcurrent Ġessay Ġfour Ġout Ġof Ġ6	@ptr_0 [SL:object_select @ptr_1 @ptr_2 SL:object_select] [SL:object_type @ptr_3 SL:object_type] [SL:rating_value @ptr_4 SL:rating_value] @ptr_5 @ptr_6 [SL:best_rating @ptr_7 SL:best_rating]
Rate the current novel a 3	Rate Ġthe Ġcurrent Ġnovel Ġa Ġ3	@ptr_0 @ptr_1 [SL:object_select @ptr_2 SL:object_select] [SL:object_type @ptr_3 SL:object_type] @ptr_4 [SL:rating_value @ptr_5 SL:rating_value]
Rate this album 0 points out of 6	Rate Ġthis Ġalbum Ġ0 Ġpoints Ġout Ġof Ġ6	@ptr_0 [SL:object_select @ptr_1 SL:object_select] [SL:object_type @ptr_2 SL:object_type] [SL:rating_value @ptr_3 SL:rating_value] [SL:rating_unit @ptr_4 SL:rating_unit] @ptr_5 @ptr_6 [SL:best_rating @ptr_7 SL:best_rating]
rate this series chronicle 0 points	rate Ġthis Ġseries Ġchron icle Ġ0 Ġpoints	@ptr_0 [SL:object_select @ptr_1 SL:object_select] [SL:object_part_of_series_type @ptr_2 @ptr_3 @ptr_4 SL:object_part_of_series_type] [SL:rating_value @ptr_5 SL:rating_value] [SL:rating_unit @ptr_6 SL:rating_unit]
Rate this album 3 out of 6	Rate Ġthis Ġalbum Ġ3 Ġout Ġof Ġ6	@ptr_0 [SL:object_select @ptr_1 SL:object_select] [SL:object_type @ptr_2 SL:object_type] [SL:rating_value @ptr_3 SL:rating_value] @ptr_4 @ptr_5 [SL:best_rating @ptr_6 SL:best_rating]
For this current saga I give 5 out of 6 possiable points	For Ġthis Ġcurrent Ġsaga ĠI Ġgive Ġ5 Ġout Ġof Ġ6 Ġposs iable Ġpoints	@ptr_0 @ptr_1 [SL:object_select @ptr_2 SL:object_select] [SL:object_part_of_series_type @ptr_3 SL:object_part_of_series_type] @ptr_4 @ptr_5 [SL:rating_value @ptr_6 SL:rating_value] @ptr_7 @ptr_8 [SL:best_rating @ptr_9 SL:best_rating] @ptr_10 @ptr_11 [SL:rating_unit @ptr_12 SL:rating_unit]
give this a four for the next series of points	give Ġthis Ġa Ġfour Ġfor Ġthe Ġnext Ġseries Ġof Ġpoints	@ptr_0 @ptr_1 @ptr_2 [SL:rating_value @ptr_3 SL:rating_value] @ptr_4 @ptr_5 [SL:object_select @ptr_6 SL:object_select] [SL:object_part_of_series_type @ptr_7 SL:object_part_of_series_type] @ptr_8 [SL:rating_unit @ptr_9 SL:rating_unit]
give this novel 3 of 6	give Ġthis Ġnovel Ġ3 Ġof Ġ6	@ptr_0 [SL:object_select @ptr_1 SL:object_select] [SL:object_type @ptr_2 SL:object_type] [SL:rating_value @ptr_3 SL:rating_value] @ptr_4 [SL:best_rating @ptr_5 SL:best_rating]
Rate this album a 3	Rate Ġthis Ġalbum Ġa Ġ3	@ptr_0 [SL:object_select @ptr_1 SL:object_select] [SL:object_type @ptr_2 SL:object_type] @ptr_3 [SL:rating_value @ptr_4 SL:rating_value]
Rate this album 2 stars	Rate Ġthis Ġalbum Ġ2 Ġstars	@ptr_0 [SL:object_select @ptr_1 SL:object_select] [SL:object_type @ptr_2 SL:object_type] [SL:rating_value @ptr_3 SL:rating_value] [SL:rating_unit @ptr_4 SL:rating_unit]
Rate this album zero stars	Rate Ġthis Ġalbum Ġzero Ġstars	@ptr_0 [SL:object_select @ptr_1 SL:object_select] [SL:object_type @ptr_2 SL:object_type] [SL:rating_value @ptr_3 SL:rating_value] [SL:rating_unit @ptr_4 SL:rating_unit]
I gave the current series 0 points	I Ġgave Ġthe Ġcurrent Ġseries Ġ0 Ġpoints	@ptr_0 @ptr_1 @ptr_2 [SL:object_select @ptr_3 SL:object_select] [SL:object_part_of_series_type @ptr_4 SL:object_part_of_series_type] [SL:rating_value @ptr_5 SL:rating_value] [SL:rating_unit @ptr_6 SL:rating_unit]
Rate the current novel 1 out of 6 points	Rate Ġthe Ġcurrent Ġnovel Ġ1 Ġout Ġof Ġ6 Ġpoints	@ptr_0 @ptr_1 [SL:object_select @ptr_2 SL:object_select] [SL:object_type @ptr_3 SL:object_type] [SL:rating_value @ptr_4 SL:rating_value] @ptr_5 @ptr_6 [SL:best_rating @ptr_7 SL:best_rating] [SL:rating_unit @ptr_8 SL:rating_unit]
rate the current essay a three	rate Ġthe Ġcurrent Ġessay Ġa Ġthree	@ptr_0 @ptr_1 [SL:object_select @ptr_2 SL:object_select] [SL:object_type @ptr_3 SL:object_type] @ptr_4 [SL:rating_value @ptr_5 SL:rating_value]
Give the current book five stars out of 6	Give Ġthe Ġcurrent Ġbook Ġfive Ġstars Ġout Ġof Ġ6	@ptr_0 @ptr_1 [SL:object_select @ptr_2 SL:object_select] [SL:object_type @ptr_3 SL:object_type] [SL:rating_value @ptr_4 SL:rating_value] [SL:rating_unit @ptr_5 SL:rating_unit] @ptr_6 @ptr_7 [SL:best_rating @ptr_8 SL:best_rating]
Out of 6 , I give the following book zero	Out Ġof Ġ6 Ġ, ĠI Ġgive Ġthe Ġfollowing Ġbook Ġzero	@ptr_0 @ptr_1 [SL:best_rating @ptr_2 SL:best_rating] @ptr_3 @ptr_4 @ptr_5 @ptr_6 [SL:object_select @ptr_7 SL:object_select] [SL:object_type @ptr_8 SL:object_type] [SL:rating_value @ptr_9 SL:rating_value]
Rate the current novel a 1	Rate Ġthe Ġcurrent Ġnovel Ġa Ġ1	@ptr_0 @ptr_1 [SL:object_select @ptr_2 SL:object_select] [SL:object_type @ptr_3 SL:object_type] @ptr_4 [SL:rating_value @ptr_5 SL:rating_value]
stars for this album are one for the current 6	stars Ġfor Ġthis Ġalbum Ġare Ġone Ġfor Ġthe Ġcurrent Ġ6	[SL:rating_unit @ptr_0 SL:rating_unit] @ptr_1 @ptr_2 [SL:object_type @ptr_3 SL:object_type] @ptr_4 [SL:rating_value @ptr_5 SL:rating_value] @ptr_6 @ptr_7 [SL:object_select @ptr_8 SL:object_select] [SL:best_rating @ptr_9 SL:best_rating]
rate the last book 0 stars	rate Ġthe Ġlast Ġbook Ġ0 Ġstars	@ptr_0 @ptr_1 [SL:object_select @ptr_2 SL:object_select] [SL:object_type @ptr_3 SL:object_type] [SL:rating_value @ptr_4 SL:rating_value] [SL:rating_unit @ptr_5 SL:rating_unit]
Rate the current book 2 points	Rate Ġthe Ġcurrent Ġbook Ġ2 Ġpoints	@ptr_0 @ptr_1 [SL:object_select @ptr_2 SL:object_select] [SL:object_type @ptr_3 SL:object_type] [SL:rating_value @ptr_4 SL:rating_value] [SL:rating_unit @ptr_5 SL:rating_unit]
rate the book Joyful Noise: Poems for Two Voices 3 points	rate Ġthe Ġbook ĠJoy ful ĠNoise : ĠPo ems Ġfor ĠTwo ĠVoices Ġ3 Ġpoints	@ptr_0 @ptr_1 [SL:object_type @ptr_2 SL:object_type] [SL:object_name @ptr_3 @ptr_4 @ptr_5 @ptr_6 @ptr_7 @ptr_8 @ptr_9 @ptr_10 @ptr_11 SL:object_name] [SL:rating_value @ptr_12 SL:rating_value] [SL:rating_unit @ptr_13 SL:rating_unit]
rate the book Oath of Swords three for 6	rate Ġthe Ġbook ĠOath Ġof ĠSwords Ġthree Ġfor Ġ6	@ptr_0 @ptr_1 [SL:object_type @ptr_2 SL:object_type] [SL:object_name @ptr_3 @ptr_4 @ptr_5 SL:object_name] [SL:rating_value @ptr_6 SL:rating_value] @ptr_7 [SL:best_rating @ptr_8 SL:best_rating]
I want to give this album zero out of 6 stars	I Ġwant Ġto Ġgive Ġthis Ġalbum Ġzero Ġout Ġof Ġ6 Ġstars	@ptr_0 @ptr_1 @ptr_2 @ptr_3 [SL:object_select @ptr_4 SL:object_select] [SL:object_type @ptr_5 SL:object_type] [SL:rating_value @ptr_6 SL:rating_value] @ptr_7 @ptr_8 [SL:best_rating @ptr_9 SL:best_rating] [SL:rating_unit @ptr_10 SL:rating_unit]
rate my current novel four out of 6 stars	rate Ġmy Ġcurrent Ġnovel Ġfour Ġout Ġof Ġ6 Ġstars	@ptr_0 @ptr_1 [SL:object_select @ptr_2 SL:object_select] [SL:object_type @ptr_3 SL:object_type] [SL:rating_value @ptr_4 SL:rating_value] @ptr_5 @ptr_6 [SL:best_rating @ptr_7 SL:best_rating] [SL:rating_unit @ptr_8 SL:rating_unit]
For this current essay I give 5 of 6 points	For Ġthis Ġcurrent Ġessay ĠI Ġgive Ġ5 Ġof Ġ6 Ġpoints	@ptr_0 @ptr_1 [SL:object_select @ptr_2 SL:object_select] [SL:object_type @ptr_3 SL:object_type] @ptr_4 @ptr_5 [SL:rating_value @ptr_6 SL:rating_value] @ptr_7 [SL:best_rating @ptr_8 SL:best_rating] [SL:rating_unit @ptr_9 SL:rating_unit]
The current book deserves a rating of only one	The Ġcurrent Ġbook Ġdeserves Ġa Ġrating Ġof Ġonly Ġone	@ptr_0 [SL:object_select @ptr_1 SL:object_select] [SL:object_type @ptr_2 SL:object_type] @ptr_3 @ptr_4 @ptr_5 @ptr_6 @ptr_7 [SL:rating_value @ptr_8 SL:rating_value]
Rate this novel 1 of 6	Rate Ġthis Ġnovel Ġ1 Ġof Ġ6	@ptr_0 [SL:object_select @ptr_1 SL:object_select] [SL:object_type @ptr_2 SL:object_type] [SL:rating_value @ptr_3 SL:rating_value] @ptr_4 [SL:best_rating @ptr_5 SL:best_rating]
Rate the current novel 5 of 6 points	Rate Ġthe Ġcurrent Ġnovel Ġ5 Ġof Ġ6 Ġpoints	@ptr_0 @ptr_1 [SL:object_select @ptr_2 SL:object_select] [SL:object_type @ptr_3 SL:object_type] [SL:rating_value @ptr_4 SL:rating_value] @ptr_5 [SL:best_rating @ptr_6 SL:best_rating] [SL:rating_unit @ptr_7 SL:rating_unit]
Rate this novel 0 of 6 stars	Rate Ġthis Ġnovel Ġ0 Ġof Ġ6 Ġstars	@ptr_0 [SL:object_select @ptr_1 SL:object_select] [SL:object_type @ptr_2 SL:object_type] [SL:rating_value @ptr_3 SL:rating_value] @ptr_4 [SL:best_rating @ptr_5 SL:best_rating] [SL:rating_unit @ptr_6 SL:rating_unit]
give four out of 6 points to current album	give Ġfour Ġout Ġof Ġ6 Ġpoints Ġto Ġcurrent Ġalbum	@ptr_0 [SL:rating_value @ptr_1 SL:rating_value] @ptr_2 @ptr_3 [SL:best_rating @ptr_4 SL:best_rating] [SL:rating_unit @ptr_5 SL:rating_unit] @ptr_6 [SL:object_select @ptr_7 SL:object_select] [SL:object_type @ptr_8 SL:object_type]
this current book is worth five	this Ġcurrent Ġbook Ġis Ġworth Ġfive	@ptr_0 [SL:object_select @ptr_1 SL:object_select] [SL:object_type @ptr_2 SL:object_type] @ptr_3 @ptr_4 [SL:rating_value @ptr_5 SL:rating_value]
give 2 out of 6 points to current book	give Ġ2 Ġout Ġof Ġ6 Ġpoints Ġto Ġcurrent Ġbook	@ptr_0 [SL:rating_value @ptr_1 SL:rating_value] @ptr_2 @ptr_3 [SL:best_rating @ptr_4 SL:best_rating] [SL:rating_unit @ptr_5 SL:rating_unit] @ptr_6 [SL:object_select @ptr_7 SL:object_select] [SL:object_type @ptr_8 SL:object_type]
Rate my current textbook three out of 6	Rate Ġmy Ġcurrent Ġtextbook Ġthree Ġout Ġof Ġ6	@ptr_0 @ptr_1 [SL:object_select @ptr_2 SL:object_select] [SL:object_type @ptr_3 SL:object_type] [SL:rating_value @ptr_4 SL:rating_value] @ptr_5 @ptr_6 [SL:best_rating @ptr_7 SL:best_rating]
The book Choper, Coffee, Gilson should get a zero	The Ġbook ĠCh oper , ĠCoffee , ĠGil son Ġshould Ġget Ġa Ġzero	@ptr_0 [SL:object_type @ptr_1 SL:object_type] [SL:object_name @ptr_2 @ptr_3 @ptr_4 @ptr_5 @ptr_6 @ptr_7 @ptr_8 SL:object_name] @ptr_9 @ptr_10 @ptr_11 [SL:rating_value @ptr_12 SL:rating_value]
I give this book a 5	I Ġgive Ġthis Ġbook Ġa Ġ5	@ptr_0 @ptr_1 [SL:object_select @ptr_2 SL:object_select] [SL:object_type @ptr_3 SL:object_type] @ptr_4 [SL:rating_value @ptr_5 SL:rating_value]
I am giving the current novel a four out of 6	I Ġam Ġgiving Ġthe Ġcurrent Ġnovel Ġa Ġfour Ġout Ġof Ġ6	@ptr_0 @ptr_1 @ptr_2 @ptr_3 [SL:object_select @ptr_4 SL:object_select] [SL:object_type @ptr_5 SL:object_type] @ptr_6 [SL:rating_value @ptr_7 SL:rating_value] @ptr_8 @ptr_9 [SL:best_rating @ptr_10 SL:best_rating]
For the book Ethics , my rating is 2 out of 6	For Ġthe Ġbook ĠEthics Ġ, Ġmy Ġrating Ġis Ġ2 Ġout Ġof Ġ6	@ptr_0 @ptr_1 [SL:object_type @ptr_2 SL:object_type] [SL:object_name @ptr_3 SL:object_name] @ptr_4 @ptr_5 @ptr_6 @ptr_7 [SL:rating_value @ptr_8 SL:rating_value] @ptr_9 @ptr_10 [SL:best_rating @ptr_11 SL:best_rating]
Rate this essay two out of 6 stars	Rate Ġthis Ġessay Ġtwo Ġout Ġof Ġ6 Ġstars	@ptr_0 [SL:object_select @ptr_1 SL:object_select] [SL:object_type @ptr_2 SL:object_type] [SL:rating_value @ptr_3 SL:rating_value] @ptr_4 @ptr_5 [SL:best_rating @ptr_6 SL:best_rating] [SL:rating_unit @ptr_7 SL:rating_unit]
give 2 for this essay	give Ġ2 Ġfor Ġthis Ġessay	@ptr_0 [SL:rating_value @ptr_1 SL:rating_value] @ptr_2 [SL:object_select @ptr_3 SL:object_select] [SL:object_type @ptr_4 SL:object_type]
give 5 points to current novel	give Ġ5 Ġpoints Ġto Ġcurrent Ġnovel	@ptr_0 [SL:rating_value @ptr_1 SL:rating_value] [SL:rating_unit @ptr_2 SL:rating_unit] @ptr_3 [SL:object_select @ptr_4 SL:object_select] [SL:object_type @ptr_5 SL:object_type]
rate this essay four out of 6 points	rate Ġthis Ġessay Ġfour Ġout Ġof Ġ6 Ġpoints	@ptr_0 [SL:object_select @ptr_1 SL:object_select] [SL:object_type @ptr_2 SL:object_type] [SL:rating_value @ptr_3 SL:rating_value] @ptr_4 @ptr_5 [SL:best_rating @ptr_6 SL:best_rating] [SL:rating_unit @ptr_7 SL:rating_unit]
give this essay 4 points	give Ġthis Ġessay Ġ4 Ġpoints	@ptr_0 [SL:object_select @ptr_1 SL:object_select] [SL:object_type @ptr_2 SL:object_type] [SL:rating_value @ptr_3 SL:rating_value] [SL:rating_unit @ptr_4 SL:rating_unit]
Rate this album 0 points	Rate Ġthis Ġalbum Ġ0 Ġpoints	@ptr_0 [SL:object_select @ptr_1 SL:object_select] [SL:object_type @ptr_2 SL:object_type] [SL:rating_value @ptr_3 SL:rating_value] [SL:rating_unit @ptr_4 SL:rating_unit]
rate this book chronicle 1 points	rate Ġthis Ġbook Ġchron icle Ġ1 Ġpoints	@ptr_0 [SL:object_select @ptr_1 SL:object_select] [SL:object_type @ptr_2 SL:object_type] [SL:object_part_of_series_type @ptr_3 @ptr_4 SL:object_part_of_series_type] [SL:rating_value @ptr_5 SL:rating_value] [SL:rating_unit @ptr_6 SL:rating_unit]
rate the book saga West with the Night a 2	rate Ġthe Ġbook Ġsaga ĠWest Ġwith Ġthe ĠNight Ġa Ġ2	@ptr_0 @ptr_1 [SL:object_type @ptr_2 SL:object_type] [SL:object_part_of_series_type @ptr_3 SL:object_part_of_series_type] [SL:object_name @ptr_4 @ptr_5 @ptr_6 @ptr_7 SL:object_name] @ptr_8 [SL:rating_value @ptr_9 SL:rating_value]
Give the chronicle Fathers and Crows a 5 out of 6	Give Ġthe Ġchron icle ĠFathers Ġand ĠC rows Ġa Ġ5 Ġout Ġof Ġ6	@ptr_0 @ptr_1 [SL:object_part_of_series_type @ptr_2 @ptr_3 SL:object_part_of_series_type] [SL:object_name @ptr_4 @ptr_5 @ptr_6 @ptr_7 SL:object_name] @ptr_8 [SL:rating_value @ptr_9 SL:rating_value] @ptr_10 @ptr_11 [SL:best_rating @ptr_12 SL:best_rating]
this chronicle gets a three out of 6	this Ġchron icle Ġgets Ġa Ġthree Ġout Ġof Ġ6	[SL:object_select @ptr_0 SL:object_select] [SL:object_part_of_series_type @ptr_1 @ptr_2 SL:object_part_of_series_type] @ptr_3 @ptr_4 [SL:rating_value @ptr_5 SL:rating_value] @ptr_6 @ptr_7 [SL:best_rating @ptr_8 SL:best_rating]
rate the Which Moped with Chrome-plated Handlebars at the Back of the Yard ? saga a one	rate Ġthe ĠWhich ĠM oped Ġwith ĠChrome - pl ated ĠHandle bars Ġat Ġthe ĠBack Ġof Ġthe ĠYard Ġ? Ġsaga Ġa Ġone	@ptr_0 @ptr_1 [SL:object_name @ptr_2 @ptr_3 @ptr_4 @ptr_5 @ptr_6 @ptr_7 @ptr_8 @ptr_9 @ptr_10 @ptr_11 @ptr_12 @ptr_13 @ptr_14 @ptr_15 @ptr_16 @ptr_17 SL:object_name] @ptr_18 [SL:object_part_of_series_type @ptr_19 SL:object_part_of_series_type] @ptr_20 [SL:rating_value @ptr_21 SL:rating_value]
The Amityville: The Evil Escapes chronicle is only a 1 out of 6	The ĠAm ity ville : ĠThe ĠEvil ĠEsc apes Ġchron icle Ġis Ġonly Ġa Ġ1 Ġout Ġof Ġ6	@ptr_0 [SL:object_name @ptr_1 @ptr_2 @ptr_3 @ptr_4 @ptr_5 @ptr_6 @ptr_7 @ptr_8 SL:object_name] [SL:object_part_of_series_type @ptr_9 @ptr_10 SL:object_part_of_series_type] @ptr_11 @ptr_12 @ptr_13 [SL:rating_value @ptr_14 SL:rating_value] @ptr_15 @ptr_16 [SL:best_rating @ptr_17 SL:best_rating]
rate this series one of 6	rate Ġthis Ġseries Ġone Ġof Ġ6	@ptr_0 [SL:object_select @ptr_1 SL:object_select] [SL:object_part_of_series_type @ptr_2 SL:object_part_of_series_type] [SL:rating_value @ptr_3 SL:rating_value] @ptr_4 [SL:best_rating @ptr_5 SL:best_rating]
I give the current chronicle one of 6 stars	I Ġgive Ġthe Ġcurrent Ġchron icle Ġone Ġof Ġ6 Ġstars	@ptr_0 @ptr_1 @ptr_2 [SL:object_select @ptr_3 SL:object_select] [SL:object_part_of_series_type @ptr_4 @ptr_5 SL:object_part_of_series_type] [SL:rating_value @ptr_6 SL:rating_value] @ptr_7 [SL:best_rating @ptr_8 SL:best_rating] [SL:rating_unit @ptr_9 SL:rating_unit]
I would give this current chronicle three points	I Ġwould Ġgive Ġthis Ġcurrent Ġchron icle Ġthree Ġpoints	@ptr_0 @ptr_1 @ptr_2 @ptr_3 [SL:object_select @ptr_4 SL:object_select] [SL:object_part_of_series_type @ptr_5 @ptr_6 SL:object_part_of_series_type] [SL:rating_value @ptr_7 SL:rating_value] [SL:rating_unit @ptr_8 SL:rating_unit]
Rate The Documents in the Case series two of 6	Rate ĠThe ĠDocuments Ġin Ġthe ĠCase Ġseries Ġtwo Ġof Ġ6	@ptr_0 [SL:object_name @ptr_1 @ptr_2 @ptr_3 @ptr_4 @ptr_5 SL:object_name] [SL:object_part_of_series_type @ptr_6 SL:object_part_of_series_type] [SL:rating_value @ptr_7 SL:rating_value] @ptr_8 [SL:best_rating @ptr_9 SL:best_rating]
this chronicle is a zero out of 6	this Ġchron icle Ġis Ġa Ġzero Ġout Ġof Ġ6	[SL:object_select @ptr_0 SL:object_select] [SL:object_part_of_series_type @ptr_1 @ptr_2 SL:object_part_of_series_type] @ptr_3 @ptr_4 [SL:rating_value @ptr_5 SL:rating_value] @ptr_6 @ptr_7 [SL:best_rating @ptr_8 SL:best_rating]
rate the current saga a 4	rate Ġthe Ġcurrent Ġsaga Ġa Ġ4	@ptr_0 @ptr_1 [SL:object_select @ptr_2 SL:object_select] [SL:object_part_of_series_type @ptr_3 SL:object_part_of_series_type] @ptr_4 [SL:rating_value @ptr_5 SL:rating_value]
rate the current book series 4 out of 6	rate Ġthe Ġcurrent Ġbook Ġseries Ġ4 Ġout Ġof Ġ6	@ptr_0 @ptr_1 [SL:object_select @ptr_2 SL:object_select] [SL:object_type @ptr_3 SL:object_type] [SL:object_part_of_series_type @ptr_4 SL:object_part_of_series_type] [SL:rating_value @ptr_5 SL:rating_value] @ptr_6 @ptr_7 [SL:best_rating @ptr_8 SL:best_rating]
give 2 stars to Mulligan Stew series	give Ġ2 Ġstars Ġto ĠMull igan ĠStew Ġseries	@ptr_0 [SL:rating_value @ptr_1 SL:rating_value] [SL:rating_unit @ptr_2 SL:rating_unit] @ptr_3 [SL:object_name @ptr_4 @ptr_5 @ptr_6 SL:object_name] [SL:object_part_of_series_type @ptr_7 SL:object_part_of_series_type]
rate The Wimpy Kid Movie Diary saga 4 out of 6	rate ĠThe ĠWim py ĠKid ĠMovie ĠDiary Ġsaga Ġ4 Ġout Ġof Ġ6	@ptr_0 [SL:object_name @ptr_1 @ptr_2 @ptr_3 @ptr_4 @ptr_5 @ptr_6 SL:object_name] [SL:object_part_of_series_type @ptr_7 SL:object_part_of_series_type] [SL:rating_value @ptr_8 SL:rating_value] @ptr_9 @ptr_10 [SL:best_rating @ptr_11 SL:best_rating]
give the current series 3 points	give Ġthe Ġcurrent Ġseries Ġ3 Ġpoints	@ptr_0 @ptr_1 [SL:object_select @ptr_2 SL:object_select] [SL:object_part_of_series_type @ptr_3 SL:object_part_of_series_type] [SL:rating_value @ptr_4 SL:rating_value] [SL:rating_unit @ptr_5 SL:rating_unit]
for this series The Magical Revival out of 6 give it a 5	for Ġthis Ġseries ĠThe ĠMagical ĠRevival Ġout Ġof Ġ6 Ġgive Ġit Ġa Ġ5	@ptr_0 @ptr_1 [SL:object_part_of_series_type @ptr_2 SL:object_part_of_series_type] [SL:object_name @ptr_3 @ptr_4 @ptr_5 SL:object_name] @ptr_6 @ptr_7 [SL:best_rating @ptr_8 SL:best_rating] @ptr_9 @ptr_10 @ptr_11 [SL:rating_value @ptr_12 SL:rating_value]
rate This Is How You Die chronicle a one	rate ĠThis ĠIs ĠHow ĠYou ĠDie Ġchron icle Ġa Ġone	@ptr_0 [SL:object_name @ptr_1 @ptr_2 @ptr_3 @ptr_4 @ptr_5 SL:object_name] [SL:object_part_of_series_type @ptr_6 @ptr_7 SL:object_part_of_series_type] @ptr_8 [SL:rating_value @ptr_9 SL:rating_value]
Rate this chronicle a 3	Rate Ġthis Ġchron icle Ġa Ġ3	@ptr_0 [SL:object_select @ptr_1 SL:object_select] [SL:object_part_of_series_type @ptr_2 @ptr_3 SL:object_part_of_series_type] @ptr_4 [SL:rating_value @ptr_5 SL:rating_value]
Rate this chronicle one of 6 points	Rate Ġthis Ġchron icle Ġone Ġof Ġ6 Ġpoints	@ptr_0 [SL:object_select @ptr_1 SL:object_select] [SL:object_part_of_series_type @ptr_2 @ptr_3 SL:object_part_of_series_type] [SL:rating_value @ptr_4 SL:rating_value] @ptr_5 [SL:best_rating @ptr_6 SL:best_rating] [SL:rating_unit @ptr_7 SL:rating_unit]
this chronicle of The Origins and History of Consciousness is a three	this Ġchron icle Ġof ĠThe ĠOrigins Ġand ĠHistory Ġof ĠConscious ness Ġis Ġa Ġthree	@ptr_0 [SL:object_part_of_series_type @ptr_1 @ptr_2 SL:object_part_of_series_type] @ptr_3 [SL:object_name @ptr_4 @ptr_5 @ptr_6 @ptr_7 @ptr_8 @ptr_9 @ptr_10 SL:object_name] @ptr_11 @ptr_12 [SL:rating_value @ptr_13 SL:rating_value]
put a rating of 0 out of 6 to this chronicle	put Ġa Ġrating Ġof Ġ0 Ġout Ġof Ġ6 Ġto Ġthis Ġchron icle	@ptr_0 @ptr_1 @ptr_2 @ptr_3 [SL:rating_value @ptr_4 SL:rating_value] @ptr_5 @ptr_6 [SL:best_rating @ptr_7 SL:best_rating] @ptr_8 [SL:object_select @ptr_9 SL:object_select] [SL:object_part_of_series_type @ptr_10 @ptr_11 SL:object_part_of_series_type]
Rate the current saga a two	Rate Ġthe Ġcurrent Ġsaga Ġa Ġtwo	@ptr_0 @ptr_1 [SL:object_select @ptr_2 SL:object_select] [SL:object_part_of_series_type @ptr_3 SL:object_part_of_series_type] @ptr_4 [SL:rating_value @ptr_5 SL:rating_value]
rate this series chronicle 0 points	rate Ġthis Ġseries Ġchron icle Ġ0 Ġpoints	@ptr_0 [SL:object_select @ptr_1 SL:object_select] [SL:object_part_of_series_type @ptr_2 @ptr_3 @ptr_4 SL:object_part_of_series_type] [SL:rating_value @ptr_5 SL:rating_value] [SL:rating_unit @ptr_6 SL:rating_unit]
Rate The Myth of Matriarchal Prehistory series a four	Rate ĠThe ĠMyth Ġof ĠMat ri arch al ĠPre history Ġseries Ġa Ġfour	@ptr_0 [SL:object_name @ptr_1 @ptr_2 @ptr_3 @ptr_4 @ptr_5 @ptr_6 @ptr_7 @ptr_8 @ptr_9 SL:object_name] [SL:object_part_of_series_type @ptr_10 SL:object_part_of_series_type] @ptr_11 [SL:rating_value @ptr_12 SL:rating_value]
