What is the movie schedule for animated movies in the area	What Ġis Ġthe Ġmovie Ġschedule Ġfor Ġanimated Ġmovies Ġin Ġthe Ġarea	@ptr_0 @ptr_1 @ptr_2 [SL:object_type @ptr_3 @ptr_4 SL:object_type] @ptr_5 [SL:movie_type @ptr_6 @ptr_7 SL:movie_type] [SL:spatial_relation @ptr_8 @ptr_9 @ptr_10 SL:spatial_relation]
What is the movie schedule of animated movies nearby	What Ġis Ġthe Ġmovie Ġschedule Ġof Ġanimated Ġmovies Ġnearby	@ptr_0 @ptr_1 @ptr_2 [SL:object_type @ptr_3 @ptr_4 SL:object_type] @ptr_5 [SL:movie_type @ptr_6 @ptr_7 SL:movie_type] [SL:spatial_relation @ptr_8 SL:spatial_relation]
Find the movie schedule for animated movies close by	Find Ġthe Ġmovie Ġschedule Ġfor Ġanimated Ġmovies Ġclose Ġby	@ptr_0 @ptr_1 [SL:object_type @ptr_2 @ptr_3 SL:object_type] @ptr_4 [SL:movie_type @ptr_5 @ptr_6 SL:movie_type] [SL:spatial_relation @ptr_7 @ptr_8 SL:spatial_relation]
Find me the movie schedule for ArcLight Hollywood	Find Ġme Ġthe Ġmovie Ġschedule Ġfor ĠArc Light ĠHollywood	@ptr_0 @ptr_1 @ptr_2 [SL:object_type @ptr_3 @ptr_4 SL:object_type] @ptr_5 [SL:location_name @ptr_6 @ptr_7 @ptr_8 SL:location_name]
Find the movie schedule for Amco Entertainment 1 minute from now	Find Ġthe Ġmovie Ġschedule Ġfor ĠAm co ĠEntertainment Ġ1 Ġminute Ġfrom Ġnow	@ptr_0 @ptr_1 [SL:object_type @ptr_2 @ptr_3 SL:object_type] @ptr_4 [SL:location_name @ptr_5 @ptr_6 @ptr_7 SL:location_name] [SL:timeRange @ptr_8 @ptr_9 @ptr_10 @ptr_11 SL:timeRange]
Can I get the movie schedules for Megaplex Theatres	Can ĠI Ġget Ġthe Ġmovie Ġschedules Ġfor ĠMeg ap lex ĠThe at res	@ptr_0 @ptr_1 @ptr_2 @ptr_3 [SL:object_type @ptr_4 @ptr_5 SL:object_type] @ptr_6 [SL:location_name @ptr_7 @ptr_8 @ptr_9 @ptr_10 @ptr_11 @ptr_12 SL:location_name]
Let me see the movie schedule for Seed of Chucky	Let Ġme Ġsee Ġthe Ġmovie Ġschedule Ġfor ĠSeed Ġof ĠCh ucky	@ptr_0 @ptr_1 @ptr_2 @ptr_3 @ptr_4 [SL:object_type @ptr_5 SL:object_type] @ptr_6 [SL:movie_name @ptr_7 @ptr_8 @ptr_9 @ptr_10 SL:movie_name]
Find the schedule for Heart Beats	Find Ġthe Ġschedule Ġfor ĠHeart ĠBeats	@ptr_0 @ptr_1 [SL:object_type @ptr_2 SL:object_type] @ptr_3 [SL:movie_name @ptr_4 @ptr_5 SL:movie_name]
show movie schedule in the neighbourhood films at five hours from now	show Ġmovie Ġschedule Ġin Ġthe Ġneighbourhood Ġfilms Ġat Ġfive Ġhours Ġfrom Ġnow	@ptr_0 [SL:object_type @ptr_1 @ptr_2 SL:object_type] [SL:spatial_relation @ptr_3 @ptr_4 @ptr_5 SL:spatial_relation] [SL:movie_type @ptr_6 SL:movie_type] @ptr_7 [SL:timeRange @ptr_8 @ptr_9 @ptr_10 @ptr_11 SL:timeRange]
find movie schedules for Dickinson Theatres	find Ġmovie Ġschedules Ġfor ĠDickinson ĠThe at res	@ptr_0 [SL:object_type @ptr_1 @ptr_2 SL:object_type] @ptr_3 [SL:location_name @ptr_4 @ptr_5 @ptr_6 @ptr_7 SL:location_name]
Please provide me with movie schedules	Please Ġprovide Ġme Ġwith Ġmovie Ġschedules	@ptr_0 @ptr_1 @ptr_2 @ptr_3 [SL:object_type @ptr_4 @ptr_5 SL:object_type]
Find the movie times at Consolidated Theatres	Find Ġthe Ġmovie Ġtimes Ġat ĠConsolid ated ĠThe at res	@ptr_0 @ptr_1 [SL:object_type @ptr_2 @ptr_3 SL:object_type] @ptr_4 [SL:location_name @ptr_5 @ptr_6 @ptr_7 @ptr_8 @ptr_9 SL:location_name]
Find time for movie times now	Find Ġtime Ġfor Ġmovie Ġtimes Ġnow	@ptr_0 @ptr_1 @ptr_2 [SL:object_type @ptr_3 @ptr_4 SL:object_type] [SL:timeRange @ptr_5 SL:timeRange]
Find the movie times now	Find Ġthe Ġmovie Ġtimes Ġnow	@ptr_0 @ptr_1 [SL:object_type @ptr_2 @ptr_3 SL:object_type] [SL:timeRange @ptr_4 SL:timeRange]
find movie times	find Ġmovie Ġtimes	@ptr_0 [SL:object_type @ptr_1 @ptr_2 SL:object_type]
show movie times for movies in the area	show Ġmovie Ġtimes Ġfor Ġmovies Ġin Ġthe Ġarea	@ptr_0 [SL:object_type @ptr_1 @ptr_2 SL:object_type] @ptr_3 [SL:movie_type @ptr_4 SL:movie_type] [SL:spatial_relation @ptr_5 @ptr_6 @ptr_7 SL:spatial_relation]
Find movie schedules	Find Ġmovie Ġschedules	@ptr_0 [SL:object_type @ptr_1 @ptr_2 SL:object_type]
show me the schedule of Dead Snow	show Ġme Ġthe Ġschedule Ġof ĠDead ĠSnow	@ptr_0 @ptr_1 @ptr_2 [SL:object_type @ptr_3 SL:object_type] @ptr_4 [SL:movie_name @ptr_5 @ptr_6 SL:movie_name]
Show me the movie schedule for Loews Cineplex	Show Ġme Ġthe Ġmovie Ġschedule Ġfor ĠLo ews ĠC ine plex	@ptr_0 @ptr_1 @ptr_2 [SL:object_type @ptr_3 @ptr_4 SL:object_type] @ptr_5 [SL:location_name @ptr_6 @ptr_7 @ptr_8 @ptr_9 @ptr_10 SL:location_name]
Find the movie schedule for Great Escape Theatres	Find Ġthe Ġmovie Ġschedule Ġfor ĠGreat ĠEscape ĠThe at res	@ptr_0 @ptr_1 [SL:object_type @ptr_2 @ptr_3 SL:object_type] @ptr_4 [SL:location_name @ptr_5 @ptr_6 @ptr_7 @ptr_8 @ptr_9 SL:location_name]
Find the schedule for for The Day of the Jackal at Pacific Theatres	Find Ġthe Ġschedule Ġfor Ġfor ĠThe ĠDay Ġof Ġthe ĠJack al Ġat ĠPacific ĠThe at res	@ptr_0 @ptr_1 [SL:object_type @ptr_2 SL:object_type] @ptr_3 @ptr_4 [SL:movie_name @ptr_5 @ptr_6 @ptr_7 @ptr_8 @ptr_9 @ptr_10 SL:movie_name] @ptr_11 [SL:location_name @ptr_12 @ptr_13 @ptr_14 @ptr_15 SL:location_name]
What are the movie schedules for animated movies playing in the neighborhood	What Ġare Ġthe Ġmovie Ġschedules Ġfor Ġanimated Ġmovies Ġplaying Ġin Ġthe Ġneighborhood	@ptr_0 @ptr_1 @ptr_2 [SL:object_type @ptr_3 @ptr_4 SL:object_type] @ptr_5 [SL:movie_type @ptr_6 @ptr_7 SL:movie_type] @ptr_8 [SL:spatial_relation @ptr_9 @ptr_10 @ptr_11 SL:spatial_relation]
Find the movie schedule for Fox Theatres at supper	Find Ġthe Ġmovie Ġschedule Ġfor ĠFox ĠThe at res Ġat Ġsupper	@ptr_0 @ptr_1 [SL:object_type @ptr_2 @ptr_3 SL:object_type] @ptr_4 [SL:location_name @ptr_5 @ptr_6 @ptr_7 @ptr_8 SL:location_name] @ptr_9 [SL:timeRange @ptr_10 SL:timeRange]
Let me have the movie schedules for General Cinema Corporation	Let Ġme Ġhave Ġthe Ġmovie Ġschedules Ġfor ĠGeneral ĠCinema ĠCorporation	@ptr_0 @ptr_1 @ptr_2 @ptr_3 [SL:object_type @ptr_4 @ptr_5 SL:object_type] @ptr_6 [SL:location_name @ptr_7 @ptr_8 @ptr_9 SL:location_name]
I'd like to see the movie schedule for movies in the area	I 'd Ġlike Ġto Ġsee Ġthe Ġmovie Ġschedule Ġfor Ġmovies Ġin Ġthe Ġarea	@ptr_0 @ptr_1 @ptr_2 @ptr_3 @ptr_4 @ptr_5 [SL:object_type @ptr_6 @ptr_7 SL:object_type] @ptr_8 [SL:movie_type @ptr_9 SL:movie_type] [SL:spatial_relation @ptr_10 @ptr_11 @ptr_12 SL:spatial_relation]
is Tomorrow at Dawn at Harkins Theatres	is ĠTomorrow Ġat ĠDawn Ġat ĠH ark ins ĠThe at res	@ptr_0 [SL:movie_name @ptr_1 @ptr_2 @ptr_3 SL:movie_name] @ptr_4 [SL:location_name @ptr_5 @ptr_6 @ptr_7 @ptr_8 @ptr_9 @ptr_10 SL:location_name]
Tell me what movies are at AMC Theatres	Tell Ġme Ġwhat Ġmovies Ġare Ġat ĠAMC ĠThe at res	@ptr_0 @ptr_1 @ptr_2 [SL:movie_type @ptr_3 SL:movie_type] @ptr_4 @ptr_5 [SL:location_name @ptr_6 @ptr_7 @ptr_8 @ptr_9 SL:location_name]
What time is See Grace Fly playing at Cineplex Odeon Corporation	What Ġtime Ġis ĠSee ĠGrace ĠFly Ġplaying Ġat ĠC ine plex ĠO de on ĠCorporation	@ptr_0 @ptr_1 @ptr_2 [SL:movie_name @ptr_3 @ptr_4 @ptr_5 SL:movie_name] @ptr_6 @ptr_7 [SL:location_name @ptr_8 @ptr_9 @ptr_10 @ptr_11 @ptr_12 @ptr_13 @ptr_14 SL:location_name]
Find the movie schedule for ArcLight Hollywood	Find Ġthe Ġmovie Ġschedule Ġfor ĠArc Light ĠHollywood	@ptr_0 @ptr_1 [SL:object_type @ptr_2 @ptr_3 SL:object_type] @ptr_4 [SL:location_name @ptr_5 @ptr_6 @ptr_7 SL:location_name]
Is Flow: For Love of Water playing at Southern Theatres at 2 am	Is ĠFlow : ĠFor ĠLove Ġof ĠWater Ġplaying Ġat ĠSouthern ĠThe at res Ġat Ġ2 Ġam	@ptr_0 [SL:movie_name @ptr_1 @ptr_2 @ptr_3 @ptr_4 @ptr_5 @ptr_6 SL:movie_name] @ptr_7 @ptr_8 [SL:location_name @ptr_9 @ptr_10 @ptr_11 @ptr_12 SL:location_name] @ptr_13 [SL:timeRange @ptr_14 @ptr_15 SL:timeRange]
find Regal Entertainment Group animated movies	find ĠReg al ĠEntertainment ĠGroup Ġanimated Ġmovies	@ptr_0 [SL:location_name @ptr_1 @ptr_2 @ptr_3 @ptr_4 SL:location_name] [SL:movie_type @ptr_5 @ptr_6 SL:movie_type]
What is the 7 A.M. movie schedules at Amco Entertainment	What Ġis Ġthe Ġ7 ĠA . M . Ġmovie Ġschedules Ġat ĠAm co ĠEntertainment	@ptr_0 @ptr_1 @ptr_2 [SL:timeRange @ptr_3 @ptr_4 @ptr_5 @ptr_6 @ptr_7 SL:timeRange] [SL:object_type @ptr_8 @ptr_9 SL:object_type] @ptr_10 [SL:location_name @ptr_11 @ptr_12 @ptr_13 SL:location_name]
Where does The Return of the Whistler play at the Bow Tie Cinemas at 03:01:48 A.M.	Where Ġdoes ĠThe ĠReturn Ġof Ġthe ĠWh ist ler Ġplay Ġat Ġthe ĠBow ĠTie ĠCinem as Ġat Ġ03 : 01 : 48 ĠA . M .	@ptr_0 @ptr_1 [SL:movie_name @ptr_2 @ptr_3 @ptr_4 @ptr_5 @ptr_6 @ptr_7 @ptr_8 SL:movie_name] @ptr_9 @ptr_10 @ptr_11 [SL:location_name @ptr_12 @ptr_13 @ptr_14 @ptr_15 SL:location_name] @ptr_16 [SL:timeRange @ptr_17 @ptr_18 @ptr_19 @ptr_20 @ptr_21 @ptr_22 @ptr_23 @ptr_24 @ptr_25 SL:timeRange]
What are the current movie schedules for AMC Theatres	What Ġare Ġthe Ġcurrent Ġmovie Ġschedules Ġfor ĠAMC ĠThe at res	@ptr_0 @ptr_1 @ptr_2 @ptr_3 [SL:object_type @ptr_4 @ptr_5 SL:object_type] @ptr_6 [SL:location_name @ptr_7 @ptr_8 @ptr_9 @ptr_10 SL:location_name]
At AMC Theaters what is the movie schedule	At ĠAMC ĠThe aters Ġwhat Ġis Ġthe Ġmovie Ġschedule	@ptr_0 [SL:location_name @ptr_1 @ptr_2 @ptr_3 SL:location_name] @ptr_4 @ptr_5 @ptr_6 [SL:object_type @ptr_7 @ptr_8 SL:object_type]
Which movies are playing at AMC Theaters 1 second from now	Which Ġmovies Ġare Ġplaying Ġat ĠAMC ĠThe aters Ġ1 Ġsecond Ġfrom Ġnow	@ptr_0 [SL:movie_type @ptr_1 SL:movie_type] @ptr_2 @ptr_3 @ptr_4 [SL:location_name @ptr_5 @ptr_6 @ptr_7 SL:location_name] [SL:timeRange @ptr_8 @ptr_9 @ptr_10 @ptr_11 SL:timeRange]
What time is Tommy and Quadrophenia Live playing at Marcus Corporation	What Ġtime Ġis ĠTommy Ġand ĠQuad rop hen ia ĠLive Ġplaying Ġat ĠMarcus ĠCorporation	@ptr_0 @ptr_1 @ptr_2 [SL:movie_name @ptr_3 @ptr_4 @ptr_5 @ptr_6 @ptr_7 @ptr_8 @ptr_9 SL:movie_name] @ptr_10 @ptr_11 [SL:location_name @ptr_12 @ptr_13 SL:location_name]
Can i get the movie schedules for Speakeasy Theaters	Can Ġi Ġget Ġthe Ġmovie Ġschedules Ġfor ĠSpe ake asy ĠThe aters	@ptr_0 @ptr_1 @ptr_2 @ptr_3 [SL:object_type @ptr_4 @ptr_5 SL:object_type] @ptr_6 [SL:location_name @ptr_7 @ptr_8 @ptr_9 @ptr_10 @ptr_11 SL:location_name]
find movies at Amco Entertainment starting in 8 seconds from now	find Ġmovies Ġat ĠAm co ĠEntertainment Ġstarting Ġin Ġ8 Ġseconds Ġfrom Ġnow	@ptr_0 [SL:movie_type @ptr_1 SL:movie_type] @ptr_2 [SL:location_name @ptr_3 @ptr_4 @ptr_5 SL:location_name] @ptr_6 @ptr_7 [SL:timeRange @ptr_8 @ptr_9 @ptr_10 @ptr_11 SL:timeRange]
Find time for the movie schedule at Cineplex Odeon Corporation	Find Ġtime Ġfor Ġthe Ġmovie Ġschedule Ġat ĠC ine plex ĠO de on ĠCorporation	@ptr_0 @ptr_1 @ptr_2 @ptr_3 [SL:object_type @ptr_4 @ptr_5 SL:object_type] @ptr_6 [SL:location_name @ptr_7 @ptr_8 @ptr_9 @ptr_10 @ptr_11 @ptr_12 @ptr_13 SL:location_name]
What animated movies are playing at the Magic Johnson Theatres	What Ġanimated Ġmovies Ġare Ġplaying Ġat Ġthe ĠMagic ĠJohnson ĠThe at res	@ptr_0 [SL:movie_type @ptr_1 @ptr_2 SL:movie_type] @ptr_3 @ptr_4 @ptr_5 @ptr_6 [SL:location_name @ptr_7 @ptr_8 @ptr_9 @ptr_10 @ptr_11 SL:location_name]
When is For One Night playing at Loews Cineplex Entertainment	When Ġis ĠFor ĠOne ĠNight Ġplaying Ġat ĠLo ews ĠC ine plex ĠEntertainment	@ptr_0 @ptr_1 [SL:movie_name @ptr_2 @ptr_3 @ptr_4 SL:movie_name] @ptr_5 @ptr_6 [SL:location_name @ptr_7 @ptr_8 @ptr_9 @ptr_10 @ptr_11 @ptr_12 SL:location_name]
What time is In the Crosswind playing at Marcus Corporation	What Ġtime Ġis ĠIn Ġthe ĠCross wind Ġplaying Ġat ĠMarcus ĠCorporation	@ptr_0 @ptr_1 @ptr_2 [SL:movie_name @ptr_3 @ptr_4 @ptr_5 @ptr_6 SL:movie_name] @ptr_7 @ptr_8 [SL:location_name @ptr_9 @ptr_10 SL:location_name]
Which animated movies are showing at the Neighborhood Cinema Group	Which Ġanimated Ġmovies Ġare Ġshowing Ġat Ġthe ĠNeighborhood ĠCinema ĠGroup	@ptr_0 [SL:movie_type @ptr_1 @ptr_2 SL:movie_type] @ptr_3 @ptr_4 @ptr_5 @ptr_6 [SL:location_name @ptr_7 @ptr_8 @ptr_9 SL:location_name]
Give me a list of films at AMC Theatres	Give Ġme Ġa Ġlist Ġof Ġfilms Ġat ĠAMC ĠThe at res	@ptr_0 @ptr_1 @ptr_2 @ptr_3 @ptr_4 [SL:movie_type @ptr_5 SL:movie_type] @ptr_6 [SL:location_name @ptr_7 @ptr_8 @ptr_9 @ptr_10 SL:location_name]
Is The Ghost Breakers playing at Plitt Theatres in two hours	Is ĠThe ĠGhost ĠBre akers Ġplaying Ġat ĠPl itt ĠThe at res Ġin Ġtwo Ġhours	@ptr_0 [SL:movie_name @ptr_1 @ptr_2 @ptr_3 @ptr_4 SL:movie_name] @ptr_5 @ptr_6 [SL:location_name @ptr_7 @ptr_8 @ptr_9 @ptr_10 @ptr_11 SL:location_name] [SL:timeRange @ptr_12 @ptr_13 @ptr_14 SL:timeRange]
Find films available at Cooper Foundation	Find Ġfilms Ġavailable Ġat ĠCooper ĠFoundation	@ptr_0 [SL:movie_type @ptr_1 SL:movie_type] @ptr_2 @ptr_3 [SL:location_name @ptr_4 @ptr_5 SL:location_name]
What films are playing at Dipson Theatres	What Ġfilms Ġare Ġplaying Ġat ĠDip son ĠThe at res	@ptr_0 [SL:movie_type @ptr_1 SL:movie_type] @ptr_2 @ptr_3 @ptr_4 [SL:location_name @ptr_5 @ptr_6 @ptr_7 @ptr_8 @ptr_9 SL:location_name]
what movie is playing at Showcase Cinemas	what Ġmovie Ġis Ġplaying Ġat ĠShow case ĠCinem as	@ptr_0 [SL:movie_type @ptr_1 SL:movie_type] @ptr_2 @ptr_3 @ptr_4 [SL:location_name @ptr_5 @ptr_6 @ptr_7 @ptr_8 SL:location_name]
What are the movie schedules for Santikos Theatres	What Ġare Ġthe Ġmovie Ġschedules Ġfor ĠSant ik os ĠThe at res	@ptr_0 @ptr_1 @ptr_2 [SL:object_type @ptr_3 @ptr_4 SL:object_type] @ptr_5 [SL:location_name @ptr_6 @ptr_7 @ptr_8 @ptr_9 @ptr_10 @ptr_11 SL:location_name]
find A Feather in Her Hat at Magic Johnson Theatres	find ĠA ĠFeather Ġin ĠHer ĠHat Ġat ĠMagic ĠJohnson ĠThe at res	@ptr_0 [SL:movie_name @ptr_1 @ptr_2 @ptr_3 @ptr_4 @ptr_5 SL:movie_name] @ptr_6 [SL:location_name @ptr_7 @ptr_8 @ptr_9 @ptr_10 @ptr_11 SL:location_name]
What time is AMC Theaters playing Unnikrishnante Adyathe Christmas	What Ġtime Ġis ĠAMC ĠThe aters Ġplaying ĠUn nik rish n ante ĠAd y athe ĠChristmas	@ptr_0 @ptr_1 @ptr_2 [SL:location_name @ptr_3 @ptr_4 @ptr_5 SL:location_name] @ptr_6 [SL:movie_name @ptr_7 @ptr_8 @ptr_9 @ptr_10 @ptr_11 @ptr_12 @ptr_13 @ptr_14 @ptr_15 SL:movie_name]
Where can I find Paranormal Activity 3 playing near me 1 hour from now	Where Ġcan ĠI Ġfind ĠParan ormal ĠActivity Ġ3 Ġplaying Ġnear Ġme Ġ1 Ġhour Ġfrom Ġnow	@ptr_0 @ptr_1 @ptr_2 @ptr_3 [SL:movie_name @ptr_4 @ptr_5 @ptr_6 @ptr_7 SL:movie_name] @ptr_8 @ptr_9 @ptr_10 [SL:timeRange @ptr_11 @ptr_12 @ptr_13 @ptr_14 SL:timeRange]
Give me some info on when Hands Across the Border will be laying at the cinema	Give Ġme Ġsome Ġinfo Ġon Ġwhen ĠHands ĠAcross Ġthe ĠBorder Ġwill Ġbe Ġlaying Ġat Ġthe Ġcinema	@ptr_0 @ptr_1 @ptr_2 @ptr_3 @ptr_4 @ptr_5 [SL:movie_name @ptr_6 @ptr_7 @ptr_8 @ptr_9 SL:movie_name] @ptr_10 @ptr_11 @ptr_12 @ptr_13 @ptr_14 [SL:object_location_type @ptr_15 SL:object_location_type]
Is The Umbrellas of Cherbourg	Is ĠThe ĠUmb rell as Ġof ĠCher bourg	@ptr_0 [SL:movie_name @ptr_1 @ptr_2 @ptr_3 @ptr_4 @ptr_5 @ptr_6 @ptr_7 SL:movie_name]
show me the schedule of The Loves of Letty in cinema closest	show Ġme Ġthe Ġschedule Ġof ĠThe ĠL oves Ġof ĠLet ty Ġin Ġcinema Ġclosest	@ptr_0 @ptr_1 @ptr_2 [SL:object_type @ptr_3 SL:object_type] @ptr_4 [SL:movie_name @ptr_5 @ptr_6 @ptr_7 @ptr_8 @ptr_9 @ptr_10 SL:movie_name] @ptr_11 [SL:object_location_type @ptr_12 SL:object_location_type] [SL:spatial_relation @ptr_13 SL:spatial_relation]
Is F.I.S.T. at Malco Theatres	Is ĠF . I . S . T . Ġat ĠMal co ĠThe at res	@ptr_0 [SL:movie_name @ptr_1 @ptr_2 @ptr_3 @ptr_4 @ptr_5 @ptr_6 @ptr_7 @ptr_8 SL:movie_name] @ptr_9 [SL:location_name @ptr_10 @ptr_11 @ptr_12 @ptr_13 @ptr_14 SL:location_name]
When will the Blonde Ambition	When Ġwill Ġthe ĠBl onde ĠAmb ition	@ptr_0 @ptr_1 @ptr_2 [SL:movie_name @ptr_3 @ptr_4 @ptr_5 @ptr_6 SL:movie_name]
What times is the 7 Faces of Dr. Lao showing at United Paramount Theatres	What Ġtimes Ġis Ġthe Ġ7 ĠFaces Ġof ĠDr . ĠLa o Ġshowing Ġat ĠUnited ĠParamount ĠThe at res	@ptr_0 [SL:object_type @ptr_1 SL:object_type] @ptr_2 @ptr_3 [SL:movie_name @ptr_4 @ptr_5 @ptr_6 @ptr_7 @ptr_8 @ptr_9 @ptr_10 SL:movie_name] @ptr_11 @ptr_12 [SL:location_name @ptr_13 @ptr_14 @ptr_15 @ptr_16 @ptr_17 SL:location_name]
find a movie theatre showing The Tailor of Panama	find Ġa Ġmovie Ġtheatre Ġshowing ĠThe ĠTail or Ġof ĠPanama	@ptr_0 @ptr_1 [SL:object_location_type @ptr_2 @ptr_3 SL:object_location_type] @ptr_4 [SL:movie_name @ptr_5 @ptr_6 @ptr_7 @ptr_8 @ptr_9 SL:movie_name]
Where and when is Polish Economy	Where Ġand Ġwhen Ġis ĠPolish ĠEconomy	@ptr_0 @ptr_1 @ptr_2 @ptr_3 [SL:movie_name @ptr_4 @ptr_5 SL:movie_name]
What movie theatre is playing The Deaths of Ian Stone	What Ġmovie Ġtheatre Ġis Ġplaying ĠThe ĠDeaths Ġof ĠIan ĠStone	@ptr_0 [SL:object_location_type @ptr_1 @ptr_2 SL:object_location_type] @ptr_3 @ptr_4 [SL:movie_name @ptr_5 @ptr_6 @ptr_7 @ptr_8 @ptr_9 SL:movie_name]
What time is High Schools	What Ġtime Ġis ĠHigh ĠSchools	@ptr_0 @ptr_1 @ptr_2 [SL:movie_name @ptr_3 @ptr_4 SL:movie_name]
What time is Beat the Devil coming on at Mann Theatres	What Ġtime Ġis ĠBeat Ġthe ĠDevil Ġcoming Ġon Ġat ĠMann ĠThe at res	@ptr_0 @ptr_1 @ptr_2 [SL:movie_name @ptr_3 @ptr_4 @ptr_5 SL:movie_name] @ptr_6 @ptr_7 @ptr_8 [SL:location_name @ptr_9 @ptr_10 @ptr_11 @ptr_12 SL:location_name]
Is Jack the Ripper playing in one hour at the nearest movie house	Is ĠJack Ġthe ĠR ipper Ġplaying Ġin Ġone Ġhour Ġat Ġthe Ġnearest Ġmovie Ġhouse	@ptr_0 [SL:movie_name @ptr_1 @ptr_2 @ptr_3 @ptr_4 SL:movie_name] @ptr_5 [SL:timeRange @ptr_6 @ptr_7 @ptr_8 SL:timeRange] @ptr_9 @ptr_10 [SL:spatial_relation @ptr_11 SL:spatial_relation] [SL:object_location_type @ptr_12 @ptr_13 SL:object_location_type]
Whaere is Bloody Bloody Bible Camp playing in the cinema	Wh a ere Ġis ĠBloody ĠBloody ĠBible ĠCamp Ġplaying Ġin Ġthe Ġcinema	@ptr_0 @ptr_1 @ptr_2 @ptr_3 [SL:movie_name @ptr_4 @ptr_5 @ptr_6 @ptr_7 SL:movie_name] @ptr_8 @ptr_9 @ptr_10 [SL:object_location_type @ptr_11 SL:object_location_type]
Show me movie times at the Pacific Theatres for the movie The Hot Rock	Show Ġme Ġmovie Ġtimes Ġat Ġthe ĠPacific ĠThe at res Ġfor Ġthe Ġmovie ĠThe ĠHot ĠRock	@ptr_0 @ptr_1 @ptr_2 [SL:object_type @ptr_3 SL:object_type] @ptr_4 @ptr_5 [SL:location_name @ptr_6 @ptr_7 @ptr_8 @ptr_9 SL:location_name] @ptr_10 @ptr_11 @ptr_12 [SL:movie_name @ptr_13 @ptr_14 @ptr_15 SL:movie_name]
Showtimes for Butterfly on a Wheel	Show times Ġfor ĠButterfly Ġon Ġa ĠWheel	@ptr_0 @ptr_1 @ptr_2 [SL:movie_name @ptr_3 @ptr_4 @ptr_5 @ptr_6 SL:movie_name]
Is The Belles of St. Clements playing at Star Theatres in 8 minutes	Is ĠThe ĠBell es Ġof ĠSt . ĠC lements Ġplaying Ġat ĠStar ĠThe at res Ġin Ġ8 Ġminutes	@ptr_0 [SL:movie_name @ptr_1 @ptr_2 @ptr_3 @ptr_4 @ptr_5 @ptr_6 @ptr_7 @ptr_8 SL:movie_name] @ptr_9 @ptr_10 [SL:location_name @ptr_11 @ptr_12 @ptr_13 @ptr_14 SL:location_name] [SL:timeRange @ptr_15 @ptr_16 @ptr_17 SL:timeRange]
Show me schedules to see A Film with Me in It	Show Ġme Ġschedules Ġto Ġsee ĠA ĠFilm Ġwith ĠMe Ġin ĠIt	@ptr_0 @ptr_1 [SL:object_type @ptr_2 SL:object_type] @ptr_3 @ptr_4 [SL:movie_name @ptr_5 @ptr_6 @ptr_7 @ptr_8 @ptr_9 @ptr_10 SL:movie_name]
Find the schedule for The Tooth Will Out at sunrise	Find Ġthe Ġschedule Ġfor ĠThe ĠTooth ĠWill ĠOut Ġat Ġsunrise	@ptr_0 @ptr_1 [SL:object_type @ptr_2 SL:object_type] @ptr_3 [SL:movie_name @ptr_4 @ptr_5 @ptr_6 @ptr_7 SL:movie_name] @ptr_8 [SL:timeRange @ptr_9 SL:timeRange]
when is Nattbuss 807 playing at a movie theatre	when Ġis ĠN att b uss Ġ8 07 Ġplaying Ġat Ġa Ġmovie Ġtheatre	@ptr_0 @ptr_1 [SL:movie_name @ptr_2 @ptr_3 @ptr_4 @ptr_5 @ptr_6 @ptr_7 SL:movie_name] @ptr_8 @ptr_9 @ptr_10 [SL:object_location_type @ptr_11 @ptr_12 SL:object_location_type]
When will The Boys Next Door be playing at the nearest movie house	When Ġwill ĠThe ĠBoys ĠNext ĠDoor Ġbe Ġplaying Ġat Ġthe Ġnearest Ġmovie Ġhouse	@ptr_0 @ptr_1 [SL:movie_name @ptr_2 @ptr_3 @ptr_4 @ptr_5 SL:movie_name] @ptr_6 @ptr_7 @ptr_8 @ptr_9 [SL:spatial_relation @ptr_10 SL:spatial_relation] [SL:object_location_type @ptr_11 @ptr_12 SL:object_location_type]
What time is The Bride from Hell playing at Malco Theatres	What Ġtime Ġis ĠThe ĠBride Ġfrom ĠHell Ġplaying Ġat ĠMal co ĠThe at res	@ptr_0 @ptr_1 @ptr_2 [SL:movie_name @ptr_3 @ptr_4 @ptr_5 @ptr_6 SL:movie_name] @ptr_7 @ptr_8 [SL:location_name @ptr_9 @ptr_10 @ptr_11 @ptr_12 @ptr_13 SL:location_name]
find Heat Wave	find ĠHeat ĠWave	@ptr_0 [SL:movie_name @ptr_1 @ptr_2 SL:movie_name]
find a cinema showing The Mandrake nearest at one o'clock	find Ġa Ġcinema Ġshowing ĠThe ĠMand rake Ġnearest Ġat Ġone Ġo ' clock	@ptr_0 @ptr_1 [SL:object_location_type @ptr_2 SL:object_location_type] @ptr_3 [SL:movie_name @ptr_4 @ptr_5 @ptr_6 SL:movie_name] [SL:spatial_relation @ptr_7 SL:spatial_relation] @ptr_8 [SL:timeRange @ptr_9 @ptr_10 @ptr_11 @ptr_12 SL:timeRange]
Find the schedule for The Voice in the Fog at night at the closest movie house	Find Ġthe Ġschedule Ġfor ĠThe ĠVoice Ġin Ġthe ĠFog Ġat Ġnight Ġat Ġthe Ġclosest Ġmovie Ġhouse	@ptr_0 @ptr_1 [SL:object_type @ptr_2 SL:object_type] @ptr_3 [SL:movie_name @ptr_4 @ptr_5 @ptr_6 @ptr_7 @ptr_8 SL:movie_name] @ptr_9 [SL:timeRange @ptr_10 SL:timeRange] @ptr_11 @ptr_12 [SL:spatial_relation @ptr_13 SL:spatial_relation] [SL:object_location_type @ptr_14 @ptr_15 SL:object_location_type]
What films are going to be shown at the nearest movie house	What Ġfilms Ġare Ġgoing Ġto Ġbe Ġshown Ġat Ġthe Ġnearest Ġmovie Ġhouse	@ptr_0 [SL:movie_type @ptr_1 SL:movie_type] @ptr_2 @ptr_3 @ptr_4 @ptr_5 @ptr_6 @ptr_7 @ptr_8 [SL:spatial_relation @ptr_9 SL:spatial_relation] [SL:object_location_type @ptr_10 @ptr_11 SL:object_location_type]
Find what movies are showing at the nearest movie house	Find Ġwhat Ġmovies Ġare Ġshowing Ġat Ġthe Ġnearest Ġmovie Ġhouse	@ptr_0 @ptr_1 [SL:movie_type @ptr_2 SL:movie_type] @ptr_3 @ptr_4 @ptr_5 @ptr_6 [SL:spatial_relation @ptr_7 SL:spatial_relation] [SL:object_location_type @ptr_8 @ptr_9 SL:object_location_type]
in 1 hour and 1 minute find a cinema nearest for films	in Ġ1 Ġhour Ġand Ġ1 Ġminute Ġfind Ġa Ġcinema Ġnearest Ġfor Ġfilms	[SL:timeRange @ptr_0 @ptr_1 @ptr_2 @ptr_3 @ptr_4 @ptr_5 SL:timeRange] @ptr_6 @ptr_7 [SL:object_location_type @ptr_8 SL:object_location_type] [SL:spatial_relation @ptr_9 SL:spatial_relation] @ptr_10 [SL:movie_type @ptr_11 SL:movie_type]
Is there a movie theatre showing Last Cab to Darwin	Is Ġthere Ġa Ġmovie Ġtheatre Ġshowing ĠLast ĠCab Ġto ĠDarwin	@ptr_0 @ptr_1 @ptr_2 [SL:object_location_type @ptr_3 @ptr_4 SL:object_location_type] @ptr_5 [SL:movie_name @ptr_6 @ptr_7 @ptr_8 @ptr_9 SL:movie_name]
Is Rented Lips playing at the nearest cinema	Is ĠR ented ĠL ips Ġplaying Ġat Ġthe Ġnearest Ġcinema	@ptr_0 [SL:movie_name @ptr_1 @ptr_2 @ptr_3 @ptr_4 SL:movie_name] @ptr_5 @ptr_6 @ptr_7 [SL:spatial_relation @ptr_8 SL:spatial_relation] [SL:object_location_type @ptr_9 SL:object_location_type]
Is The Passion of Anna playing four seconds from now at the cinema	Is ĠThe ĠPassion Ġof ĠAnna Ġplaying Ġfour Ġseconds Ġfrom Ġnow Ġat Ġthe Ġcinema	@ptr_0 [SL:movie_name @ptr_1 @ptr_2 @ptr_3 @ptr_4 SL:movie_name] @ptr_5 [SL:timeRange @ptr_6 @ptr_7 @ptr_8 @ptr_9 SL:timeRange] @ptr_10 @ptr_11 [SL:object_location_type @ptr_12 SL:object_location_type]
Where is the closest cinema playing Good Night Good Morning	Where Ġis Ġthe Ġclosest Ġcinema Ġplaying ĠGood ĠNight ĠGood ĠMorning	@ptr_0 @ptr_1 @ptr_2 [SL:spatial_relation @ptr_3 SL:spatial_relation] [SL:object_location_type @ptr_4 SL:object_location_type] @ptr_5 [SL:movie_name @ptr_6 @ptr_7 @ptr_8 @ptr_9 SL:movie_name]
Can I get the showtimes for the closest cinema showing I’m a Cyborg, But That’s OK	Can ĠI Ġget Ġthe Ġshow times Ġfor Ġthe Ġclosest Ġcinema Ġshowing ĠI âĢ Ļ m Ġa ĠCyborg , ĠBut ĠThat âĢ Ļ s ĠOK	@ptr_0 @ptr_1 @ptr_2 @ptr_3 @ptr_4 @ptr_5 @ptr_6 @ptr_7 [SL:spatial_relation @ptr_8 SL:spatial_relation] [SL:object_location_type @ptr_9 SL:object_location_type] @ptr_10 [SL:movie_name @ptr_11 @ptr_12 @ptr_13 @ptr_14 @ptr_15 @ptr_16 @ptr_17 @ptr_18 @ptr_19 @ptr_20 @ptr_21 @ptr_22 @ptr_23 SL:movie_name]
Which cinema can I go to to see Lilly the Witch: The Dragon and the Magic Book	Which Ġcinema Ġcan ĠI Ġgo Ġto Ġto Ġsee ĠLilly Ġthe ĠWitch : ĠThe ĠDragon Ġand Ġthe ĠMagic ĠBook	@ptr_0 [SL:object_location_type @ptr_1 SL:object_location_type] @ptr_2 @ptr_3 @ptr_4 @ptr_5 @ptr_6 @ptr_7 [SL:movie_name @ptr_8 @ptr_9 @ptr_10 @ptr_11 @ptr_12 @ptr_13 @ptr_14 @ptr_15 @ptr_16 @ptr_17 SL:movie_name]
Find the schedule for The Devil Diamond at a movie theatre	Find Ġthe Ġschedule Ġfor ĠThe ĠDevil ĠDiamond Ġat Ġa Ġmovie Ġtheatre	@ptr_0 @ptr_1 [SL:object_type @ptr_2 SL:object_type] @ptr_3 [SL:movie_name @ptr_4 @ptr_5 @ptr_6 SL:movie_name] @ptr_7 @ptr_8 [SL:object_location_type @ptr_9 @ptr_10 SL:object_location_type]
Can I go see Cash and Curry at a movie theatre	Can ĠI Ġgo Ġsee ĠCash Ġand ĠCurry Ġat Ġa Ġmovie Ġtheatre	@ptr_0 @ptr_1 @ptr_2 @ptr_3 [SL:movie_name @ptr_4 @ptr_5 @ptr_6 SL:movie_name] @ptr_7 @ptr_8 [SL:object_location_type @ptr_9 @ptr_10 SL:object_location_type]
I'd like to watch Nathan the Wise at the closest movie house	I 'd Ġlike Ġto Ġwatch ĠNathan Ġthe ĠWise Ġat Ġthe Ġclosest Ġmovie Ġhouse	@ptr_0 @ptr_1 @ptr_2 @ptr_3 @ptr_4 [SL:movie_name @ptr_5 @ptr_6 @ptr_7 SL:movie_name] @ptr_8 @ptr_9 [SL:spatial_relation @ptr_10 SL:spatial_relation] [SL:object_location_type @ptr_11 @ptr_12 SL:object_location_type]
What films are playing at the nearest movie theatre	What Ġfilms Ġare Ġplaying Ġat Ġthe Ġnearest Ġmovie Ġtheatre	@ptr_0 [SL:movie_type @ptr_1 SL:movie_type] @ptr_2 @ptr_3 @ptr_4 @ptr_5 [SL:spatial_relation @ptr_6 SL:spatial_relation] [SL:object_location_type @ptr_7 @ptr_8 SL:object_location_type]
find the closest cinema for films	find Ġthe Ġclosest Ġcinema Ġfor Ġfilms	@ptr_0 @ptr_1 [SL:spatial_relation @ptr_2 SL:spatial_relation] [SL:object_location_type @ptr_3 SL:object_location_type] @ptr_4 [SL:movie_type @ptr_5 SL:movie_type]
Which films are playing at the closest movie house	Which Ġfilms Ġare Ġplaying Ġat Ġthe Ġclosest Ġmovie Ġhouse	@ptr_0 [SL:movie_type @ptr_1 SL:movie_type] @ptr_2 @ptr_3 @ptr_4 @ptr_5 [SL:spatial_relation @ptr_6 SL:spatial_relation] [SL:object_location_type @ptr_7 @ptr_8 SL:object_location_type]
Where is the nearest movie theatre playing The Sword of Many Lovers	Where Ġis Ġthe Ġnearest Ġmovie Ġtheatre Ġplaying ĠThe ĠSword Ġof ĠMany ĠLo vers	@ptr_0 @ptr_1 @ptr_2 [SL:spatial_relation @ptr_3 SL:spatial_relation] [SL:object_location_type @ptr_4 @ptr_5 SL:object_location_type] @ptr_6 [SL:movie_name @ptr_7 @ptr_8 @ptr_9 @ptr_10 @ptr_11 @ptr_12 SL:movie_name]
Is The Matinee Idol 06:30 cinema	Is ĠThe ĠMat ine e ĠIdol Ġ06 : 30 Ġcinema	@ptr_0 [SL:movie_name @ptr_1 @ptr_2 @ptr_3 @ptr_4 @ptr_5 SL:movie_name] [SL:timeRange @ptr_6 @ptr_7 @ptr_8 SL:timeRange] [SL:object_location_type @ptr_9 SL:object_location_type]
Which movies are playing at the closest cinema	Which Ġmovies Ġare Ġplaying Ġat Ġthe Ġclosest Ġcinema	@ptr_0 [SL:movie_type @ptr_1 SL:movie_type] @ptr_2 @ptr_3 @ptr_4 @ptr_5 [SL:spatial_relation @ptr_6 SL:spatial_relation] [SL:object_location_type @ptr_7 SL:object_location_type]
When is The Sea of Grass playing at the movie theatre	When Ġis ĠThe ĠSea Ġof ĠGrass Ġplaying Ġat Ġthe Ġmovie Ġtheatre	@ptr_0 @ptr_1 [SL:movie_name @ptr_2 @ptr_3 @ptr_4 @ptr_5 SL:movie_name] @ptr_6 @ptr_7 @ptr_8 [SL:object_location_type @ptr_9 @ptr_10 SL:object_location_type]
find the nearest movie house with Pirates of the 20th Century	find Ġthe Ġnearest Ġmovie Ġhouse Ġwith ĠPirates Ġof Ġthe Ġ20 th ĠCentury	@ptr_0 @ptr_1 [SL:spatial_relation @ptr_2 SL:spatial_relation] [SL:object_location_type @ptr_3 @ptr_4 SL:object_location_type] @ptr_5 [SL:movie_name @ptr_6 @ptr_7 @ptr_8 @ptr_9 @ptr_10 @ptr_11 SL:movie_name]
what movie theatre closest to me is playing animated movies	what Ġmovie Ġtheatre Ġclosest Ġto Ġme Ġis Ġplaying Ġanimated Ġmovies	@ptr_0 [SL:object_location_type @ptr_1 @ptr_2 SL:object_location_type] [SL:spatial_relation @ptr_3 SL:spatial_relation] @ptr_4 @ptr_5 @ptr_6 @ptr_7 [SL:movie_type @ptr_8 @ptr_9 SL:movie_type]
Is The Mystery of Betty Bonn playing at twelve A.M. at the nearest movie house	Is ĠThe ĠMystery Ġof ĠBetty ĠBon n Ġplaying Ġat Ġtwelve ĠA . M . Ġat Ġthe Ġnearest Ġmovie Ġhouse	@ptr_0 [SL:movie_name @ptr_1 @ptr_2 @ptr_3 @ptr_4 @ptr_5 @ptr_6 SL:movie_name] @ptr_7 @ptr_8 [SL:timeRange @ptr_9 @ptr_10 @ptr_11 @ptr_12 @ptr_13 SL:timeRange] @ptr_14 @ptr_15 [SL:spatial_relation @ptr_16 SL:spatial_relation] [SL:object_location_type @ptr_17 @ptr_18 SL:object_location_type]
Where is the nearest cinema playing Rainbow Eyes that starts in one minute	Where Ġis Ġthe Ġnearest Ġcinema Ġplaying ĠRainbow ĠEyes Ġthat Ġstarts Ġin Ġone Ġminute	@ptr_0 @ptr_1 @ptr_2 [SL:spatial_relation @ptr_3 SL:spatial_relation] [SL:object_location_type @ptr_4 SL:object_location_type] @ptr_5 [SL:movie_name @ptr_6 @ptr_7 SL:movie_name] @ptr_8 @ptr_9 [SL:timeRange @ptr_10 @ptr_11 @ptr_12 SL:timeRange]
Is The Ghost Breakers playing at Plitt Theatres in two hours	Is ĠThe ĠGhost ĠBre akers Ġplaying Ġat ĠPl itt ĠThe at res Ġin Ġtwo Ġhours	@ptr_0 [SL:movie_name @ptr_1 @ptr_2 @ptr_3 @ptr_4 SL:movie_name] @ptr_5 @ptr_6 [SL:location_name @ptr_7 @ptr_8 @ptr_9 @ptr_10 @ptr_11 SL:location_name] [SL:timeRange @ptr_12 @ptr_13 @ptr_14 SL:timeRange]
where is Wild America showing at zero P.M.	where Ġis ĠWild ĠAmerica Ġshowing Ġat Ġzero ĠP . M .	@ptr_0 @ptr_1 [SL:movie_name @ptr_2 @ptr_3 SL:movie_name] @ptr_4 @ptr_5 [SL:timeRange @ptr_6 @ptr_7 @ptr_8 @ptr_9 @ptr_10 SL:timeRange]
Show me movie times for two a.m. at any nearby movies	Show Ġme Ġmovie Ġtimes Ġfor Ġtwo Ġa . m . Ġat Ġany Ġnearby Ġmovies	@ptr_0 @ptr_1 [SL:object_type @ptr_2 @ptr_3 SL:object_type] @ptr_4 [SL:timeRange @ptr_5 @ptr_6 @ptr_7 @ptr_8 @ptr_9 SL:timeRange] @ptr_10 @ptr_11 [SL:spatial_relation @ptr_12 SL:spatial_relation] [SL:movie_type @ptr_13 SL:movie_type]
Is The Swan available to watch at the movie house now	Is ĠThe ĠSwan Ġavailable Ġto Ġwatch Ġat Ġthe Ġmovie Ġhouse Ġnow	@ptr_0 [SL:movie_name @ptr_1 @ptr_2 SL:movie_name] @ptr_3 @ptr_4 @ptr_5 @ptr_6 @ptr_7 [SL:object_location_type @ptr_8 @ptr_9 SL:object_location_type] [SL:timeRange @ptr_10 SL:timeRange]
I'd like to watch films in 23 hours in the neighborhood	I 'd Ġlike Ġto Ġwatch Ġfilms Ġin Ġ23 Ġhours Ġin Ġthe Ġneighborhood	@ptr_0 @ptr_1 @ptr_2 @ptr_3 @ptr_4 [SL:movie_type @ptr_5 SL:movie_type] [SL:timeRange @ptr_6 @ptr_7 @ptr_8 SL:timeRange] [SL:spatial_relation @ptr_9 @ptr_10 @ptr_11 SL:spatial_relation]
Can I get the movie schedules for Southern Theatres at around 15:02	Can ĠI Ġget Ġthe Ġmovie Ġschedules Ġfor ĠSouthern ĠThe at res Ġat Ġaround Ġ15 : 02	@ptr_0 @ptr_1 @ptr_2 @ptr_3 [SL:object_type @ptr_4 @ptr_5 SL:object_type] @ptr_6 [SL:location_name @ptr_7 @ptr_8 @ptr_9 @ptr_10 SL:location_name] @ptr_11 @ptr_12 [SL:timeRange @ptr_13 @ptr_14 @ptr_15 SL:timeRange]
where can i watch Wartime Romance in the morning	where Ġcan Ġi Ġwatch ĠW art ime ĠRomance Ġin Ġthe Ġmorning	@ptr_0 @ptr_1 @ptr_2 @ptr_3 [SL:movie_name @ptr_4 @ptr_5 @ptr_6 @ptr_7 SL:movie_name] @ptr_8 @ptr_9 [SL:timeRange @ptr_10 SL:timeRange]
During tea time, what animated movies will be screening at the closest movie house	During Ġtea Ġtime , Ġwhat Ġanimated Ġmovies Ġwill Ġbe Ġscreening Ġat Ġthe Ġclosest Ġmovie Ġhouse	@ptr_0 [SL:timeRange @ptr_1 SL:timeRange] @ptr_2 @ptr_3 @ptr_4 [SL:movie_type @ptr_5 @ptr_6 SL:movie_type] @ptr_7 @ptr_8 @ptr_9 @ptr_10 @ptr_11 [SL:spatial_relation @ptr_12 SL:spatial_relation] [SL:object_location_type @ptr_13 @ptr_14 SL:object_location_type]
find start time in 12 seconds for National Bomb	find Ġstart Ġtime Ġin Ġ12 Ġseconds Ġfor ĠNational ĠBomb	@ptr_0 @ptr_1 @ptr_2 [SL:timeRange @ptr_3 @ptr_4 @ptr_5 SL:timeRange] @ptr_6 [SL:movie_name @ptr_7 @ptr_8 SL:movie_name]
Which movies are playing at the nearest cinema at twelve PM	Which Ġmovies Ġare Ġplaying Ġat Ġthe Ġnearest Ġcinema Ġat Ġtwelve ĠPM	@ptr_0 [SL:movie_type @ptr_1 SL:movie_type] @ptr_2 @ptr_3 @ptr_4 @ptr_5 [SL:spatial_relation @ptr_6 SL:spatial_relation] [SL:object_location_type @ptr_7 SL:object_location_type] @ptr_8 [SL:timeRange @ptr_9 @ptr_10 SL:timeRange]
Find movie times for nine PM	Find Ġmovie Ġtimes Ġfor Ġnine ĠPM	@ptr_0 [SL:object_type @ptr_1 @ptr_2 SL:object_type] @ptr_3 [SL:timeRange @ptr_4 @ptr_5 SL:timeRange]
Show me the animated movies starting at 10:56:18 a.m. at the nearest movie house	Show Ġme Ġthe Ġanimated Ġmovies Ġstarting Ġat Ġ10 : 56 : 18 Ġa . m . Ġat Ġthe Ġnearest Ġmovie Ġhouse	@ptr_0 @ptr_1 @ptr_2 [SL:movie_type @ptr_3 @ptr_4 SL:movie_type] @ptr_5 @ptr_6 [SL:timeRange @ptr_7 @ptr_8 @ptr_9 @ptr_10 @ptr_11 @ptr_12 @ptr_13 @ptr_14 @ptr_15 SL:timeRange] @ptr_16 @ptr_17 [SL:spatial_relation @ptr_18 SL:spatial_relation] [SL:object_location_type @ptr_19 @ptr_20 SL:object_location_type]
Show me the nearest movies at movie theatre for twenty one o'clock	Show Ġme Ġthe Ġnearest Ġmovies Ġat Ġmovie Ġtheatre Ġfor Ġtwenty Ġone Ġo ' clock	@ptr_0 @ptr_1 @ptr_2 [SL:spatial_relation @ptr_3 SL:spatial_relation] [SL:movie_type @ptr_4 SL:movie_type] @ptr_5 [SL:object_location_type @ptr_6 @ptr_7 SL:object_location_type] @ptr_8 [SL:timeRange @ptr_9 @ptr_10 @ptr_11 @ptr_12 @ptr_13 SL:timeRange]
Find animated movies at Landmark Theatres at dinner	Find Ġanimated Ġmovies Ġat ĠLand mark ĠThe at res Ġat Ġdinner	@ptr_0 [SL:movie_type @ptr_1 @ptr_2 SL:movie_type] @ptr_3 [SL:location_name @ptr_4 @ptr_5 @ptr_6 @ptr_7 @ptr_8 SL:location_name] @ptr_9 [SL:timeRange @ptr_10 SL:timeRange]
Find the schedule for Evening Clothes in 1 second	Find Ġthe Ġschedule Ġfor ĠEvening ĠCl othes Ġin Ġ1 Ġsecond	@ptr_0 @ptr_1 [SL:object_type @ptr_2 SL:object_type] @ptr_3 [SL:movie_name @ptr_4 @ptr_5 @ptr_6 SL:movie_name] [SL:timeRange @ptr_7 @ptr_8 @ptr_9 SL:timeRange]
What's the closest cinema playing Chuckys Baby now	What 's Ġthe Ġclosest Ġcinema Ġplaying ĠChuck ys ĠBaby Ġnow	@ptr_0 @ptr_1 @ptr_2 [SL:spatial_relation @ptr_3 SL:spatial_relation] [SL:object_location_type @ptr_4 SL:object_location_type] @ptr_5 [SL:movie_name @ptr_6 @ptr_7 @ptr_8 SL:movie_name] [SL:timeRange @ptr_9 SL:timeRange]
i want to watch The Shamrock Handicap right now	i Ġwant Ġto Ġwatch ĠThe ĠSham rock ĠHand ic ap Ġright Ġnow	@ptr_0 @ptr_1 @ptr_2 @ptr_3 [SL:movie_name @ptr_4 @ptr_5 @ptr_6 @ptr_7 @ptr_8 @ptr_9 SL:movie_name] @ptr_10 [SL:timeRange @ptr_11 SL:timeRange]
Can i get the movie schedule for eleven hours from now	Can Ġi Ġget Ġthe Ġmovie Ġschedule Ġfor Ġeleven Ġhours Ġfrom Ġnow	@ptr_0 @ptr_1 @ptr_2 @ptr_3 [SL:object_type @ptr_4 @ptr_5 SL:object_type] @ptr_6 [SL:timeRange @ptr_7 @ptr_8 @ptr_9 @ptr_10 SL:timeRange]
What movies are showing at the nearest movie theatre in 8 minutes	What Ġmovies Ġare Ġshowing Ġat Ġthe Ġnearest Ġmovie Ġtheatre Ġin Ġ8 Ġminutes	@ptr_0 [SL:movie_type @ptr_1 SL:movie_type] @ptr_2 @ptr_3 @ptr_4 @ptr_5 [SL:spatial_relation @ptr_6 SL:spatial_relation] [SL:object_location_type @ptr_7 @ptr_8 SL:object_location_type] [SL:timeRange @ptr_9 @ptr_10 @ptr_11 SL:timeRange]
find Noon movie times at IMAX Corporation	find ĠNoon Ġmovie Ġtimes Ġat ĠI MAX ĠCorporation	@ptr_0 [SL:timeRange @ptr_1 SL:timeRange] [SL:object_type @ptr_2 @ptr_3 SL:object_type] @ptr_4 [SL:location_name @ptr_5 @ptr_6 @ptr_7 SL:location_name]
Find the schedule for Rare Birds at the nearest movie theatre at Noon	Find Ġthe Ġschedule Ġfor ĠRare ĠBirds Ġat Ġthe Ġnearest Ġmovie Ġtheatre Ġat ĠNoon	@ptr_0 @ptr_1 [SL:object_type @ptr_2 SL:object_type] @ptr_3 [SL:movie_name @ptr_4 @ptr_5 SL:movie_name] @ptr_6 @ptr_7 [SL:spatial_relation @ptr_8 SL:spatial_relation] [SL:object_location_type @ptr_9 @ptr_10 SL:object_location_type] @ptr_11 [SL:timeRange @ptr_12 SL:timeRange]
Please check whether any animated movies will be running in the area around 04:34:15 PM	Please Ġcheck Ġwhether Ġany Ġanimated Ġmovies Ġwill Ġbe Ġrunning Ġin Ġthe Ġarea Ġaround Ġ04 : 34 : 15 ĠPM	@ptr_0 @ptr_1 @ptr_2 @ptr_3 [SL:movie_type @ptr_4 @ptr_5 SL:movie_type] @ptr_6 @ptr_7 @ptr_8 [SL:spatial_relation @ptr_9 @ptr_10 @ptr_11 SL:spatial_relation] @ptr_12 [SL:timeRange @ptr_13 @ptr_14 @ptr_15 @ptr_16 @ptr_17 @ptr_18 SL:timeRange]
find a cinema nearest showing Twilight of Shadows at breakfast	find Ġa Ġcinema Ġnearest Ġshowing ĠTwilight Ġof ĠShadows Ġat Ġbreakfast	@ptr_0 @ptr_1 [SL:object_location_type @ptr_2 SL:object_location_type] [SL:spatial_relation @ptr_3 SL:spatial_relation] @ptr_4 [SL:movie_name @ptr_5 @ptr_6 @ptr_7 SL:movie_name] @ptr_8 [SL:timeRange @ptr_9 SL:timeRange]
Is the film Goodrich Quality Theaters playing at 12:26 AM	Is Ġthe Ġfilm ĠGood rich ĠQuality ĠThe aters Ġplaying Ġat Ġ12 : 26 ĠAM	@ptr_0 @ptr_1 [SL:movie_type @ptr_2 SL:movie_type] [SL:location_name @ptr_3 @ptr_4 @ptr_5 @ptr_6 @ptr_7 SL:location_name] @ptr_8 @ptr_9 [SL:timeRange @ptr_10 @ptr_11 @ptr_12 @ptr_13 SL:timeRange]
Find the movie schedule for Fox Theatres at supper	Find Ġthe Ġmovie Ġschedule Ġfor ĠFox ĠThe at res Ġat Ġsupper	@ptr_0 @ptr_1 [SL:object_type @ptr_2 @ptr_3 SL:object_type] @ptr_4 [SL:location_name @ptr_5 @ptr_6 @ptr_7 @ptr_8 SL:location_name] @ptr_9 [SL:timeRange @ptr_10 SL:timeRange]
what is playing for movies at B&B Theatres	what Ġis Ġplaying Ġfor Ġmovies Ġat ĠB & B ĠThe at res	@ptr_0 @ptr_1 @ptr_2 @ptr_3 [SL:movie_type @ptr_4 SL:movie_type] @ptr_5 [SL:location_name @ptr_6 @ptr_7 @ptr_8 @ptr_9 @ptr_10 @ptr_11 SL:location_name]
What films are playing around here	What Ġfilms Ġare Ġplaying Ġaround Ġhere	@ptr_0 [SL:movie_type @ptr_1 SL:movie_type] @ptr_2 @ptr_3 [SL:spatial_relation @ptr_4 @ptr_5 SL:spatial_relation]
What is the closest movie theatre that is playing animated movies	What Ġis Ġthe Ġclosest Ġmovie Ġtheatre Ġthat Ġis Ġplaying Ġanimated Ġmovies	@ptr_0 @ptr_1 @ptr_2 [SL:spatial_relation @ptr_3 SL:spatial_relation] [SL:object_location_type @ptr_4 @ptr_5 SL:object_location_type] @ptr_6 @ptr_7 @ptr_8 [SL:movie_type @ptr_9 @ptr_10 SL:movie_type]
find a movie schedule in the neighborhood for animated movies	find Ġa Ġmovie Ġschedule Ġin Ġthe Ġneighborhood Ġfor Ġanimated Ġmovies	@ptr_0 @ptr_1 [SL:object_type @ptr_2 @ptr_3 SL:object_type] [SL:spatial_relation @ptr_4 @ptr_5 @ptr_6 SL:spatial_relation] @ptr_7 [SL:movie_type @ptr_8 @ptr_9 SL:movie_type]
find animated movies nearest at a movie house	find Ġanimated Ġmovies Ġnearest Ġat Ġa Ġmovie Ġhouse	@ptr_0 [SL:movie_type @ptr_1 @ptr_2 SL:movie_type] [SL:spatial_relation @ptr_3 SL:spatial_relation] @ptr_4 @ptr_5 [SL:object_location_type @ptr_6 @ptr_7 SL:object_location_type]
What animated movies are at the closest movie theatre	What Ġanimated Ġmovies Ġare Ġat Ġthe Ġclosest Ġmovie Ġtheatre	@ptr_0 [SL:movie_type @ptr_1 @ptr_2 SL:movie_type] @ptr_3 @ptr_4 @ptr_5 [SL:spatial_relation @ptr_6 SL:spatial_relation] [SL:object_location_type @ptr_7 @ptr_8 SL:object_location_type]
Find the movies and movie times in the neighbourhood	Find Ġthe Ġmovies Ġand Ġmovie Ġtimes Ġin Ġthe Ġneighbourhood	@ptr_0 @ptr_1 [SL:movie_type @ptr_2 SL:movie_type] @ptr_3 [SL:object_type @ptr_4 @ptr_5 SL:object_type] [SL:spatial_relation @ptr_6 @ptr_7 @ptr_8 SL:spatial_relation]
find animated movie at Landmark Theatres	find Ġanimated Ġmovie Ġat ĠLand mark ĠThe at res	@ptr_0 [SL:movie_type @ptr_1 @ptr_2 SL:movie_type] @ptr_3 [SL:location_name @ptr_4 @ptr_5 @ptr_6 @ptr_7 @ptr_8 SL:location_name]
Which films are playing at Consolidated Theatres	Which Ġfilms Ġare Ġplaying Ġat ĠConsolid ated ĠThe at res	@ptr_0 [SL:movie_type @ptr_1 SL:movie_type] @ptr_2 @ptr_3 @ptr_4 [SL:location_name @ptr_5 @ptr_6 @ptr_7 @ptr_8 @ptr_9 SL:location_name]
find movie times nearby for animated movies	find Ġmovie Ġtimes Ġnearby Ġfor Ġanimated Ġmovies	@ptr_0 [SL:object_type @ptr_1 @ptr_2 SL:object_type] [SL:spatial_relation @ptr_3 SL:spatial_relation] @ptr_4 [SL:movie_type @ptr_5 @ptr_6 SL:movie_type]
give me the movie schedule for films in the area	give Ġme Ġthe Ġmovie Ġschedule Ġfor Ġfilms Ġin Ġthe Ġarea	@ptr_0 @ptr_1 @ptr_2 [SL:object_type @ptr_3 @ptr_4 SL:object_type] @ptr_5 [SL:movie_type @ptr_6 SL:movie_type] [SL:spatial_relation @ptr_7 @ptr_8 @ptr_9 SL:spatial_relation]
Find the movie times for animated movies around here	Find Ġthe Ġmovie Ġtimes Ġfor Ġanimated Ġmovies Ġaround Ġhere	@ptr_0 @ptr_1 [SL:object_type @ptr_2 @ptr_3 SL:object_type] @ptr_4 [SL:movie_type @ptr_5 @ptr_6 SL:movie_type] [SL:spatial_relation @ptr_7 @ptr_8 SL:spatial_relation]
find animated movies in the neighborhood	find Ġanimated Ġmovies Ġin Ġthe Ġneighborhood	@ptr_0 [SL:movie_type @ptr_1 @ptr_2 SL:movie_type] [SL:spatial_relation @ptr_3 @ptr_4 @ptr_5 SL:spatial_relation]
Which animated movies are playing at Fox Theatres	Which Ġanimated Ġmovies Ġare Ġplaying Ġat ĠFox ĠThe at res	@ptr_0 [SL:movie_type @ptr_1 @ptr_2 SL:movie_type] @ptr_3 @ptr_4 @ptr_5 [SL:location_name @ptr_6 @ptr_7 @ptr_8 @ptr_9 SL:location_name]
I need a movie schedule for nearby animated movies	I Ġneed Ġa Ġmovie Ġschedule Ġfor Ġnearby Ġanimated Ġmovies	@ptr_0 @ptr_1 @ptr_2 [SL:object_type @ptr_3 @ptr_4 SL:object_type] @ptr_5 [SL:spatial_relation @ptr_6 SL:spatial_relation] [SL:movie_type @ptr_7 @ptr_8 SL:movie_type]
Which animated movies are showing close by	Which Ġanimated Ġmovies Ġare Ġshowing Ġclose Ġby	@ptr_0 [SL:movie_type @ptr_1 @ptr_2 SL:movie_type] @ptr_3 @ptr_4 [SL:spatial_relation @ptr_5 @ptr_6 SL:spatial_relation]
Find the schedule for films at night at Great Escape Theatres	Find Ġthe Ġschedule Ġfor Ġfilms Ġat Ġnight Ġat ĠGreat ĠEscape ĠThe at res	@ptr_0 @ptr_1 [SL:object_type @ptr_2 SL:object_type] @ptr_3 [SL:movie_type @ptr_4 SL:movie_type] @ptr_5 [SL:timeRange @ptr_6 SL:timeRange] @ptr_7 [SL:location_name @ptr_8 @ptr_9 @ptr_10 @ptr_11 @ptr_12 SL:location_name]
find a movie schedule in the neighborhood for films	find Ġa Ġmovie Ġschedule Ġin Ġthe Ġneighborhood Ġfor Ġfilms	@ptr_0 @ptr_1 [SL:object_type @ptr_2 @ptr_3 SL:object_type] [SL:spatial_relation @ptr_4 @ptr_5 @ptr_6 SL:spatial_relation] @ptr_7 [SL:movie_type @ptr_8 SL:movie_type]
find movies around here	find Ġmovies Ġaround Ġhere	@ptr_0 [SL:movie_type @ptr_1 SL:movie_type] [SL:spatial_relation @ptr_2 @ptr_3 SL:spatial_relation]
Find what movies are showing at the nearest movie house	Find Ġwhat Ġmovies Ġare Ġshowing Ġat Ġthe Ġnearest Ġmovie Ġhouse	@ptr_0 @ptr_1 [SL:movie_type @ptr_2 SL:movie_type] @ptr_3 @ptr_4 @ptr_5 @ptr_6 [SL:spatial_relation @ptr_7 SL:spatial_relation] [SL:object_location_type @ptr_8 @ptr_9 SL:object_location_type]
What animated movies are playing in the neighbourhood	What Ġanimated Ġmovies Ġare Ġplaying Ġin Ġthe Ġneighbourhood	@ptr_0 [SL:movie_type @ptr_1 @ptr_2 SL:movie_type] @ptr_3 @ptr_4 [SL:spatial_relation @ptr_5 @ptr_6 @ptr_7 SL:spatial_relation]
Tell me what movies are playing in the neighborhood	Tell Ġme Ġwhat Ġmovies Ġare Ġplaying Ġin Ġthe Ġneighborhood	@ptr_0 @ptr_1 @ptr_2 [SL:movie_type @ptr_3 SL:movie_type] @ptr_4 @ptr_5 [SL:spatial_relation @ptr_6 @ptr_7 @ptr_8 SL:spatial_relation]
find movies nearest to a movie house	find Ġmovies Ġnearest Ġto Ġa Ġmovie Ġhouse	@ptr_0 [SL:movie_type @ptr_1 SL:movie_type] [SL:spatial_relation @ptr_2 SL:spatial_relation] @ptr_3 @ptr_4 [SL:object_location_type @ptr_5 @ptr_6 SL:object_location_type]
What is the movie schedule for animated movies playing in the neighborhood	What Ġis Ġthe Ġmovie Ġschedule Ġfor Ġanimated Ġmovies Ġplaying Ġin Ġthe Ġneighborhood	@ptr_0 @ptr_1 @ptr_2 [SL:object_type @ptr_3 @ptr_4 SL:object_type] @ptr_5 [SL:movie_type @ptr_6 @ptr_7 SL:movie_type] @ptr_8 [SL:spatial_relation @ptr_9 @ptr_10 @ptr_11 SL:spatial_relation]
What films are showing in the neighbourhood	What Ġfilms Ġare Ġshowing Ġin Ġthe Ġneighbourhood	@ptr_0 [SL:movie_type @ptr_1 SL:movie_type] @ptr_2 @ptr_3 [SL:spatial_relation @ptr_4 @ptr_5 @ptr_6 SL:spatial_relation]
Find movie times for close by movies	Find Ġmovie Ġtimes Ġfor Ġclose Ġby Ġmovies	@ptr_0 [SL:object_type @ptr_1 @ptr_2 SL:object_type] @ptr_3 [SL:spatial_relation @ptr_4 @ptr_5 SL:spatial_relation] [SL:movie_type @ptr_6 SL:movie_type]
show me animated movies with movie times close by	show Ġme Ġanimated Ġmovies Ġwith Ġmovie Ġtimes Ġclose Ġby	@ptr_0 @ptr_1 [SL:movie_type @ptr_2 @ptr_3 SL:movie_type] @ptr_4 [SL:object_type @ptr_5 @ptr_6 SL:object_type] [SL:spatial_relation @ptr_7 @ptr_8 SL:spatial_relation]
Find the schedule for animated movies in the neighborhood	Find Ġthe Ġschedule Ġfor Ġanimated Ġmovies Ġin Ġthe Ġneighborhood	@ptr_0 @ptr_1 [SL:object_type @ptr_2 SL:object_type] @ptr_3 [SL:movie_type @ptr_4 @ptr_5 SL:movie_type] [SL:spatial_relation @ptr_6 @ptr_7 @ptr_8 SL:spatial_relation]
find the nearest movie theatre for animated movies	find Ġthe Ġnearest Ġmovie Ġtheatre Ġfor Ġanimated Ġmovies	@ptr_0 @ptr_1 [SL:spatial_relation @ptr_2 SL:spatial_relation] [SL:object_location_type @ptr_3 @ptr_4 SL:object_location_type] @ptr_5 [SL:movie_type @ptr_6 @ptr_7 SL:movie_type]
find the closest films at a movie house	find Ġthe Ġclosest Ġfilms Ġat Ġa Ġmovie Ġhouse	@ptr_0 @ptr_1 [SL:spatial_relation @ptr_2 SL:spatial_relation] [SL:movie_type @ptr_3 SL:movie_type] @ptr_4 @ptr_5 [SL:object_location_type @ptr_6 @ptr_7 SL:object_location_type]
Where is the closest cinema that features animated movies	Where Ġis Ġthe Ġclosest Ġcinema Ġthat Ġfeatures Ġanimated Ġmovies	@ptr_0 @ptr_1 @ptr_2 [SL:spatial_relation @ptr_3 SL:spatial_relation] [SL:object_location_type @ptr_4 SL:object_location_type] @ptr_5 @ptr_6 [SL:movie_type @ptr_7 @ptr_8 SL:movie_type]
Please find me the nearest cinema playing Foreign Intrigue	Please Ġfind Ġme Ġthe Ġnearest Ġcinema Ġplaying ĠForeign ĠInt rig ue	@ptr_0 @ptr_1 @ptr_2 @ptr_3 [SL:spatial_relation @ptr_4 SL:spatial_relation] [SL:object_location_type @ptr_5 SL:object_location_type] @ptr_6 [SL:movie_name @ptr_7 @ptr_8 @ptr_9 @ptr_10 SL:movie_name]
Show me the movie times for films nearby	Show Ġme Ġthe Ġmovie Ġtimes Ġfor Ġfilms Ġnearby	@ptr_0 @ptr_1 @ptr_2 [SL:object_type @ptr_3 @ptr_4 SL:object_type] @ptr_5 [SL:movie_type @ptr_6 SL:movie_type] [SL:spatial_relation @ptr_7 SL:spatial_relation]
what films are showing in the neighborhood	what Ġfilms Ġare Ġshowing Ġin Ġthe Ġneighborhood	@ptr_0 [SL:movie_type @ptr_1 SL:movie_type] @ptr_2 @ptr_3 [SL:spatial_relation @ptr_4 @ptr_5 @ptr_6 SL:spatial_relation]
in the neighbourhood find a movie schedule for animated movies	in Ġthe Ġneighbourhood Ġfind Ġa Ġmovie Ġschedule Ġfor Ġanimated Ġmovies	[SL:spatial_relation @ptr_0 @ptr_1 @ptr_2 SL:spatial_relation] @ptr_3 @ptr_4 [SL:object_type @ptr_5 @ptr_6 SL:object_type] @ptr_7 [SL:movie_type @ptr_8 @ptr_9 SL:movie_type]
Find what movies are showing at the nearest movie house	Find Ġwhat Ġmovies Ġare Ġshowing Ġat Ġthe Ġnearest Ġmovie Ġhouse	@ptr_0 @ptr_1 [SL:movie_type @ptr_2 SL:movie_type] @ptr_3 @ptr_4 @ptr_5 @ptr_6 [SL:spatial_relation @ptr_7 SL:spatial_relation] [SL:object_location_type @ptr_8 @ptr_9 SL:object_location_type]
Find the schedule for The Band of Honest Men at the nearest movie theatre	Find Ġthe Ġschedule Ġfor ĠThe ĠBand Ġof ĠHonest ĠMen Ġat Ġthe Ġnearest Ġmovie Ġtheatre	@ptr_0 @ptr_1 [SL:object_type @ptr_2 SL:object_type] @ptr_3 [SL:movie_name @ptr_4 @ptr_5 @ptr_6 @ptr_7 @ptr_8 SL:movie_name] @ptr_9 @ptr_10 [SL:spatial_relation @ptr_11 SL:spatial_relation] [SL:object_location_type @ptr_12 @ptr_13 SL:object_location_type]
show the movies at the nearest movie house	show Ġthe Ġmovies Ġat Ġthe Ġnearest Ġmovie Ġhouse	@ptr_0 @ptr_1 [SL:movie_type @ptr_2 SL:movie_type] @ptr_3 @ptr_4 [SL:spatial_relation @ptr_5 SL:spatial_relation] [SL:object_location_type @ptr_6 @ptr_7 SL:object_location_type]
I'm wondering what movies will be laying around here	I 'm Ġwondering Ġwhat Ġmovies Ġwill Ġbe Ġlaying Ġaround Ġhere	@ptr_0 @ptr_1 @ptr_2 @ptr_3 [SL:movie_type @ptr_4 SL:movie_type] @ptr_5 @ptr_6 @ptr_7 [SL:spatial_relation @ptr_8 @ptr_9 SL:spatial_relation]
What movie schedules are animated movies close by	What Ġmovie Ġschedules Ġare Ġanimated Ġmovies Ġclose Ġby	@ptr_0 [SL:object_type @ptr_1 @ptr_2 SL:object_type] @ptr_3 [SL:movie_type @ptr_4 @ptr_5 SL:movie_type] [SL:spatial_relation @ptr_6 @ptr_7 SL:spatial_relation]
Where is the nearest cinema that is playing films	Where Ġis Ġthe Ġnearest Ġcinema Ġthat Ġis Ġplaying Ġfilms	@ptr_0 @ptr_1 @ptr_2 [SL:spatial_relation @ptr_3 SL:spatial_relation] [SL:object_location_type @ptr_4 SL:object_location_type] @ptr_5 @ptr_6 @ptr_7 [SL:movie_type @ptr_8 SL:movie_type]
Are there any animated movies playing in the neighborhood	Are Ġthere Ġany Ġanimated Ġmovies Ġplaying Ġin Ġthe Ġneighborhood	@ptr_0 @ptr_1 @ptr_2 [SL:movie_type @ptr_3 @ptr_4 SL:movie_type] @ptr_5 [SL:spatial_relation @ptr_6 @ptr_7 @ptr_8 SL:spatial_relation]
What animated movies are there nearby	What Ġanimated Ġmovies Ġare Ġthere Ġnearby	@ptr_0 [SL:movie_type @ptr_1 @ptr_2 SL:movie_type] @ptr_3 @ptr_4 [SL:spatial_relation @ptr_5 SL:spatial_relation]
Please check whether any animated movies will be running in the area around 04:34:15 PM	Please Ġcheck Ġwhether Ġany Ġanimated Ġmovies Ġwill Ġbe Ġrunning Ġin Ġthe Ġarea Ġaround Ġ04 : 34 : 15 ĠPM	@ptr_0 @ptr_1 @ptr_2 @ptr_3 [SL:movie_type @ptr_4 @ptr_5 SL:movie_type] @ptr_6 @ptr_7 @ptr_8 [SL:spatial_relation @ptr_9 @ptr_10 @ptr_11 SL:spatial_relation] @ptr_12 [SL:timeRange @ptr_13 @ptr_14 @ptr_15 @ptr_16 @ptr_17 @ptr_18 SL:timeRange]
What animated movies are showing in the area	What Ġanimated Ġmovies Ġare Ġshowing Ġin Ġthe Ġarea	@ptr_0 [SL:movie_type @ptr_1 @ptr_2 SL:movie_type] @ptr_3 @ptr_4 [SL:spatial_relation @ptr_5 @ptr_6 @ptr_7 SL:spatial_relation]
Which movie theatre with Clean and Sober is closest	Which Ġmovie Ġtheatre Ġwith ĠClean Ġand ĠSo ber Ġis Ġclosest	@ptr_0 [SL:object_location_type @ptr_1 @ptr_2 SL:object_location_type] @ptr_3 [SL:movie_name @ptr_4 @ptr_5 @ptr_6 @ptr_7 SL:movie_name] @ptr_8 [SL:spatial_relation @ptr_9 SL:spatial_relation]
Show me the closest movie house playing An Unfinished Life at eight pm	Show Ġme Ġthe Ġclosest Ġmovie Ġhouse Ġplaying ĠAn ĠUn finished ĠLife Ġat Ġeight Ġpm	@ptr_0 @ptr_1 @ptr_2 [SL:spatial_relation @ptr_3 SL:spatial_relation] [SL:object_location_type @ptr_4 @ptr_5 SL:object_location_type] @ptr_6 [SL:movie_name @ptr_7 @ptr_8 @ptr_9 @ptr_10 SL:movie_name] @ptr_11 [SL:timeRange @ptr_12 @ptr_13 SL:timeRange]
I need to see a list of films and movie times in the area	I Ġneed Ġto Ġsee Ġa Ġlist Ġof Ġfilms Ġand Ġmovie Ġtimes Ġin Ġthe Ġarea	@ptr_0 @ptr_1 @ptr_2 @ptr_3 @ptr_4 @ptr_5 @ptr_6 [SL:movie_type @ptr_7 SL:movie_type] @ptr_8 [SL:object_type @ptr_9 @ptr_10 SL:object_type] [SL:spatial_relation @ptr_11 @ptr_12 @ptr_13 SL:spatial_relation]
Find the schedule for Rare Birds at the nearest movie theatre at Noon	Find Ġthe Ġschedule Ġfor ĠRare ĠBirds Ġat Ġthe Ġnearest Ġmovie Ġtheatre Ġat ĠNoon	@ptr_0 @ptr_1 [SL:object_type @ptr_2 SL:object_type] @ptr_3 [SL:movie_name @ptr_4 @ptr_5 SL:movie_name] @ptr_6 @ptr_7 [SL:spatial_relation @ptr_8 SL:spatial_relation] [SL:object_location_type @ptr_9 @ptr_10 SL:object_location_type] @ptr_11 [SL:timeRange @ptr_12 SL:timeRange]
show movie schedules for animated movies playing close by now	show Ġmovie Ġschedules Ġfor Ġanimated Ġmovies Ġplaying Ġclose Ġby Ġnow	@ptr_0 [SL:object_type @ptr_1 @ptr_2 SL:object_type] @ptr_3 [SL:movie_type @ptr_4 @ptr_5 SL:movie_type] @ptr_6 [SL:spatial_relation @ptr_7 @ptr_8 SL:spatial_relation] [SL:timeRange @ptr_9 SL:timeRange]
