Alarm December 24	Al arm ĠDecember Ġ24	[IN:CREATE_ALARM @ptr_0 @ptr_1 [SL:DATE_TIME @ptr_2 @ptr_3 SL:DATE_TIME] IN:CREATE_ALARM]
Set up recurring alarm for 4 pm Tuesdays	Set Ġup Ġrecurring Ġalarm Ġfor Ġ4 Ġpm ĠTues days	[IN:CREATE_ALARM @ptr_0 @ptr_1 [SL:PERIOD @ptr_2 SL:PERIOD] @ptr_3 [SL:DATE_TIME_RECURRING @ptr_4 @ptr_5 @ptr_6 @ptr_7 @ptr_8 SL:DATE_TIME_RECURRING] IN:CREATE_ALARM]
set alarm for tomorrow at 5 am	set Ġalarm Ġfor Ġtomorrow Ġat Ġ5 Ġam	[IN:CREATE_ALARM @ptr_0 @ptr_1 [SL:DATE_TIME @ptr_2 @ptr_3 @ptr_4 @ptr_5 @ptr_6 SL:DATE_TIME] IN:CREATE_ALARM]
Set my snooze alarm for every 5 minutes	Set Ġmy Ġsn oo ze Ġalarm Ġfor Ġevery Ġ5 Ġminutes	[IN:CREATE_ALARM @ptr_0 @ptr_1 [SL:ALARM_NAME @ptr_2 @ptr_3 @ptr_4 SL:ALARM_NAME] @ptr_5 @ptr_6 [SL:PERIOD @ptr_7 @ptr_8 @ptr_9 SL:PERIOD] IN:CREATE_ALARM]
Set alarm to repeat every five minutes 3 times	Set Ġalarm Ġto Ġrepeat Ġevery Ġfive Ġminutes Ġ3 Ġtimes	[IN:CREATE_ALARM @ptr_0 @ptr_1 @ptr_2 @ptr_3 [SL:PERIOD @ptr_4 @ptr_5 @ptr_6 SL:PERIOD] [SL:ORDINAL @ptr_7 SL:ORDINAL] @ptr_8 IN:CREATE_ALARM]
Undo my alarms for tomorrow .	Und o Ġmy Ġalarms Ġfor Ġtomorrow Ġ.	[IN:DELETE_ALARM @ptr_0 @ptr_1 @ptr_2 @ptr_3 [SL:ALARM_NAME [IN:GET_TIME [SL:DATE_TIME @ptr_4 @ptr_5 SL:DATE_TIME] IN:GET_TIME] SL:ALARM_NAME] @ptr_6 IN:DELETE_ALARM]
Show my alarms set for next week .	Show Ġmy Ġalarms Ġset Ġfor Ġnext Ġweek Ġ.	[IN:GET_ALARM @ptr_0 @ptr_1 @ptr_2 @ptr_3 [SL:ALARM_NAME [IN:GET_TIME [SL:DATE_TIME @ptr_4 @ptr_5 @ptr_6 SL:DATE_TIME] IN:GET_TIME] SL:ALARM_NAME] @ptr_7 IN:GET_ALARM]
create an alarm for Monday at 6 pm	create Ġan Ġalarm Ġfor ĠMonday Ġat Ġ6 Ġpm	[IN:CREATE_ALARM @ptr_0 @ptr_1 @ptr_2 [SL:DATE_TIME @ptr_3 @ptr_4 @ptr_5 @ptr_6 @ptr_7 SL:DATE_TIME] IN:CREATE_ALARM]
Start a monthly alarm everyday at 6 am	Start Ġa Ġmonthly Ġalarm Ġeveryday Ġat Ġ6 Ġam	[IN:CREATE_ALARM @ptr_0 @ptr_1 [SL:PERIOD @ptr_2 SL:PERIOD] @ptr_3 [SL:DATE_TIME_RECURRING @ptr_4 @ptr_5 @ptr_6 @ptr_7 SL:DATE_TIME_RECURRING] IN:CREATE_ALARM]
can you buzz me every Thursday at 8 pm	can Ġyou Ġbuzz Ġme Ġevery ĠThursday Ġat Ġ8 Ġpm	[IN:CREATE_ALARM @ptr_0 @ptr_1 @ptr_2 @ptr_3 [SL:DATE_TIME_RECURRING @ptr_4 @ptr_5 @ptr_6 @ptr_7 @ptr_8 SL:DATE_TIME_RECURRING] IN:CREATE_ALARM]
How long until my next alarm ?	How Ġlong Ġuntil Ġmy Ġnext Ġalarm Ġ?	[IN:GET_ALARM @ptr_0 @ptr_1 @ptr_2 @ptr_3 [SL:ORDINAL @ptr_4 SL:ORDINAL] @ptr_5 @ptr_6 IN:GET_ALARM]
When is my next alarm set for and what it is for	When Ġis Ġmy Ġnext Ġalarm Ġset Ġfor Ġand Ġwhat Ġit Ġis Ġfor	[IN:GET_ALARM @ptr_0 @ptr_1 @ptr_2 [SL:ORDINAL @ptr_3 SL:ORDINAL] @ptr_4 @ptr_5 @ptr_6 @ptr_7 @ptr_8 @ptr_9 @ptr_10 @ptr_11 IN:GET_ALARM]
What alarms do I have set for tonight ?	What Ġalarms Ġdo ĠI Ġhave Ġset Ġfor Ġtonight Ġ?	[IN:GET_ALARM @ptr_0 @ptr_1 @ptr_2 @ptr_3 @ptr_4 @ptr_5 [SL:ALARM_NAME [IN:GET_TIME [SL:DATE_TIME @ptr_6 @ptr_7 SL:DATE_TIME] IN:GET_TIME] SL:ALARM_NAME] @ptr_8 IN:GET_ALARM]
Show me all the alarms set for tomorrow	Show Ġme Ġall Ġthe Ġalarms Ġset Ġfor Ġtomorrow	[IN:GET_ALARM @ptr_0 @ptr_1 [SL:AMOUNT @ptr_2 SL:AMOUNT] @ptr_3 @ptr_4 @ptr_5 [SL:DATE_TIME @ptr_6 @ptr_7 SL:DATE_TIME] IN:GET_ALARM]
What is my alarm for Monday	What Ġis Ġmy Ġalarm Ġfor ĠMonday	[IN:GET_ALARM @ptr_0 @ptr_1 @ptr_2 @ptr_3 [SL:ALARM_NAME [IN:GET_TIME [SL:DATE_TIME @ptr_4 @ptr_5 SL:DATE_TIME] IN:GET_TIME] SL:ALARM_NAME] IN:GET_ALARM]
Clear the alarm set for Saturday .	Clear Ġthe Ġalarm Ġset Ġfor ĠSaturday Ġ.	[IN:DELETE_ALARM @ptr_0 @ptr_1 @ptr_2 @ptr_3 [SL:ALARM_NAME [IN:GET_TIME [SL:DATE_TIME @ptr_4 @ptr_5 SL:DATE_TIME] IN:GET_TIME] SL:ALARM_NAME] @ptr_6 IN:DELETE_ALARM]
cancel my alarms set up for next Tuesday	c ancel Ġmy Ġalarms Ġset Ġup Ġfor Ġnext ĠTuesday	[IN:DELETE_ALARM @ptr_0 @ptr_1 @ptr_2 @ptr_3 @ptr_4 @ptr_5 [SL:ALARM_NAME [IN:GET_TIME [SL:DATE_TIME @ptr_6 @ptr_7 @ptr_8 SL:DATE_TIME] IN:GET_TIME] SL:ALARM_NAME] IN:DELETE_ALARM]
cancel all alarms thursday	c ancel Ġall Ġalarms Ġth ursday	[IN:DELETE_ALARM @ptr_0 @ptr_1 [SL:AMOUNT @ptr_2 SL:AMOUNT] @ptr_3 [SL:ALARM_NAME [IN:GET_TIME [SL:DATE_TIME @ptr_4 @ptr_5 SL:DATE_TIME] IN:GET_TIME] SL:ALARM_NAME] IN:DELETE_ALARM]
Delete tomorrow mornings alarm	Delete Ġtomorrow Ġmornings Ġalarm	[IN:DELETE_ALARM @ptr_0 [SL:ALARM_NAME [IN:GET_TIME [SL:DATE_TIME @ptr_1 @ptr_2 SL:DATE_TIME] IN:GET_TIME] SL:ALARM_NAME] @ptr_3 IN:DELETE_ALARM]
Cancel alarm for Mondays	C ancel Ġalarm Ġfor ĠMondays	[IN:DELETE_ALARM @ptr_0 @ptr_1 @ptr_2 [SL:ALARM_NAME [IN:GET_TIME [SL:DATE_TIME @ptr_3 @ptr_4 SL:DATE_TIME] IN:GET_TIME] SL:ALARM_NAME] IN:DELETE_ALARM]
Set an alarm to call the bank .	Set Ġan Ġalarm Ġto Ġcall Ġthe Ġbank Ġ.	[IN:CREATE_ALARM @ptr_0 @ptr_1 @ptr_2 @ptr_3 [SL:ALARM_NAME @ptr_4 @ptr_5 @ptr_6 SL:ALARM_NAME] @ptr_7 IN:CREATE_ALARM]
Exercise alarm midday	Ex ercise Ġalarm Ġmidday	[IN:CREATE_ALARM [SL:ALARM_NAME @ptr_0 @ptr_1 SL:ALARM_NAME] @ptr_2 [SL:DATE_TIME @ptr_3 SL:DATE_TIME] IN:CREATE_ALARM]
Reset my wakeup alarm for 8 am on Wednesday .	Res et Ġmy Ġwake up Ġalarm Ġfor Ġ8 Ġam Ġon ĠWednesday Ġ.	[IN:SILENCE_ALARM @ptr_0 @ptr_1 @ptr_2 [SL:ALARM_NAME @ptr_3 @ptr_4 @ptr_5 SL:ALARM_NAME] [SL:ALARM_NAME [IN:GET_TIME [SL:DATE_TIME @ptr_6 @ptr_7 @ptr_8 @ptr_9 @ptr_10 SL:DATE_TIME] IN:GET_TIME] SL:ALARM_NAME] @ptr_11 IN:SILENCE_ALARM]
just cancel the alarm at 5 am	just Ġcancel Ġthe Ġalarm Ġat Ġ5 Ġam	[IN:DELETE_ALARM @ptr_0 @ptr_1 @ptr_2 @ptr_3 [SL:ALARM_NAME [IN:GET_TIME [SL:DATE_TIME @ptr_4 @ptr_5 @ptr_6 SL:DATE_TIME] IN:GET_TIME] SL:ALARM_NAME] IN:DELETE_ALARM]
Stop the alarm tomorrow morning .	Stop Ġthe Ġalarm Ġtomorrow Ġmorning Ġ.	[IN:SILENCE_ALARM @ptr_0 @ptr_1 @ptr_2 [SL:ALARM_NAME [IN:GET_TIME [SL:DATE_TIME @ptr_3 @ptr_4 SL:DATE_TIME] IN:GET_TIME] SL:ALARM_NAME] @ptr_5 IN:SILENCE_ALARM]
cancel all alarms for this week	c ancel Ġall Ġalarms Ġfor Ġthis Ġweek	[IN:DELETE_ALARM @ptr_0 @ptr_1 [SL:AMOUNT @ptr_2 SL:AMOUNT] @ptr_3 [SL:ALARM_NAME [IN:GET_TIME [SL:DATE_TIME @ptr_4 @ptr_5 @ptr_6 SL:DATE_TIME] IN:GET_TIME] SL:ALARM_NAME] IN:DELETE_ALARM]
Show me the alarms for tomorrow	Show Ġme Ġthe Ġalarms Ġfor Ġtomorrow	[IN:GET_ALARM @ptr_0 @ptr_1 @ptr_2 @ptr_3 [SL:ALARM_NAME [IN:GET_TIME [SL:DATE_TIME @ptr_4 @ptr_5 SL:DATE_TIME] IN:GET_TIME] SL:ALARM_NAME] IN:GET_ALARM]
Show me the weekday alarms I previously set .	Show Ġme Ġthe Ġweekday Ġalarms ĠI Ġpreviously Ġset Ġ.	[IN:GET_ALARM @ptr_0 @ptr_1 @ptr_2 [SL:ALARM_NAME [IN:GET_TIME [SL:DATE_TIME @ptr_3 SL:DATE_TIME] IN:GET_TIME] SL:ALARM_NAME] @ptr_4 @ptr_5 @ptr_6 @ptr_7 @ptr_8 IN:GET_ALARM]
Saturday and Sundays have no alarms set	Saturday Ġand ĠSundays Ġhave Ġno Ġalarms Ġset	[IN:SILENCE_ALARM [SL:ALARM_NAME [IN:GET_TIME [SL:DATE_TIME @ptr_0 SL:DATE_TIME] IN:GET_TIME] SL:ALARM_NAME] @ptr_1 [SL:ALARM_NAME [IN:GET_TIME [SL:DATE_TIME @ptr_2 SL:DATE_TIME] IN:GET_TIME] SL:ALARM_NAME] @ptr_3 @ptr_4 @ptr_5 @ptr_6 IN:SILENCE_ALARM]
Adjust my 11 am alarm to 12 pm .	Adjust Ġmy Ġ11 Ġam Ġalarm Ġto Ġ12 Ġpm Ġ.	[IN:UPDATE_ALARM @ptr_0 @ptr_1 [SL:ALARM_NAME [IN:GET_TIME [SL:DATE_TIME @ptr_2 @ptr_3 SL:DATE_TIME] IN:GET_TIME] SL:ALARM_NAME] @ptr_4 [SL:DATE_TIME @ptr_5 @ptr_6 @ptr_7 SL:DATE_TIME] @ptr_8 IN:UPDATE_ALARM]
snooze alarm every 5 minutes	sn oo ze Ġalarm Ġevery Ġ5 Ġminutes	[IN:UNSUPPORTED_ALARM @ptr_0 @ptr_1 @ptr_2 @ptr_3 @ptr_4 @ptr_5 @ptr_6 IN:UNSUPPORTED_ALARM]
How many hours of sleep will I get if I set an alarm for 9 am ?	How Ġmany Ġhours Ġof Ġsleep Ġwill ĠI Ġget Ġif ĠI Ġset Ġan Ġalarm Ġfor Ġ9 Ġam Ġ?	[IN:UNSUPPORTED_ALARM @ptr_0 @ptr_1 @ptr_2 @ptr_3 @ptr_4 @ptr_5 @ptr_6 @ptr_7 @ptr_8 @ptr_9 @ptr_10 @ptr_11 @ptr_12 [SL:DATE_TIME @ptr_13 @ptr_14 @ptr_15 SL:DATE_TIME] @ptr_16 IN:UNSUPPORTED_ALARM]
Change alarm tone	Change Ġalarm Ġtone	[IN:UNSUPPORTED_ALARM @ptr_0 @ptr_1 @ptr_2 IN:UNSUPPORTED_ALARM]
Create remaining alarms mo	Create Ġremaining Ġalarms Ġmo	[IN:UNSUPPORTED_ALARM @ptr_0 @ptr_1 @ptr_2 @ptr_3 IN:UNSUPPORTED_ALARM]
Silence alarm .	Sil ence Ġalarm Ġ.	[IN:UNSUPPORTED_ALARM @ptr_0 @ptr_1 @ptr_2 @ptr_3 IN:UNSUPPORTED_ALARM]
set alarm for every day this week	set Ġalarm Ġfor Ġevery Ġday Ġthis Ġweek	[IN:CREATE_ALARM @ptr_0 @ptr_1 @ptr_2 [SL:DATE_TIME_RECURRING @ptr_3 @ptr_4 @ptr_5 @ptr_6 SL:DATE_TIME_RECURRING] IN:CREATE_ALARM]
Let 's have an alarm for 8 am the first of the month until December	Let Ġ' s Ġhave Ġan Ġalarm Ġfor Ġ8 Ġam Ġthe Ġfirst Ġof Ġthe Ġmonth Ġuntil ĠDecember	[IN:CREATE_ALARM @ptr_0 @ptr_1 @ptr_2 @ptr_3 @ptr_4 @ptr_5 [SL:DATE_TIME_RECURRING @ptr_6 @ptr_7 @ptr_8 @ptr_9 @ptr_10 @ptr_11 @ptr_12 @ptr_13 SL:DATE_TIME_RECURRING] [SL:DURATION @ptr_14 @ptr_15 SL:DURATION] IN:CREATE_ALARM]
Set a weekly alarm on Thursdays at 330 pm	Set Ġa Ġweekly Ġalarm Ġon ĠThurs days Ġat Ġ330 Ġpm	[IN:CREATE_ALARM @ptr_0 @ptr_1 [SL:PERIOD @ptr_2 SL:PERIOD] @ptr_3 [SL:DATE_TIME_RECURRING @ptr_4 @ptr_5 @ptr_6 @ptr_7 @ptr_8 @ptr_9 SL:DATE_TIME_RECURRING] IN:CREATE_ALARM]
Add alarms on Fridays at noon and 1 pm	Add Ġalarms Ġon ĠFridays Ġat Ġnoon Ġand Ġ1 Ġpm	[IN:CREATE_ALARM @ptr_0 @ptr_1 [SL:DATE_TIME_RECURRING @ptr_2 @ptr_3 @ptr_4 @ptr_5 @ptr_6 @ptr_7 @ptr_8 SL:DATE_TIME_RECURRING] IN:CREATE_ALARM]
Alarm on every day mornings .	Al arm Ġon Ġevery Ġday Ġmornings Ġ.	[IN:CREATE_ALARM @ptr_0 @ptr_1 [SL:DATE_TIME_RECURRING @ptr_2 @ptr_3 @ptr_4 @ptr_5 SL:DATE_TIME_RECURRING] @ptr_6 IN:CREATE_ALARM]
Pause all alarms	Pause Ġall Ġalarms	[IN:SNOOZE_ALARM @ptr_0 [SL:AMOUNT @ptr_1 SL:AMOUNT] @ptr_2 IN:SNOOZE_ALARM]
Show me all alarms	Show Ġme Ġall Ġalarms	[IN:GET_ALARM @ptr_0 @ptr_1 [SL:AMOUNT @ptr_2 SL:AMOUNT] @ptr_3 IN:GET_ALARM]
Turn off all alarms .	Turn Ġoff Ġall Ġalarms Ġ.	[IN:SILENCE_ALARM @ptr_0 @ptr_1 [SL:AMOUNT @ptr_2 SL:AMOUNT] @ptr_3 @ptr_4 IN:SILENCE_ALARM]
remove all alarms	remove Ġall Ġalarms	[IN:DELETE_ALARM @ptr_0 [SL:AMOUNT @ptr_1 SL:AMOUNT] @ptr_2 IN:DELETE_ALARM]
Delete all alarms	Delete Ġall Ġalarms	[IN:DELETE_ALARM @ptr_0 [SL:AMOUNT @ptr_1 SL:AMOUNT] @ptr_2 IN:DELETE_ALARM]
Tell me when it is 8 am and 10 am every Friday for the next month	Tell Ġme Ġwhen Ġit Ġis Ġ8 Ġam Ġand Ġ10 Ġam Ġevery ĠFriday Ġfor Ġthe Ġnext Ġmonth	[IN:CREATE_ALARM @ptr_0 @ptr_1 @ptr_2 @ptr_3 @ptr_4 [SL:DATE_TIME_RECURRING @ptr_5 @ptr_6 @ptr_7 @ptr_8 @ptr_9 @ptr_10 @ptr_11 SL:DATE_TIME_RECURRING] [SL:DURATION @ptr_12 @ptr_13 @ptr_14 @ptr_15 SL:DURATION] IN:CREATE_ALARM]
set alarm for every 5 minutes for 20 minutes	set Ġalarm Ġfor Ġevery Ġ5 Ġminutes Ġfor Ġ20 Ġminutes	[IN:CREATE_ALARM @ptr_0 @ptr_1 @ptr_2 [SL:PERIOD @ptr_3 @ptr_4 @ptr_5 SL:PERIOD] [SL:DURATION @ptr_6 @ptr_7 @ptr_8 SL:DURATION] IN:CREATE_ALARM]
set alarm every 5 minutes for 15 minutes	set Ġalarm Ġevery Ġ5 Ġminutes Ġfor Ġ15 Ġminutes	[IN:CREATE_ALARM @ptr_0 @ptr_1 [SL:PERIOD @ptr_2 @ptr_3 @ptr_4 SL:PERIOD] [SL:DURATION @ptr_5 @ptr_6 @ptr_7 SL:DURATION] IN:CREATE_ALARM]
Create a new alarm that repeats itself everyday at 5 am for a week	Create Ġa Ġnew Ġalarm Ġthat Ġrepeats Ġitself Ġeveryday Ġat Ġ5 Ġam Ġfor Ġa Ġweek	[IN:CREATE_ALARM @ptr_0 @ptr_1 @ptr_2 @ptr_3 @ptr_4 @ptr_5 @ptr_6 [SL:DATE_TIME_RECURRING @ptr_7 @ptr_8 @ptr_9 @ptr_10 SL:DATE_TIME_RECURRING] [SL:DURATION @ptr_11 @ptr_12 @ptr_13 SL:DURATION] IN:CREATE_ALARM]
Set an alarm for every hour for the next 10 hours .	Set Ġan Ġalarm Ġfor Ġevery Ġhour Ġfor Ġthe Ġnext Ġ10 Ġhours Ġ.	[IN:CREATE_ALARM @ptr_0 @ptr_1 @ptr_2 @ptr_3 [SL:PERIOD @ptr_4 @ptr_5 SL:PERIOD] [SL:DURATION @ptr_6 @ptr_7 @ptr_8 @ptr_9 @ptr_10 SL:DURATION] @ptr_11 IN:CREATE_ALARM]
turn off all alarms for tomorrow	turn Ġoff Ġall Ġalarms Ġfor Ġtomorrow	[IN:SILENCE_ALARM @ptr_0 @ptr_1 [SL:AMOUNT @ptr_2 SL:AMOUNT] @ptr_3 [SL:ALARM_NAME [IN:GET_TIME [SL:DATE_TIME @ptr_4 @ptr_5 SL:DATE_TIME] IN:GET_TIME] SL:ALARM_NAME] IN:SILENCE_ALARM]
Turn alarm off Saturday and Sunday	Turn Ġalarm Ġoff ĠSaturday Ġand ĠSunday	[IN:SILENCE_ALARM @ptr_0 @ptr_1 @ptr_2 [SL:ALARM_NAME [IN:GET_TIME [SL:DATE_TIME @ptr_3 SL:DATE_TIME] IN:GET_TIME] SL:ALARM_NAME] @ptr_4 [SL:ALARM_NAME [IN:GET_TIME [SL:DATE_TIME @ptr_5 SL:DATE_TIME] IN:GET_TIME] SL:ALARM_NAME] IN:SILENCE_ALARM]
Stop the alarm for the rest of the week	Stop Ġthe Ġalarm Ġfor Ġthe Ġrest Ġof Ġthe Ġweek	[IN:SILENCE_ALARM @ptr_0 @ptr_1 @ptr_2 [SL:ALARM_NAME [IN:GET_TIME [SL:DATE_TIME @ptr_3 @ptr_4 @ptr_5 @ptr_6 @ptr_7 @ptr_8 SL:DATE_TIME] IN:GET_TIME] SL:ALARM_NAME] IN:SILENCE_ALARM]
Reset alarm	Res et Ġalarm	[IN:SILENCE_ALARM @ptr_0 @ptr_1 @ptr_2 IN:SILENCE_ALARM]
Turn off alarm .	Turn Ġoff Ġalarm Ġ.	[IN:SILENCE_ALARM @ptr_0 @ptr_1 @ptr_2 @ptr_3 IN:SILENCE_ALARM]
Remove my next alarm	Remove Ġmy Ġnext Ġalarm	[IN:DELETE_ALARM @ptr_0 @ptr_1 [SL:ORDINAL @ptr_2 SL:ORDINAL] @ptr_3 IN:DELETE_ALARM]
what is the last alarm for today	what Ġis Ġthe Ġlast Ġalarm Ġfor Ġtoday	[IN:GET_ALARM @ptr_0 @ptr_1 @ptr_2 [SL:ORDINAL @ptr_3 SL:ORDINAL] @ptr_4 [SL:ALARM_NAME [IN:GET_TIME [SL:DATE_TIME @ptr_5 @ptr_6 SL:DATE_TIME] IN:GET_TIME] SL:ALARM_NAME] IN:GET_ALARM]
cancel the first two alarms	c ancel Ġthe Ġfirst Ġtwo Ġalarms	[IN:DELETE_ALARM @ptr_0 @ptr_1 @ptr_2 [SL:ORDINAL @ptr_3 SL:ORDINAL] [SL:AMOUNT @ptr_4 SL:AMOUNT] @ptr_5 IN:DELETE_ALARM]
What time is my next alarm ?	What Ġtime Ġis Ġmy Ġnext Ġalarm Ġ?	[IN:GET_ALARM @ptr_0 @ptr_1 @ptr_2 @ptr_3 [SL:ORDINAL @ptr_4 SL:ORDINAL] @ptr_5 @ptr_6 IN:GET_ALARM]
delete my next alarm	delete Ġmy Ġnext Ġalarm	[IN:DELETE_ALARM @ptr_0 @ptr_1 [SL:ORDINAL @ptr_2 SL:ORDINAL] @ptr_3 IN:DELETE_ALARM]
Snooze my 6 AM alarm for 15 Minutes .	Sn oo ze Ġmy Ġ6 ĠAM Ġalarm Ġfor Ġ15 ĠMinutes Ġ.	[IN:SNOOZE_ALARM @ptr_0 @ptr_1 @ptr_2 @ptr_3 [SL:ALARM_NAME [IN:GET_TIME [SL:DATE_TIME @ptr_4 @ptr_5 SL:DATE_TIME] IN:GET_TIME] SL:ALARM_NAME] @ptr_6 [SL:DATE_TIME @ptr_7 @ptr_8 @ptr_9 SL:DATE_TIME] @ptr_10 IN:SNOOZE_ALARM]
Stop it i need to snooze	Stop Ġit Ġi Ġneed Ġto Ġsn oo ze	[IN:SNOOZE_ALARM @ptr_0 @ptr_1 @ptr_2 @ptr_3 @ptr_4 @ptr_5 @ptr_6 @ptr_7 IN:SNOOZE_ALARM]
Silence the alarm for 15 minutes .	Sil ence Ġthe Ġalarm Ġfor Ġ15 Ġminutes Ġ.	[IN:SNOOZE_ALARM @ptr_0 @ptr_1 @ptr_2 @ptr_3 [SL:DATE_TIME @ptr_4 @ptr_5 @ptr_6 SL:DATE_TIME] @ptr_7 IN:SNOOZE_ALARM]
Snooze my alarm	Sn oo ze Ġmy Ġalarm	[IN:SNOOZE_ALARM @ptr_0 @ptr_1 @ptr_2 @ptr_3 @ptr_4 IN:SNOOZE_ALARM]
snooze alarm ten minutes	sn oo ze Ġalarm Ġten Ġminutes	[IN:SNOOZE_ALARM @ptr_0 @ptr_1 @ptr_2 @ptr_3 [SL:DATE_TIME @ptr_4 @ptr_5 SL:DATE_TIME] IN:SNOOZE_ALARM]
update daily wake up alarm to 6 am	update Ġdaily Ġwake Ġup Ġalarm Ġto Ġ6 Ġam	[IN:UPDATE_ALARM @ptr_0 [SL:PERIOD @ptr_1 SL:PERIOD] [SL:ALARM_NAME @ptr_2 @ptr_3 SL:ALARM_NAME] @ptr_4 [SL:DATE_TIME @ptr_5 @ptr_6 @ptr_7 SL:DATE_TIME] IN:UPDATE_ALARM]
Change tomorrows alarm to 9 pm	Change Ġto mor rows Ġalarm Ġto Ġ9 Ġpm	[IN:UPDATE_ALARM @ptr_0 [SL:ALARM_NAME [IN:GET_TIME [SL:DATE_TIME @ptr_1 @ptr_2 @ptr_3 SL:DATE_TIME] IN:GET_TIME] SL:ALARM_NAME] @ptr_4 [SL:DATE_TIME @ptr_5 @ptr_6 @ptr_7 SL:DATE_TIME] IN:UPDATE_ALARM]
please change my alarm from 5.30pm tp 7.30pm	please Ġchange Ġmy Ġalarm Ġfrom Ġ5 . 30 pm Ġt p Ġ7 . 30 pm	[IN:UPDATE_ALARM @ptr_0 @ptr_1 @ptr_2 @ptr_3 [SL:DATE_TIME @ptr_4 @ptr_5 @ptr_6 @ptr_7 @ptr_8 SL:DATE_TIME] [SL:DATE_TIME @ptr_9 @ptr_10 @ptr_11 @ptr_12 @ptr_13 @ptr_14 SL:DATE_TIME] IN:UPDATE_ALARM]
change my alarm from 11 am to 11 : 30 am	change Ġmy Ġalarm Ġfrom Ġ11 Ġam Ġto Ġ11 Ġ: Ġ30 Ġam	[IN:UPDATE_ALARM @ptr_0 @ptr_1 @ptr_2 [SL:ALARM_NAME [IN:GET_TIME [SL:DATE_TIME @ptr_3 @ptr_4 @ptr_5 SL:DATE_TIME] IN:GET_TIME] SL:ALARM_NAME] [SL:DATE_TIME @ptr_6 @ptr_7 @ptr_8 @ptr_9 @ptr_10 SL:DATE_TIME] IN:UPDATE_ALARM]
change my 6 am alarm to 6.30	change Ġmy Ġ6 Ġam Ġalarm Ġto Ġ6 . 30	[IN:UPDATE_ALARM @ptr_0 @ptr_1 [SL:ALARM_NAME [IN:GET_TIME [SL:DATE_TIME @ptr_2 @ptr_3 SL:DATE_TIME] IN:GET_TIME] SL:ALARM_NAME] @ptr_4 [SL:DATE_TIME @ptr_5 @ptr_6 @ptr_7 @ptr_8 SL:DATE_TIME] IN:UPDATE_ALARM]
Make a repeating alarm for Friday and saturday nights at 1030 am .	Make Ġa Ġrepeating Ġalarm Ġfor ĠFriday Ġand Ġs aturday Ġnights Ġat Ġ10 30 Ġam Ġ.	[IN:CREATE_ALARM @ptr_0 @ptr_1 [SL:PERIOD @ptr_2 SL:PERIOD] @ptr_3 [SL:DATE_TIME_RECURRING @ptr_4 @ptr_5 @ptr_6 @ptr_7 @ptr_8 @ptr_9 @ptr_10 @ptr_11 @ptr_12 @ptr_13 SL:DATE_TIME_RECURRING] @ptr_14 IN:CREATE_ALARM]
Wednesday 6 am set me an alarm and every week thereafter .	Wednesday Ġ6 Ġam Ġset Ġme Ġan Ġalarm Ġand Ġevery Ġweek Ġthereafter Ġ.	[IN:CREATE_ALARM [SL:DATE_TIME @ptr_0 @ptr_1 @ptr_2 SL:DATE_TIME] @ptr_3 @ptr_4 @ptr_5 @ptr_6 @ptr_7 [SL:PERIOD @ptr_8 @ptr_9 SL:PERIOD] @ptr_10 @ptr_11 IN:CREATE_ALARM]
make weekly alarm every tuesday 9 pm	make Ġweekly Ġalarm Ġevery Ġt uesday Ġ9 Ġpm	[IN:CREATE_ALARM @ptr_0 [SL:PERIOD @ptr_1 SL:PERIOD] @ptr_2 [SL:DATE_TIME_RECURRING @ptr_3 @ptr_4 @ptr_5 @ptr_6 @ptr_7 SL:DATE_TIME_RECURRING] IN:CREATE_ALARM]
Set a yearly alarm on 13th of May at 12 am	Set Ġa Ġyearly Ġalarm Ġon Ġ13 th Ġof ĠMay Ġat Ġ12 Ġam	[IN:CREATE_ALARM @ptr_0 @ptr_1 [SL:PERIOD @ptr_2 SL:PERIOD] @ptr_3 [SL:DATE_TIME_RECURRING @ptr_4 @ptr_5 @ptr_6 @ptr_7 @ptr_8 @ptr_9 @ptr_10 @ptr_11 SL:DATE_TIME_RECURRING] IN:CREATE_ALARM]
Set daily alarm for 6 am	Set Ġdaily Ġalarm Ġfor Ġ6 Ġam	[IN:CREATE_ALARM @ptr_0 [SL:PERIOD @ptr_1 SL:PERIOD] @ptr_2 [SL:DATE_TIME_RECURRING @ptr_3 @ptr_4 @ptr_5 SL:DATE_TIME_RECURRING] IN:CREATE_ALARM]
Change my alarm to 6 am from 7 am	Change Ġmy Ġalarm Ġto Ġ6 Ġam Ġfrom Ġ7 Ġam	[IN:UPDATE_ALARM @ptr_0 @ptr_1 @ptr_2 [SL:DATE_TIME @ptr_3 @ptr_4 @ptr_5 SL:DATE_TIME] [SL:ALARM_NAME [IN:GET_TIME [SL:TIME_ZONE @ptr_6 @ptr_7 @ptr_8 SL:TIME_ZONE] IN:GET_TIME] SL:ALARM_NAME] IN:UPDATE_ALARM]
I want two alarms set for Fridays at 2 pm and 4 pm	I Ġwant Ġtwo Ġalarms Ġset Ġfor ĠFridays Ġat Ġ2 Ġpm Ġand Ġ4 Ġpm	[IN:CREATE_ALARM @ptr_0 @ptr_1 [SL:AMOUNT @ptr_2 SL:AMOUNT] @ptr_3 @ptr_4 [SL:RECURRING_DATE_TIME @ptr_5 @ptr_6 @ptr_7 @ptr_8 @ptr_9 @ptr_10 @ptr_11 @ptr_12 SL:RECURRING_DATE_TIME] IN:CREATE_ALARM]
