Fun stuff in Boston this weekend	Fun Ġstuff Ġin ĠBoston Ġthis Ġweekend	[IN:GET_EVENT @ptr_0 @ptr_1 @ptr_2 [SL:LOCATION @ptr_3 SL:LOCATION] [SL:DATE_TIME @ptr_4 @ptr_5 SL:DATE_TIME] IN:GET_EVENT]
List the concert locations for Journey this year	List Ġthe Ġconcert Ġlocations Ġfor ĠJourney Ġthis Ġyear	[IN:GET_EVENT @ptr_0 @ptr_1 [SL:CATEGORY_EVENT @ptr_2 SL:CATEGORY_EVENT] @ptr_3 @ptr_4 [SL:NAME_EVENT @ptr_5 SL:NAME_EVENT] [SL:DATE_TIME @ptr_6 @ptr_7 SL:DATE_TIME] IN:GET_EVENT]
Christmas concerts in zip code xxxxx	Christmas Ġconcerts Ġin Ġzip Ġcode Ġx xxxx	[IN:GET_EVENT [SL:DATE_TIME @ptr_0 SL:DATE_TIME] [SL:CATEGORY_EVENT @ptr_1 SL:CATEGORY_EVENT] @ptr_2 [SL:LOCATION @ptr_3 @ptr_4 @ptr_5 @ptr_6 SL:LOCATION] IN:GET_EVENT]
school events	school Ġevents	[IN:GET_EVENT [SL:CATEGORY_EVENT @ptr_0 @ptr_1 SL:CATEGORY_EVENT] IN:GET_EVENT]
Anything fun happening near me	Anything Ġfun Ġhappening Ġnear Ġme	[IN:GET_EVENT @ptr_0 @ptr_1 @ptr_2 [SL:LOCATION [IN:GET_LOCATION [SL:SEARCH_RADIUS @ptr_3 SL:SEARCH_RADIUS] [SL:LOCATION_USER @ptr_4 SL:LOCATION_USER] IN:GET_LOCATION] SL:LOCATION] IN:GET_EVENT]
are there any concerts at US Bank arena next week	are Ġthere Ġany Ġconcerts Ġat ĠUS ĠBank Ġarena Ġnext Ġweek	[IN:GET_EVENT @ptr_0 @ptr_1 @ptr_2 [SL:CATEGORY_EVENT @ptr_3 SL:CATEGORY_EVENT] @ptr_4 [SL:LOCATION [IN:GET_LOCATION [SL:POINT_ON_MAP @ptr_5 @ptr_6 @ptr_7 SL:POINT_ON_MAP] IN:GET_LOCATION] SL:LOCATION] [SL:DATE_TIME @ptr_8 @ptr_9 SL:DATE_TIME] IN:GET_EVENT]
wine events in Oregon	wine Ġevents Ġin ĠOregon	[IN:GET_EVENT [SL:CATEGORY_EVENT @ptr_0 @ptr_1 SL:CATEGORY_EVENT] @ptr_2 [SL:LOCATION @ptr_3 SL:LOCATION] IN:GET_EVENT]
Daytona events in December	Day ton a Ġevents Ġin ĠDecember	[IN:GET_EVENT [SL:LOCATION @ptr_0 @ptr_1 @ptr_2 SL:LOCATION] @ptr_3 [SL:DATE_TIME @ptr_4 @ptr_5 SL:DATE_TIME] IN:GET_EVENT]
wine tasting in Temecula this weekend	wine Ġtasting Ġin ĠTem ec ula Ġthis Ġweekend	[IN:GET_EVENT [SL:CATEGORY_EVENT @ptr_0 @ptr_1 SL:CATEGORY_EVENT] @ptr_2 [SL:LOCATION @ptr_3 @ptr_4 @ptr_5 SL:LOCATION] [SL:DATE_TIME @ptr_6 @ptr_7 SL:DATE_TIME] IN:GET_EVENT]
When will Santa Clause be in the mall for pictures	When Ġwill ĠSanta ĠClause Ġbe Ġin Ġthe Ġmall Ġfor Ġpictures	[IN:GET_EVENT @ptr_0 @ptr_1 [SL:NAME_EVENT @ptr_2 @ptr_3 SL:NAME_EVENT] @ptr_4 @ptr_5 [SL:LOCATION [IN:GET_LOCATION [SL:CATEGORY_LOCATION @ptr_6 @ptr_7 SL:CATEGORY_LOCATION] IN:GET_LOCATION] SL:LOCATION] @ptr_8 [SL:CATEGORY_EVENT @ptr_9 SL:CATEGORY_EVENT] IN:GET_EVENT]
Are there any rave parties nearby tonight	Are Ġthere Ġany Ġrave Ġparties Ġnearby Ġtonight	[IN:GET_EVENT @ptr_0 @ptr_1 @ptr_2 [SL:CATEGORY_EVENT @ptr_3 @ptr_4 SL:CATEGORY_EVENT] [SL:LOCATION [IN:GET_LOCATION [SL:LOCATION_MODIFIER @ptr_5 SL:LOCATION_MODIFIER] IN:GET_LOCATION] SL:LOCATION] [SL:DATE_TIME @ptr_6 SL:DATE_TIME] IN:GET_EVENT]
TobyMac concerts near Oklahoma in 2018	T oby Mac Ġconcerts Ġnear ĠOklahoma Ġin Ġ2018	[IN:GET_EVENT [SL:NAME_EVENT @ptr_0 @ptr_1 @ptr_2 SL:NAME_EVENT] [SL:CATEGORY_EVENT @ptr_3 SL:CATEGORY_EVENT] [SL:LOCATION [IN:GET_LOCATION [SL:SEARCH_RADIUS @ptr_4 SL:SEARCH_RADIUS] [SL:LOCATION @ptr_5 SL:LOCATION] IN:GET_LOCATION] SL:LOCATION] [SL:DATE_TIME @ptr_6 @ptr_7 SL:DATE_TIME] IN:GET_EVENT]
where is the closest live jazz music to me	where Ġis Ġthe Ġclosest Ġlive Ġjazz Ġmusic Ġto Ġme	[IN:GET_EVENT @ptr_0 @ptr_1 @ptr_2 [SL:LOCATION [IN:GET_LOCATION [SL:LOCATION_MODIFIER @ptr_3 SL:LOCATION_MODIFIER] IN:GET_LOCATION] SL:LOCATION] [SL:CATEGORY_EVENT @ptr_4 @ptr_5 @ptr_6 SL:CATEGORY_EVENT] @ptr_7 @ptr_8 IN:GET_EVENT]
What family events are taking place at the Wellington Mall tonight	What Ġfamily Ġevents Ġare Ġtaking Ġplace Ġat Ġthe ĠWellington ĠMall Ġtonight	[IN:GET_EVENT @ptr_0 [SL:ATTRIBUTE_EVENT @ptr_1 SL:ATTRIBUTE_EVENT] @ptr_2 @ptr_3 @ptr_4 @ptr_5 @ptr_6 [SL:LOCATION [IN:GET_LOCATION [SL:POINT_ON_MAP @ptr_7 @ptr_8 @ptr_9 SL:POINT_ON_MAP] IN:GET_LOCATION] SL:LOCATION] [SL:DATE_TIME @ptr_10 SL:DATE_TIME] IN:GET_EVENT]
Music festival near me this week	Music Ġfestival Ġnear Ġme Ġthis Ġweek	[IN:GET_EVENT [SL:CATEGORY_EVENT @ptr_0 @ptr_1 SL:CATEGORY_EVENT] [SL:LOCATION [IN:GET_LOCATION [SL:SEARCH_RADIUS @ptr_2 SL:SEARCH_RADIUS] [SL:LOCATION_USER @ptr_3 SL:LOCATION_USER] IN:GET_LOCATION] SL:LOCATION] [SL:DATE_TIME @ptr_4 @ptr_5 SL:DATE_TIME] IN:GET_EVENT]
When is the next show at Proctors	When Ġis Ġthe Ġnext Ġshow Ġat ĠPro ctors	[IN:GET_EVENT @ptr_0 @ptr_1 @ptr_2 [SL:ORDINAL @ptr_3 SL:ORDINAL] [SL:CATEGORY_EVENT @ptr_4 SL:CATEGORY_EVENT] @ptr_5 [SL:LOCATION [IN:GET_LOCATION [SL:POINT_ON_MAP @ptr_6 @ptr_7 SL:POINT_ON_MAP] IN:GET_LOCATION] SL:LOCATION] IN:GET_EVENT]
Who is playing at Madison Square Garden next week	Who Ġis Ġplaying Ġat ĠMadison ĠSquare ĠGarden Ġnext Ġweek	[IN:GET_EVENT @ptr_0 @ptr_1 [SL:CATEGORY_EVENT @ptr_2 SL:CATEGORY_EVENT] @ptr_3 [SL:LOCATION [IN:GET_LOCATION [SL:POINT_ON_MAP @ptr_4 @ptr_5 @ptr_6 SL:POINT_ON_MAP] IN:GET_LOCATION] SL:LOCATION] [SL:DATE_TIME @ptr_7 @ptr_8 SL:DATE_TIME] IN:GET_EVENT]
is the next concert taking place in Astoria park happening within the next month	is Ġthe Ġnext Ġconcert Ġtaking Ġplace Ġin ĠAst oria Ġpark Ġhappening Ġwithin Ġthe Ġnext Ġmonth	[IN:GET_EVENT @ptr_0 @ptr_1 [SL:ORDINAL @ptr_2 SL:ORDINAL] [SL:CATEGORY_EVENT @ptr_3 SL:CATEGORY_EVENT] @ptr_4 @ptr_5 @ptr_6 [SL:LOCATION [IN:GET_LOCATION [SL:POINT_ON_MAP @ptr_7 @ptr_8 @ptr_9 SL:POINT_ON_MAP] IN:GET_LOCATION] SL:LOCATION] @ptr_10 [SL:DATE_TIME @ptr_11 @ptr_12 @ptr_13 @ptr_14 SL:DATE_TIME] IN:GET_EVENT]
What is happening in Disney Springs Saturday night	What Ġis Ġhappening Ġin ĠDisney ĠSprings ĠSaturday Ġnight	[IN:GET_EVENT @ptr_0 @ptr_1 @ptr_2 @ptr_3 [SL:LOCATION [IN:GET_LOCATION [SL:POINT_ON_MAP @ptr_4 @ptr_5 SL:POINT_ON_MAP] IN:GET_LOCATION] SL:LOCATION] [SL:DATE_TIME @ptr_6 @ptr_7 SL:DATE_TIME] IN:GET_EVENT]
events at the discovery place	events Ġat Ġthe Ġdiscovery Ġplace	[IN:GET_EVENT @ptr_0 @ptr_1 [SL:LOCATION [IN:GET_LOCATION [SL:POINT_ON_MAP @ptr_2 @ptr_3 @ptr_4 SL:POINT_ON_MAP] IN:GET_LOCATION] SL:LOCATION] IN:GET_EVENT]
What shows are playing at the Aronoff Center for the Arts	What Ġshows Ġare Ġplaying Ġat Ġthe ĠAr on off ĠCenter Ġfor Ġthe ĠArts	[IN:GET_EVENT @ptr_0 [SL:CATEGORY_EVENT @ptr_1 SL:CATEGORY_EVENT] @ptr_2 @ptr_3 @ptr_4 [SL:LOCATION [IN:GET_LOCATION [SL:POINT_ON_MAP @ptr_5 @ptr_6 @ptr_7 @ptr_8 @ptr_9 @ptr_10 @ptr_11 @ptr_12 SL:POINT_ON_MAP] IN:GET_LOCATION] SL:LOCATION] IN:GET_EVENT]
Halloween festivals in Salem , NY in October	H alloween Ġfestivals Ġin ĠSalem Ġ, ĠNY Ġin ĠOctober	[IN:GET_EVENT [SL:DATE_TIME @ptr_0 @ptr_1 SL:DATE_TIME] [SL:CATEGORY_EVENT @ptr_2 SL:CATEGORY_EVENT] @ptr_3 [SL:LOCATION @ptr_4 @ptr_5 @ptr_6 SL:LOCATION] [SL:DATE_TIME @ptr_7 @ptr_8 SL:DATE_TIME] IN:GET_EVENT]
Are there any Holiday concerts happening in the Twin Cities on Saturday	Are Ġthere Ġany ĠHoliday Ġconcerts Ġhappening Ġin Ġthe ĠTwin ĠCities Ġon ĠSaturday	[IN:GET_EVENT @ptr_0 @ptr_1 @ptr_2 [SL:DATE_TIME @ptr_3 SL:DATE_TIME] [SL:CATEGORY_EVENT @ptr_4 SL:CATEGORY_EVENT] @ptr_5 @ptr_6 [SL:LOCATION @ptr_7 @ptr_8 @ptr_9 SL:LOCATION] [SL:DATE_TIME @ptr_10 @ptr_11 SL:DATE_TIME] IN:GET_EVENT]
When is the Pink concert near me	When Ġis Ġthe ĠPink Ġconcert Ġnear Ġme	[IN:GET_EVENT @ptr_0 @ptr_1 @ptr_2 [SL:NAME_EVENT @ptr_3 SL:NAME_EVENT] [SL:CATEGORY_EVENT @ptr_4 SL:CATEGORY_EVENT] [SL:LOCATION [IN:GET_LOCATION [SL:SEARCH_RADIUS @ptr_5 SL:SEARCH_RADIUS] [SL:LOCATION_USER @ptr_6 SL:LOCATION_USER] IN:GET_LOCATION] SL:LOCATION] IN:GET_EVENT]
Where is the best place around here to watch the Super Bowl	Where Ġis Ġthe Ġbest Ġplace Ġaround Ġhere Ġto Ġwatch Ġthe ĠSuper ĠBowl	[IN:GET_EVENT @ptr_0 @ptr_1 @ptr_2 @ptr_3 @ptr_4 [SL:LOCATION [IN:GET_LOCATION [SL:SEARCH_RADIUS @ptr_5 SL:SEARCH_RADIUS] [SL:LOCATION_USER @ptr_6 SL:LOCATION_USER] IN:GET_LOCATION] SL:LOCATION] @ptr_7 @ptr_8 [SL:CATEGORY_EVENT @ptr_9 @ptr_10 @ptr_11 SL:CATEGORY_EVENT] IN:GET_EVENT]
Skiing in Michigan this weekend	S ki ing Ġin ĠMichigan Ġthis Ġweekend	[IN:GET_EVENT [SL:CATEGORY_EVENT @ptr_0 @ptr_1 @ptr_2 SL:CATEGORY_EVENT] @ptr_3 [SL:LOCATION @ptr_4 SL:LOCATION] [SL:DATE_TIME @ptr_5 @ptr_6 SL:DATE_TIME] IN:GET_EVENT]
Free concert in New York City tonight	Free Ġconcert Ġin ĠNew ĠYork ĠCity Ġtonight	[IN:GET_EVENT [SL:ATTRIBUTE_EVENT @ptr_0 SL:ATTRIBUTE_EVENT] [SL:CATEGORY_EVENT @ptr_1 SL:CATEGORY_EVENT] @ptr_2 [SL:LOCATION @ptr_3 @ptr_4 @ptr_5 SL:LOCATION] [SL:DATE_TIME @ptr_6 SL:DATE_TIME] IN:GET_EVENT]
I need a good event to take my kids to this weekend , in Beaverton	I Ġneed Ġa Ġgood Ġevent Ġto Ġtake Ġmy Ġkids Ġto Ġthis Ġweekend Ġ, Ġin ĠBeaver ton	[IN:GET_EVENT @ptr_0 @ptr_1 @ptr_2 @ptr_3 @ptr_4 @ptr_5 @ptr_6 [SL:ATTENDEE_EVENT [IN:GET_CONTACT [SL:CONTACT_RELATED @ptr_7 SL:CONTACT_RELATED] [SL:TYPE_RELATION @ptr_8 SL:TYPE_RELATION] IN:GET_CONTACT] SL:ATTENDEE_EVENT] @ptr_9 [SL:DATE_TIME @ptr_10 @ptr_11 SL:DATE_TIME] @ptr_12 @ptr_13 [SL:LOCATION @ptr_14 @ptr_15 SL:LOCATION] IN:GET_EVENT]
Is George Strait playing a concert in Las Vegas in the months of June or July	Is ĠGeorge ĠStrait Ġplaying Ġa Ġconcert Ġin ĠLas ĠVegas Ġin Ġthe Ġmonths Ġof ĠJune Ġor ĠJuly	[IN:GET_EVENT @ptr_0 [SL:NAME_EVENT @ptr_1 @ptr_2 SL:NAME_EVENT] [SL:CATEGORY_EVENT @ptr_3 @ptr_4 @ptr_5 SL:CATEGORY_EVENT] @ptr_6 [SL:LOCATION @ptr_7 @ptr_8 SL:LOCATION] [SL:DATE_TIME @ptr_9 @ptr_10 @ptr_11 @ptr_12 @ptr_13 @ptr_14 @ptr_15 SL:DATE_TIME] IN:GET_EVENT]
is there anything going on this weekend	is Ġthere Ġanything Ġgoing Ġon Ġthis Ġweekend	[IN:GET_EVENT @ptr_0 @ptr_1 @ptr_2 @ptr_3 @ptr_4 [SL:DATE_TIME @ptr_5 @ptr_6 SL:DATE_TIME] IN:GET_EVENT]
Movies showing at 8 pm tonight near me	M ovies Ġshowing Ġat Ġ8 Ġpm Ġtonight Ġnear Ġme	[IN:GET_EVENT [SL:CATEGORY_EVENT @ptr_0 @ptr_1 SL:CATEGORY_EVENT] @ptr_2 [SL:DATE_TIME @ptr_3 @ptr_4 @ptr_5 @ptr_6 SL:DATE_TIME] [SL:LOCATION [IN:GET_LOCATION [SL:SEARCH_RADIUS @ptr_7 SL:SEARCH_RADIUS] [SL:LOCATION_USER @ptr_8 SL:LOCATION_USER] IN:GET_LOCATION] SL:LOCATION] IN:GET_EVENT]
New Year 's boat parties around me	New ĠYear Ġ' s Ġboat Ġparties Ġaround Ġme	[IN:GET_EVENT [SL:DATE_TIME @ptr_0 @ptr_1 @ptr_2 @ptr_3 SL:DATE_TIME] [SL:CATEGORY_EVENT @ptr_4 @ptr_5 SL:CATEGORY_EVENT] [SL:LOCATION [IN:GET_LOCATION [SL:SEARCH_RADIUS @ptr_6 SL:SEARCH_RADIUS] [SL:LOCATION_USER @ptr_7 SL:LOCATION_USER] IN:GET_LOCATION] SL:LOCATION] IN:GET_EVENT]
fun , free events happening near me this week	fun Ġ, Ġfree Ġevents Ġhappening Ġnear Ġme Ġthis Ġweek	[IN:GET_EVENT @ptr_0 @ptr_1 [SL:ATTRIBUTE_EVENT @ptr_2 SL:ATTRIBUTE_EVENT] @ptr_3 @ptr_4 [SL:LOCATION [IN:GET_LOCATION [SL:SEARCH_RADIUS @ptr_5 SL:SEARCH_RADIUS] [SL:LOCATION_USER @ptr_6 SL:LOCATION_USER] IN:GET_LOCATION] SL:LOCATION] [SL:DATE_TIME @ptr_7 @ptr_8 SL:DATE_TIME] IN:GET_EVENT]
Any rock concerts near me this weekend	Any Ġrock Ġconcerts Ġnear Ġme Ġthis Ġweekend	[IN:GET_EVENT @ptr_0 [SL:CATEGORY_EVENT @ptr_1 @ptr_2 SL:CATEGORY_EVENT] [SL:LOCATION [IN:GET_LOCATION [SL:SEARCH_RADIUS @ptr_3 SL:SEARCH_RADIUS] [SL:LOCATION_USER @ptr_4 SL:LOCATION_USER] IN:GET_LOCATION] SL:LOCATION] [SL:DATE_TIME @ptr_5 @ptr_6 SL:DATE_TIME] IN:GET_EVENT]
sporting events happening near me this weekend	s porting Ġevents Ġhappening Ġnear Ġme Ġthis Ġweekend	[IN:GET_EVENT [SL:CATEGORY_EVENT @ptr_0 @ptr_1 @ptr_2 SL:CATEGORY_EVENT] @ptr_3 [SL:LOCATION [IN:GET_LOCATION [SL:SEARCH_RADIUS @ptr_4 SL:SEARCH_RADIUS] [SL:LOCATION_USER @ptr_5 SL:LOCATION_USER] IN:GET_LOCATION] SL:LOCATION] [SL:DATE_TIME @ptr_6 @ptr_7 SL:DATE_TIME] IN:GET_EVENT]
What music festivals will be near me next month	What Ġmusic Ġfestivals Ġwill Ġbe Ġnear Ġme Ġnext Ġmonth	[IN:GET_EVENT @ptr_0 [SL:CATEGORY_EVENT @ptr_1 @ptr_2 SL:CATEGORY_EVENT] @ptr_3 @ptr_4 [SL:LOCATION [IN:GET_LOCATION [SL:SEARCH_RADIUS @ptr_5 SL:SEARCH_RADIUS] [SL:LOCATION_USER @ptr_6 SL:LOCATION_USER] IN:GET_LOCATION] SL:LOCATION] [SL:DATE_TIME @ptr_7 @ptr_8 SL:DATE_TIME] IN:GET_EVENT]
maple syrup festivals near me	map le Ġsyrup Ġfestivals Ġnear Ġme	[IN:GET_EVENT [SL:CATEGORY_EVENT @ptr_0 @ptr_1 @ptr_2 @ptr_3 SL:CATEGORY_EVENT] [SL:LOCATION [IN:GET_LOCATION [SL:SEARCH_RADIUS @ptr_4 SL:SEARCH_RADIUS] [SL:LOCATION_USER @ptr_5 SL:LOCATION_USER] IN:GET_LOCATION] SL:LOCATION] IN:GET_EVENT]
When is the next Backstreet Boys concert near me	When Ġis Ġthe Ġnext ĠBack street ĠBoys Ġconcert Ġnear Ġme	[IN:GET_EVENT @ptr_0 @ptr_1 @ptr_2 [SL:ORDINAL @ptr_3 SL:ORDINAL] [SL:NAME_EVENT @ptr_4 @ptr_5 @ptr_6 SL:NAME_EVENT] [SL:CATEGORY_EVENT @ptr_7 SL:CATEGORY_EVENT] [SL:LOCATION [IN:GET_LOCATION [SL:SEARCH_RADIUS @ptr_8 SL:SEARCH_RADIUS] [SL:LOCATION_USER @ptr_9 SL:LOCATION_USER] IN:GET_LOCATION] SL:LOCATION] IN:GET_EVENT]
any cool parties near me starting at 11 pm	any Ġcool Ġparties Ġnear Ġme Ġstarting Ġat Ġ11 Ġpm	[IN:GET_EVENT @ptr_0 @ptr_1 [SL:CATEGORY_EVENT @ptr_2 SL:CATEGORY_EVENT] [SL:LOCATION [IN:GET_LOCATION [SL:SEARCH_RADIUS @ptr_3 SL:SEARCH_RADIUS] [SL:LOCATION_USER @ptr_4 SL:LOCATION_USER] IN:GET_LOCATION] SL:LOCATION] [SL:DATE_TIME @ptr_5 @ptr_6 @ptr_7 @ptr_8 SL:DATE_TIME] IN:GET_EVENT]
Where is the best nativity scene near me	Where Ġis Ġthe Ġbest Ġn ativity Ġscene Ġnear Ġme	[IN:GET_EVENT @ptr_0 @ptr_1 @ptr_2 @ptr_3 [SL:CATEGORY_EVENT @ptr_4 @ptr_5 @ptr_6 SL:CATEGORY_EVENT] [SL:LOCATION [IN:GET_LOCATION [SL:SEARCH_RADIUS @ptr_7 SL:SEARCH_RADIUS] [SL:LOCATION_USER @ptr_8 SL:LOCATION_USER] IN:GET_LOCATION] SL:LOCATION] IN:GET_EVENT]
Free Events in Miami	Free ĠEvents Ġin ĠMiami	[IN:GET_EVENT [SL:ATTRIBUTE_EVENT @ptr_0 SL:ATTRIBUTE_EVENT] @ptr_1 @ptr_2 [SL:LOCATION @ptr_3 SL:LOCATION] IN:GET_EVENT]
Looking for an Open Mic event in Staten Island , family friendly	Looking Ġfor Ġan ĠOpen ĠMic Ġevent Ġin ĠStaten ĠIsland Ġ, Ġfamily Ġfriendly	[IN:GET_EVENT @ptr_0 @ptr_1 [SL:CATEGORY_EVENT @ptr_2 @ptr_3 @ptr_4 @ptr_5 SL:CATEGORY_EVENT] @ptr_6 [SL:LOCATION @ptr_7 @ptr_8 SL:LOCATION] @ptr_9 [SL:ATTRIBUTE_EVENT @ptr_10 @ptr_11 SL:ATTRIBUTE_EVENT] IN:GET_EVENT]
special events at the highland park farmers market	special Ġevents Ġat Ġthe Ġhigh land Ġpark Ġfarmers Ġmarket	[IN:GET_EVENT [SL:ATTRIBUTE_EVENT @ptr_0 SL:ATTRIBUTE_EVENT] @ptr_1 @ptr_2 @ptr_3 [SL:LOCATION @ptr_4 @ptr_5 @ptr_6 SL:LOCATION] [SL:CATEGORY_EVENT @ptr_7 @ptr_8 SL:CATEGORY_EVENT] IN:GET_EVENT]
christmas parties for adults friday night	christ mas Ġparties Ġfor Ġadults Ġfr iday Ġnight	[IN:GET_EVENT [SL:DATE_TIME @ptr_0 @ptr_1 SL:DATE_TIME] [SL:CATEGORY_EVENT @ptr_2 SL:CATEGORY_EVENT] @ptr_3 [SL:ATTRIBUTE_EVENT @ptr_4 SL:ATTRIBUTE_EVENT] [SL:DATE_TIME @ptr_5 @ptr_6 @ptr_7 SL:DATE_TIME] IN:GET_EVENT]
Locate information on things to do in San Antonio this Friday for kids	L ocate Ġinformation Ġon Ġthings Ġto Ġdo Ġin ĠSan ĠAntonio Ġthis ĠFriday Ġfor Ġkids	[IN:GET_EVENT @ptr_0 @ptr_1 @ptr_2 @ptr_3 @ptr_4 @ptr_5 @ptr_6 @ptr_7 [SL:LOCATION @ptr_8 @ptr_9 SL:LOCATION] [SL:DATE_TIME @ptr_10 @ptr_11 SL:DATE_TIME] @ptr_12 [SL:ATTRIBUTE_EVENT @ptr_13 SL:ATTRIBUTE_EVENT] IN:GET_EVENT]
how many people will be attending the event	how Ġmany Ġpeople Ġwill Ġbe Ġattending Ġthe Ġevent	[IN:GET_EVENT_ATTENDEE_AMOUNT @ptr_0 @ptr_1 @ptr_2 @ptr_3 @ptr_4 @ptr_5 @ptr_6 @ptr_7 IN:GET_EVENT_ATTENDEE_AMOUNT]
How many people have purchased tickets for the Rhiannon concert in Atlanta this Saturday night	How Ġmany Ġpeople Ġhave Ġpurchased Ġtickets Ġfor Ġthe ĠRh ian non Ġconcert Ġin ĠAtlanta Ġthis ĠSaturday Ġnight	[IN:GET_EVENT_ATTENDEE_AMOUNT @ptr_0 @ptr_1 @ptr_2 @ptr_3 @ptr_4 @ptr_5 @ptr_6 @ptr_7 [SL:NAME_EVENT @ptr_8 @ptr_9 @ptr_10 SL:NAME_EVENT] [SL:CATEGORY_EVENT @ptr_11 SL:CATEGORY_EVENT] @ptr_12 [SL:LOCATION @ptr_13 SL:LOCATION] [SL:DATE_TIME @ptr_14 @ptr_15 @ptr_16 SL:DATE_TIME] IN:GET_EVENT_ATTENDEE_AMOUNT]
how many people expected at the amphitheatre	how Ġmany Ġpeople Ġexpected Ġat Ġthe Ġamph ithe atre	[IN:GET_EVENT_ATTENDEE_AMOUNT @ptr_0 @ptr_1 @ptr_2 @ptr_3 @ptr_4 [SL:LOCATION [IN:GET_LOCATION [SL:CATEGORY_LOCATION @ptr_5 @ptr_6 @ptr_7 @ptr_8 SL:CATEGORY_LOCATION] IN:GET_LOCATION] SL:LOCATION] IN:GET_EVENT_ATTENDEE_AMOUNT]
friends who have responded to my event on Sunday	friends Ġwho Ġhave Ġresponded Ġto Ġmy Ġevent Ġon ĠSunday	[IN:GET_EVENT_ATTENDEE [SL:ATTENDEE_EVENT [IN:GET_CONTACT [SL:TYPE_RELATION @ptr_0 SL:TYPE_RELATION] IN:GET_CONTACT] SL:ATTENDEE_EVENT] @ptr_1 @ptr_2 @ptr_3 @ptr_4 [SL:ORGANIZER_EVENT @ptr_5 SL:ORGANIZER_EVENT] @ptr_6 [SL:DATE_TIME @ptr_7 @ptr_8 SL:DATE_TIME] IN:GET_EVENT_ATTENDEE]
Are any of my friends going to the concert	Are Ġany Ġof Ġmy Ġfriends Ġgoing Ġto Ġthe Ġconcert	[IN:GET_EVENT_ATTENDEE @ptr_0 @ptr_1 @ptr_2 [SL:ATTENDEE_EVENT [IN:GET_CONTACT [SL:CONTACT_RELATED @ptr_3 SL:CONTACT_RELATED] [SL:TYPE_RELATION @ptr_4 SL:TYPE_RELATION] IN:GET_CONTACT] SL:ATTENDEE_EVENT] @ptr_5 @ptr_6 [SL:CATEGORY_EVENT @ptr_7 @ptr_8 SL:CATEGORY_EVENT] IN:GET_EVENT_ATTENDEE]
Does my son Austin have a wrestling match this week	Does Ġmy Ġson ĠAustin Ġhave Ġa Ġwrestling Ġmatch Ġthis Ġweek	[IN:GET_EVENT @ptr_0 [SL:ATTENDEE_EVENT [IN:GET_CONTACT [SL:CONTACT_RELATED @ptr_1 SL:CONTACT_RELATED] [SL:TYPE_RELATION @ptr_2 SL:TYPE_RELATION] [SL:CONTACT @ptr_3 SL:CONTACT] IN:GET_CONTACT] SL:ATTENDEE_EVENT] @ptr_4 [SL:CATEGORY_EVENT @ptr_5 @ptr_6 @ptr_7 SL:CATEGORY_EVENT] [SL:DATE_TIME @ptr_8 @ptr_9 SL:DATE_TIME] IN:GET_EVENT]
What events can I take my parents to	What Ġevents Ġcan ĠI Ġtake Ġmy Ġparents Ġto	[IN:GET_EVENT @ptr_0 @ptr_1 @ptr_2 @ptr_3 @ptr_4 [SL:ATTENDEE_EVENT [IN:GET_CONTACT [SL:CONTACT_RELATED @ptr_5 SL:CONTACT_RELATED] [SL:TYPE_RELATION @ptr_6 SL:TYPE_RELATION] IN:GET_CONTACT] SL:ATTENDEE_EVENT] @ptr_7 IN:GET_EVENT]
Date and location for my 25 year high school reunion	Date Ġand Ġlocation Ġfor Ġmy Ġ25 Ġyear Ġhigh Ġschool Ġreunion	[IN:GET_EVENT @ptr_0 @ptr_1 @ptr_2 @ptr_3 [SL:ATTENDEE_EVENT @ptr_4 SL:ATTENDEE_EVENT] [SL:CATEGORY_EVENT @ptr_5 @ptr_6 @ptr_7 @ptr_8 @ptr_9 SL:CATEGORY_EVENT] IN:GET_EVENT]
What event is everyone going tonight	What Ġevent Ġis Ġeveryone Ġgoing Ġtonight	[IN:GET_EVENT @ptr_0 @ptr_1 @ptr_2 [SL:ATTENDEE_EVENT @ptr_3 SL:ATTENDEE_EVENT] @ptr_4 [SL:DATE_TIME @ptr_5 SL:DATE_TIME] IN:GET_EVENT]
I need a good event to take my kids to this weekend , in Beaverton	I Ġneed Ġa Ġgood Ġevent Ġto Ġtake Ġmy Ġkids Ġto Ġthis Ġweekend Ġ, Ġin ĠBeaver ton	[IN:GET_EVENT @ptr_0 @ptr_1 @ptr_2 @ptr_3 @ptr_4 @ptr_5 @ptr_6 [SL:ATTENDEE_EVENT [IN:GET_CONTACT [SL:CONTACT_RELATED @ptr_7 SL:CONTACT_RELATED] [SL:TYPE_RELATION @ptr_8 SL:TYPE_RELATION] IN:GET_CONTACT] SL:ATTENDEE_EVENT] @ptr_9 [SL:DATE_TIME @ptr_10 @ptr_11 SL:DATE_TIME] @ptr_12 @ptr_13 [SL:LOCATION @ptr_14 @ptr_15 SL:LOCATION] IN:GET_EVENT]
storytime at a library close by in the mornings	story time Ġat Ġa Ġlibrary Ġclose Ġby Ġin Ġthe Ġmornings	[IN:GET_EVENT [SL:CATEGORY_EVENT @ptr_0 @ptr_1 SL:CATEGORY_EVENT] @ptr_2 [SL:LOCATION [IN:GET_LOCATION [SL:CATEGORY_LOCATION @ptr_3 @ptr_4 SL:CATEGORY_LOCATION] [SL:LOCATION_MODIFIER @ptr_5 @ptr_6 SL:LOCATION_MODIFIER] IN:GET_LOCATION] SL:LOCATION] [SL:DATE_TIME @ptr_7 @ptr_8 @ptr_9 SL:DATE_TIME] IN:GET_EVENT]
are there any Christmas crafting events close by for Saturday	are Ġthere Ġany ĠChristmas Ġcrafting Ġevents Ġclose Ġby Ġfor ĠSaturday	[IN:GET_EVENT @ptr_0 @ptr_1 @ptr_2 [SL:DATE_TIME @ptr_3 SL:DATE_TIME] [SL:CATEGORY_EVENT @ptr_4 @ptr_5 SL:CATEGORY_EVENT] [SL:LOCATION [IN:GET_LOCATION [SL:LOCATION_MODIFIER @ptr_6 @ptr_7 SL:LOCATION_MODIFIER] IN:GET_LOCATION] SL:LOCATION] @ptr_8 [SL:DATE_TIME @ptr_9 SL:DATE_TIME] IN:GET_EVENT]
Christmas movies locally for December	Christmas Ġmovies Ġlocally Ġfor ĠDecember	[IN:GET_EVENT [SL:DATE_TIME @ptr_0 SL:DATE_TIME] [SL:CATEGORY_EVENT @ptr_1 SL:CATEGORY_EVENT] [SL:LOCATION [IN:GET_LOCATION [SL:LOCATION_MODIFIER @ptr_2 SL:LOCATION_MODIFIER] IN:GET_LOCATION] SL:LOCATION] [SL:DATE_TIME @ptr_3 @ptr_4 SL:DATE_TIME] IN:GET_EVENT]
Anywhere I can go close for a wine tasting tonight	Any where ĠI Ġcan Ġgo Ġclose Ġfor Ġa Ġwine Ġtasting Ġtonight	[IN:GET_EVENT @ptr_0 @ptr_1 @ptr_2 @ptr_3 @ptr_4 [SL:LOCATION [IN:GET_LOCATION [SL:LOCATION_MODIFIER @ptr_5 SL:LOCATION_MODIFIER] IN:GET_LOCATION] SL:LOCATION] @ptr_6 [SL:CATEGORY_EVENT @ptr_7 @ptr_8 @ptr_9 SL:CATEGORY_EVENT] [SL:DATE_TIME @ptr_10 SL:DATE_TIME] IN:GET_EVENT]
I'd like to do something tonight any events close by that might be interesting	I 'd Ġlike Ġto Ġdo Ġsomething Ġtonight Ġany Ġevents Ġclose Ġby Ġthat Ġmight Ġbe Ġinteresting	[IN:GET_EVENT @ptr_0 @ptr_1 @ptr_2 @ptr_3 @ptr_4 @ptr_5 [SL:DATE_TIME @ptr_6 SL:DATE_TIME] @ptr_7 @ptr_8 [SL:LOCATION [IN:GET_LOCATION [SL:LOCATION_MODIFIER @ptr_9 @ptr_10 SL:LOCATION_MODIFIER] IN:GET_LOCATION] SL:LOCATION] @ptr_11 @ptr_12 @ptr_13 @ptr_14 IN:GET_EVENT]
Club Events El Paso tomorrow	Club ĠEvents ĠEl ĠPaso Ġtomorrow	[IN:GET_EVENT [SL:LOCATION [IN:GET_LOCATION [SL:CATEGORY_LOCATION @ptr_0 SL:CATEGORY_LOCATION] IN:GET_LOCATION] SL:LOCATION] @ptr_1 [SL:LOCATION @ptr_2 @ptr_3 SL:LOCATION] [SL:DATE_TIME @ptr_4 SL:DATE_TIME] IN:GET_EVENT]
What is happening on campus tomorrow	What Ġis Ġhappening Ġon Ġcampus Ġtomorrow	[IN:GET_EVENT @ptr_0 @ptr_1 @ptr_2 @ptr_3 [SL:LOCATION [IN:GET_LOCATION [SL:CATEGORY_LOCATION @ptr_4 SL:CATEGORY_LOCATION] IN:GET_LOCATION] SL:LOCATION] [SL:DATE_TIME @ptr_5 SL:DATE_TIME] IN:GET_EVENT]
The zoo is having a special event introducing their new giraffe . When is that scheduled next week	The Ġzoo Ġis Ġhaving Ġa Ġspecial Ġevent Ġintroducing Ġtheir Ġnew Ġgir affe Ġ. ĠWhen Ġis Ġthat Ġscheduled Ġnext Ġweek	[IN:GET_EVENT [SL:LOCATION [IN:GET_LOCATION [SL:CATEGORY_LOCATION @ptr_0 @ptr_1 SL:CATEGORY_LOCATION] IN:GET_LOCATION] SL:LOCATION] @ptr_2 @ptr_3 @ptr_4 @ptr_5 @ptr_6 [SL:CATEGORY_EVENT @ptr_7 @ptr_8 @ptr_9 @ptr_10 @ptr_11 SL:CATEGORY_EVENT] @ptr_12 @ptr_13 @ptr_14 @ptr_15 @ptr_16 [SL:DATE_TIME @ptr_17 @ptr_18 SL:DATE_TIME] IN:GET_EVENT]
towns with concerts near me on Saturday	town s Ġwith Ġconcerts Ġnear Ġme Ġon ĠSaturday	[IN:GET_EVENT [SL:LOCATION [IN:GET_LOCATION [SL:CATEGORY_LOCATION @ptr_0 @ptr_1 SL:CATEGORY_LOCATION] IN:GET_LOCATION] SL:LOCATION] @ptr_2 [SL:CATEGORY_EVENT @ptr_3 SL:CATEGORY_EVENT] [SL:LOCATION [IN:GET_LOCATION [SL:SEARCH_RADIUS @ptr_4 SL:SEARCH_RADIUS] [SL:LOCATION_USER @ptr_5 SL:LOCATION_USER] IN:GET_LOCATION] SL:LOCATION] [SL:DATE_TIME @ptr_6 @ptr_7 SL:DATE_TIME] IN:GET_EVENT]
Whats going on in my city tonight	Wh ats Ġgoing Ġon Ġin Ġmy Ġcity Ġtonight	[IN:GET_EVENT @ptr_0 @ptr_1 @ptr_2 @ptr_3 @ptr_4 [SL:LOCATION [IN:GET_LOCATION [SL:LOCATION_USER @ptr_5 SL:LOCATION_USER] [SL:CATEGORY_LOCATION @ptr_6 SL:CATEGORY_LOCATION] IN:GET_LOCATION] SL:LOCATION] [SL:DATE_TIME @ptr_7 SL:DATE_TIME] IN:GET_EVENT]
Philharmonic Orchestra Holiday Concert in Chicago today	Phil harm onic ĠOrchestra ĠHoliday ĠConcert Ġin ĠChicago Ġtoday	[IN:GET_EVENT [SL:NAME_EVENT @ptr_0 @ptr_1 @ptr_2 @ptr_3 SL:NAME_EVENT] [SL:DATE_TIME @ptr_4 SL:DATE_TIME] [SL:CATEGORY_EVENT @ptr_5 SL:CATEGORY_EVENT] @ptr_6 [SL:LOCATION @ptr_7 SL:LOCATION] [SL:DATE_TIME @ptr_8 SL:DATE_TIME] IN:GET_EVENT]
Taylor Swift concerts on the west coast happening next summer	Taylor ĠSwift Ġconcerts Ġon Ġthe Ġwest Ġcoast Ġhappening Ġnext Ġsummer	[IN:GET_EVENT [SL:NAME_EVENT @ptr_0 @ptr_1 SL:NAME_EVENT] [SL:CATEGORY_EVENT @ptr_2 SL:CATEGORY_EVENT] @ptr_3 [SL:LOCATION [IN:GET_LOCATION [SL:CATEGORY_LOCATION @ptr_4 @ptr_5 @ptr_6 SL:CATEGORY_LOCATION] IN:GET_LOCATION] SL:LOCATION] @ptr_7 [SL:DATE_TIME @ptr_8 @ptr_9 SL:DATE_TIME] IN:GET_EVENT]
What are the show and date times for Beyonce 's tour	What Ġare Ġthe Ġshow Ġand Ġdate Ġtimes Ġfor ĠBeyon ce Ġ' s Ġtour	[IN:GET_EVENT @ptr_0 @ptr_1 @ptr_2 @ptr_3 @ptr_4 @ptr_5 @ptr_6 @ptr_7 [SL:NAME_EVENT @ptr_8 @ptr_9 SL:NAME_EVENT] @ptr_10 @ptr_11 [SL:CATEGORY_EVENT @ptr_12 SL:CATEGORY_EVENT] IN:GET_EVENT]
when is the next Chicago area concert for Elton John	when Ġis Ġthe Ġnext ĠChicago Ġarea Ġconcert Ġfor ĠEl ton ĠJohn	[IN:GET_EVENT @ptr_0 @ptr_1 @ptr_2 [SL:ORDINAL @ptr_3 SL:ORDINAL] [SL:LOCATION @ptr_4 SL:LOCATION] @ptr_5 [SL:CATEGORY_EVENT @ptr_6 SL:CATEGORY_EVENT] @ptr_7 [SL:NAME_EVENT @ptr_8 @ptr_9 @ptr_10 SL:NAME_EVENT] IN:GET_EVENT]
What day is the concert for Eric Church in Burlington	What Ġday Ġis Ġthe Ġconcert Ġfor ĠEric ĠChurch Ġin ĠBurlington	[IN:GET_EVENT @ptr_0 @ptr_1 @ptr_2 [SL:CATEGORY_EVENT @ptr_3 @ptr_4 SL:CATEGORY_EVENT] @ptr_5 [SL:NAME_EVENT @ptr_6 @ptr_7 SL:NAME_EVENT] @ptr_8 [SL:LOCATION @ptr_9 SL:LOCATION] IN:GET_EVENT]
When is the next job fair event in Riverside	When Ġis Ġthe Ġnext Ġjob Ġfair Ġevent Ġin ĠRiverside	[IN:GET_EVENT @ptr_0 @ptr_1 @ptr_2 [SL:ORDINAL @ptr_3 SL:ORDINAL] [SL:CATEGORY_EVENT @ptr_4 @ptr_5 @ptr_6 SL:CATEGORY_EVENT] @ptr_7 [SL:LOCATION @ptr_8 SL:LOCATION] IN:GET_EVENT]
Date and time the next booze cruise launches from Fort Lauderdale	Date Ġand Ġtime Ġthe Ġnext Ġbooze Ġcruise Ġlaunches Ġfrom ĠFort ĠLauderdale	[IN:GET_EVENT @ptr_0 @ptr_1 @ptr_2 @ptr_3 [SL:ORDINAL @ptr_4 SL:ORDINAL] [SL:CATEGORY_EVENT @ptr_5 @ptr_6 SL:CATEGORY_EVENT] @ptr_7 @ptr_8 [SL:LOCATION @ptr_9 @ptr_10 SL:LOCATION] IN:GET_EVENT]
When is the next Christmas Parade in Summerville	When Ġis Ġthe Ġnext ĠChristmas ĠParade Ġin ĠSummer ville	[IN:GET_EVENT @ptr_0 @ptr_1 @ptr_2 [SL:ORDINAL @ptr_3 SL:ORDINAL] [SL:DATE_TIME @ptr_4 SL:DATE_TIME] [SL:CATEGORY_EVENT @ptr_5 SL:CATEGORY_EVENT] @ptr_6 [SL:LOCATION @ptr_7 @ptr_8 SL:LOCATION] IN:GET_EVENT]
When is the next scheduled blood drive in Troup County Georgia	When Ġis Ġthe Ġnext Ġscheduled Ġblood Ġdrive Ġin ĠT roup ĠCounty ĠGeorgia	[IN:GET_EVENT @ptr_0 @ptr_1 @ptr_2 [SL:ORDINAL @ptr_3 SL:ORDINAL] @ptr_4 [SL:CATEGORY_EVENT @ptr_5 @ptr_6 SL:CATEGORY_EVENT] @ptr_7 [SL:LOCATION @ptr_8 @ptr_9 @ptr_10 @ptr_11 SL:LOCATION] IN:GET_EVENT]
When is the next Pusha T concert in Texas	When Ġis Ġthe Ġnext ĠPush a ĠT Ġconcert Ġin ĠTexas	[IN:GET_EVENT @ptr_0 @ptr_1 @ptr_2 [SL:ORDINAL @ptr_3 SL:ORDINAL] [SL:NAME_EVENT @ptr_4 @ptr_5 @ptr_6 SL:NAME_EVENT] [SL:CATEGORY_EVENT @ptr_7 SL:CATEGORY_EVENT] @ptr_8 [SL:LOCATION @ptr_9 SL:LOCATION] IN:GET_EVENT]
So my plans for this Weekend just totally fell through and now I cant even go to Stacy 's anymore . Don't ask . Long story short Vince is garbage , I need a new date for Thursday and I need to figure out what other club I can even show my face at . Ugh	So Ġmy Ġplans Ġfor Ġthis ĠWeekend Ġjust Ġtotally Ġfell Ġthrough Ġand Ġnow ĠI Ġcant Ġeven Ġgo Ġto ĠStacy Ġ' s Ġanymore Ġ. ĠDon 't Ġask Ġ. ĠLong Ġstory Ġshort ĠVince Ġis Ġgarbage Ġ, ĠI Ġneed Ġa Ġnew Ġdate Ġfor ĠThursday Ġand ĠI Ġneed Ġto Ġfigure Ġout Ġwhat Ġother Ġclub ĠI Ġcan Ġeven Ġshow Ġmy Ġface Ġat Ġ. ĠU gh	[IN:UNSUPPORTED_EVENT @ptr_0 @ptr_1 @ptr_2 @ptr_3 @ptr_4 @ptr_5 @ptr_6 @ptr_7 @ptr_8 @ptr_9 @ptr_10 @ptr_11 @ptr_12 @ptr_13 @ptr_14 @ptr_15 @ptr_16 @ptr_17 @ptr_18 @ptr_19 @ptr_20 @ptr_21 @ptr_22 @ptr_23 @ptr_24 @ptr_25 @ptr_26 @ptr_27 @ptr_28 @ptr_29 @ptr_30 @ptr_31 @ptr_32 @ptr_33 @ptr_34 @ptr_35 @ptr_36 @ptr_37 @ptr_38 @ptr_39 @ptr_40 @ptr_41 @ptr_42 @ptr_43 @ptr_44 @ptr_45 @ptr_46 @ptr_47 @ptr_48 @ptr_49 @ptr_50 @ptr_51 @ptr_52 @ptr_53 @ptr_54 @ptr_55 @ptr_56 @ptr_57 @ptr_58 IN:UNSUPPORTED_EVENT]
are there any petting zoos in Olean NY and when are they open	are Ġthere Ġany Ġpet ting Ġz oos Ġin ĠO lean ĠNY Ġand Ġwhen Ġare Ġthey Ġopen	[IN:UNSUPPORTED_EVENT @ptr_0 @ptr_1 @ptr_2 @ptr_3 @ptr_4 @ptr_5 @ptr_6 @ptr_7 @ptr_8 @ptr_9 @ptr_10 @ptr_11 @ptr_12 @ptr_13 @ptr_14 @ptr_15 IN:UNSUPPORTED_EVENT]
Are there tickets for Broadway in NYC	Are Ġthere Ġtickets Ġfor ĠBroadway Ġin ĠNYC	[IN:UNSUPPORTED_EVENT @ptr_0 @ptr_1 @ptr_2 @ptr_3 @ptr_4 @ptr_5 @ptr_6 IN:UNSUPPORTED_EVENT]
When do we sign up for the marathon that is next month	When Ġdo Ġwe Ġsign Ġup Ġfor Ġthe Ġmarathon Ġthat Ġis Ġnext Ġmonth	[IN:UNSUPPORTED_EVENT @ptr_0 @ptr_1 @ptr_2 @ptr_3 @ptr_4 @ptr_5 @ptr_6 @ptr_7 @ptr_8 @ptr_9 @ptr_10 @ptr_11 IN:UNSUPPORTED_EVENT]
Who is starring in Hamilton on Broadway	Who Ġis Ġstarring Ġin ĠHamilton Ġon ĠBroadway	[IN:UNSUPPORTED_EVENT @ptr_0 @ptr_1 @ptr_2 @ptr_3 @ptr_4 @ptr_5 @ptr_6 IN:UNSUPPORTED_EVENT]
Are there any music events in the neighborhood tomorrow	Are Ġthere Ġany Ġmusic Ġevents Ġin Ġthe Ġneighborhood Ġtomorrow	[IN:GET_EVENT @ptr_0 @ptr_1 @ptr_2 [SL:CATEGORY_EVENT @ptr_3 @ptr_4 SL:CATEGORY_EVENT] @ptr_5 [SL:LOCATION [IN:GET_LOCATION_HOME @ptr_6 @ptr_7 IN:GET_LOCATION_HOME] SL:LOCATION] [SL:DATE_TIME @ptr_8 SL:DATE_TIME] IN:GET_EVENT]
What events are happening near home tomorrow	What Ġevents Ġare Ġhappening Ġnear Ġhome Ġtomorrow	[IN:GET_EVENT @ptr_0 @ptr_1 @ptr_2 @ptr_3 [SL:LOCATION [IN:GET_LOCATION [SL:SEARCH_RADIUS @ptr_4 SL:SEARCH_RADIUS] [SL:LOCATION [IN:GET_LOCATION_HOME @ptr_5 IN:GET_LOCATION_HOME] SL:LOCATION] IN:GET_LOCATION] SL:LOCATION] [SL:DATE_TIME @ptr_6 SL:DATE_TIME] IN:GET_EVENT]
Are there any winter festival events next month in my area	Are Ġthere Ġany Ġwinter Ġfestival Ġevents Ġnext Ġmonth Ġin Ġmy Ġarea	[IN:GET_EVENT @ptr_0 @ptr_1 @ptr_2 [SL:DATE_TIME @ptr_3 SL:DATE_TIME] [SL:CATEGORY_EVENT @ptr_4 @ptr_5 SL:CATEGORY_EVENT] [SL:DATE_TIME @ptr_6 @ptr_7 SL:DATE_TIME] @ptr_8 [SL:LOCATION [IN:GET_LOCATION_HOME [SL:CONTACT @ptr_9 SL:CONTACT] @ptr_10 IN:GET_LOCATION_HOME] SL:LOCATION] IN:GET_EVENT]
Any book clubs in the area	Any Ġbook Ġclubs Ġin Ġthe Ġarea	[IN:GET_EVENT @ptr_0 [SL:CATEGORY_EVENT @ptr_1 @ptr_2 SL:CATEGORY_EVENT] @ptr_3 [SL:LOCATION [IN:GET_LOCATION_HOME @ptr_4 @ptr_5 IN:GET_LOCATION_HOME] SL:LOCATION] IN:GET_EVENT]
what free events are happening in my areas this month	what Ġfree Ġevents Ġare Ġhappening Ġin Ġmy Ġareas Ġthis Ġmonth	[IN:GET_EVENT @ptr_0 [SL:ATTRIBUTE_EVENT @ptr_1 SL:ATTRIBUTE_EVENT] @ptr_2 @ptr_3 @ptr_4 @ptr_5 [SL:LOCATION [IN:GET_LOCATION_HOME [SL:CONTACT @ptr_6 SL:CONTACT] @ptr_7 IN:GET_LOCATION_HOME] SL:LOCATION] [SL:DATE_TIME @ptr_8 @ptr_9 SL:DATE_TIME] IN:GET_EVENT]
Events for pets this month in my neighborhood	Events Ġfor Ġpets Ġthis Ġmonth Ġin Ġmy Ġneighborhood	[IN:GET_EVENT @ptr_0 @ptr_1 [SL:ATTRIBUTE_EVENT @ptr_2 SL:ATTRIBUTE_EVENT] [SL:DATE_TIME @ptr_3 @ptr_4 SL:DATE_TIME] @ptr_5 [SL:LOCATION [IN:GET_LOCATION_HOME [SL:CONTACT @ptr_6 SL:CONTACT] @ptr_7 IN:GET_LOCATION_HOME] SL:LOCATION] IN:GET_EVENT]
whats on for tonight at 5 in my area	wh ats Ġon Ġfor Ġtonight Ġat Ġ5 Ġin Ġmy Ġarea	[IN:GET_EVENT @ptr_0 @ptr_1 @ptr_2 [SL:DATE_TIME @ptr_3 @ptr_4 @ptr_5 @ptr_6 SL:DATE_TIME] @ptr_7 [SL:LOCATION [IN:GET_LOCATION_HOME [SL:CONTACT @ptr_8 SL:CONTACT] @ptr_9 IN:GET_LOCATION_HOME] SL:LOCATION] IN:GET_EVENT]
What are some fun events in my area	What Ġare Ġsome Ġfun Ġevents Ġin Ġmy Ġarea	[IN:GET_EVENT @ptr_0 @ptr_1 @ptr_2 @ptr_3 @ptr_4 @ptr_5 [SL:LOCATION [IN:GET_LOCATION_HOME [SL:CONTACT @ptr_6 SL:CONTACT] @ptr_7 IN:GET_LOCATION_HOME] SL:LOCATION] IN:GET_EVENT]
Our town is doing a Town Wide Yard Sales Event this summer . What weekend is that	Our Ġtown Ġis Ġdoing Ġa ĠTown ĠWide ĠYard ĠSales ĠEvent Ġthis Ġsummer Ġ. ĠWhat Ġweekend Ġis Ġthat	[IN:GET_EVENT [SL:LOCATION [IN:GET_LOCATION_HOME [SL:CONTACT @ptr_0 SL:CONTACT] @ptr_1 IN:GET_LOCATION_HOME] SL:LOCATION] @ptr_2 @ptr_3 [SL:CATEGORY_EVENT @ptr_4 @ptr_5 @ptr_6 @ptr_7 @ptr_8 @ptr_9 SL:CATEGORY_EVENT] [SL:DATE_TIME @ptr_10 @ptr_11 SL:DATE_TIME] @ptr_12 @ptr_13 [SL:DATE_TIME @ptr_14 SL:DATE_TIME] @ptr_15 @ptr_16 IN:GET_EVENT]
Are there any wine tastings in my area for this weekend	Are Ġthere Ġany Ġwine Ġtast ings Ġin Ġmy Ġarea Ġfor Ġthis Ġweekend	[IN:GET_EVENT @ptr_0 @ptr_1 @ptr_2 [SL:CATEGORY_EVENT @ptr_3 @ptr_4 @ptr_5 SL:CATEGORY_EVENT] @ptr_6 [SL:LOCATION [IN:GET_LOCATION_HOME [SL:CONTACT @ptr_7 SL:CONTACT] @ptr_8 IN:GET_LOCATION_HOME] SL:LOCATION] [SL:DATE_TIME @ptr_9 @ptr_10 @ptr_11 SL:DATE_TIME] IN:GET_EVENT]
What events are happening near school tomorrow	What Ġevents Ġare Ġhappening Ġnear Ġschool Ġtomorrow	[IN:GET_EVENT @ptr_0 @ptr_1 @ptr_2 @ptr_3 [SL:LOCATION [IN:GET_LOCATION [SL:SEARCH_RADIUS @ptr_4 SL:SEARCH_RADIUS] [SL:LOCATION [IN:GET_LOCATION_SCHOOL @ptr_5 IN:GET_LOCATION_SCHOOL] SL:LOCATION] IN:GET_LOCATION] SL:LOCATION] [SL:DATE_TIME @ptr_6 SL:DATE_TIME] IN:GET_EVENT]
Any tree decorating events at school	Any Ġtree Ġdecor ating Ġevents Ġat Ġschool	[IN:GET_EVENT @ptr_0 [SL:CATEGORY_EVENT @ptr_1 @ptr_2 @ptr_3 @ptr_4 SL:CATEGORY_EVENT] @ptr_5 [SL:LOCATION [IN:GET_LOCATION_SCHOOL @ptr_6 IN:GET_LOCATION_SCHOOL] SL:LOCATION] IN:GET_EVENT]
are any of my friends hosting parties in Wilmington this weekend	are Ġany Ġof Ġmy Ġfriends Ġhosting Ġparties Ġin ĠWilmington Ġthis Ġweekend	[IN:GET_EVENT_ORGANIZER @ptr_0 @ptr_1 @ptr_2 [SL:ORGANIZER_EVENT [IN:GET_CONTACT [SL:CONTACT_RELATED @ptr_3 SL:CONTACT_RELATED] [SL:TYPE_RELATION @ptr_4 SL:TYPE_RELATION] IN:GET_CONTACT] SL:ORGANIZER_EVENT] @ptr_5 [SL:CATEGORY_EVENT @ptr_6 SL:CATEGORY_EVENT] @ptr_7 [SL:LOCATION @ptr_8 SL:LOCATION] [SL:DATE_TIME @ptr_9 @ptr_10 SL:DATE_TIME] IN:GET_EVENT_ORGANIZER]
Any events this weekend where my kids can learn something new	Any Ġevents Ġthis Ġweekend Ġwhere Ġmy Ġkids Ġcan Ġlearn Ġsomething Ġnew	[IN:GET_EVENT @ptr_0 @ptr_1 [SL:DATE_TIME @ptr_2 @ptr_3 SL:DATE_TIME] @ptr_4 [SL:ATTENDEE_EVENT [IN:GET_CONTACT [SL:CONTACT_RELATED @ptr_5 SL:CONTACT_RELATED] [SL:TYPE_RELATION @ptr_6 SL:TYPE_RELATION] IN:GET_CONTACT] SL:ATTENDEE_EVENT] @ptr_7 @ptr_8 @ptr_9 @ptr_10 IN:GET_EVENT]
Are any of my friends hosting Secret Santa parties next week	Are Ġany Ġof Ġmy Ġfriends Ġhosting ĠSecret ĠSanta Ġparties Ġnext Ġweek	[IN:GET_EVENT_ORGANIZER @ptr_0 @ptr_1 @ptr_2 [SL:ORGANIZER_EVENT [IN:GET_CONTACT [SL:CONTACT_RELATED @ptr_3 SL:CONTACT_RELATED] [SL:TYPE_RELATION @ptr_4 SL:TYPE_RELATION] IN:GET_CONTACT] SL:ORGANIZER_EVENT] @ptr_5 [SL:CATEGORY_EVENT @ptr_6 @ptr_7 @ptr_8 SL:CATEGORY_EVENT] [SL:DATE_TIME @ptr_9 @ptr_10 SL:DATE_TIME] IN:GET_EVENT_ORGANIZER]
what events are my facebook friends up to this weekend	what Ġevents Ġare Ġmy Ġfacebook Ġfriends Ġup Ġto Ġthis Ġweekend	[IN:GET_EVENT @ptr_0 @ptr_1 @ptr_2 [SL:ATTENDEE_EVENT [IN:GET_CONTACT [SL:CONTACT_RELATED @ptr_3 SL:CONTACT_RELATED] @ptr_4 [SL:TYPE_RELATION @ptr_5 SL:TYPE_RELATION] IN:GET_CONTACT] SL:ATTENDEE_EVENT] @ptr_6 @ptr_7 [SL:DATE_TIME @ptr_8 @ptr_9 SL:DATE_TIME] IN:GET_EVENT]
Does my son Austin have a wrestling match this week	Does Ġmy Ġson ĠAustin Ġhave Ġa Ġwrestling Ġmatch Ġthis Ġweek	[IN:GET_EVENT @ptr_0 [SL:ATTENDEE_EVENT [IN:GET_CONTACT [SL:CONTACT_RELATED @ptr_1 SL:CONTACT_RELATED] [SL:TYPE_RELATION @ptr_2 SL:TYPE_RELATION] [SL:CONTACT @ptr_3 SL:CONTACT] IN:GET_CONTACT] SL:ATTENDEE_EVENT] @ptr_4 [SL:CATEGORY_EVENT @ptr_5 @ptr_6 @ptr_7 SL:CATEGORY_EVENT] [SL:DATE_TIME @ptr_8 @ptr_9 SL:DATE_TIME] IN:GET_EVENT]
Closest place I can take my son to see Santa	Cl os est Ġplace ĠI Ġcan Ġtake Ġmy Ġson Ġto Ġsee ĠSanta	[IN:GET_EVENT [SL:LOCATION [IN:GET_LOCATION [SL:LOCATION_MODIFIER @ptr_0 @ptr_1 @ptr_2 SL:LOCATION_MODIFIER] IN:GET_LOCATION] SL:LOCATION] @ptr_3 @ptr_4 @ptr_5 @ptr_6 [SL:ATTENDEE_EVENT [IN:GET_CONTACT [SL:CONTACT_RELATED @ptr_7 SL:CONTACT_RELATED] [SL:TYPE_RELATION @ptr_8 SL:TYPE_RELATION] IN:GET_CONTACT] SL:ATTENDEE_EVENT] @ptr_9 @ptr_10 [SL:NAME_EVENT @ptr_11 SL:NAME_EVENT] IN:GET_EVENT]
I need a good event to take my kids to this weekend , in Beaverton	I Ġneed Ġa Ġgood Ġevent Ġto Ġtake Ġmy Ġkids Ġto Ġthis Ġweekend Ġ, Ġin ĠBeaver ton	[IN:GET_EVENT @ptr_0 @ptr_1 @ptr_2 @ptr_3 @ptr_4 @ptr_5 @ptr_6 [SL:ATTENDEE_EVENT [IN:GET_CONTACT [SL:CONTACT_RELATED @ptr_7 SL:CONTACT_RELATED] [SL:TYPE_RELATION @ptr_8 SL:TYPE_RELATION] IN:GET_CONTACT] SL:ATTENDEE_EVENT] @ptr_9 [SL:DATE_TIME @ptr_10 @ptr_11 SL:DATE_TIME] @ptr_12 @ptr_13 [SL:LOCATION @ptr_14 @ptr_15 SL:LOCATION] IN:GET_EVENT]
Are any of my friends hosting Secret Santa parties next week	Are Ġany Ġof Ġmy Ġfriends Ġhosting ĠSecret ĠSanta Ġparties Ġnext Ġweek	[IN:GET_EVENT_ORGANIZER @ptr_0 @ptr_1 @ptr_2 [SL:ORGANIZER_EVENT [IN:GET_CONTACT [SL:CONTACT_RELATED @ptr_3 SL:CONTACT_RELATED] [SL:TYPE_RELATION @ptr_4 SL:TYPE_RELATION] IN:GET_CONTACT] SL:ORGANIZER_EVENT] @ptr_5 [SL:CATEGORY_EVENT @ptr_6 @ptr_7 @ptr_8 SL:CATEGORY_EVENT] [SL:DATE_TIME @ptr_9 @ptr_10 SL:DATE_TIME] IN:GET_EVENT_ORGANIZER]
Do my friends have any events this weekend	Do Ġmy Ġfriends Ġhave Ġany Ġevents Ġthis Ġweekend	[IN:GET_EVENT @ptr_0 [SL:ATTENDEE_EVENT [IN:GET_CONTACT [SL:CONTACT_RELATED @ptr_1 SL:CONTACT_RELATED] [SL:TYPE_RELATION @ptr_2 SL:TYPE_RELATION] IN:GET_CONTACT] SL:ATTENDEE_EVENT] @ptr_3 @ptr_4 @ptr_5 [SL:DATE_TIME @ptr_6 @ptr_7 SL:DATE_TIME] IN:GET_EVENT]
What events are my friends attending	What Ġevents Ġare Ġmy Ġfriends Ġattending	[IN:GET_EVENT @ptr_0 @ptr_1 @ptr_2 [SL:ATTENDEE_EVENT [IN:GET_CONTACT [SL:CONTACT_RELATED @ptr_3 SL:CONTACT_RELATED] [SL:TYPE_RELATION @ptr_4 SL:TYPE_RELATION] IN:GET_CONTACT] SL:ATTENDEE_EVENT] @ptr_5 IN:GET_EVENT]
What events can I attend with my family in Boston area	What Ġevents Ġcan ĠI Ġattend Ġwith Ġmy Ġfamily Ġin ĠBoston Ġarea	[IN:GET_EVENT @ptr_0 @ptr_1 @ptr_2 @ptr_3 @ptr_4 @ptr_5 [SL:ATTENDEE_EVENT [IN:GET_CONTACT [SL:CONTACT_RELATED @ptr_6 SL:CONTACT_RELATED] [SL:TYPE_RELATION @ptr_7 SL:TYPE_RELATION] IN:GET_CONTACT] SL:ATTENDEE_EVENT] @ptr_8 [SL:LOCATION @ptr_9 SL:LOCATION] @ptr_10 IN:GET_EVENT]
friends birthday parties next month	friends Ġbirthday Ġparties Ġnext Ġmonth	[IN:GET_EVENT [SL:ORGANIZER_EVENT [IN:GET_CONTACT [SL:TYPE_RELATION @ptr_0 SL:TYPE_RELATION] IN:GET_CONTACT] SL:ORGANIZER_EVENT] [SL:CATEGORY_EVENT @ptr_1 @ptr_2 SL:CATEGORY_EVENT] [SL:DATE_TIME @ptr_3 @ptr_4 SL:DATE_TIME] IN:GET_EVENT]
Are any of my friends hosting Secret Santa parties next week	Are Ġany Ġof Ġmy Ġfriends Ġhosting ĠSecret ĠSanta Ġparties Ġnext Ġweek	[IN:GET_EVENT_ORGANIZER @ptr_0 @ptr_1 @ptr_2 [SL:ORGANIZER_EVENT [IN:GET_CONTACT [SL:CONTACT_RELATED @ptr_3 SL:CONTACT_RELATED] [SL:TYPE_RELATION @ptr_4 SL:TYPE_RELATION] IN:GET_CONTACT] SL:ORGANIZER_EVENT] @ptr_5 [SL:CATEGORY_EVENT @ptr_6 @ptr_7 @ptr_8 SL:CATEGORY_EVENT] [SL:DATE_TIME @ptr_9 @ptr_10 SL:DATE_TIME] IN:GET_EVENT_ORGANIZER]
What can we do as a family for a birthday party for my husband	What Ġcan Ġwe Ġdo Ġas Ġa Ġfamily Ġfor Ġa Ġbirthday Ġparty Ġfor Ġmy Ġhusband	[IN:GET_EVENT @ptr_0 @ptr_1 @ptr_2 @ptr_3 @ptr_4 [SL:ATTRIBUTE_EVENT @ptr_5 @ptr_6 SL:ATTRIBUTE_EVENT] @ptr_7 [SL:CATEGORY_EVENT @ptr_8 @ptr_9 @ptr_10 SL:CATEGORY_EVENT] @ptr_11 [SL:ORGANIZER_EVENT [IN:GET_CONTACT [SL:CONTACT_RELATED @ptr_12 SL:CONTACT_RELATED] [SL:TYPE_RELATION @ptr_13 SL:TYPE_RELATION] IN:GET_CONTACT] SL:ORGANIZER_EVENT] IN:GET_EVENT]
Does my son Austin have a wrestling match this week	Does Ġmy Ġson ĠAustin Ġhave Ġa Ġwrestling Ġmatch Ġthis Ġweek	[IN:GET_EVENT @ptr_0 [SL:ATTENDEE_EVENT [IN:GET_CONTACT [SL:CONTACT_RELATED @ptr_1 SL:CONTACT_RELATED] [SL:TYPE_RELATION @ptr_2 SL:TYPE_RELATION] [SL:CONTACT @ptr_3 SL:CONTACT] IN:GET_CONTACT] SL:ATTENDEE_EVENT] @ptr_4 [SL:CATEGORY_EVENT @ptr_5 @ptr_6 @ptr_7 SL:CATEGORY_EVENT] [SL:DATE_TIME @ptr_8 @ptr_9 SL:DATE_TIME] IN:GET_EVENT]
Kylie 's pop up store	K yl ie Ġ' s Ġpop Ġup Ġstore	[IN:GET_EVENT [SL:ORGANIZER_EVENT @ptr_0 @ptr_1 @ptr_2 SL:ORGANIZER_EVENT] @ptr_3 @ptr_4 [SL:CATEGORY_EVENT @ptr_5 @ptr_6 @ptr_7 SL:CATEGORY_EVENT] IN:GET_EVENT]
Saturday YMCA yoga classes	Saturday ĠY M CA Ġyoga Ġclasses	[IN:GET_EVENT [SL:DATE_TIME @ptr_0 SL:DATE_TIME] [SL:ORGANIZER_EVENT @ptr_1 @ptr_2 @ptr_3 SL:ORGANIZER_EVENT] [SL:CATEGORY_EVENT @ptr_4 @ptr_5 SL:CATEGORY_EVENT] IN:GET_EVENT]
Is the Troup County Chamber of Commerce having any events this week	Is Ġthe ĠT roup ĠCounty ĠChamber Ġof ĠCommerce Ġhaving Ġany Ġevents Ġthis Ġweek	[IN:GET_EVENT @ptr_0 [SL:ORGANIZER_EVENT @ptr_1 @ptr_2 @ptr_3 @ptr_4 @ptr_5 @ptr_6 @ptr_7 SL:ORGANIZER_EVENT] @ptr_8 @ptr_9 @ptr_10 [SL:DATE_TIME @ptr_11 @ptr_12 SL:DATE_TIME] IN:GET_EVENT]
Humane Society dog training classes	Hum ane ĠSociety Ġdog Ġtraining Ġclasses	[IN:GET_EVENT [SL:ORGANIZER_EVENT @ptr_0 @ptr_1 @ptr_2 SL:ORGANIZER_EVENT] [SL:CATEGORY_EVENT @ptr_3 @ptr_4 @ptr_5 SL:CATEGORY_EVENT] IN:GET_EVENT]
friends who have responded to my event on Sunday	friends Ġwho Ġhave Ġresponded Ġto Ġmy Ġevent Ġon ĠSunday	[IN:GET_EVENT_ATTENDEE [SL:ATTENDEE_EVENT [IN:GET_CONTACT [SL:TYPE_RELATION @ptr_0 SL:TYPE_RELATION] IN:GET_CONTACT] SL:ATTENDEE_EVENT] @ptr_1 @ptr_2 @ptr_3 @ptr_4 [SL:ORGANIZER_EVENT @ptr_5 SL:ORGANIZER_EVENT] @ptr_6 [SL:DATE_TIME @ptr_7 @ptr_8 SL:DATE_TIME] IN:GET_EVENT_ATTENDEE]
meetings for this week at work	meet ings Ġfor Ġthis Ġweek Ġat Ġwork	[IN:GET_EVENT [SL:CATEGORY_EVENT @ptr_0 @ptr_1 SL:CATEGORY_EVENT] [SL:DATE_TIME @ptr_2 @ptr_3 @ptr_4 SL:DATE_TIME] @ptr_5 [SL:LOCATION [IN:GET_LOCATION_WORK @ptr_6 IN:GET_LOCATION_WORK] SL:LOCATION] IN:GET_EVENT]
what time is my event tuesday at work	what Ġtime Ġis Ġmy Ġevent Ġt uesday Ġat Ġwork	[IN:GET_EVENT @ptr_0 @ptr_1 @ptr_2 [SL:ORGANIZER_EVENT @ptr_3 SL:ORGANIZER_EVENT] @ptr_4 [SL:DATE_TIME @ptr_5 @ptr_6 SL:DATE_TIME] @ptr_7 [SL:LOCATION [IN:GET_LOCATION_WORK @ptr_8 IN:GET_LOCATION_WORK] SL:LOCATION] IN:GET_EVENT]
where is the closest live music to my office	where Ġis Ġthe Ġclosest Ġlive Ġmusic Ġto Ġmy Ġoffice	[IN:GET_EVENT @ptr_0 @ptr_1 @ptr_2 [SL:LOCATION [IN:GET_LOCATION [SL:LOCATION_MODIFIER @ptr_3 SL:LOCATION_MODIFIER] IN:GET_LOCATION] SL:LOCATION] [SL:CATEGORY_EVENT @ptr_4 @ptr_5 SL:CATEGORY_EVENT] @ptr_6 [SL:LOCATION [IN:GET_LOCATION_WORK [SL:CONTACT @ptr_7 SL:CONTACT] @ptr_8 IN:GET_LOCATION_WORK] SL:LOCATION] IN:GET_EVENT]
What events are happening near work today	What Ġevents Ġare Ġhappening Ġnear Ġwork Ġtoday	[IN:GET_EVENT @ptr_0 @ptr_1 @ptr_2 @ptr_3 [SL:LOCATION [IN:GET_LOCATION [SL:SEARCH_RADIUS @ptr_4 SL:SEARCH_RADIUS] [SL:LOCATION [IN:GET_LOCATION_WORK @ptr_5 IN:GET_LOCATION_WORK] SL:LOCATION] IN:GET_LOCATION] SL:LOCATION] [SL:DATE_TIME @ptr_6 SL:DATE_TIME] IN:GET_EVENT]
When does the party at work go until on Thursday night	When Ġdoes Ġthe Ġparty Ġat Ġwork Ġgo Ġuntil Ġon ĠThursday Ġnight	[IN:GET_EVENT @ptr_0 @ptr_1 [SL:CATEGORY_EVENT @ptr_2 @ptr_3 SL:CATEGORY_EVENT] @ptr_4 [SL:LOCATION [IN:GET_LOCATION_WORK @ptr_5 IN:GET_LOCATION_WORK] SL:LOCATION] @ptr_6 @ptr_7 [SL:DATE_TIME @ptr_8 @ptr_9 @ptr_10 SL:DATE_TIME] IN:GET_EVENT]
things to do in Las Vegas besides gambling	things Ġto Ġdo Ġin ĠLas ĠVegas Ġbesides Ġgambling	[IN:GET_EVENT @ptr_0 @ptr_1 @ptr_2 @ptr_3 [SL:LOCATION @ptr_4 @ptr_5 SL:LOCATION] @ptr_6 [SL:CATEGORY_EVENT [IN:NEGATION @ptr_7 IN:NEGATION] SL:CATEGORY_EVENT] IN:GET_EVENT]
Are any of my friends hosting Secret Santa parties next week	Are Ġany Ġof Ġmy Ġfriends Ġhosting ĠSecret ĠSanta Ġparties Ġnext Ġweek	[IN:GET_EVENT_ORGANIZER @ptr_0 @ptr_1 @ptr_2 [SL:ORGANIZER_EVENT [IN:GET_CONTACT [SL:CONTACT_RELATED @ptr_3 SL:CONTACT_RELATED] [SL:TYPE_RELATION @ptr_4 SL:TYPE_RELATION] IN:GET_CONTACT] SL:ORGANIZER_EVENT] @ptr_5 [SL:CATEGORY_EVENT @ptr_6 @ptr_7 @ptr_8 SL:CATEGORY_EVENT] [SL:DATE_TIME @ptr_9 @ptr_10 SL:DATE_TIME] IN:GET_EVENT_ORGANIZER]
are any of my friends hosting parties in Wilmington this weekend	are Ġany Ġof Ġmy Ġfriends Ġhosting Ġparties Ġin ĠWilmington Ġthis Ġweekend	[IN:GET_EVENT_ORGANIZER @ptr_0 @ptr_1 @ptr_2 [SL:ORGANIZER_EVENT [IN:GET_CONTACT [SL:CONTACT_RELATED @ptr_3 SL:CONTACT_RELATED] [SL:TYPE_RELATION @ptr_4 SL:TYPE_RELATION] IN:GET_CONTACT] SL:ORGANIZER_EVENT] @ptr_5 [SL:CATEGORY_EVENT @ptr_6 SL:CATEGORY_EVENT] @ptr_7 [SL:LOCATION @ptr_8 SL:LOCATION] [SL:DATE_TIME @ptr_9 @ptr_10 SL:DATE_TIME] IN:GET_EVENT_ORGANIZER]
Who is hosting New Year 's Eve Parties in Orlando	Who Ġis Ġhosting ĠNew ĠYear Ġ' s ĠEve ĠParties Ġin ĠOrlando	[IN:GET_EVENT_ORGANIZER @ptr_0 @ptr_1 @ptr_2 [SL:DATE_TIME @ptr_3 @ptr_4 @ptr_5 @ptr_6 @ptr_7 SL:DATE_TIME] [SL:CATEGORY_EVENT @ptr_8 SL:CATEGORY_EVENT] @ptr_9 [SL:LOCATION @ptr_10 SL:LOCATION] IN:GET_EVENT_ORGANIZER]
Who is giving the Nutcracker performance this weekend here in Miami	Who Ġis Ġgiving Ġthe ĠNut cr acker Ġperformance Ġthis Ġweekend Ġhere Ġin ĠMiami	[IN:GET_EVENT_ORGANIZER @ptr_0 @ptr_1 @ptr_2 [SL:CATEGORY_EVENT @ptr_3 @ptr_4 @ptr_5 @ptr_6 @ptr_7 SL:CATEGORY_EVENT] [SL:DATE_TIME @ptr_8 @ptr_9 SL:DATE_TIME] @ptr_10 @ptr_11 [SL:LOCATION @ptr_12 SL:LOCATION] IN:GET_EVENT_ORGANIZER]
how many people expected to show up on first star wars showing	how Ġmany Ġpeople Ġexpected Ġto Ġshow Ġup Ġon Ġfirst Ġstar Ġwars Ġshowing	[IN:GET_EVENT_ATTENDEE_AMOUNT @ptr_0 @ptr_1 @ptr_2 @ptr_3 @ptr_4 @ptr_5 @ptr_6 @ptr_7 [SL:ORDINAL @ptr_8 SL:ORDINAL] [SL:CATEGORY_EVENT @ptr_9 @ptr_10 @ptr_11 SL:CATEGORY_EVENT] IN:GET_EVENT_ATTENDEE_AMOUNT]
how many people will be attending the event	how Ġmany Ġpeople Ġwill Ġbe Ġattending Ġthe Ġevent	[IN:GET_EVENT_ATTENDEE_AMOUNT @ptr_0 @ptr_1 @ptr_2 @ptr_3 @ptr_4 @ptr_5 @ptr_6 @ptr_7 IN:GET_EVENT_ATTENDEE_AMOUNT]
how many people expected at the amphitheatre	how Ġmany Ġpeople Ġexpected Ġat Ġthe Ġamph ithe atre	[IN:GET_EVENT_ATTENDEE_AMOUNT @ptr_0 @ptr_1 @ptr_2 @ptr_3 @ptr_4 [SL:LOCATION [IN:GET_LOCATION [SL:CATEGORY_LOCATION @ptr_5 @ptr_6 @ptr_7 @ptr_8 SL:CATEGORY_LOCATION] IN:GET_LOCATION] SL:LOCATION] IN:GET_EVENT_ATTENDEE_AMOUNT]
How many people have purchased tickets for the Rhiannon concert in Atlanta this Saturday night	How Ġmany Ġpeople Ġhave Ġpurchased Ġtickets Ġfor Ġthe ĠRh ian non Ġconcert Ġin ĠAtlanta Ġthis ĠSaturday Ġnight	[IN:GET_EVENT_ATTENDEE_AMOUNT @ptr_0 @ptr_1 @ptr_2 @ptr_3 @ptr_4 @ptr_5 @ptr_6 @ptr_7 [SL:NAME_EVENT @ptr_8 @ptr_9 @ptr_10 SL:NAME_EVENT] [SL:CATEGORY_EVENT @ptr_11 SL:CATEGORY_EVENT] @ptr_12 [SL:LOCATION @ptr_13 SL:LOCATION] [SL:DATE_TIME @ptr_14 @ptr_15 @ptr_16 SL:DATE_TIME] IN:GET_EVENT_ATTENDEE_AMOUNT]
times for the next 2 football games	times Ġfor Ġthe Ġnext Ġ2 Ġfootball Ġgames	[IN:GET_EVENT @ptr_0 @ptr_1 @ptr_2 [SL:ORDINAL @ptr_3 SL:ORDINAL] [SL:AMOUNT @ptr_4 SL:AMOUNT] [SL:CATEGORY_EVENT @ptr_5 @ptr_6 SL:CATEGORY_EVENT] IN:GET_EVENT]
