Display the new text I have	Display Ġthe Ġnew Ġtext ĠI Ġhave	[IN:GET_MESSAGE @ptr_0 @ptr_1 [SL:TAG_MESSAGE @ptr_2 SL:TAG_MESSAGE] @ptr_3 @ptr_4 @ptr_5 IN:GET_MESSAGE]
switch to my chats	switch Ġto Ġmy Ġchats	[IN:GET_MESSAGE @ptr_0 @ptr_1 @ptr_2 @ptr_3 IN:GET_MESSAGE]
Do I have any messages from Haley ?	Do ĠI Ġhave Ġany Ġmessages Ġfrom ĠHaley Ġ?	[IN:GET_MESSAGE @ptr_0 @ptr_1 @ptr_2 @ptr_3 @ptr_4 @ptr_5 [SL:SENDER @ptr_6 SL:SENDER] @ptr_7 IN:GET_MESSAGE]
Read what Karen wrote yesterday in Dog Walkers group .	Read Ġwhat ĠKaren Ġwrote Ġyesterday Ġin ĠDog ĠWalk ers Ġgroup Ġ.	[IN:GET_MESSAGE @ptr_0 @ptr_1 [SL:SENDER @ptr_2 SL:SENDER] @ptr_3 [SL:DATE_TIME @ptr_4 SL:DATE_TIME] @ptr_5 [SL:GROUP @ptr_6 @ptr_7 @ptr_8 SL:GROUP] @ptr_9 @ptr_10 IN:GET_MESSAGE]
did i get a text message from husband yet today	did Ġi Ġget Ġa Ġtext Ġmessage Ġfrom Ġhusband Ġyet Ġtoday	[IN:GET_MESSAGE @ptr_0 @ptr_1 @ptr_2 @ptr_3 @ptr_4 @ptr_5 @ptr_6 [SL:SENDER [IN:GET_CONTACT [SL:TYPE_RELATION @ptr_7 SL:TYPE_RELATION] IN:GET_CONTACT] SL:SENDER] @ptr_8 [SL:DATE_TIME @ptr_9 SL:DATE_TIME] IN:GET_MESSAGE]
Message Mom , I am hungry please get me some food .	Message ĠMom Ġ, ĠI Ġam Ġhungry Ġplease Ġget Ġme Ġsome Ġfood Ġ.	[IN:SEND_MESSAGE @ptr_0 [SL:RECIPIENT [IN:GET_CONTACT [SL:TYPE_RELATION @ptr_1 SL:TYPE_RELATION] IN:GET_CONTACT] SL:RECIPIENT] @ptr_2 [SL:CONTENT_EXACT @ptr_3 @ptr_4 @ptr_5 @ptr_6 @ptr_7 @ptr_8 @ptr_9 @ptr_10 SL:CONTENT_EXACT] @ptr_11 IN:SEND_MESSAGE]
Please contact Professor Smith in iMessage	Please Ġcontact ĠProfessor ĠSmith Ġin Ġi Message	[IN:SEND_MESSAGE @ptr_0 @ptr_1 [SL:RECIPIENT @ptr_2 @ptr_3 SL:RECIPIENT] @ptr_4 [SL:RESOURCE @ptr_5 @ptr_6 SL:RESOURCE] IN:SEND_MESSAGE]
Create a video message for Laura .	Create Ġa Ġvideo Ġmessage Ġfor ĠLaura Ġ.	[IN:SEND_MESSAGE @ptr_0 @ptr_1 [SL:TYPE_CONTENT @ptr_2 SL:TYPE_CONTENT] @ptr_3 @ptr_4 [SL:RECIPIENT @ptr_5 SL:RECIPIENT] @ptr_6 IN:SEND_MESSAGE]
Text my sister I want ice cream .	Text Ġmy Ġsister ĠI Ġwant Ġice Ġcream Ġ.	[IN:SEND_MESSAGE @ptr_0 [SL:RECIPIENT [IN:GET_CONTACT [SL:CONTACT_RELATED @ptr_1 SL:CONTACT_RELATED] [SL:TYPE_RELATION @ptr_2 SL:TYPE_RELATION] IN:GET_CONTACT] SL:RECIPIENT] [SL:CONTENT_EXACT @ptr_3 @ptr_4 @ptr_5 @ptr_6 SL:CONTENT_EXACT] @ptr_7 IN:SEND_MESSAGE]
Tell agency to book me a flight .	Tell Ġagency Ġto Ġbook Ġme Ġa Ġflight Ġ.	[IN:SEND_MESSAGE @ptr_0 [SL:RECIPIENT @ptr_1 SL:RECIPIENT] [SL:CONTENT_EXACT @ptr_2 @ptr_3 @ptr_4 @ptr_5 @ptr_6 SL:CONTENT_EXACT] @ptr_7 IN:SEND_MESSAGE]
message Amanda on July 5th lets meet at Lagoon at 10 AM	message ĠAmanda Ġon ĠJuly Ġ5 th Ġlets Ġmeet Ġat ĠLag oon Ġat Ġ10 ĠAM	[IN:SEND_MESSAGE @ptr_0 [SL:RECIPIENT @ptr_1 SL:RECIPIENT] [SL:CONTENT_EXACT @ptr_2 @ptr_3 @ptr_4 @ptr_5 @ptr_6 @ptr_7 @ptr_8 @ptr_9 @ptr_10 @ptr_11 @ptr_12 @ptr_13 SL:CONTENT_EXACT] IN:SEND_MESSAGE]
shout at Mike and tell him I'm running late	sh out Ġat ĠMike Ġand Ġtell Ġhim ĠI 'm Ġrunning Ġlate	[IN:SEND_MESSAGE @ptr_0 @ptr_1 @ptr_2 [SL:RECIPIENT @ptr_3 SL:RECIPIENT] @ptr_4 @ptr_5 @ptr_6 [SL:CONTENT_EXACT @ptr_7 @ptr_8 @ptr_9 @ptr_10 SL:CONTENT_EXACT] IN:SEND_MESSAGE]
message Jack .	message ĠJack Ġ.	[IN:SEND_MESSAGE @ptr_0 [SL:RECIPIENT @ptr_1 SL:RECIPIENT] @ptr_2 IN:SEND_MESSAGE]
text my brother that it 's a surprise .	text Ġmy Ġbrother Ġthat Ġit Ġ' s Ġa Ġsurprise Ġ.	[IN:SEND_MESSAGE @ptr_0 [SL:RECIPIENT [IN:GET_CONTACT [SL:CONTACT_RELATED @ptr_1 SL:CONTACT_RELATED] [SL:TYPE_RELATION @ptr_2 SL:TYPE_RELATION] IN:GET_CONTACT] SL:RECIPIENT] @ptr_3 [SL:CONTENT_EXACT @ptr_4 @ptr_5 @ptr_6 @ptr_7 @ptr_8 SL:CONTENT_EXACT] @ptr_9 IN:SEND_MESSAGE]
Tell Ali we can't make it to the Wendy Walk	Tell ĠAli Ġwe Ġcan 't Ġmake Ġit Ġto Ġthe ĠWendy ĠWalk	[IN:SEND_MESSAGE @ptr_0 [SL:RECIPIENT @ptr_1 SL:RECIPIENT] [SL:CONTENT_EXACT @ptr_2 @ptr_3 @ptr_4 @ptr_5 @ptr_6 @ptr_7 @ptr_8 @ptr_9 @ptr_10 SL:CONTENT_EXACT] IN:SEND_MESSAGE]
Message Jb to find out what time the Kevin Hart show starts .	Message ĠJ b Ġto Ġfind Ġout Ġwhat Ġtime Ġthe ĠKevin ĠHart Ġshow Ġstarts Ġ.	[IN:SEND_MESSAGE @ptr_0 [SL:RECIPIENT @ptr_1 @ptr_2 SL:RECIPIENT] @ptr_3 @ptr_4 @ptr_5 [SL:CONTENT_EXACT @ptr_6 @ptr_7 @ptr_8 @ptr_9 @ptr_10 @ptr_11 @ptr_12 SL:CONTENT_EXACT] @ptr_13 IN:SEND_MESSAGE]
Send message to shakira that I will meet her at Sangertown	Send Ġmessage Ġto Ġsh ak ira Ġthat ĠI Ġwill Ġmeet Ġher Ġat ĠSang ert own	[IN:SEND_MESSAGE @ptr_0 @ptr_1 @ptr_2 [SL:RECIPIENT @ptr_3 @ptr_4 @ptr_5 SL:RECIPIENT] @ptr_6 [SL:CONTENT_EXACT @ptr_7 @ptr_8 @ptr_9 @ptr_10 @ptr_11 @ptr_12 @ptr_13 @ptr_14 SL:CONTENT_EXACT] IN:SEND_MESSAGE]
ask jessica if she will be late	ask Ġj ess ica Ġif Ġshe Ġwill Ġbe Ġlate	[IN:SEND_MESSAGE @ptr_0 [SL:RECIPIENT @ptr_1 @ptr_2 @ptr_3 SL:RECIPIENT] @ptr_4 [SL:CONTENT_EXACT @ptr_5 @ptr_6 @ptr_7 @ptr_8 SL:CONTENT_EXACT] IN:SEND_MESSAGE]
message durbin to see when the fundraiser ends	message Ġd urb in Ġto Ġsee Ġwhen Ġthe Ġfundraiser Ġends	[IN:SEND_MESSAGE @ptr_0 [SL:RECIPIENT @ptr_1 @ptr_2 @ptr_3 SL:RECIPIENT] @ptr_4 @ptr_5 [SL:CONTENT_EXACT @ptr_6 @ptr_7 @ptr_8 @ptr_9 SL:CONTENT_EXACT] IN:SEND_MESSAGE]
Message Sally with the deadline date of October 11th for the medical questionnaire to be completed .	Message ĠSally Ġwith Ġthe Ġdeadline Ġdate Ġof ĠOctober Ġ11 th Ġfor Ġthe Ġmedical Ġquestionnaire Ġto Ġbe Ġcompleted Ġ.	[IN:SEND_MESSAGE @ptr_0 [SL:RECIPIENT @ptr_1 SL:RECIPIENT] @ptr_2 [SL:CONTENT_EXACT @ptr_3 @ptr_4 @ptr_5 @ptr_6 @ptr_7 @ptr_8 @ptr_9 @ptr_10 @ptr_11 @ptr_12 @ptr_13 @ptr_14 @ptr_15 @ptr_16 SL:CONTENT_EXACT] @ptr_17 IN:SEND_MESSAGE]
Tell Mom I'll be there on Sunday	Tell ĠMom ĠI 'll Ġbe Ġthere Ġon ĠSunday	[IN:SEND_MESSAGE @ptr_0 [SL:RECIPIENT [IN:GET_CONTACT [SL:TYPE_RELATION @ptr_1 SL:TYPE_RELATION] IN:GET_CONTACT] SL:RECIPIENT] [SL:CONTENT_EXACT @ptr_2 @ptr_3 @ptr_4 @ptr_5 @ptr_6 @ptr_7 SL:CONTENT_EXACT] IN:SEND_MESSAGE]
message Mom tomorrow is a holiday .	message ĠMom Ġtomorrow Ġis Ġa Ġholiday Ġ.	[IN:SEND_MESSAGE @ptr_0 [SL:RECIPIENT [IN:GET_CONTACT [SL:TYPE_RELATION @ptr_1 SL:TYPE_RELATION] IN:GET_CONTACT] SL:RECIPIENT] [SL:CONTENT_EXACT @ptr_2 @ptr_3 @ptr_4 @ptr_5 SL:CONTENT_EXACT] @ptr_6 IN:SEND_MESSAGE]
tell my sister that her class reunion is on friday at 8 pm	tell Ġmy Ġsister Ġthat Ġher Ġclass Ġreunion Ġis Ġon Ġfr iday Ġat Ġ8 Ġpm	[IN:SEND_MESSAGE @ptr_0 [SL:RECIPIENT [IN:GET_CONTACT [SL:CONTACT_RELATED @ptr_1 SL:CONTACT_RELATED] [SL:TYPE_RELATION @ptr_2 SL:TYPE_RELATION] IN:GET_CONTACT] SL:RECIPIENT] @ptr_3 [SL:CONTENT_EXACT @ptr_4 @ptr_5 @ptr_6 @ptr_7 @ptr_8 @ptr_9 @ptr_10 @ptr_11 @ptr_12 @ptr_13 SL:CONTENT_EXACT] IN:SEND_MESSAGE]
Can you video message Aunt Betty and Chanel ?	Can Ġyou Ġvideo Ġmessage ĠAunt ĠBetty Ġand ĠChan el Ġ?	[IN:SEND_MESSAGE @ptr_0 @ptr_1 [SL:TYPE_CONTENT @ptr_2 SL:TYPE_CONTENT] @ptr_3 [SL:RECIPIENT [IN:GET_CONTACT [SL:TYPE_RELATION @ptr_4 SL:TYPE_RELATION] [SL:CONTACT @ptr_5 SL:CONTACT] IN:GET_CONTACT] SL:RECIPIENT] @ptr_6 [SL:RECIPIENT @ptr_7 @ptr_8 SL:RECIPIENT] @ptr_9 IN:SEND_MESSAGE]
Message mom on Telegram and tell her that I'm coming to visit next month	Message Ġmom Ġon ĠTelegram Ġand Ġtell Ġher Ġthat ĠI 'm Ġcoming Ġto Ġvisit Ġnext Ġmonth	[IN:SEND_MESSAGE @ptr_0 [SL:RECIPIENT [IN:GET_CONTACT [SL:TYPE_RELATION @ptr_1 SL:TYPE_RELATION] IN:GET_CONTACT] SL:RECIPIENT] @ptr_2 [SL:RESOURCE @ptr_3 SL:RESOURCE] @ptr_4 @ptr_5 @ptr_6 @ptr_7 [SL:CONTENT_EXACT @ptr_8 @ptr_9 @ptr_10 @ptr_11 @ptr_12 @ptr_13 @ptr_14 SL:CONTENT_EXACT] IN:SEND_MESSAGE]
Message my friend Damien about what time I can meet him at the Science Museum expo on Thursday .	Message Ġmy Ġfriend ĠDamien Ġabout Ġwhat Ġtime ĠI Ġcan Ġmeet Ġhim Ġat Ġthe ĠScience ĠMuseum Ġexp o Ġon ĠThursday Ġ.	[IN:SEND_MESSAGE @ptr_0 [SL:RECIPIENT [IN:GET_CONTACT [SL:CONTACT_RELATED @ptr_1 SL:CONTACT_RELATED] [SL:TYPE_RELATION @ptr_2 SL:TYPE_RELATION] [SL:CONTACT @ptr_3 SL:CONTACT] IN:GET_CONTACT] SL:RECIPIENT] @ptr_4 [SL:CONTENT_EXACT @ptr_5 @ptr_6 @ptr_7 @ptr_8 @ptr_9 @ptr_10 @ptr_11 @ptr_12 @ptr_13 @ptr_14 @ptr_15 @ptr_16 @ptr_17 @ptr_18 SL:CONTENT_EXACT] @ptr_19 IN:SEND_MESSAGE]
send a message to my wife , “ I’m going to be home a little late tonight ” .	send Ġa Ġmessage Ġto Ġmy Ġwife Ġ, ĠâĢ ľ ĠI âĢ Ļ m Ġgoing Ġto Ġbe Ġhome Ġa Ġlittle Ġlate Ġtonight ĠâĢ Ŀ Ġ.	[IN:SEND_MESSAGE @ptr_0 @ptr_1 @ptr_2 @ptr_3 [SL:RECIPIENT [IN:GET_CONTACT [SL:CONTACT_RELATED @ptr_4 SL:CONTACT_RELATED] [SL:TYPE_RELATION @ptr_5 SL:TYPE_RELATION] IN:GET_CONTACT] SL:RECIPIENT] @ptr_6 @ptr_7 @ptr_8 [SL:CONTENT_EXACT @ptr_9 @ptr_10 @ptr_11 @ptr_12 @ptr_13 @ptr_14 @ptr_15 @ptr_16 @ptr_17 @ptr_18 @ptr_19 @ptr_20 SL:CONTENT_EXACT] @ptr_21 @ptr_22 @ptr_23 IN:SEND_MESSAGE]
text my sister to come home already .	text Ġmy Ġsister Ġto Ġcome Ġhome Ġalready Ġ.	[IN:SEND_MESSAGE @ptr_0 [SL:RECIPIENT [IN:GET_CONTACT [SL:CONTACT_RELATED @ptr_1 SL:CONTACT_RELATED] [SL:TYPE_RELATION @ptr_2 SL:TYPE_RELATION] IN:GET_CONTACT] SL:RECIPIENT] @ptr_3 [SL:CONTENT_EXACT @ptr_4 @ptr_5 @ptr_6 SL:CONTENT_EXACT] @ptr_7 IN:SEND_MESSAGE]
Text my sister to return her library books	Text Ġmy Ġsister Ġto Ġreturn Ġher Ġlibrary Ġbooks	[IN:SEND_MESSAGE @ptr_0 [SL:RECIPIENT [IN:GET_CONTACT [SL:CONTACT_RELATED @ptr_1 SL:CONTACT_RELATED] [SL:TYPE_RELATION @ptr_2 SL:TYPE_RELATION] IN:GET_CONTACT] SL:RECIPIENT] @ptr_3 [SL:CONTENT_EXACT @ptr_4 @ptr_5 @ptr_6 @ptr_7 SL:CONTENT_EXACT] IN:SEND_MESSAGE]
Send a message to my grandmother that the fundraiser is now at the middle school .	Send Ġa Ġmessage Ġto Ġmy Ġgrandmother Ġthat Ġthe Ġfundraiser Ġis Ġnow Ġat Ġthe Ġmiddle Ġschool Ġ.	[IN:SEND_MESSAGE @ptr_0 @ptr_1 @ptr_2 @ptr_3 [SL:RECIPIENT [IN:GET_CONTACT [SL:CONTACT_RELATED @ptr_4 SL:CONTACT_RELATED] [SL:TYPE_RELATION @ptr_5 SL:TYPE_RELATION] IN:GET_CONTACT] SL:RECIPIENT] @ptr_6 [SL:CONTENT_EXACT @ptr_7 @ptr_8 @ptr_9 @ptr_10 @ptr_11 @ptr_12 @ptr_13 @ptr_14 SL:CONTENT_EXACT] @ptr_15 IN:SEND_MESSAGE]
Message mom and tell her that the roads are icy .	Message Ġmom Ġand Ġtell Ġher Ġthat Ġthe Ġroads Ġare Ġicy Ġ.	[IN:SEND_MESSAGE @ptr_0 [SL:RECIPIENT [IN:GET_CONTACT [SL:TYPE_RELATION @ptr_1 SL:TYPE_RELATION] IN:GET_CONTACT] SL:RECIPIENT] @ptr_2 @ptr_3 @ptr_4 @ptr_5 [SL:CONTENT_EXACT @ptr_6 @ptr_7 @ptr_8 @ptr_9 SL:CONTENT_EXACT] @ptr_10 IN:SEND_MESSAGE]
Tell my sister to buy eggs in a Messenger text	Tell Ġmy Ġsister Ġto Ġbuy Ġeggs Ġin Ġa ĠMessenger Ġtext	[IN:SEND_MESSAGE @ptr_0 [SL:RECIPIENT [IN:GET_CONTACT [SL:CONTACT_RELATED @ptr_1 SL:CONTACT_RELATED] [SL:TYPE_RELATION @ptr_2 SL:TYPE_RELATION] IN:GET_CONTACT] SL:RECIPIENT] @ptr_3 [SL:CONTENT_EXACT @ptr_4 @ptr_5 SL:CONTENT_EXACT] @ptr_6 @ptr_7 [SL:RESOURCE @ptr_8 SL:RESOURCE] @ptr_9 IN:SEND_MESSAGE]
Send a message to Mom saying I love you .	Send Ġa Ġmessage Ġto ĠMom Ġsaying ĠI Ġlove Ġyou Ġ.	[IN:SEND_MESSAGE @ptr_0 @ptr_1 @ptr_2 @ptr_3 [SL:RECIPIENT [IN:GET_CONTACT [SL:TYPE_RELATION @ptr_4 SL:TYPE_RELATION] IN:GET_CONTACT] SL:RECIPIENT] @ptr_5 [SL:CONTENT_EXACT @ptr_6 @ptr_7 @ptr_8 SL:CONTENT_EXACT] @ptr_9 IN:SEND_MESSAGE]
Text my brother and tell him the Warriors basketball game comes on tonight at 7 .	Text Ġmy Ġbrother Ġand Ġtell Ġhim Ġthe ĠWarriors Ġbasketball Ġgame Ġcomes Ġon Ġtonight Ġat Ġ7 Ġ.	[IN:SEND_MESSAGE @ptr_0 [SL:RECIPIENT [IN:GET_CONTACT [SL:CONTACT_RELATED @ptr_1 SL:CONTACT_RELATED] [SL:TYPE_RELATION @ptr_2 SL:TYPE_RELATION] IN:GET_CONTACT] SL:RECIPIENT] @ptr_3 @ptr_4 @ptr_5 [SL:CONTENT_EXACT @ptr_6 @ptr_7 @ptr_8 @ptr_9 @ptr_10 @ptr_11 @ptr_12 @ptr_13 @ptr_14 SL:CONTENT_EXACT] @ptr_15 IN:SEND_MESSAGE]
message my sister connie that there is a poetry reading in the park on main	message Ġmy Ġsister Ġcon nie Ġthat Ġthere Ġis Ġa Ġpoetry Ġreading Ġin Ġthe Ġpark Ġon Ġmain	[IN:SEND_MESSAGE @ptr_0 [SL:RECIPIENT [IN:GET_CONTACT [SL:CONTACT_RELATED @ptr_1 SL:CONTACT_RELATED] [SL:TYPE_RELATION @ptr_2 SL:TYPE_RELATION] [SL:CONTACT @ptr_3 @ptr_4 SL:CONTACT] IN:GET_CONTACT] SL:RECIPIENT] @ptr_5 [SL:CONTENT_EXACT @ptr_6 @ptr_7 @ptr_8 @ptr_9 @ptr_10 @ptr_11 @ptr_12 @ptr_13 @ptr_14 @ptr_15 SL:CONTENT_EXACT] IN:SEND_MESSAGE]
Mad face to Dad 's text	Mad Ġface Ġto ĠDad Ġ' s Ġtext	[IN:REACT_MESSAGE [SL:TYPE_REACTION @ptr_0 @ptr_1 SL:TYPE_REACTION] @ptr_2 [SL:RECIPIENT [IN:GET_CONTACT [SL:TYPE_RELATION @ptr_3 SL:TYPE_RELATION] IN:GET_CONTACT] SL:RECIPIENT] @ptr_4 @ptr_5 @ptr_6 IN:REACT_MESSAGE]
Add an angry react to Max 's message .	Add Ġan Ġangry Ġreact Ġto ĠMax Ġ' s Ġmessage Ġ.	[IN:REACT_MESSAGE @ptr_0 @ptr_1 [SL:TYPE_REACTION @ptr_2 SL:TYPE_REACTION] @ptr_3 @ptr_4 [SL:RECIPIENT @ptr_5 SL:RECIPIENT] @ptr_6 @ptr_7 @ptr_8 @ptr_9 IN:REACT_MESSAGE]
Like the last message Tobey just sent	Like Ġthe Ġlast Ġmessage ĠTob ey Ġjust Ġsent	[IN:REACT_MESSAGE [SL:TYPE_REACTION @ptr_0 SL:TYPE_REACTION] @ptr_1 [SL:ORDINAL @ptr_2 SL:ORDINAL] @ptr_3 [SL:RECIPIENT @ptr_4 @ptr_5 SL:RECIPIENT] @ptr_6 @ptr_7 IN:REACT_MESSAGE]
Dislike the message from Mom .	Dis like Ġthe Ġmessage Ġfrom ĠMom Ġ.	[IN:REACT_MESSAGE [SL:TYPE_REACTION @ptr_0 @ptr_1 SL:TYPE_REACTION] @ptr_2 @ptr_3 @ptr_4 [SL:RECIPIENT [IN:GET_CONTACT [SL:TYPE_RELATION @ptr_5 SL:TYPE_RELATION] IN:GET_CONTACT] SL:RECIPIENT] @ptr_6 IN:REACT_MESSAGE]
Like the text from Brian	Like Ġthe Ġtext Ġfrom ĠBrian	[IN:REACT_MESSAGE [SL:TYPE_REACTION @ptr_0 SL:TYPE_REACTION] @ptr_1 @ptr_2 @ptr_3 [SL:RECIPIENT @ptr_4 SL:RECIPIENT] IN:REACT_MESSAGE]
thumbs up that message from joanna	th umbs Ġup Ġthat Ġmessage Ġfrom Ġjo anna	[IN:REACT_MESSAGE [SL:TYPE_REACTION @ptr_0 @ptr_1 @ptr_2 SL:TYPE_REACTION] @ptr_3 @ptr_4 @ptr_5 [SL:RECIPIENT @ptr_6 @ptr_7 SL:RECIPIENT] IN:REACT_MESSAGE]
Dislike the message from marty	Dis like Ġthe Ġmessage Ġfrom Ġmart y	[IN:REACT_MESSAGE [SL:TYPE_REACTION @ptr_0 @ptr_1 SL:TYPE_REACTION] @ptr_2 @ptr_3 @ptr_4 [SL:RECIPIENT @ptr_5 @ptr_6 SL:RECIPIENT] IN:REACT_MESSAGE]
Wow that text from Sarah	Wow Ġthat Ġtext Ġfrom ĠSarah	[IN:REACT_MESSAGE [SL:TYPE_REACTION @ptr_0 SL:TYPE_REACTION] @ptr_1 @ptr_2 @ptr_3 [SL:RECIPIENT @ptr_4 SL:RECIPIENT] IN:REACT_MESSAGE]
Smile react to that message .	Sm ile Ġreact Ġto Ġthat Ġmessage Ġ.	[IN:REACT_MESSAGE [SL:TYPE_REACTION @ptr_0 @ptr_1 SL:TYPE_REACTION] @ptr_2 @ptr_3 @ptr_4 @ptr_5 @ptr_6 IN:REACT_MESSAGE]
Wow that message in the NTRD group	Wow Ġthat Ġmessage Ġin Ġthe ĠN TR D Ġgroup	[IN:REACT_MESSAGE [SL:TYPE_REACTION @ptr_0 SL:TYPE_REACTION] @ptr_1 @ptr_2 @ptr_3 @ptr_4 [SL:GROUP @ptr_5 @ptr_6 @ptr_7 SL:GROUP] @ptr_8 IN:REACT_MESSAGE]
Did the university message last week ?	Did Ġthe Ġuniversity Ġmessage Ġlast Ġweek Ġ?	[IN:GET_MESSAGE @ptr_0 @ptr_1 [SL:SENDER @ptr_2 SL:SENDER] @ptr_3 [SL:DATE_TIME @ptr_4 @ptr_5 SL:DATE_TIME] @ptr_6 IN:GET_MESSAGE]
Has dad texted me today ?	Has Ġdad Ġtexted Ġme Ġtoday Ġ?	[IN:GET_MESSAGE @ptr_0 [SL:SENDER [IN:GET_CONTACT [SL:TYPE_RELATION @ptr_1 SL:TYPE_RELATION] IN:GET_CONTACT] SL:SENDER] @ptr_2 [SL:RECIPIENT @ptr_3 SL:RECIPIENT] [SL:DATE_TIME @ptr_4 SL:DATE_TIME] @ptr_5 IN:GET_MESSAGE]
Tuesday about 3 PM I got a message from accounting relay that to me	Tuesday Ġabout Ġ3 ĠPM ĠI Ġgot Ġa Ġmessage Ġfrom Ġaccounting Ġrelay Ġthat Ġto Ġme	[IN:GET_MESSAGE [SL:DATE_TIME @ptr_0 @ptr_1 @ptr_2 @ptr_3 SL:DATE_TIME] [SL:RECIPIENT @ptr_4 SL:RECIPIENT] @ptr_5 @ptr_6 @ptr_7 @ptr_8 [SL:SENDER @ptr_9 SL:SENDER] @ptr_10 @ptr_11 @ptr_12 @ptr_13 IN:GET_MESSAGE]
show all the messages i received from Elaine today	show Ġall Ġthe Ġmessages Ġi Ġreceived Ġfrom ĠElaine Ġtoday	[IN:GET_MESSAGE @ptr_0 [SL:AMOUNT @ptr_1 SL:AMOUNT] @ptr_2 @ptr_3 [SL:RECIPIENT @ptr_4 SL:RECIPIENT] @ptr_5 @ptr_6 [SL:SENDER @ptr_7 SL:SENDER] [SL:DATE_TIME @ptr_8 SL:DATE_TIME] IN:GET_MESSAGE]
DID RANDY LEAVE ME A MESSAGE YESTERDAY ?	D ID ĠRAND Y ĠLE A VE ĠME ĠA ĠM ES SA GE ĠYES TER DAY Ġ?	[IN:GET_MESSAGE @ptr_0 @ptr_1 [SL:SENDER @ptr_2 @ptr_3 SL:SENDER] @ptr_4 @ptr_5 @ptr_6 [SL:RECIPIENT @ptr_7 SL:RECIPIENT] @ptr_8 @ptr_9 @ptr_10 @ptr_11 @ptr_12 [SL:DATE_TIME @ptr_13 @ptr_14 @ptr_15 SL:DATE_TIME] @ptr_16 IN:GET_MESSAGE]
reject video text	re ject Ġvideo Ġtext	[IN:IGNORE_MESSAGE @ptr_0 @ptr_1 [SL:TYPE_CONTENT @ptr_2 SL:TYPE_CONTENT] @ptr_3 IN:IGNORE_MESSAGE]
Audio message for my sister	Audio Ġmessage Ġfor Ġmy Ġsister	[IN:SEND_MESSAGE [SL:TYPE_CONTENT @ptr_0 SL:TYPE_CONTENT] @ptr_1 @ptr_2 [SL:RECIPIENT [IN:GET_CONTACT [SL:CONTACT_RELATED @ptr_3 SL:CONTACT_RELATED] [SL:TYPE_RELATION @ptr_4 SL:TYPE_RELATION] IN:GET_CONTACT] SL:RECIPIENT] IN:SEND_MESSAGE]
Send this image	Send Ġthis Ġimage	[IN:SEND_MESSAGE @ptr_0 @ptr_1 [SL:TYPE_CONTENT @ptr_2 SL:TYPE_CONTENT] IN:SEND_MESSAGE]
Can you send The Howling Banshees group a gif ?	Can Ġyou Ġsend ĠThe ĠHow ling ĠBans he es Ġgroup Ġa Ġgif Ġ?	[IN:SEND_MESSAGE @ptr_0 @ptr_1 @ptr_2 @ptr_3 [SL:GROUP @ptr_4 @ptr_5 @ptr_6 @ptr_7 @ptr_8 SL:GROUP] @ptr_9 @ptr_10 [SL:TYPE_CONTENT @ptr_11 SL:TYPE_CONTENT] @ptr_12 IN:SEND_MESSAGE]
can you send a voice message to jake robs asking him what time to does training start monday	can Ġyou Ġsend Ġa Ġvoice Ġmessage Ġto Ġj ake Ġro bs Ġasking Ġhim Ġwhat Ġtime Ġto Ġdoes Ġtraining Ġstart Ġm onday	[IN:SEND_MESSAGE @ptr_0 @ptr_1 @ptr_2 @ptr_3 [SL:TYPE_CONTENT @ptr_4 SL:TYPE_CONTENT] @ptr_5 @ptr_6 [SL:RECIPIENT @ptr_7 @ptr_8 @ptr_9 @ptr_10 SL:RECIPIENT] @ptr_11 @ptr_12 [SL:CONTENT_EXACT @ptr_13 @ptr_14 @ptr_15 @ptr_16 @ptr_17 @ptr_18 @ptr_19 @ptr_20 SL:CONTENT_EXACT] IN:SEND_MESSAGE]
quit messaging	quit Ġmessaging	[IN:CANCEL_MESSAGE @ptr_0 @ptr_1 IN:CANCEL_MESSAGE]
stop sending	stop Ġsending	[IN:CANCEL_MESSAGE @ptr_0 @ptr_1 IN:CANCEL_MESSAGE]
Delete last message	Delete Ġlast Ġmessage	[IN:CANCEL_MESSAGE @ptr_0 @ptr_1 @ptr_2 IN:CANCEL_MESSAGE]
Delete all messages	Delete Ġall Ġmessages	[IN:CANCEL_MESSAGE @ptr_0 [SL:AMOUNT @ptr_1 SL:AMOUNT] @ptr_2 IN:CANCEL_MESSAGE]
cancel sending	c ancel Ġsending	[IN:CANCEL_MESSAGE @ptr_0 @ptr_1 @ptr_2 IN:CANCEL_MESSAGE]
Wow the last message on bffs group	Wow Ġthe Ġlast Ġmessage Ġon Ġb ff s Ġgroup	[IN:REACT_MESSAGE [SL:TYPE_REACTION @ptr_0 SL:TYPE_REACTION] @ptr_1 [SL:ORDINAL @ptr_2 SL:ORDINAL] @ptr_3 @ptr_4 [SL:GROUP @ptr_5 @ptr_6 @ptr_7 SL:GROUP] @ptr_8 IN:REACT_MESSAGE]
Love react to Kelly 's last message	Love Ġreact Ġto ĠKelly Ġ' s Ġlast Ġmessage	[IN:REACT_MESSAGE [SL:TYPE_REACTION @ptr_0 SL:TYPE_REACTION] @ptr_1 @ptr_2 [SL:RECIPIENT @ptr_3 SL:RECIPIENT] @ptr_4 @ptr_5 [SL:ORDINAL @ptr_6 SL:ORDINAL] @ptr_7 IN:REACT_MESSAGE]
Latest texts on Call of Duty thread	Latest Ġtexts Ġon ĠCall Ġof ĠDuty Ġthread	[IN:GET_MESSAGE [SL:ORDINAL @ptr_0 SL:ORDINAL] @ptr_1 @ptr_2 [SL:GROUP @ptr_3 @ptr_4 @ptr_5 SL:GROUP] @ptr_6 IN:GET_MESSAGE]
Dislike the message that was sent last	Dis like Ġthe Ġmessage Ġthat Ġwas Ġsent Ġlast	[IN:REACT_MESSAGE [SL:TYPE_REACTION @ptr_0 @ptr_1 SL:TYPE_REACTION] @ptr_2 @ptr_3 @ptr_4 @ptr_5 @ptr_6 [SL:ORDINAL @ptr_7 SL:ORDINAL] IN:REACT_MESSAGE]
Show me who that last message was from	Show Ġme Ġwho Ġthat Ġlast Ġmessage Ġwas Ġfrom	[IN:GET_MESSAGE @ptr_0 @ptr_1 @ptr_2 @ptr_3 [SL:ORDINAL @ptr_4 SL:ORDINAL] @ptr_5 @ptr_6 @ptr_7 IN:GET_MESSAGE]
Send a group text to everyone in my work contact list letting them know there will be a surprise party on Friday .	Send Ġa Ġgroup Ġtext Ġto Ġeveryone Ġin Ġmy Ġwork Ġcontact Ġlist Ġletting Ġthem Ġknow Ġthere Ġwill Ġbe Ġa Ġsurprise Ġparty Ġon ĠFriday Ġ.	[IN:SEND_MESSAGE @ptr_0 @ptr_1 @ptr_2 @ptr_3 @ptr_4 @ptr_5 @ptr_6 @ptr_7 [SL:GROUP @ptr_8 SL:GROUP] @ptr_9 @ptr_10 @ptr_11 @ptr_12 @ptr_13 [SL:CONTENT_EXACT @ptr_14 @ptr_15 @ptr_16 @ptr_17 @ptr_18 @ptr_19 @ptr_20 @ptr_21 SL:CONTENT_EXACT] @ptr_22 IN:SEND_MESSAGE]
Wow the Family group chat message	Wow Ġthe ĠFamily Ġgroup Ġchat Ġmessage	[IN:REACT_MESSAGE [SL:TYPE_REACTION @ptr_0 SL:TYPE_REACTION] @ptr_1 [SL:GROUP @ptr_2 SL:GROUP] @ptr_3 @ptr_4 @ptr_5 IN:REACT_MESSAGE]
Add a crying face reaction to the message in my running group	Add Ġa Ġcrying Ġface Ġreaction Ġto Ġthe Ġmessage Ġin Ġmy Ġrunning Ġgroup	[IN:REACT_MESSAGE @ptr_0 @ptr_1 [SL:TYPE_REACTION @ptr_2 @ptr_3 SL:TYPE_REACTION] @ptr_4 @ptr_5 @ptr_6 @ptr_7 @ptr_8 @ptr_9 [SL:GROUP @ptr_10 SL:GROUP] @ptr_11 IN:REACT_MESSAGE]
Crying face to the Honda lovers gorup	C rying Ġface Ġto Ġthe ĠHonda Ġlovers Ġgor up	[IN:REACT_MESSAGE [SL:TYPE_REACTION @ptr_0 @ptr_1 @ptr_2 SL:TYPE_REACTION] @ptr_3 @ptr_4 [SL:GROUP @ptr_5 @ptr_6 SL:GROUP] @ptr_7 @ptr_8 IN:REACT_MESSAGE]
Grab texts from the Roomies thread	Grab Ġtexts Ġfrom Ġthe ĠRoom ies Ġthread	[IN:GET_MESSAGE @ptr_0 @ptr_1 @ptr_2 @ptr_3 [SL:GROUP @ptr_4 @ptr_5 SL:GROUP] @ptr_6 IN:GET_MESSAGE]
I need you to message my friends who live in Fletcher and ask who is going to the Fall Festival this weekend .	I Ġneed Ġyou Ġto Ġmessage Ġmy Ġfriends Ġwho Ġlive Ġin ĠFletcher Ġand Ġask Ġwho Ġis Ġgoing Ġto Ġthe ĠFall ĠFestival Ġthis Ġweekend Ġ.	[IN:SEND_MESSAGE @ptr_0 @ptr_1 @ptr_2 @ptr_3 @ptr_4 [SL:RECIPIENT [IN:GET_CONTACT [SL:CONTACT_RELATED @ptr_5 SL:CONTACT_RELATED] [SL:TYPE_RELATION @ptr_6 SL:TYPE_RELATION] @ptr_7 @ptr_8 @ptr_9 [SL:LOCATION_HOME @ptr_10 SL:LOCATION_HOME] IN:GET_CONTACT] SL:RECIPIENT] @ptr_11 @ptr_12 [SL:CONTENT_EXACT @ptr_13 @ptr_14 @ptr_15 @ptr_16 @ptr_17 @ptr_18 @ptr_19 @ptr_20 @ptr_21 SL:CONTENT_EXACT] @ptr_22 IN:SEND_MESSAGE]
send a message to my florida friends that the weather is going to be nice	send Ġa Ġmessage Ġto Ġmy Ġfl or ida Ġfriends Ġthat Ġthe Ġweather Ġis Ġgoing Ġto Ġbe Ġnice	[IN:SEND_MESSAGE @ptr_0 @ptr_1 @ptr_2 @ptr_3 [SL:RECIPIENT [IN:GET_CONTACT [SL:CONTACT_RELATED @ptr_4 SL:CONTACT_RELATED] [SL:LOCATION_HOME @ptr_5 @ptr_6 @ptr_7 SL:LOCATION_HOME] [SL:TYPE_RELATION @ptr_8 SL:TYPE_RELATION] IN:GET_CONTACT] SL:RECIPIENT] @ptr_9 [SL:CONTENT_EXACT @ptr_10 @ptr_11 @ptr_12 @ptr_13 @ptr_14 @ptr_15 @ptr_16 SL:CONTENT_EXACT] IN:SEND_MESSAGE]
Message my friends that live in Mesa and see if they want to meet for lunch at Chuys .	Message Ġmy Ġfriends Ġthat Ġlive Ġin ĠMesa Ġand Ġsee Ġif Ġthey Ġwant Ġto Ġmeet Ġfor Ġlunch Ġat ĠChu ys Ġ.	[IN:SEND_MESSAGE @ptr_0 [SL:RECIPIENT [IN:GET_CONTACT [SL:CONTACT_RELATED @ptr_1 SL:CONTACT_RELATED] [SL:TYPE_RELATION @ptr_2 SL:TYPE_RELATION] @ptr_3 @ptr_4 @ptr_5 [SL:LOCATION_HOME @ptr_6 SL:LOCATION_HOME] IN:GET_CONTACT] SL:RECIPIENT] @ptr_7 @ptr_8 @ptr_9 [SL:CONTENT_EXACT @ptr_10 @ptr_11 @ptr_12 @ptr_13 @ptr_14 @ptr_15 @ptr_16 @ptr_17 @ptr_18 SL:CONTENT_EXACT] @ptr_19 IN:SEND_MESSAGE]
Message my friends that live in Mesa and see if they want to meet for lunch at Chuys .	Message Ġmy Ġfriends Ġthat Ġlive Ġin ĠMesa Ġand Ġsee Ġif Ġthey Ġwant Ġto Ġmeet Ġfor Ġlunch Ġat ĠChu ys Ġ.	[IN:SEND_MESSAGE @ptr_0 [SL:RECIPIENT [IN:GET_CONTACT [SL:CONTACT_RELATED @ptr_1 SL:CONTACT_RELATED] [SL:TYPE_RELATION @ptr_2 SL:TYPE_RELATION] @ptr_3 @ptr_4 @ptr_5 [SL:LOCATION_HOME @ptr_6 SL:LOCATION_HOME] IN:GET_CONTACT] SL:RECIPIENT] @ptr_7 @ptr_8 @ptr_9 [SL:CONTENT_EXACT @ptr_10 @ptr_11 @ptr_12 @ptr_13 @ptr_14 @ptr_15 @ptr_16 @ptr_17 @ptr_18 SL:CONTENT_EXACT] @ptr_19 IN:SEND_MESSAGE]
I need you to message my friends who live in Fletcher and ask who is going to the Fall Festival this weekend .	I Ġneed Ġyou Ġto Ġmessage Ġmy Ġfriends Ġwho Ġlive Ġin ĠFletcher Ġand Ġask Ġwho Ġis Ġgoing Ġto Ġthe ĠFall ĠFestival Ġthis Ġweekend Ġ.	[IN:SEND_MESSAGE @ptr_0 @ptr_1 @ptr_2 @ptr_3 @ptr_4 [SL:RECIPIENT [IN:GET_CONTACT [SL:CONTACT_RELATED @ptr_5 SL:CONTACT_RELATED] [SL:TYPE_RELATION @ptr_6 SL:TYPE_RELATION] @ptr_7 @ptr_8 @ptr_9 [SL:LOCATION_HOME @ptr_10 SL:LOCATION_HOME] IN:GET_CONTACT] SL:RECIPIENT] @ptr_11 @ptr_12 [SL:CONTENT_EXACT @ptr_13 @ptr_14 @ptr_15 @ptr_16 @ptr_17 @ptr_18 @ptr_19 @ptr_20 @ptr_21 SL:CONTENT_EXACT] @ptr_22 IN:SEND_MESSAGE]
Please text everyone coming tonight and say it is still on	Please Ġtext Ġeveryone Ġcoming Ġtonight Ġand Ġsay Ġit Ġis Ġstill Ġon	[IN:SEND_MESSAGE @ptr_0 @ptr_1 [SL:RECIPIENT [IN:GET_EVENT_ATTENDEE @ptr_2 @ptr_3 [SL:DATE_TIME @ptr_4 SL:DATE_TIME] IN:GET_EVENT_ATTENDEE] SL:RECIPIENT] @ptr_5 @ptr_6 [SL:CONTENT_EXACT @ptr_7 @ptr_8 @ptr_9 @ptr_10 SL:CONTENT_EXACT] IN:SEND_MESSAGE]
send smiley emoji to Kumar .	send Ġsmile y Ġemoji Ġto ĠKumar Ġ.	[IN:SEND_MESSAGE @ptr_0 [SL:CONTENT_EMOJI @ptr_1 @ptr_2 SL:CONTENT_EMOJI] @ptr_3 @ptr_4 [SL:RECIPIENT @ptr_5 SL:RECIPIENT] @ptr_6 IN:SEND_MESSAGE]
Send Aunt Bea a smiley face on whatsapp	Send ĠAunt ĠBe a Ġa Ġsmile y Ġface Ġon Ġwhats app	[IN:SEND_MESSAGE @ptr_0 [SL:RECIPIENT [IN:GET_CONTACT [SL:TYPE_RELATION @ptr_1 SL:TYPE_RELATION] [SL:CONTACT @ptr_2 @ptr_3 SL:CONTACT] IN:GET_CONTACT] SL:RECIPIENT] [SL:CONTENT_EMOJI @ptr_4 @ptr_5 @ptr_6 @ptr_7 SL:CONTENT_EMOJI] @ptr_8 [SL:RESOURCE @ptr_9 @ptr_10 SL:RESOURCE] IN:SEND_MESSAGE]
Send a crying emoji	Send Ġa Ġcrying Ġemoji	[IN:SEND_MESSAGE @ptr_0 [SL:CONTENT_EMOJI @ptr_1 @ptr_2 SL:CONTENT_EMOJI] @ptr_3 IN:SEND_MESSAGE]
Send a smiley emoticon .	Send Ġa Ġsmile y Ġemot icon Ġ.	[IN:SEND_MESSAGE @ptr_0 [SL:CONTENT_EMOJI @ptr_1 @ptr_2 @ptr_3 @ptr_4 @ptr_5 SL:CONTENT_EMOJI] @ptr_6 IN:SEND_MESSAGE]
Send kissing face emoji to my husband and say I miss you	Send Ġkissing Ġface Ġemoji Ġto Ġmy Ġhusband Ġand Ġsay ĠI Ġmiss Ġyou	[IN:SEND_MESSAGE @ptr_0 [SL:CONTENT_EMOJI @ptr_1 @ptr_2 @ptr_3 SL:CONTENT_EMOJI] @ptr_4 [SL:RECIPIENT [IN:GET_CONTACT [SL:CONTACT_RELATED @ptr_5 SL:CONTACT_RELATED] [SL:TYPE_RELATION @ptr_6 SL:TYPE_RELATION] IN:GET_CONTACT] SL:RECIPIENT] @ptr_7 @ptr_8 [SL:CONTENT_EXACT @ptr_9 @ptr_10 @ptr_11 SL:CONTENT_EXACT] IN:SEND_MESSAGE]
Read all my unread messages .	Read Ġall Ġmy Ġun read Ġmessages Ġ.	[IN:GET_MESSAGE @ptr_0 [SL:AMOUNT @ptr_1 SL:AMOUNT] @ptr_2 [SL:TAG_MESSAGE @ptr_3 @ptr_4 SL:TAG_MESSAGE] @ptr_5 @ptr_6 IN:GET_MESSAGE]
Laugh react to the last 4 messages	L augh Ġreact Ġto Ġthe Ġlast Ġ4 Ġmessages	[IN:REACT_MESSAGE [SL:TYPE_REACTION @ptr_0 @ptr_1 SL:TYPE_REACTION] @ptr_2 @ptr_3 @ptr_4 [SL:ORDINAL @ptr_5 SL:ORDINAL] [SL:AMOUNT @ptr_6 SL:AMOUNT] @ptr_7 IN:REACT_MESSAGE]
message all the people who said happy birthday saying thank you it was a great day	message Ġall Ġthe Ġpeople Ġwho Ġsaid Ġhappy Ġbirthday Ġsaying Ġthank Ġyou Ġit Ġwas Ġa Ġgreat Ġday	[IN:SEND_MESSAGE @ptr_0 [SL:RECIPIENT [IN:GET_MESSAGE [SL:AMOUNT @ptr_1 SL:AMOUNT] @ptr_2 @ptr_3 @ptr_4 @ptr_5 [SL:CONTENT_EXACT @ptr_6 @ptr_7 SL:CONTENT_EXACT] IN:GET_MESSAGE] SL:RECIPIENT] @ptr_8 [SL:CONTENT_EXACT @ptr_9 @ptr_10 @ptr_11 @ptr_12 @ptr_13 @ptr_14 @ptr_15 SL:CONTENT_EXACT] IN:SEND_MESSAGE]
Display all texts	Display Ġall Ġtexts	[IN:GET_MESSAGE @ptr_0 [SL:AMOUNT @ptr_1 SL:AMOUNT] @ptr_2 IN:GET_MESSAGE]
Send a message to all my work contacts that I am out of the office	Send Ġa Ġmessage Ġto Ġall Ġmy Ġwork Ġcontacts Ġthat ĠI Ġam Ġout Ġof Ġthe Ġoffice	[IN:SEND_MESSAGE @ptr_0 @ptr_1 @ptr_2 @ptr_3 [SL:RECIPIENT [IN:GET_CONTACT [SL:AMOUNT @ptr_4 SL:AMOUNT] [SL:CONTACT_RELATED @ptr_5 SL:CONTACT_RELATED] [SL:MUTUAL_EMPLOYER @ptr_6 SL:MUTUAL_EMPLOYER] @ptr_7 IN:GET_CONTACT] SL:RECIPIENT] @ptr_8 [SL:CONTENT_EXACT @ptr_9 @ptr_10 @ptr_11 @ptr_12 @ptr_13 @ptr_14 SL:CONTENT_EXACT] IN:SEND_MESSAGE]
Message the kids . Get the bus	Message Ġthe Ġkids Ġ. ĠGet Ġthe Ġbus	[IN:SEND_MESSAGE @ptr_0 @ptr_1 [SL:RECIPIENT [IN:GET_CONTACT [SL:TYPE_CONTACT @ptr_2 SL:TYPE_CONTACT] IN:GET_CONTACT] SL:RECIPIENT] @ptr_3 [SL:CONTENT_EXACT @ptr_4 @ptr_5 @ptr_6 SL:CONTENT_EXACT] IN:SEND_MESSAGE]
Message work asking what time my shift starts today	Message Ġwork Ġasking Ġwhat Ġtime Ġmy Ġshift Ġstarts Ġtoday	[IN:SEND_MESSAGE @ptr_0 [SL:RECIPIENT [IN:GET_CONTACT [SL:TYPE_CONTACT @ptr_1 SL:TYPE_CONTACT] IN:GET_CONTACT] SL:RECIPIENT] @ptr_2 [SL:CONTENT_EXACT @ptr_3 @ptr_4 @ptr_5 @ptr_6 @ptr_7 @ptr_8 SL:CONTENT_EXACT] IN:SEND_MESSAGE]
Message work asking what time my shift starts today	Message Ġwork Ġasking Ġwhat Ġtime Ġmy Ġshift Ġstarts Ġtoday	[IN:SEND_MESSAGE @ptr_0 [SL:RECIPIENT [IN:GET_CONTACT [SL:TYPE_CONTACT @ptr_1 SL:TYPE_CONTACT] IN:GET_CONTACT] SL:RECIPIENT] @ptr_2 [SL:CONTENT_EXACT @ptr_3 @ptr_4 @ptr_5 @ptr_6 @ptr_7 @ptr_8 SL:CONTENT_EXACT] IN:SEND_MESSAGE]
Message my family asking what restaurant are we eating at or dinner tonight	Message Ġmy Ġfamily Ġasking Ġwhat Ġrestaurant Ġare Ġwe Ġeating Ġat Ġor Ġdinner Ġtonight	[IN:SEND_MESSAGE @ptr_0 [SL:RECIPIENT [IN:GET_CONTACT [SL:CONTACT_RELATED @ptr_1 SL:CONTACT_RELATED] [SL:TYPE_RELATION @ptr_2 SL:TYPE_RELATION] IN:GET_CONTACT] SL:RECIPIENT] @ptr_3 [SL:CONTENT_EXACT @ptr_4 @ptr_5 @ptr_6 @ptr_7 @ptr_8 @ptr_9 @ptr_10 @ptr_11 @ptr_12 SL:CONTENT_EXACT] IN:SEND_MESSAGE]
Ask my aunt what day the strawberry farm opens .	Ask Ġmy Ġaunt Ġwhat Ġday Ġthe Ġstrawberry Ġfarm Ġopens Ġ.	[IN:SEND_MESSAGE @ptr_0 [SL:RECIPIENT [IN:GET_CONTACT [SL:CONTACT_RELATED @ptr_1 SL:CONTACT_RELATED] [SL:TYPE_RELATION @ptr_2 SL:TYPE_RELATION] IN:GET_CONTACT] SL:RECIPIENT] [SL:CONTENT_EXACT @ptr_3 @ptr_4 @ptr_5 @ptr_6 @ptr_7 @ptr_8 SL:CONTENT_EXACT] @ptr_9 IN:SEND_MESSAGE]
Message my Father	Message Ġmy ĠFather	[IN:SEND_MESSAGE @ptr_0 [SL:RECIPIENT [IN:GET_CONTACT [SL:CONTACT_RELATED @ptr_1 SL:CONTACT_RELATED] [SL:TYPE_RELATION @ptr_2 SL:TYPE_RELATION] IN:GET_CONTACT] SL:RECIPIENT] IN:SEND_MESSAGE]
Message my dad and find out where we are all going to dinner Monday night for mom 's birthday ?	Message Ġmy Ġdad Ġand Ġfind Ġout Ġwhere Ġwe Ġare Ġall Ġgoing Ġto Ġdinner ĠMonday Ġnight Ġfor Ġmom Ġ' s Ġbirthday Ġ?	[IN:SEND_MESSAGE @ptr_0 [SL:RECIPIENT [IN:GET_CONTACT [SL:CONTACT_RELATED @ptr_1 SL:CONTACT_RELATED] [SL:TYPE_RELATION @ptr_2 SL:TYPE_RELATION] IN:GET_CONTACT] SL:RECIPIENT] @ptr_3 @ptr_4 @ptr_5 [SL:CONTENT_EXACT @ptr_6 @ptr_7 @ptr_8 @ptr_9 @ptr_10 @ptr_11 @ptr_12 @ptr_13 @ptr_14 @ptr_15 @ptr_16 @ptr_17 @ptr_18 @ptr_19 SL:CONTENT_EXACT] @ptr_20 IN:SEND_MESSAGE]
Send my Uncle Bob a message that I'll be at his house at 5 pm	Send Ġmy ĠUncle ĠBob Ġa Ġmessage Ġthat ĠI 'll Ġbe Ġat Ġhis Ġhouse Ġat Ġ5 Ġpm	[IN:SEND_MESSAGE @ptr_0 [SL:RECIPIENT [IN:GET_CONTACT [SL:CONTACT_RELATED @ptr_1 SL:CONTACT_RELATED] [SL:TYPE_RELATION @ptr_2 SL:TYPE_RELATION] [SL:CONTACT @ptr_3 SL:CONTACT] IN:GET_CONTACT] SL:RECIPIENT] @ptr_4 @ptr_5 @ptr_6 [SL:CONTENT_EXACT @ptr_7 @ptr_8 @ptr_9 @ptr_10 @ptr_11 @ptr_12 @ptr_13 @ptr_14 @ptr_15 SL:CONTENT_EXACT] IN:SEND_MESSAGE]
I lost the message from my Dad that he sent yesterday , can you find it ?	I Ġlost Ġthe Ġmessage Ġfrom Ġmy ĠDad Ġthat Ġhe Ġsent Ġyesterday Ġ, Ġcan Ġyou Ġfind Ġit Ġ?	[IN:GET_MESSAGE @ptr_0 @ptr_1 @ptr_2 @ptr_3 @ptr_4 [SL:SENDER [IN:GET_CONTACT [SL:CONTACT_RELATED @ptr_5 SL:CONTACT_RELATED] [SL:TYPE_RELATION @ptr_6 SL:TYPE_RELATION] IN:GET_CONTACT] SL:SENDER] @ptr_7 @ptr_8 @ptr_9 [SL:DATE_TIME @ptr_10 SL:DATE_TIME] @ptr_11 @ptr_12 @ptr_13 @ptr_14 @ptr_15 @ptr_16 IN:GET_MESSAGE]
Did Sam FaceTime me today ?	Did ĠSam ĠFace Time Ġme Ġtoday Ġ?	[IN:GET_MESSAGE @ptr_0 [SL:SENDER @ptr_1 SL:SENDER] [SL:RESOURCE @ptr_2 @ptr_3 SL:RESOURCE] [SL:RECIPIENT @ptr_4 SL:RECIPIENT] [SL:DATE_TIME @ptr_5 SL:DATE_TIME] @ptr_6 IN:GET_MESSAGE]
Did I text Jim yesterday ?	Did ĠI Ġtext ĠJim Ġyesterday Ġ?	[IN:GET_MESSAGE @ptr_0 [SL:SENDER @ptr_1 SL:SENDER] @ptr_2 [SL:RECIPIENT @ptr_3 SL:RECIPIENT] [SL:DATE_TIME @ptr_4 SL:DATE_TIME] @ptr_5 IN:GET_MESSAGE]
Do I have any new texts from Mary ?	Do ĠI Ġhave Ġany Ġnew Ġtexts Ġfrom ĠMary Ġ?	[IN:GET_MESSAGE @ptr_0 @ptr_1 @ptr_2 @ptr_3 [SL:TAG_MESSAGE @ptr_4 SL:TAG_MESSAGE] @ptr_5 @ptr_6 [SL:SENDER @ptr_7 SL:SENDER] @ptr_8 IN:GET_MESSAGE]
Show me texts from my sister	Show Ġme Ġtexts Ġfrom Ġmy Ġsister	[IN:GET_MESSAGE @ptr_0 @ptr_1 @ptr_2 @ptr_3 [SL:SENDER [IN:GET_CONTACT [SL:CONTACT_RELATED @ptr_4 SL:CONTACT_RELATED] [SL:TYPE_RELATION @ptr_5 SL:TYPE_RELATION] IN:GET_CONTACT] SL:SENDER] IN:GET_MESSAGE]
Ask my coworkers what time the holiday party is at .	Ask Ġmy Ġcoworkers Ġwhat Ġtime Ġthe Ġholiday Ġparty Ġis Ġat Ġ.	[IN:SEND_MESSAGE @ptr_0 [SL:RECIPIENT [IN:GET_CONTACT [SL:CONTACT_RELATED @ptr_1 SL:CONTACT_RELATED] [SL:MUTUAL_EMPLOYER @ptr_2 SL:MUTUAL_EMPLOYER] IN:GET_CONTACT] SL:RECIPIENT] [SL:CONTENT_EXACT @ptr_3 @ptr_4 @ptr_5 @ptr_6 @ptr_7 @ptr_8 @ptr_9 SL:CONTENT_EXACT] @ptr_10 IN:SEND_MESSAGE]
Ask my coworkers what time the holiday party is at .	Ask Ġmy Ġcoworkers Ġwhat Ġtime Ġthe Ġholiday Ġparty Ġis Ġat Ġ.	[IN:SEND_MESSAGE @ptr_0 [SL:RECIPIENT [IN:GET_CONTACT [SL:CONTACT_RELATED @ptr_1 SL:CONTACT_RELATED] [SL:MUTUAL_EMPLOYER @ptr_2 SL:MUTUAL_EMPLOYER] IN:GET_CONTACT] SL:RECIPIENT] [SL:CONTENT_EXACT @ptr_3 @ptr_4 @ptr_5 @ptr_6 @ptr_7 @ptr_8 @ptr_9 SL:CONTENT_EXACT] @ptr_10 IN:SEND_MESSAGE]
Send message to my employees that the office will close an hour early due to daylight savings	Send Ġmessage Ġto Ġmy Ġemployees Ġthat Ġthe Ġoffice Ġwill Ġclose Ġan Ġhour Ġearly Ġdue Ġto Ġdaylight Ġsavings	[IN:SEND_MESSAGE @ptr_0 @ptr_1 @ptr_2 [SL:RECIPIENT [IN:GET_CONTACT [SL:CONTACT_RELATED @ptr_3 SL:CONTACT_RELATED] [SL:MUTUAL_EMPLOYER @ptr_4 SL:MUTUAL_EMPLOYER] IN:GET_CONTACT] SL:RECIPIENT] @ptr_5 [SL:CONTENT_EXACT @ptr_6 @ptr_7 @ptr_8 @ptr_9 @ptr_10 @ptr_11 @ptr_12 @ptr_13 @ptr_14 @ptr_15 @ptr_16 SL:CONTENT_EXACT] IN:SEND_MESSAGE]
message coworker im driving	message Ġcowork er Ġim Ġdriving	[IN:SEND_MESSAGE @ptr_0 [SL:RECIPIENT [IN:GET_CONTACT [SL:MUTUAL_EMPLOYER @ptr_1 @ptr_2 SL:MUTUAL_EMPLOYER] IN:GET_CONTACT] SL:RECIPIENT] [SL:CONTENT_EXACT @ptr_3 @ptr_4 SL:CONTENT_EXACT] IN:SEND_MESSAGE]
Tell my co workers that there is an accident on the highway and to search for another route .	Tell Ġmy Ġco Ġworkers Ġthat Ġthere Ġis Ġan Ġaccident Ġon Ġthe Ġhighway Ġand Ġto Ġsearch Ġfor Ġanother Ġroute Ġ.	[IN:SEND_MESSAGE @ptr_0 [SL:RECIPIENT [IN:GET_CONTACT [SL:CONTACT_RELATED @ptr_1 SL:CONTACT_RELATED] [SL:MUTUAL_EMPLOYER @ptr_2 @ptr_3 SL:MUTUAL_EMPLOYER] IN:GET_CONTACT] SL:RECIPIENT] @ptr_4 [SL:CONTENT_EXACT @ptr_5 @ptr_6 @ptr_7 @ptr_8 @ptr_9 @ptr_10 @ptr_11 @ptr_12 @ptr_13 @ptr_14 @ptr_15 @ptr_16 @ptr_17 SL:CONTENT_EXACT] @ptr_18 IN:SEND_MESSAGE]
Message Joe in Facebook asking which day he 's leaving Ohio	Message ĠJoe Ġin ĠFacebook Ġasking Ġwhich Ġday Ġhe Ġ' s Ġleaving ĠOhio	[IN:SEND_MESSAGE @ptr_0 [SL:RECIPIENT @ptr_1 SL:RECIPIENT] @ptr_2 [SL:RESOURCE @ptr_3 SL:RESOURCE] @ptr_4 [SL:CONTENT_EXACT @ptr_5 @ptr_6 @ptr_7 @ptr_8 @ptr_9 @ptr_10 @ptr_11 SL:CONTENT_EXACT] IN:SEND_MESSAGE]
Line message Susan the kittens are ready to adopt today	Line Ġmessage ĠSusan Ġthe Ġkittens Ġare Ġready Ġto Ġadopt Ġtoday	[IN:SEND_MESSAGE [SL:RESOURCE @ptr_0 SL:RESOURCE] @ptr_1 [SL:RECIPIENT @ptr_2 SL:RECIPIENT] [SL:CONTENT_EXACT @ptr_3 @ptr_4 @ptr_5 @ptr_6 @ptr_7 @ptr_8 @ptr_9 SL:CONTENT_EXACT] IN:SEND_MESSAGE]
Crying face to the last text on Messenger	C rying Ġface Ġto Ġthe Ġlast Ġtext Ġon ĠMessenger	[IN:REACT_MESSAGE [SL:TYPE_REACTION @ptr_0 @ptr_1 @ptr_2 SL:TYPE_REACTION] @ptr_3 @ptr_4 [SL:ORDINAL @ptr_5 SL:ORDINAL] @ptr_6 @ptr_7 [SL:RESOURCE @ptr_8 SL:RESOURCE] IN:REACT_MESSAGE]
send a WhatsApp to Andy asking if he 's coming to the party .	send Ġa ĠWhatsApp Ġto ĠAndy Ġasking Ġif Ġhe Ġ' s Ġcoming Ġto Ġthe Ġparty Ġ.	[IN:SEND_MESSAGE @ptr_0 @ptr_1 [SL:RESOURCE @ptr_2 SL:RESOURCE] @ptr_3 [SL:RECIPIENT @ptr_4 SL:RECIPIENT] @ptr_5 @ptr_6 [SL:CONTENT_EXACT @ptr_7 @ptr_8 @ptr_9 @ptr_10 @ptr_11 @ptr_12 @ptr_13 SL:CONTENT_EXACT] @ptr_14 IN:SEND_MESSAGE]
Send new SMS	Send Ġnew ĠSMS	[IN:SEND_MESSAGE @ptr_0 @ptr_1 [SL:RESOURCE @ptr_2 SL:RESOURCE] IN:SEND_MESSAGE]
Send message to my college alumni friends that the 1st few of them football game will be August 20 , want to know to be there	Send Ġmessage Ġto Ġmy Ġcollege Ġalumni Ġfriends Ġthat Ġthe Ġ1 st Ġfew Ġof Ġthem Ġfootball Ġgame Ġwill Ġbe ĠAugust Ġ20 Ġ, Ġwant Ġto Ġknow Ġto Ġbe Ġthere	[IN:SEND_MESSAGE @ptr_0 @ptr_1 @ptr_2 [SL:RECIPIENT [IN:GET_CONTACT [SL:CONTACT_RELATED @ptr_3 SL:CONTACT_RELATED] [SL:MUTUAL_SCHOOL @ptr_4 @ptr_5 SL:MUTUAL_SCHOOL] [SL:TYPE_RELATION @ptr_6 SL:TYPE_RELATION] IN:GET_CONTACT] SL:RECIPIENT] @ptr_7 [SL:CONTENT_EXACT @ptr_8 @ptr_9 @ptr_10 @ptr_11 @ptr_12 @ptr_13 @ptr_14 @ptr_15 @ptr_16 @ptr_17 @ptr_18 @ptr_19 @ptr_20 @ptr_21 @ptr_22 @ptr_23 @ptr_24 @ptr_25 @ptr_26 SL:CONTENT_EXACT] IN:SEND_MESSAGE]
Message my school friends to ask when our next reunion will be .	Message Ġmy Ġschool Ġfriends Ġto Ġask Ġwhen Ġour Ġnext Ġreunion Ġwill Ġbe Ġ.	[IN:SEND_MESSAGE @ptr_0 [SL:RECIPIENT [IN:GET_CONTACT [SL:CONTACT_RELATED @ptr_1 SL:CONTACT_RELATED] [SL:MUTUAL_SCHOOL @ptr_2 SL:MUTUAL_SCHOOL] [SL:TYPE_RELATION @ptr_3 SL:TYPE_RELATION] IN:GET_CONTACT] SL:RECIPIENT] @ptr_4 @ptr_5 [SL:CONTENT_EXACT @ptr_6 @ptr_7 @ptr_8 @ptr_9 @ptr_10 @ptr_11 SL:CONTENT_EXACT] @ptr_12 IN:SEND_MESSAGE]
Send message to my college alumni friends that the 1st few of them football game will be August 20 , want to know to be there	Send Ġmessage Ġto Ġmy Ġcollege Ġalumni Ġfriends Ġthat Ġthe Ġ1 st Ġfew Ġof Ġthem Ġfootball Ġgame Ġwill Ġbe ĠAugust Ġ20 Ġ, Ġwant Ġto Ġknow Ġto Ġbe Ġthere	[IN:SEND_MESSAGE @ptr_0 @ptr_1 @ptr_2 [SL:RECIPIENT [IN:GET_CONTACT [SL:CONTACT_RELATED @ptr_3 SL:CONTACT_RELATED] [SL:MUTUAL_SCHOOL @ptr_4 @ptr_5 SL:MUTUAL_SCHOOL] [SL:TYPE_RELATION @ptr_6 SL:TYPE_RELATION] IN:GET_CONTACT] SL:RECIPIENT] @ptr_7 [SL:CONTENT_EXACT @ptr_8 @ptr_9 @ptr_10 @ptr_11 @ptr_12 @ptr_13 @ptr_14 @ptr_15 @ptr_16 @ptr_17 @ptr_18 @ptr_19 @ptr_20 @ptr_21 @ptr_22 @ptr_23 @ptr_24 @ptr_25 @ptr_26 SL:CONTENT_EXACT] IN:SEND_MESSAGE]
Message my school friends to ask when our next reunion will be .	Message Ġmy Ġschool Ġfriends Ġto Ġask Ġwhen Ġour Ġnext Ġreunion Ġwill Ġbe Ġ.	[IN:SEND_MESSAGE @ptr_0 [SL:RECIPIENT [IN:GET_CONTACT [SL:CONTACT_RELATED @ptr_1 SL:CONTACT_RELATED] [SL:MUTUAL_SCHOOL @ptr_2 SL:MUTUAL_SCHOOL] [SL:TYPE_RELATION @ptr_3 SL:TYPE_RELATION] IN:GET_CONTACT] SL:RECIPIENT] @ptr_4 @ptr_5 [SL:CONTENT_EXACT @ptr_6 @ptr_7 @ptr_8 @ptr_9 @ptr_10 @ptr_11 SL:CONTENT_EXACT] @ptr_12 IN:SEND_MESSAGE]
Text all my lesbian friends that we are leaving for pride at 7 am	Text Ġall Ġmy Ġlesbian Ġfriends Ġthat Ġwe Ġare Ġleaving Ġfor Ġpride Ġat Ġ7 Ġam	[IN:SEND_MESSAGE @ptr_0 @ptr_1 [SL:RECIPIENT [IN:GET_CONTACT [SL:CONTACT_RELATED @ptr_2 SL:CONTACT_RELATED] [SL:TYPE_INFO @ptr_3 SL:TYPE_INFO] [SL:TYPE_RELATION @ptr_4 SL:TYPE_RELATION] IN:GET_CONTACT] SL:RECIPIENT] @ptr_5 [SL:CONTENT_EXACT @ptr_6 @ptr_7 @ptr_8 @ptr_9 @ptr_10 @ptr_11 @ptr_12 @ptr_13 SL:CONTENT_EXACT] IN:SEND_MESSAGE]
Text all my lesbian friends that we are leaving for pride at 7 am	Text Ġall Ġmy Ġlesbian Ġfriends Ġthat Ġwe Ġare Ġleaving Ġfor Ġpride Ġat Ġ7 Ġam	[IN:SEND_MESSAGE @ptr_0 @ptr_1 [SL:RECIPIENT [IN:GET_CONTACT [SL:CONTACT_RELATED @ptr_2 SL:CONTACT_RELATED] [SL:TYPE_INFO @ptr_3 SL:TYPE_INFO] [SL:TYPE_RELATION @ptr_4 SL:TYPE_RELATION] IN:GET_CONTACT] SL:RECIPIENT] @ptr_5 [SL:CONTENT_EXACT @ptr_6 @ptr_7 @ptr_8 @ptr_9 @ptr_10 @ptr_11 @ptr_12 @ptr_13 SL:CONTENT_EXACT] IN:SEND_MESSAGE]
Send both an e - mail and text to my local friends that Baskin Robbins is having a July 4th sale event .	Send Ġboth Ġan Ġe Ġ- Ġmail Ġand Ġtext Ġto Ġmy Ġlocal Ġfriends Ġthat ĠB ask in ĠRobbins Ġis Ġhaving Ġa ĠJuly Ġ4 th Ġsale Ġevent Ġ.	[IN:SEND_MESSAGE @ptr_0 @ptr_1 @ptr_2 @ptr_3 @ptr_4 @ptr_5 @ptr_6 @ptr_7 @ptr_8 [SL:RECIPIENT [IN:GET_CONTACT [SL:CONTACT_RELATED @ptr_9 SL:CONTACT_RELATED] [SL:MUTUAL_LOCATION @ptr_10 SL:MUTUAL_LOCATION] [SL:TYPE_RELATION @ptr_11 SL:TYPE_RELATION] IN:GET_CONTACT] SL:RECIPIENT] @ptr_12 [SL:CONTENT_EXACT @ptr_13 @ptr_14 @ptr_15 @ptr_16 @ptr_17 @ptr_18 @ptr_19 @ptr_20 @ptr_21 @ptr_22 @ptr_23 @ptr_24 SL:CONTENT_EXACT] @ptr_25 IN:SEND_MESSAGE]
Send both an e - mail and text to my local friends that Baskin Robbins is having a July 4th sale event .	Send Ġboth Ġan Ġe Ġ- Ġmail Ġand Ġtext Ġto Ġmy Ġlocal Ġfriends Ġthat ĠB ask in ĠRobbins Ġis Ġhaving Ġa ĠJuly Ġ4 th Ġsale Ġevent Ġ.	[IN:SEND_MESSAGE @ptr_0 @ptr_1 @ptr_2 @ptr_3 @ptr_4 @ptr_5 @ptr_6 @ptr_7 @ptr_8 [SL:RECIPIENT [IN:GET_CONTACT [SL:CONTACT_RELATED @ptr_9 SL:CONTACT_RELATED] [SL:MUTUAL_LOCATION @ptr_10 SL:MUTUAL_LOCATION] [SL:TYPE_RELATION @ptr_11 SL:TYPE_RELATION] IN:GET_CONTACT] SL:RECIPIENT] @ptr_12 [SL:CONTENT_EXACT @ptr_13 @ptr_14 @ptr_15 @ptr_16 @ptr_17 @ptr_18 @ptr_19 @ptr_20 @ptr_21 @ptr_22 @ptr_23 @ptr_24 SL:CONTENT_EXACT] @ptr_25 IN:SEND_MESSAGE]
What is my new message	What Ġis Ġmy Ġnew Ġmessage	[IN:GET_MESSAGE @ptr_0 @ptr_1 @ptr_2 [SL:TAG_MESSAGE @ptr_3 SL:TAG_MESSAGE] @ptr_4 IN:GET_MESSAGE]
show unread messages	show Ġun read Ġmessages	[IN:GET_MESSAGE @ptr_0 [SL:TAG_MESSAGE @ptr_1 @ptr_2 SL:TAG_MESSAGE] @ptr_3 IN:GET_MESSAGE]
Pull up all the new messages on Line .	Pull Ġup Ġall Ġthe Ġnew Ġmessages Ġon ĠLine Ġ.	[IN:GET_MESSAGE @ptr_0 @ptr_1 [SL:AMOUNT @ptr_2 SL:AMOUNT] @ptr_3 [SL:TAG_MESSAGE @ptr_4 SL:TAG_MESSAGE] @ptr_5 @ptr_6 [SL:RESOURCE @ptr_7 SL:RESOURCE] @ptr_8 IN:GET_MESSAGE]
Read all unread messages	Read Ġall Ġun read Ġmessages	[IN:GET_MESSAGE @ptr_0 [SL:AMOUNT @ptr_1 SL:AMOUNT] [SL:TAG_MESSAGE @ptr_2 @ptr_3 SL:TAG_MESSAGE] @ptr_4 IN:GET_MESSAGE]
What new texts do I have ?	What Ġnew Ġtexts Ġdo ĠI Ġhave Ġ?	[IN:GET_MESSAGE @ptr_0 [SL:TAG_MESSAGE @ptr_1 SL:TAG_MESSAGE] @ptr_2 @ptr_3 @ptr_4 @ptr_5 @ptr_6 IN:GET_MESSAGE]
Start setting up a video message	Start Ġsetting Ġup Ġa Ġvideo Ġmessage	[IN:UNSUPPORTED_MESSAGING @ptr_0 @ptr_1 @ptr_2 @ptr_3 @ptr_4 @ptr_5 IN:UNSUPPORTED_MESSAGING]
Start making a video message for John .	Start Ġmaking Ġa Ġvideo Ġmessage Ġfor ĠJohn Ġ.	[IN:UNSUPPORTED_MESSAGING @ptr_0 @ptr_1 @ptr_2 @ptr_3 @ptr_4 @ptr_5 @ptr_6 @ptr_7 IN:UNSUPPORTED_MESSAGING]
Record a video message at 7 : 00 pm .	Record Ġa Ġvideo Ġmessage Ġat Ġ7 Ġ: Ġ00 Ġpm Ġ.	[IN:UNSUPPORTED_MESSAGING @ptr_0 @ptr_1 @ptr_2 @ptr_3 @ptr_4 @ptr_5 @ptr_6 @ptr_7 @ptr_8 @ptr_9 IN:UNSUPPORTED_MESSAGING]
Start Grandma 's video message	Start ĠGrand ma Ġ' s Ġvideo Ġmessage	[IN:UNSUPPORTED_MESSAGING @ptr_0 @ptr_1 @ptr_2 @ptr_3 @ptr_4 @ptr_5 @ptr_6 IN:UNSUPPORTED_MESSAGING]
I want to record a group video message for Anne Stanton , Kenna Haj and Nancy Karras .	I Ġwant Ġto Ġrecord Ġa Ġgroup Ġvideo Ġmessage Ġfor ĠAnne ĠStanton Ġ, ĠKenn a ĠHaj Ġand ĠNancy ĠK arr as Ġ.	[IN:UNSUPPORTED_MESSAGING @ptr_0 @ptr_1 @ptr_2 @ptr_3 @ptr_4 @ptr_5 @ptr_6 @ptr_7 @ptr_8 @ptr_9 @ptr_10 @ptr_11 @ptr_12 @ptr_13 @ptr_14 @ptr_15 @ptr_16 @ptr_17 @ptr_18 @ptr_19 @ptr_20 IN:UNSUPPORTED_MESSAGING]
don't read it	don 't Ġread Ġit	[IN:IGNORE_MESSAGE @ptr_0 @ptr_1 @ptr_2 @ptr_3 IN:IGNORE_MESSAGE]
don't care about this message right now	don 't Ġcare Ġabout Ġthis Ġmessage Ġright Ġnow	[IN:IGNORE_MESSAGE @ptr_0 @ptr_1 @ptr_2 @ptr_3 @ptr_4 @ptr_5 @ptr_6 @ptr_7 IN:IGNORE_MESSAGE]
could you ignore that text	could Ġyou Ġignore Ġthat Ġtext	[IN:IGNORE_MESSAGE @ptr_0 @ptr_1 @ptr_2 @ptr_3 @ptr_4 IN:IGNORE_MESSAGE]
i don't want to hear the video message	i Ġdon 't Ġwant Ġto Ġhear Ġthe Ġvideo Ġmessage	[IN:IGNORE_MESSAGE @ptr_0 @ptr_1 @ptr_2 @ptr_3 @ptr_4 @ptr_5 @ptr_6 @ptr_7 @ptr_8 IN:IGNORE_MESSAGE]
i don’t want to hear the text	i Ġdon âĢ Ļ t Ġwant Ġto Ġhear Ġthe Ġtext	[IN:IGNORE_MESSAGE @ptr_0 @ptr_1 @ptr_2 @ptr_3 @ptr_4 @ptr_5 @ptr_6 @ptr_7 @ptr_8 @ptr_9 IN:IGNORE_MESSAGE]
Can you send a WhatsApp to my grandpa asking him if he wants food ?	Can Ġyou Ġsend Ġa ĠWhatsApp Ġto Ġmy Ġgrand pa Ġasking Ġhim Ġif Ġhe Ġwants Ġfood Ġ?	[IN:SEND_TEXT_MESSAGE @ptr_0 @ptr_1 @ptr_2 @ptr_3 [SL:RESOURCE @ptr_4 SL:RESOURCE] @ptr_5 [SL:RECIPIENT [IN:GET_CONTACT [SL:CONTACT_RELATED @ptr_6 SL:CONTACT_RELATED] [SL:TYPE_RELATION @ptr_7 @ptr_8 SL:TYPE_RELATION] IN:GET_CONTACT] SL:RECIPIENT] @ptr_9 @ptr_10 @ptr_11 [SL:CONTENT_EXACT @ptr_12 @ptr_13 @ptr_14 SL:CONTENT_EXACT] @ptr_15 IN:SEND_TEXT_MESSAGE]
Send my younger sister a voice text	Send Ġmy Ġyounger Ġsister Ġa Ġvoice Ġtext	[IN:SEND_MESSAGE @ptr_0 [SL:RECIPIENT [IN:GET_CONTACT [SL:CONTACT_RELATED @ptr_1 SL:CONTACT_RELATED] [SL:AGE @ptr_2 SL:AGE] [SL:TYPE_RELATION @ptr_3 SL:TYPE_RELATION] IN:GET_CONTACT] SL:RECIPIENT] @ptr_4 [SL:TYPE_CONTENT @ptr_5 SL:TYPE_CONTENT] @ptr_6 IN:SEND_MESSAGE]
Text my current location to my little sister .	Text Ġmy Ġcurrent Ġlocation Ġto Ġmy Ġlittle Ġsister Ġ.	[IN:SEND_MESSAGE @ptr_0 [SL:CONTENT_EXACT @ptr_1 @ptr_2 @ptr_3 SL:CONTENT_EXACT] @ptr_4 [SL:RECIPIENT [IN:GET_CONTACT [SL:CONTACT_RELATED @ptr_5 SL:CONTACT_RELATED] [SL:AGE @ptr_6 SL:AGE] [SL:TYPE_RELATION @ptr_7 SL:TYPE_RELATION] IN:GET_CONTACT] SL:RECIPIENT] @ptr_8 IN:SEND_MESSAGE]
