Remind me to change my fire alarm battery on July 4th every year .	Rem ind Ġme Ġto Ġchange Ġmy Ġfire Ġalarm Ġbattery Ġon ĠJuly Ġ4 th Ġevery Ġyear Ġ.	[IN:CREATE_REMINDER @ptr_0 @ptr_1 [SL:PERSON_REMINDED @ptr_2 SL:PERSON_REMINDED] @ptr_3 [SL:TODO @ptr_4 @ptr_5 @ptr_6 @ptr_7 @ptr_8 SL:TODO] [SL:RECURRING_DATE_TIME [IN:GET_RECURRING_DATE_TIME [SL:DATE_TIME @ptr_9 @ptr_10 @ptr_11 @ptr_12 SL:DATE_TIME] [SL:FREQUENCY @ptr_13 @ptr_14 SL:FREQUENCY] IN:GET_RECURRING_DATE_TIME] SL:RECURRING_DATE_TIME] @ptr_15 IN:CREATE_REMINDER]
set a reminder to pick up milk , eggs and cheese	set Ġa Ġreminder Ġto Ġpick Ġup Ġmilk Ġ, Ġeggs Ġand Ġcheese	[IN:CREATE_REMINDER @ptr_0 @ptr_1 @ptr_2 @ptr_3 [SL:TODO @ptr_4 @ptr_5 @ptr_6 @ptr_7 @ptr_8 @ptr_9 @ptr_10 SL:TODO] IN:CREATE_REMINDER]
Can you remind me to buy hamburgers for Allyson 's party on Saturday ?	Can Ġyou Ġremind Ġme Ġto Ġbuy Ġhamb urg ers Ġfor ĠAll yson Ġ' s Ġparty Ġon ĠSaturday Ġ?	[IN:CREATE_REMINDER @ptr_0 @ptr_1 @ptr_2 [SL:PERSON_REMINDED @ptr_3 SL:PERSON_REMINDED] @ptr_4 [SL:TODO @ptr_5 @ptr_6 @ptr_7 @ptr_8 @ptr_9 @ptr_10 @ptr_11 @ptr_12 @ptr_13 @ptr_14 SL:TODO] [SL:DATE_TIME @ptr_15 @ptr_16 SL:DATE_TIME] @ptr_17 IN:CREATE_REMINDER]
set reminder to buy contacts later	set Ġreminder Ġto Ġbuy Ġcontacts Ġlater	[IN:CREATE_REMINDER @ptr_0 @ptr_1 @ptr_2 [SL:TODO @ptr_3 @ptr_4 SL:TODO] [SL:DATE_TIME @ptr_5 SL:DATE_TIME] IN:CREATE_REMINDER]
set reminder for doctors appointment friday	set Ġreminder Ġfor Ġdoctors Ġappointment Ġfr iday	[IN:CREATE_REMINDER @ptr_0 @ptr_1 @ptr_2 [SL:TODO @ptr_3 @ptr_4 SL:TODO] [SL:DATE_TIME @ptr_5 @ptr_6 SL:DATE_TIME] IN:CREATE_REMINDER]
Remind me at 6 : 30 that I need to get dressed	Rem ind Ġme Ġat Ġ6 Ġ: Ġ30 Ġthat ĠI Ġneed Ġto Ġget Ġdressed	[IN:CREATE_REMINDER @ptr_0 @ptr_1 [SL:PERSON_REMINDED @ptr_2 SL:PERSON_REMINDED] [SL:DATE_TIME @ptr_3 @ptr_4 @ptr_5 @ptr_6 SL:DATE_TIME] @ptr_7 @ptr_8 @ptr_9 @ptr_10 [SL:TODO @ptr_11 @ptr_12 SL:TODO] IN:CREATE_REMINDER]
Remind me on Tuesday to look up that recipe for my Mom 's lasagna .	Rem ind Ġme Ġon ĠTuesday Ġto Ġlook Ġup Ġthat Ġrecipe Ġfor Ġmy ĠMom Ġ' s Ġlas agna Ġ.	[IN:CREATE_REMINDER @ptr_0 @ptr_1 [SL:PERSON_REMINDED @ptr_2 SL:PERSON_REMINDED] [SL:DATE_TIME @ptr_3 @ptr_4 SL:DATE_TIME] @ptr_5 [SL:TODO @ptr_6 @ptr_7 @ptr_8 @ptr_9 @ptr_10 @ptr_11 @ptr_12 @ptr_13 @ptr_14 @ptr_15 @ptr_16 SL:TODO] @ptr_17 IN:CREATE_REMINDER]
Remind me to set home alarm at 8 pm	Rem ind Ġme Ġto Ġset Ġhome Ġalarm Ġat Ġ8 Ġpm	[IN:CREATE_REMINDER @ptr_0 @ptr_1 [SL:PERSON_REMINDED @ptr_2 SL:PERSON_REMINDED] @ptr_3 [SL:TODO @ptr_4 @ptr_5 @ptr_6 SL:TODO] [SL:DATE_TIME @ptr_7 @ptr_8 @ptr_9 SL:DATE_TIME] IN:CREATE_REMINDER]
change all my basketball practice reminders to sunday at noon eastern	change Ġall Ġmy Ġbasketball Ġpractice Ġreminders Ġto Ġsund ay Ġat Ġnoon Ġeastern	[IN:UPDATE_REMINDER_DATE_TIME @ptr_0 [SL:AMOUNT @ptr_1 SL:AMOUNT] [SL:PERSON_REMINDED @ptr_2 SL:PERSON_REMINDED] [SL:TODO @ptr_3 @ptr_4 SL:TODO] @ptr_5 [SL:DATE_TIME_NEW @ptr_6 @ptr_7 @ptr_8 @ptr_9 @ptr_10 @ptr_11 SL:DATE_TIME_NEW] IN:UPDATE_REMINDER_DATE_TIME]
Set a reminder for mom to visit Lydia at 6 pm Tuesday .	Set Ġa Ġreminder Ġfor Ġmom Ġto Ġvisit ĠLydia Ġat Ġ6 Ġpm ĠTuesday Ġ.	[IN:CREATE_REMINDER @ptr_0 @ptr_1 @ptr_2 @ptr_3 [SL:PERSON_REMINDED [IN:GET_CONTACT [SL:TYPE_RELATION @ptr_4 SL:TYPE_RELATION] IN:GET_CONTACT] SL:PERSON_REMINDED] @ptr_5 [SL:TODO @ptr_6 @ptr_7 SL:TODO] [SL:DATE_TIME @ptr_8 @ptr_9 @ptr_10 @ptr_11 SL:DATE_TIME] @ptr_12 IN:CREATE_REMINDER]
Remove my dinner reminders .	Remove Ġmy Ġdinner Ġreminders Ġ.	[IN:DELETE_REMINDER @ptr_0 [SL:PERSON_REMINDED @ptr_1 SL:PERSON_REMINDED] [SL:TODO @ptr_2 SL:TODO] @ptr_3 @ptr_4 IN:DELETE_REMINDER]
Please remind me of the board meeting tonight 1 hour beforehand .	Please Ġremind Ġme Ġof Ġthe Ġboard Ġmeeting Ġtonight Ġ1 Ġhour Ġbeforehand Ġ.	[IN:CREATE_REMINDER @ptr_0 @ptr_1 [SL:PERSON_REMINDED @ptr_2 SL:PERSON_REMINDED] @ptr_3 [SL:TODO [IN:GET_TODO [SL:TODO @ptr_4 @ptr_5 @ptr_6 SL:TODO] [SL:DATE_TIME @ptr_7 SL:DATE_TIME] IN:GET_TODO] SL:TODO] [SL:DATE_TIME @ptr_8 @ptr_9 @ptr_10 SL:DATE_TIME] @ptr_11 IN:CREATE_REMINDER]
Get all my reminders for my the overseas trip I am going on next month	Get Ġall Ġmy Ġreminders Ġfor Ġmy Ġthe Ġoverseas Ġtrip ĠI Ġam Ġgoing Ġon Ġnext Ġmonth	[IN:GET_REMINDER @ptr_0 [SL:AMOUNT @ptr_1 SL:AMOUNT] [SL:PERSON_REMINDED @ptr_2 SL:PERSON_REMINDED] @ptr_3 @ptr_4 [SL:TODO @ptr_5 @ptr_6 @ptr_7 @ptr_8 @ptr_9 @ptr_10 @ptr_11 @ptr_12 SL:TODO] [SL:DATE_TIME @ptr_13 @ptr_14 SL:DATE_TIME] IN:GET_REMINDER]
Homework reminders .	Hom ework Ġreminders Ġ.	[IN:GET_REMINDER [SL:TODO @ptr_0 @ptr_1 SL:TODO] @ptr_2 @ptr_3 IN:GET_REMINDER]
Remind me to make a doctor appointment Wednesday at 2 pm	Rem ind Ġme Ġto Ġmake Ġa Ġdoctor Ġappointment ĠWednesday Ġat Ġ2 Ġpm	[IN:CREATE_REMINDER @ptr_0 @ptr_1 [SL:PERSON_REMINDED @ptr_2 SL:PERSON_REMINDED] @ptr_3 [SL:TODO @ptr_4 @ptr_5 @ptr_6 @ptr_7 SL:TODO] [SL:DATE_TIME @ptr_8 @ptr_9 @ptr_10 @ptr_11 SL:DATE_TIME] IN:CREATE_REMINDER]
Remind me to send my weekly check in email Monday at noon .	Rem ind Ġme Ġto Ġsend Ġmy Ġweekly Ġcheck Ġin Ġemail ĠMonday Ġat Ġnoon Ġ.	[IN:CREATE_REMINDER @ptr_0 @ptr_1 [SL:PERSON_REMINDED @ptr_2 SL:PERSON_REMINDED] @ptr_3 [SL:TODO [IN:GET_TODO [SL:TODO @ptr_4 @ptr_5 SL:TODO] [SL:RECURRING_DATE_TIME [IN:GET_RECURRING_DATE_TIME [SL:FREQUENCY @ptr_6 SL:FREQUENCY] IN:GET_RECURRING_DATE_TIME] SL:RECURRING_DATE_TIME] [SL:TODO [IN:SEND_MESSAGE [SL:CONTENT_EXACT @ptr_7 @ptr_8 SL:CONTENT_EXACT] @ptr_9 IN:SEND_MESSAGE] SL:TODO] IN:GET_TODO] SL:TODO] [SL:DATE_TIME @ptr_10 @ptr_11 @ptr_12 SL:DATE_TIME] @ptr_13 IN:CREATE_REMINDER]
ADD A WEEKLY REMINDER	ADD ĠA ĠWEEK LY ĠREM IND ER	[IN:CREATE_REMINDER @ptr_0 @ptr_1 [SL:RECURRING_DATE_TIME [IN:GET_RECURRING_DATE_TIME [SL:FREQUENCY @ptr_2 @ptr_3 SL:FREQUENCY] IN:GET_RECURRING_DATE_TIME] SL:RECURRING_DATE_TIME] @ptr_4 @ptr_5 @ptr_6 IN:CREATE_REMINDER]
Setup a monthly reminder to submit sales tax	Setup Ġa Ġmonthly Ġreminder Ġto Ġsubmit Ġsales Ġtax	[IN:CREATE_REMINDER @ptr_0 @ptr_1 [SL:RECURRING_DATE_TIME [IN:GET_RECURRING_DATE_TIME [SL:FREQUENCY @ptr_2 SL:FREQUENCY] IN:GET_RECURRING_DATE_TIME] SL:RECURRING_DATE_TIME] @ptr_3 @ptr_4 [SL:TODO @ptr_5 @ptr_6 @ptr_7 SL:TODO] IN:CREATE_REMINDER]
Set up weekly reminders for upcoming playdates .	Set Ġup Ġweekly Ġreminders Ġfor Ġupcoming Ġplay dates Ġ.	[IN:CREATE_REMINDER @ptr_0 @ptr_1 [SL:RECURRING_DATE_TIME [IN:GET_RECURRING_DATE_TIME [SL:FREQUENCY @ptr_2 SL:FREQUENCY] IN:GET_RECURRING_DATE_TIME] SL:RECURRING_DATE_TIME] @ptr_3 @ptr_4 [SL:TODO @ptr_5 @ptr_6 @ptr_7 SL:TODO] @ptr_8 IN:CREATE_REMINDER]
Add weekly reminder for swim class	Add Ġweekly Ġreminder Ġfor Ġswim Ġclass	[IN:CREATE_REMINDER @ptr_0 [SL:RECURRING_DATE_TIME [IN:GET_RECURRING_DATE_TIME [SL:FREQUENCY @ptr_1 SL:FREQUENCY] IN:GET_RECURRING_DATE_TIME] SL:RECURRING_DATE_TIME] @ptr_2 @ptr_3 [SL:TODO @ptr_4 @ptr_5 SL:TODO] IN:CREATE_REMINDER]
set a reminder to take my birth control pill every day at 7 pm eastern time	set Ġa Ġreminder Ġto Ġtake Ġmy Ġbirth Ġcontrol Ġpill Ġevery Ġday Ġat Ġ7 Ġpm Ġeastern Ġtime	[IN:CREATE_REMINDER @ptr_0 @ptr_1 @ptr_2 @ptr_3 [SL:TODO @ptr_4 @ptr_5 @ptr_6 @ptr_7 @ptr_8 SL:TODO] [SL:RECURRING_DATE_TIME [IN:GET_RECURRING_DATE_TIME [SL:FREQUENCY @ptr_9 @ptr_10 SL:FREQUENCY] [SL:DATE_TIME @ptr_11 @ptr_12 @ptr_13 @ptr_14 @ptr_15 SL:DATE_TIME] IN:GET_RECURRING_DATE_TIME] SL:RECURRING_DATE_TIME] IN:CREATE_REMINDER]
please remove all weekly reminder of changing water	please Ġremove Ġall Ġweekly Ġreminder Ġof Ġchanging Ġwater	[IN:DELETE_REMINDER @ptr_0 @ptr_1 [SL:AMOUNT @ptr_2 SL:AMOUNT] [SL:RECURRING_DATE_TIME [IN:GET_RECURRING_DATE_TIME [SL:FREQUENCY @ptr_3 SL:FREQUENCY] IN:GET_RECURRING_DATE_TIME] SL:RECURRING_DATE_TIME] @ptr_4 @ptr_5 [SL:TODO @ptr_6 @ptr_7 SL:TODO] IN:DELETE_REMINDER]
Remind me to go to sleep every night at 10 PM	Rem ind Ġme Ġto Ġgo Ġto Ġsleep Ġevery Ġnight Ġat Ġ10 ĠPM	[IN:CREATE_REMINDER @ptr_0 @ptr_1 [SL:PERSON_REMINDED @ptr_2 SL:PERSON_REMINDED] @ptr_3 [SL:TODO @ptr_4 @ptr_5 @ptr_6 SL:TODO] [SL:RECURRING_DATE_TIME [IN:GET_RECURRING_DATE_TIME [SL:FREQUENCY @ptr_7 @ptr_8 SL:FREQUENCY] [SL:DATE_TIME @ptr_9 @ptr_10 @ptr_11 SL:DATE_TIME] IN:GET_RECURRING_DATE_TIME] SL:RECURRING_DATE_TIME] IN:CREATE_REMINDER]
Remind me to trim the dogs nails every other SUnday	Rem ind Ġme Ġto Ġtrim Ġthe Ġdogs Ġnails Ġevery Ġother ĠSU nd ay	[IN:CREATE_REMINDER @ptr_0 @ptr_1 [SL:PERSON_REMINDED @ptr_2 SL:PERSON_REMINDED] @ptr_3 [SL:TODO @ptr_4 @ptr_5 @ptr_6 @ptr_7 SL:TODO] [SL:RECURRING_DATE_TIME [IN:GET_RECURRING_DATE_TIME [SL:FREQUENCY @ptr_8 @ptr_9 @ptr_10 @ptr_11 @ptr_12 SL:FREQUENCY] IN:GET_RECURRING_DATE_TIME] SL:RECURRING_DATE_TIME] IN:CREATE_REMINDER]
Create a reminder for the 30th of each month to pay the electric bill .	Create Ġa Ġreminder Ġfor Ġthe Ġ30 th Ġof Ġeach Ġmonth Ġto Ġpay Ġthe Ġelectric Ġbill Ġ.	[IN:CREATE_REMINDER @ptr_0 @ptr_1 @ptr_2 [SL:RECURRING_DATE_TIME [IN:GET_RECURRING_DATE_TIME [SL:DATE_TIME @ptr_3 @ptr_4 @ptr_5 @ptr_6 SL:DATE_TIME] @ptr_7 [SL:FREQUENCY @ptr_8 @ptr_9 SL:FREQUENCY] IN:GET_RECURRING_DATE_TIME] SL:RECURRING_DATE_TIME] @ptr_10 [SL:TODO @ptr_11 @ptr_12 @ptr_13 @ptr_14 SL:TODO] @ptr_15 IN:CREATE_REMINDER]
Show all reminders for the week .	Show Ġall Ġreminders Ġfor Ġthe Ġweek Ġ.	[IN:GET_REMINDER [SL:METHOD_RETRIEVAL_REMINDER @ptr_0 SL:METHOD_RETRIEVAL_REMINDER] [SL:AMOUNT @ptr_1 SL:AMOUNT] @ptr_2 [SL:DATE_TIME @ptr_3 @ptr_4 @ptr_5 SL:DATE_TIME] @ptr_6 IN:GET_REMINDER]
Remind me to get my package 15 minutes after it arrives	Rem ind Ġme Ġto Ġget Ġmy Ġpackage Ġ15 Ġminutes Ġafter Ġit Ġarrives	[IN:CREATE_REMINDER @ptr_0 @ptr_1 [SL:PERSON_REMINDED @ptr_2 SL:PERSON_REMINDED] @ptr_3 [SL:TODO @ptr_4 @ptr_5 @ptr_6 SL:TODO] [SL:DATE_TIME @ptr_7 @ptr_8 @ptr_9 @ptr_10 @ptr_11 SL:DATE_TIME] IN:CREATE_REMINDER]
Remind me to pick up Abbie Friday at 10 AM	Rem ind Ġme Ġto Ġpick Ġup ĠAb bie ĠFriday Ġat Ġ10 ĠAM	[IN:CREATE_REMINDER @ptr_0 @ptr_1 [SL:PERSON_REMINDED @ptr_2 SL:PERSON_REMINDED] @ptr_3 [SL:TODO @ptr_4 @ptr_5 @ptr_6 @ptr_7 SL:TODO] [SL:DATE_TIME @ptr_8 @ptr_9 @ptr_10 @ptr_11 SL:DATE_TIME] IN:CREATE_REMINDER]
Remind me of my Doctor appointment on August 10 , 2018 , Dr Cutler , 1 : 00 pm .	Rem ind Ġme Ġof Ġmy ĠDoctor Ġappointment Ġon ĠAugust Ġ10 Ġ, Ġ2018 Ġ, ĠDr ĠCutler Ġ, Ġ1 Ġ: Ġ00 Ġpm Ġ.	[IN:CREATE_REMINDER @ptr_0 @ptr_1 [SL:PERSON_REMINDED @ptr_2 SL:PERSON_REMINDED] @ptr_3 [SL:TODO [IN:GET_TODO [SL:TODO @ptr_4 @ptr_5 @ptr_6 SL:TODO] [SL:DATE_TIME @ptr_7 @ptr_8 @ptr_9 @ptr_10 @ptr_11 SL:DATE_TIME] @ptr_12 [SL:TODO @ptr_13 @ptr_14 SL:TODO] @ptr_15 IN:GET_TODO] SL:TODO] [SL:DATE_TIME @ptr_16 @ptr_17 @ptr_18 @ptr_19 SL:DATE_TIME] @ptr_20 IN:CREATE_REMINDER]
remind me to get a gift tomorrow morning	rem ind Ġme Ġto Ġget Ġa Ġgift Ġtomorrow Ġmorning	[IN:CREATE_REMINDER @ptr_0 @ptr_1 [SL:PERSON_REMINDED @ptr_2 SL:PERSON_REMINDED] @ptr_3 [SL:TODO @ptr_4 @ptr_5 @ptr_6 SL:TODO] [SL:DATE_TIME @ptr_7 @ptr_8 SL:DATE_TIME] IN:CREATE_REMINDER]
Put in a reminder for me to workout every day at 5 : 30 pm	Put Ġin Ġa Ġreminder Ġfor Ġme Ġto Ġworkout Ġevery Ġday Ġat Ġ5 Ġ: Ġ30 Ġpm	[IN:CREATE_REMINDER @ptr_0 @ptr_1 @ptr_2 @ptr_3 @ptr_4 [SL:PERSON_REMINDED @ptr_5 SL:PERSON_REMINDED] @ptr_6 [SL:TODO @ptr_7 SL:TODO] [SL:RECURRING_DATE_TIME [IN:GET_RECURRING_DATE_TIME [SL:FREQUENCY @ptr_8 @ptr_9 SL:FREQUENCY] [SL:DATE_TIME @ptr_10 @ptr_11 @ptr_12 @ptr_13 @ptr_14 SL:DATE_TIME] IN:GET_RECURRING_DATE_TIME] SL:RECURRING_DATE_TIME] IN:CREATE_REMINDER]
Remind me each night at 8 pm to add up my calories for the day .	Rem ind Ġme Ġeach Ġnight Ġat Ġ8 Ġpm Ġto Ġadd Ġup Ġmy Ġcalories Ġfor Ġthe Ġday Ġ.	[IN:CREATE_REMINDER @ptr_0 @ptr_1 [SL:PERSON_REMINDED @ptr_2 SL:PERSON_REMINDED] [SL:RECURRING_DATE_TIME [IN:GET_RECURRING_DATE_TIME [SL:FREQUENCY @ptr_3 @ptr_4 SL:FREQUENCY] [SL:DATE_TIME @ptr_5 @ptr_6 @ptr_7 SL:DATE_TIME] IN:GET_RECURRING_DATE_TIME] SL:RECURRING_DATE_TIME] @ptr_8 [SL:TODO @ptr_9 @ptr_10 @ptr_11 @ptr_12 @ptr_13 @ptr_14 @ptr_15 SL:TODO] @ptr_16 IN:CREATE_REMINDER]
remind me to pick up kevin every friday at 6 p.m .	rem ind Ġme Ġto Ġpick Ġup Ġke vin Ġevery Ġfr iday Ġat Ġ6 Ġp . m Ġ.	[IN:CREATE_REMINDER @ptr_0 @ptr_1 [SL:PERSON_REMINDED @ptr_2 SL:PERSON_REMINDED] @ptr_3 [SL:TODO @ptr_4 @ptr_5 @ptr_6 @ptr_7 SL:TODO] [SL:RECURRING_DATE_TIME [IN:GET_RECURRING_DATE_TIME [SL:FREQUENCY @ptr_8 @ptr_9 @ptr_10 SL:FREQUENCY] [SL:DATE_TIME @ptr_11 @ptr_12 @ptr_13 @ptr_14 @ptr_15 SL:DATE_TIME] IN:GET_RECURRING_DATE_TIME] SL:RECURRING_DATE_TIME] @ptr_16 IN:CREATE_REMINDER]
Change my exercise reminder to be every day at 5	Change Ġmy Ġexercise Ġreminder Ġto Ġbe Ġevery Ġday Ġat Ġ5	[IN:UPDATE_REMINDER @ptr_0 [SL:PERSON_REMINDED @ptr_1 SL:PERSON_REMINDED] [SL:TODO @ptr_2 SL:TODO] @ptr_3 @ptr_4 @ptr_5 [SL:RECURRING_DATE_TIME_NEW [IN:GET_RECURRING_DATE_TIME [SL:FREQUENCY @ptr_6 @ptr_7 SL:FREQUENCY] [SL:DATE_TIME @ptr_8 @ptr_9 SL:DATE_TIME] IN:GET_RECURRING_DATE_TIME] SL:RECURRING_DATE_TIME_NEW] IN:UPDATE_REMINDER]
Every three weeks on Tuesday night at 7 pm remind me to take out the recycling	Every Ġthree Ġweeks Ġon ĠTuesday Ġnight Ġat Ġ7 Ġpm Ġremind Ġme Ġto Ġtake Ġout Ġthe Ġrecycling	[IN:CREATE_REMINDER [SL:RECURRING_DATE_TIME [IN:GET_RECURRING_DATE_TIME [SL:FREQUENCY @ptr_0 @ptr_1 @ptr_2 SL:FREQUENCY] [SL:DATE_TIME @ptr_3 @ptr_4 @ptr_5 @ptr_6 @ptr_7 @ptr_8 SL:DATE_TIME] IN:GET_RECURRING_DATE_TIME] SL:RECURRING_DATE_TIME] @ptr_9 [SL:PERSON_REMINDED @ptr_10 SL:PERSON_REMINDED] @ptr_11 [SL:TODO @ptr_12 @ptr_13 @ptr_14 @ptr_15 SL:TODO] IN:CREATE_REMINDER]
Remind me to text my dad about his car 's repair .	Rem ind Ġme Ġto Ġtext Ġmy Ġdad Ġabout Ġhis Ġcar Ġ' s Ġrepair Ġ.	[IN:CREATE_REMINDER @ptr_0 @ptr_1 [SL:PERSON_REMINDED @ptr_2 SL:PERSON_REMINDED] @ptr_3 [SL:TODO [IN:SEND_MESSAGE @ptr_4 [SL:RECIPIENT [IN:GET_CONTACT [SL:CONTACT_RELATED @ptr_5 SL:CONTACT_RELATED] [SL:TYPE_RELATION @ptr_6 SL:TYPE_RELATION] IN:GET_CONTACT] SL:RECIPIENT] @ptr_7 [SL:CONTENT_EXACT @ptr_8 @ptr_9 @ptr_10 @ptr_11 @ptr_12 SL:CONTENT_EXACT] IN:SEND_MESSAGE] SL:TODO] @ptr_13 IN:CREATE_REMINDER]
Remind me to send Ben a email about our upcoming project ideas .	Rem ind Ġme Ġto Ġsend ĠBen Ġa Ġemail Ġabout Ġour Ġupcoming Ġproject Ġideas Ġ.	[IN:CREATE_REMINDER @ptr_0 @ptr_1 [SL:PERSON_REMINDED @ptr_2 SL:PERSON_REMINDED] @ptr_3 [SL:TODO [IN:SEND_MESSAGE @ptr_4 [SL:RECIPIENT @ptr_5 SL:RECIPIENT] @ptr_6 @ptr_7 @ptr_8 [SL:CONTENT_EXACT @ptr_9 @ptr_10 @ptr_11 @ptr_12 SL:CONTENT_EXACT] IN:SEND_MESSAGE] SL:TODO] @ptr_13 IN:CREATE_REMINDER]
Remind me to text Jenna about the potluck list on Saturday .	Rem ind Ġme Ġto Ġtext ĠJenna Ġabout Ġthe Ġpot luck Ġlist Ġon ĠSaturday Ġ.	[IN:CREATE_REMINDER @ptr_0 @ptr_1 [SL:PERSON_REMINDED @ptr_2 SL:PERSON_REMINDED] @ptr_3 [SL:TODO [IN:SEND_MESSAGE @ptr_4 [SL:RECIPIENT @ptr_5 SL:RECIPIENT] @ptr_6 [SL:CONTENT_EXACT @ptr_7 @ptr_8 @ptr_9 @ptr_10 SL:CONTENT_EXACT] IN:SEND_MESSAGE] SL:TODO] [SL:DATE_TIME @ptr_11 @ptr_12 SL:DATE_TIME] @ptr_13 IN:CREATE_REMINDER]
Remind me to email Michelle on Tuesday about the recital	Rem ind Ġme Ġto Ġemail ĠMichelle Ġon ĠTuesday Ġabout Ġthe Ġrec ital	[IN:CREATE_REMINDER @ptr_0 @ptr_1 [SL:PERSON_REMINDED @ptr_2 SL:PERSON_REMINDED] @ptr_3 [SL:TODO [IN:GET_TODO [SL:TODO [IN:SEND_MESSAGE @ptr_4 [SL:CONTACT @ptr_5 SL:CONTACT] IN:SEND_MESSAGE] SL:TODO] [SL:DATE_TIME @ptr_6 @ptr_7 SL:DATE_TIME] @ptr_8 [SL:TODO @ptr_9 @ptr_10 @ptr_11 SL:TODO] IN:GET_TODO] SL:TODO] IN:CREATE_REMINDER]
set a reminder to email Sue at 6 pm	set Ġa Ġreminder Ġto Ġemail ĠSue Ġat Ġ6 Ġpm	[IN:CREATE_REMINDER @ptr_0 @ptr_1 @ptr_2 @ptr_3 [SL:TODO [IN:SEND_MESSAGE @ptr_4 [SL:RECIPIENT @ptr_5 SL:RECIPIENT] IN:SEND_MESSAGE] SL:TODO] [SL:DATE_TIME @ptr_6 @ptr_7 @ptr_8 SL:DATE_TIME] IN:CREATE_REMINDER]
Set up a weekly reminder to email Jim for the training lists .	Set Ġup Ġa Ġweekly Ġreminder Ġto Ġemail ĠJim Ġfor Ġthe Ġtraining Ġlists Ġ.	[IN:CREATE_REMINDER @ptr_0 @ptr_1 @ptr_2 [SL:RECURRING_DATE_TIME [IN:GET_RECURRING_DATE_TIME [SL:FREQUENCY @ptr_3 SL:FREQUENCY] IN:GET_RECURRING_DATE_TIME] SL:RECURRING_DATE_TIME] @ptr_4 @ptr_5 [SL:TODO [IN:SEND_MESSAGE @ptr_6 [SL:RECIPIENT @ptr_7 SL:RECIPIENT] @ptr_8 [SL:CONTENT_EXACT @ptr_9 @ptr_10 @ptr_11 SL:CONTENT_EXACT] IN:SEND_MESSAGE] SL:TODO] @ptr_12 IN:CREATE_REMINDER]
remind me to text robin at 10 am tomorrow morning	rem ind Ġme Ġto Ġtext Ġrob in Ġat Ġ10 Ġam Ġtomorrow Ġmorning	[IN:CREATE_REMINDER @ptr_0 @ptr_1 [SL:PERSON_REMINDED @ptr_2 SL:PERSON_REMINDED] @ptr_3 [SL:TODO [IN:SEND_MESSAGE @ptr_4 [SL:RECIPIENT @ptr_5 @ptr_6 SL:RECIPIENT] IN:SEND_MESSAGE] SL:TODO] [SL:DATE_TIME @ptr_7 @ptr_8 @ptr_9 @ptr_10 @ptr_11 SL:DATE_TIME] IN:CREATE_REMINDER]
Remind me to send Jennifer an email about next weeks meeting	Rem ind Ġme Ġto Ġsend ĠJennifer Ġan Ġemail Ġabout Ġnext Ġweeks Ġmeeting	[IN:CREATE_REMINDER @ptr_0 @ptr_1 [SL:PERSON_REMINDED @ptr_2 SL:PERSON_REMINDED] @ptr_3 [SL:TODO [IN:SEND_MESSAGE @ptr_4 [SL:RECIPIENT @ptr_5 SL:RECIPIENT] @ptr_6 @ptr_7 @ptr_8 [SL:CONTENT_EXACT [IN:GET_EVENT [SL:DATE_TIME @ptr_9 @ptr_10 SL:DATE_TIME] [SL:CATEGORY_EVENT @ptr_11 SL:CATEGORY_EVENT] IN:GET_EVENT] SL:CONTENT_EXACT] IN:SEND_MESSAGE] SL:TODO] IN:CREATE_REMINDER]
Remind me in half an hour to send a text message to my wife .	Rem ind Ġme Ġin Ġhalf Ġan Ġhour Ġto Ġsend Ġa Ġtext Ġmessage Ġto Ġmy Ġwife Ġ.	[IN:CREATE_REMINDER @ptr_0 @ptr_1 [SL:PERSON_REMINDED @ptr_2 SL:PERSON_REMINDED] [SL:DATE_TIME @ptr_3 @ptr_4 @ptr_5 @ptr_6 SL:DATE_TIME] @ptr_7 [SL:TODO [IN:SEND_MESSAGE @ptr_8 @ptr_9 @ptr_10 @ptr_11 @ptr_12 [SL:RECIPIENT [IN:GET_CONTACT [SL:CONTACT_RELATED @ptr_13 SL:CONTACT_RELATED] [SL:TYPE_RELATION @ptr_14 SL:TYPE_RELATION] IN:GET_CONTACT] SL:RECIPIENT] IN:SEND_MESSAGE] SL:TODO] @ptr_15 IN:CREATE_REMINDER]
Set up a reminder for me to text my husband tomorrow morning for our anniversary	Set Ġup Ġa Ġreminder Ġfor Ġme Ġto Ġtext Ġmy Ġhusband Ġtomorrow Ġmorning Ġfor Ġour Ġanniversary	[IN:CREATE_REMINDER @ptr_0 @ptr_1 @ptr_2 @ptr_3 @ptr_4 [SL:PERSON_REMINDED @ptr_5 SL:PERSON_REMINDED] @ptr_6 [SL:TODO [IN:GET_TODO [SL:TODO [IN:SEND_MESSAGE @ptr_7 [SL:RECIPIENT [IN:GET_CONTACT [SL:CONTACT_RELATED @ptr_8 SL:CONTACT_RELATED] [SL:TYPE_RELATION @ptr_9 SL:TYPE_RELATION] IN:GET_CONTACT] SL:RECIPIENT] IN:SEND_MESSAGE] SL:TODO] [SL:DATE_TIME @ptr_10 @ptr_11 SL:DATE_TIME] @ptr_12 [SL:TODO @ptr_13 @ptr_14 SL:TODO] IN:GET_TODO] SL:TODO] IN:CREATE_REMINDER]
Can you remove my reminder about picking up mom at 6 PM .	Can Ġyou Ġremove Ġmy Ġreminder Ġabout Ġpicking Ġup Ġmom Ġat Ġ6 ĠPM Ġ.	[IN:DELETE_REMINDER @ptr_0 @ptr_1 @ptr_2 [SL:PERSON_REMINDED @ptr_3 SL:PERSON_REMINDED] @ptr_4 @ptr_5 [SL:TODO @ptr_6 @ptr_7 @ptr_8 SL:TODO] [SL:DATE_TIME @ptr_9 @ptr_10 @ptr_11 SL:DATE_TIME] @ptr_12 IN:DELETE_REMINDER]
Stop reminder for tomorrow	Stop Ġreminder Ġfor Ġtomorrow	[IN:DELETE_REMINDER @ptr_0 @ptr_1 [SL:DATE_TIME @ptr_2 @ptr_3 SL:DATE_TIME] IN:DELETE_REMINDER]
Get rid of the reminders to go swimming next week	Get Ġrid Ġof Ġthe Ġreminders Ġto Ġgo Ġswimming Ġnext Ġweek	[IN:DELETE_REMINDER @ptr_0 @ptr_1 @ptr_2 @ptr_3 @ptr_4 @ptr_5 [SL:TODO @ptr_6 @ptr_7 SL:TODO] [SL:DATE_TIME @ptr_8 @ptr_9 SL:DATE_TIME] IN:DELETE_REMINDER]
cancel reminder for doctor visit	c ancel Ġreminder Ġfor Ġdoctor Ġvisit	[IN:DELETE_REMINDER @ptr_0 @ptr_1 @ptr_2 @ptr_3 [SL:TODO @ptr_4 @ptr_5 SL:TODO] IN:DELETE_REMINDER]
Please cancel my reminder to practice clarinet .	Please Ġcancel Ġmy Ġreminder Ġto Ġpractice Ġclar inet Ġ.	[IN:DELETE_REMINDER @ptr_0 @ptr_1 [SL:PERSON_REMINDED @ptr_2 SL:PERSON_REMINDED] @ptr_3 @ptr_4 [SL:TODO @ptr_5 @ptr_6 @ptr_7 SL:TODO] @ptr_8 IN:DELETE_REMINDER]
remind me to email laurie that i cannot be at dinner	rem ind Ġme Ġto Ġemail Ġl aur ie Ġthat Ġi Ġcannot Ġbe Ġat Ġdinner	[IN:CREATE_REMINDER @ptr_0 @ptr_1 [SL:PERSON_REMINDED @ptr_2 SL:PERSON_REMINDED] @ptr_3 [SL:TODO [IN:SEND_MESSAGE @ptr_4 [SL:RECIPIENT @ptr_5 @ptr_6 @ptr_7 SL:RECIPIENT] @ptr_8 [SL:CONTENT_EXACT @ptr_9 @ptr_10 @ptr_11 @ptr_12 @ptr_13 SL:CONTENT_EXACT] IN:SEND_MESSAGE] SL:TODO] IN:CREATE_REMINDER]
Remind me to send Jennifer an email about next weeks meeting	Rem ind Ġme Ġto Ġsend ĠJennifer Ġan Ġemail Ġabout Ġnext Ġweeks Ġmeeting	[IN:CREATE_REMINDER @ptr_0 @ptr_1 [SL:PERSON_REMINDED @ptr_2 SL:PERSON_REMINDED] @ptr_3 [SL:TODO [IN:SEND_MESSAGE @ptr_4 [SL:RECIPIENT @ptr_5 SL:RECIPIENT] @ptr_6 @ptr_7 @ptr_8 [SL:CONTENT_EXACT [IN:GET_EVENT [SL:DATE_TIME @ptr_9 @ptr_10 SL:DATE_TIME] [SL:CATEGORY_EVENT @ptr_11 SL:CATEGORY_EVENT] IN:GET_EVENT] SL:CONTENT_EXACT] IN:SEND_MESSAGE] SL:TODO] IN:CREATE_REMINDER]
Remind me to email Alex about the company new schedule .	Rem ind Ġme Ġto Ġemail ĠAlex Ġabout Ġthe Ġcompany Ġnew Ġschedule Ġ.	[IN:CREATE_REMINDER @ptr_0 @ptr_1 [SL:PERSON_REMINDED @ptr_2 SL:PERSON_REMINDED] @ptr_3 [SL:TODO [IN:SEND_MESSAGE @ptr_4 [SL:RECIPIENT @ptr_5 SL:RECIPIENT] @ptr_6 [SL:CONTENT_EXACT @ptr_7 @ptr_8 @ptr_9 @ptr_10 SL:CONTENT_EXACT] IN:SEND_MESSAGE] SL:TODO] @ptr_11 IN:CREATE_REMINDER]
Remind me to send Eric an email about the presentation Monday .	Rem ind Ġme Ġto Ġsend ĠEric Ġan Ġemail Ġabout Ġthe Ġpresentation ĠMonday Ġ.	[IN:CREATE_REMINDER @ptr_0 @ptr_1 [SL:PERSON_REMINDED @ptr_2 SL:PERSON_REMINDED] @ptr_3 [SL:TODO [IN:SEND_MESSAGE @ptr_4 [SL:RECIPIENT @ptr_5 SL:RECIPIENT] @ptr_6 @ptr_7 @ptr_8 [SL:CONTENT_EXACT @ptr_9 @ptr_10 SL:CONTENT_EXACT] IN:SEND_MESSAGE] SL:TODO] [SL:DATE_TIME @ptr_11 SL:DATE_TIME] @ptr_12 IN:CREATE_REMINDER]
Set a reminder for Jack to email a status update on the project by 3 pm tomorrow	Set Ġa Ġreminder Ġfor ĠJack Ġto Ġemail Ġa Ġstatus Ġupdate Ġon Ġthe Ġproject Ġby Ġ3 Ġpm Ġtomorrow	[IN:CREATE_REMINDER @ptr_0 @ptr_1 @ptr_2 @ptr_3 [SL:PERSON_REMINDED @ptr_4 SL:PERSON_REMINDED] @ptr_5 [SL:TODO [IN:SEND_MESSAGE @ptr_6 [SL:CONTENT_EXACT @ptr_7 @ptr_8 @ptr_9 @ptr_10 @ptr_11 @ptr_12 SL:CONTENT_EXACT] IN:SEND_MESSAGE] SL:TODO] [SL:DATE_TIME @ptr_13 @ptr_14 @ptr_15 @ptr_16 SL:DATE_TIME] IN:CREATE_REMINDER]
Send me a reminder to send an email to Gretchen about dinner on Friday .	Send Ġme Ġa Ġreminder Ġto Ġsend Ġan Ġemail Ġto ĠGret chen Ġabout Ġdinner Ġon ĠFriday Ġ.	[IN:CREATE_REMINDER @ptr_0 [SL:PERSON_REMINDED @ptr_1 SL:PERSON_REMINDED] @ptr_2 @ptr_3 @ptr_4 [SL:TODO [IN:SEND_MESSAGE @ptr_5 @ptr_6 @ptr_7 @ptr_8 [SL:RECIPIENT @ptr_9 @ptr_10 SL:RECIPIENT] @ptr_11 [SL:CONTENT_EXACT [IN:GET_EVENT [SL:CATEGORY_EVENT @ptr_12 SL:CATEGORY_EVENT] IN:GET_EVENT] SL:CONTENT_EXACT] IN:SEND_MESSAGE] SL:TODO] [SL:DATE_TIME @ptr_13 @ptr_14 SL:DATE_TIME] @ptr_15 IN:CREATE_REMINDER]
Remind me to send Jennifer an email about next weeks meeting	Rem ind Ġme Ġto Ġsend ĠJennifer Ġan Ġemail Ġabout Ġnext Ġweeks Ġmeeting	[IN:CREATE_REMINDER @ptr_0 @ptr_1 [SL:PERSON_REMINDED @ptr_2 SL:PERSON_REMINDED] @ptr_3 [SL:TODO [IN:SEND_MESSAGE @ptr_4 [SL:RECIPIENT @ptr_5 SL:RECIPIENT] @ptr_6 @ptr_7 @ptr_8 [SL:CONTENT_EXACT [IN:GET_EVENT [SL:DATE_TIME @ptr_9 @ptr_10 SL:DATE_TIME] [SL:CATEGORY_EVENT @ptr_11 SL:CATEGORY_EVENT] IN:GET_EVENT] SL:CONTENT_EXACT] IN:SEND_MESSAGE] SL:TODO] IN:CREATE_REMINDER]
Remind me to shoot an email to Theresa about the meeting tonight	Rem ind Ġme Ġto Ġshoot Ġan Ġemail Ġto ĠTheresa Ġabout Ġthe Ġmeeting Ġtonight	[IN:CREATE_REMINDER @ptr_0 @ptr_1 [SL:PERSON_REMINDED @ptr_2 SL:PERSON_REMINDED] @ptr_3 [SL:TODO [IN:SEND_MESSAGE @ptr_4 @ptr_5 @ptr_6 @ptr_7 [SL:RECIPIENT @ptr_8 SL:RECIPIENT] @ptr_9 [SL:CONTENT_EXACT [IN:GET_EVENT [SL:CATEGORY_EVENT @ptr_10 @ptr_11 SL:CATEGORY_EVENT] IN:GET_EVENT] SL:CONTENT_EXACT] IN:SEND_MESSAGE] SL:TODO] [SL:DATE_TIME @ptr_12 SL:DATE_TIME] IN:CREATE_REMINDER]
Delete the reminders to email Mom about the party .	Delete Ġthe Ġreminders Ġto Ġemail ĠMom Ġabout Ġthe Ġparty Ġ.	[IN:DELETE_REMINDER @ptr_0 @ptr_1 @ptr_2 @ptr_3 [SL:TODO [IN:SEND_MESSAGE @ptr_4 [SL:RECIPIENT [IN:GET_CONTACT [SL:TYPE_RELATION @ptr_5 SL:TYPE_RELATION] IN:GET_CONTACT] SL:RECIPIENT] @ptr_6 [SL:CONTENT_EXACT [IN:GET_EVENT [SL:CATEGORY_EVENT @ptr_7 @ptr_8 SL:CATEGORY_EVENT] IN:GET_EVENT] SL:CONTENT_EXACT] IN:SEND_MESSAGE] SL:TODO] @ptr_9 IN:DELETE_REMINDER]
I need to zip Eddie an email containing details about Tuesday 's practice ; please remind me every half hour until 11 pm .	I Ġneed Ġto Ġzip ĠEddie Ġan Ġemail Ġcontaining Ġdetails Ġabout ĠTuesday Ġ' s Ġpractice Ġ; Ġplease Ġremind Ġme Ġevery Ġhalf Ġhour Ġuntil Ġ11 Ġpm Ġ.	[IN:CREATE_REMINDER @ptr_0 @ptr_1 @ptr_2 [SL:TODO [IN:SEND_MESSAGE @ptr_3 [SL:RECIPIENT @ptr_4 SL:RECIPIENT] @ptr_5 @ptr_6 @ptr_7 @ptr_8 @ptr_9 [SL:CONTENT_EXACT [IN:GET_EVENT [SL:DATE_TIME @ptr_10 SL:DATE_TIME] @ptr_11 @ptr_12 [SL:CATEGORY_EVENT @ptr_13 SL:CATEGORY_EVENT] IN:GET_EVENT] SL:CONTENT_EXACT] IN:SEND_MESSAGE] SL:TODO] @ptr_14 @ptr_15 @ptr_16 [SL:PERSON_REMINDED @ptr_17 SL:PERSON_REMINDED] [SL:RECURRING_DATE_TIME [IN:GET_RECURRING_DATE_TIME [SL:FREQUENCY @ptr_18 @ptr_19 @ptr_20 SL:FREQUENCY] [SL:DATE_TIME @ptr_21 @ptr_22 @ptr_23 SL:DATE_TIME] IN:GET_RECURRING_DATE_TIME] SL:RECURRING_DATE_TIME] @ptr_24 IN:CREATE_REMINDER]
Remind me to text mom the address to the party tonight .	Rem ind Ġme Ġto Ġtext Ġmom Ġthe Ġaddress Ġto Ġthe Ġparty Ġtonight Ġ.	[IN:CREATE_REMINDER @ptr_0 @ptr_1 [SL:PERSON_REMINDED @ptr_2 SL:PERSON_REMINDED] @ptr_3 [SL:TODO [IN:SEND_MESSAGE @ptr_4 [SL:RECIPIENT [IN:GET_CONTACT [SL:TYPE_RELATION @ptr_5 SL:TYPE_RELATION] IN:GET_CONTACT] SL:RECIPIENT] [SL:CONTENT_EXACT [IN:GET_EVENT @ptr_6 @ptr_7 @ptr_8 [SL:CATEGORY_EVENT @ptr_9 @ptr_10 SL:CATEGORY_EVENT] IN:GET_EVENT] SL:CONTENT_EXACT] IN:SEND_MESSAGE] SL:TODO] [SL:DATE_TIME @ptr_11 SL:DATE_TIME] @ptr_12 IN:CREATE_REMINDER]
Remind me to reply to Jim about our lunch meeting	Rem ind Ġme Ġto Ġreply Ġto ĠJim Ġabout Ġour Ġlunch Ġmeeting	[IN:CREATE_REMINDER @ptr_0 @ptr_1 [SL:PERSON_REMINDED @ptr_2 SL:PERSON_REMINDED] @ptr_3 [SL:TODO [IN:REPLY_MESSAGE @ptr_4 @ptr_5 [SL:RECIPIENT @ptr_6 SL:RECIPIENT] @ptr_7 [SL:CONTENT_EXACT [IN:GET_EVENT [SL:ORGANIZER_EVENT @ptr_8 SL:ORGANIZER_EVENT] [SL:CATEGORY_EVENT @ptr_9 @ptr_10 SL:CATEGORY_EVENT] IN:GET_EVENT] SL:CONTENT_EXACT] IN:REPLY_MESSAGE] SL:TODO] IN:CREATE_REMINDER]
set an alert for tuesday at 6 pm to message mike about the gathering	set Ġan Ġalert Ġfor Ġt uesday Ġat Ġ6 Ġpm Ġto Ġmessage Ġm ike Ġabout Ġthe Ġgathering	[IN:CREATE_REMINDER @ptr_0 @ptr_1 @ptr_2 [SL:DATE_TIME @ptr_3 @ptr_4 @ptr_5 @ptr_6 @ptr_7 @ptr_8 SL:DATE_TIME] @ptr_9 [SL:TODO [IN:SEND_MESSAGE @ptr_10 [SL:RECIPIENT @ptr_11 @ptr_12 SL:RECIPIENT] @ptr_13 [SL:CONTENT_EXACT [IN:GET_EVENT [SL:CATEGORY_EVENT @ptr_14 @ptr_15 SL:CATEGORY_EVENT] IN:GET_EVENT] SL:CONTENT_EXACT] IN:SEND_MESSAGE] SL:TODO] IN:CREATE_REMINDER]
Remind me at 3 pm to email Tom about the details of the meeting next Tuesday .	Rem ind Ġme Ġat Ġ3 Ġpm Ġto Ġemail ĠTom Ġabout Ġthe Ġdetails Ġof Ġthe Ġmeeting Ġnext ĠTuesday Ġ.	[IN:CREATE_REMINDER @ptr_0 @ptr_1 [SL:PERSON_REMINDED @ptr_2 SL:PERSON_REMINDED] [SL:DATE_TIME @ptr_3 @ptr_4 @ptr_5 SL:DATE_TIME] @ptr_6 [SL:TODO [IN:SEND_MESSAGE @ptr_7 [SL:RECIPIENT @ptr_8 SL:RECIPIENT] @ptr_9 [SL:CONTENT_EXACT [IN:GET_EVENT @ptr_10 @ptr_11 @ptr_12 [SL:CATEGORY_EVENT @ptr_13 @ptr_14 SL:CATEGORY_EVENT] [SL:DATE_TIME @ptr_15 @ptr_16 SL:DATE_TIME] IN:GET_EVENT] SL:CONTENT_EXACT] IN:SEND_MESSAGE] SL:TODO] @ptr_17 IN:CREATE_REMINDER]
Remind me to send an email to Taylor with the location for the meeting .	Rem ind Ġme Ġto Ġsend Ġan Ġemail Ġto ĠTaylor Ġwith Ġthe Ġlocation Ġfor Ġthe Ġmeeting Ġ.	[IN:CREATE_REMINDER @ptr_0 @ptr_1 [SL:PERSON_REMINDED @ptr_2 SL:PERSON_REMINDED] @ptr_3 [SL:TODO [IN:SEND_MESSAGE @ptr_4 @ptr_5 @ptr_6 @ptr_7 [SL:RECIPIENT @ptr_8 SL:RECIPIENT] @ptr_9 [SL:CONTENT_EXACT [IN:GET_EVENT @ptr_10 @ptr_11 @ptr_12 [SL:CATEGORY_EVENT @ptr_13 @ptr_14 SL:CATEGORY_EVENT] IN:GET_EVENT] SL:CONTENT_EXACT] IN:SEND_MESSAGE] SL:TODO] @ptr_15 IN:CREATE_REMINDER]
Can you remind me to every morning to water the plants before leaving for work at 8 am .	Can Ġyou Ġremind Ġme Ġto Ġevery Ġmorning Ġto Ġwater Ġthe Ġplants Ġbefore Ġleaving Ġfor Ġwork Ġat Ġ8 Ġam Ġ.	[IN:CREATE_REMINDER @ptr_0 @ptr_1 @ptr_2 [SL:PERSON_REMINDED @ptr_3 SL:PERSON_REMINDED] @ptr_4 [SL:RECURRING_DATE_TIME [IN:GET_RECURRING_DATE_TIME [SL:FREQUENCY @ptr_5 @ptr_6 SL:FREQUENCY] IN:GET_RECURRING_DATE_TIME] SL:RECURRING_DATE_TIME] @ptr_7 [SL:TODO [IN:GET_TODO [SL:TODO @ptr_8 @ptr_9 @ptr_10 @ptr_11 @ptr_12 @ptr_13 @ptr_14 SL:TODO] [SL:DATE_TIME @ptr_15 @ptr_16 @ptr_17 SL:DATE_TIME] IN:GET_TODO] SL:TODO] @ptr_18 IN:CREATE_REMINDER]
I need to get cat food tomorrow , can you remind me in the morning	I Ġneed Ġto Ġget Ġcat Ġfood Ġtomorrow Ġ, Ġcan Ġyou Ġremind Ġme Ġin Ġthe Ġmorning	[IN:CREATE_REMINDER @ptr_0 @ptr_1 @ptr_2 [SL:TODO [IN:GET_TODO [SL:TODO @ptr_3 @ptr_4 @ptr_5 SL:TODO] [SL:DATE_TIME @ptr_6 SL:DATE_TIME] IN:GET_TODO] SL:TODO] @ptr_7 @ptr_8 @ptr_9 @ptr_10 [SL:PERSON_REMINDED @ptr_11 SL:PERSON_REMINDED] [SL:DATE_TIME @ptr_12 @ptr_13 @ptr_14 SL:DATE_TIME] IN:CREATE_REMINDER]
Delete my reminder about Tuesday 's meeting at 10 am .	Delete Ġmy Ġreminder Ġabout ĠTuesday Ġ' s Ġmeeting Ġat Ġ10 Ġam Ġ.	[IN:DELETE_REMINDER @ptr_0 [SL:PERSON_REMINDED @ptr_1 SL:PERSON_REMINDED] @ptr_2 @ptr_3 [SL:TODO [IN:GET_TODO [SL:DATE_TIME @ptr_4 SL:DATE_TIME] @ptr_5 @ptr_6 [SL:TODO @ptr_7 SL:TODO] IN:GET_TODO] SL:TODO] [SL:DATE_TIME @ptr_8 @ptr_9 @ptr_10 SL:DATE_TIME] @ptr_11 IN:DELETE_REMINDER]
Remind me of my playdate next Tuesday with Mona at noon	Rem ind Ġme Ġof Ġmy Ġplay date Ġnext ĠTuesday Ġwith ĠMon a Ġat Ġnoon	[IN:CREATE_REMINDER @ptr_0 @ptr_1 [SL:PERSON_REMINDED @ptr_2 SL:PERSON_REMINDED] @ptr_3 [SL:TODO [IN:GET_TODO [SL:TODO @ptr_4 @ptr_5 @ptr_6 SL:TODO] [SL:DATE_TIME @ptr_7 @ptr_8 SL:DATE_TIME] @ptr_9 [SL:ATTENDEE @ptr_10 @ptr_11 SL:ATTENDEE] IN:GET_TODO] SL:TODO] [SL:DATE_TIME @ptr_12 @ptr_13 SL:DATE_TIME] IN:CREATE_REMINDER]
Set a reminder to fuel the car tomorrow at 3 : 00 PM after work	Set Ġa Ġreminder Ġto Ġfuel Ġthe Ġcar Ġtomorrow Ġat Ġ3 Ġ: Ġ00 ĠPM Ġafter Ġwork	[IN:CREATE_REMINDER @ptr_0 @ptr_1 @ptr_2 @ptr_3 [SL:TODO [IN:GET_TODO [SL:TODO @ptr_4 @ptr_5 @ptr_6 SL:TODO] [SL:DATE_TIME @ptr_7 @ptr_8 @ptr_9 @ptr_10 @ptr_11 @ptr_12 SL:DATE_TIME] [SL:TODO @ptr_13 @ptr_14 SL:TODO] IN:GET_TODO] SL:TODO] IN:CREATE_REMINDER]
Change my work reminders from 3 : 30 pm to 5 : 00 pm please .	Change Ġmy Ġwork Ġreminders Ġfrom Ġ3 Ġ: Ġ30 Ġpm Ġto Ġ5 Ġ: Ġ00 Ġpm Ġplease Ġ.	[IN:UPDATE_REMINDER_DATE_TIME @ptr_0 [SL:PERSON_REMINDED @ptr_1 SL:PERSON_REMINDED] [SL:TODO @ptr_2 SL:TODO] @ptr_3 [SL:DATE_TIME @ptr_4 @ptr_5 @ptr_6 @ptr_7 @ptr_8 SL:DATE_TIME] [SL:DATE_TIME_NEW @ptr_9 @ptr_10 @ptr_11 @ptr_12 @ptr_13 SL:DATE_TIME_NEW] @ptr_14 @ptr_15 IN:UPDATE_REMINDER_DATE_TIME]
reschedule my reminder for my homework to friday	res che dule Ġmy Ġreminder Ġfor Ġmy Ġhomework Ġto Ġfr iday	[IN:UPDATE_REMINDER_DATE_TIME @ptr_0 @ptr_1 @ptr_2 [SL:PERSON_REMINDED @ptr_3 SL:PERSON_REMINDED] @ptr_4 @ptr_5 [SL:TODO @ptr_6 @ptr_7 SL:TODO] [SL:DATE_TIME_NEW @ptr_8 @ptr_9 @ptr_10 SL:DATE_TIME_NEW] IN:UPDATE_REMINDER_DATE_TIME]
Update Mom 's reminder to 6 pm	Update ĠMom Ġ' s Ġreminder Ġto Ġ6 Ġpm	[IN:UPDATE_REMINDER_DATE_TIME @ptr_0 [SL:PERSON_REMINDED [IN:GET_CONTACT [SL:TYPE_RELATION @ptr_1 SL:TYPE_RELATION] IN:GET_CONTACT] SL:PERSON_REMINDED] @ptr_2 @ptr_3 @ptr_4 [SL:DATE_TIME_NEW @ptr_5 @ptr_6 @ptr_7 SL:DATE_TIME_NEW] IN:UPDATE_REMINDER_DATE_TIME]
update my reminder for piano lessons to wednesday	update Ġmy Ġreminder Ġfor Ġpiano Ġlessons Ġto Ġwed nesday	[IN:UPDATE_REMINDER_DATE_TIME @ptr_0 [SL:PERSON_REMINDED @ptr_1 SL:PERSON_REMINDED] @ptr_2 @ptr_3 [SL:TODO @ptr_4 @ptr_5 SL:TODO] [SL:DATE_TIME_NEW @ptr_6 @ptr_7 @ptr_8 SL:DATE_TIME_NEW] IN:UPDATE_REMINDER_DATE_TIME]
change my laundry reminder to be weekly instead of bi - weekly .	change Ġmy Ġlaundry Ġreminder Ġto Ġbe Ġweekly Ġinstead Ġof Ġbi Ġ- Ġweekly Ġ.	[IN:UPDATE_REMINDER @ptr_0 [SL:PERSON_REMINDED @ptr_1 SL:PERSON_REMINDED] [SL:TODO @ptr_2 SL:TODO] @ptr_3 @ptr_4 @ptr_5 [SL:RECURRING_DATE_TIME_NEW [IN:GET_RECURRING_DATE_TIME [SL:FREQUENCY @ptr_6 SL:FREQUENCY] IN:GET_RECURRING_DATE_TIME] SL:RECURRING_DATE_TIME_NEW] @ptr_7 [SL:RECURRING_DATE_TIME [IN:GET_RECURRING_DATE_TIME @ptr_8 [SL:FREQUENCY @ptr_9 @ptr_10 @ptr_11 SL:FREQUENCY] IN:GET_RECURRING_DATE_TIME] SL:RECURRING_DATE_TIME] @ptr_12 IN:UPDATE_REMINDER]
cancel all of today 's reminders	c ancel Ġall Ġof Ġtoday Ġ' s Ġreminders	[IN:DELETE_REMINDER @ptr_0 @ptr_1 [SL:AMOUNT @ptr_2 SL:AMOUNT] [SL:DATE_TIME @ptr_3 @ptr_4 SL:DATE_TIME] @ptr_5 @ptr_6 @ptr_7 IN:DELETE_REMINDER]
Pull up all reminders for Axle 's appointments	Pull Ġup Ġall Ġreminders Ġfor ĠAx le Ġ' s Ġappointments	[IN:GET_REMINDER [SL:METHOD_RETRIEVAL_REMINDER @ptr_0 @ptr_1 SL:METHOD_RETRIEVAL_REMINDER] [SL:AMOUNT @ptr_2 SL:AMOUNT] @ptr_3 @ptr_4 [SL:TODO @ptr_5 @ptr_6 @ptr_7 @ptr_8 @ptr_9 SL:TODO] IN:GET_REMINDER]
please delete all my meeting reminders for this week	please Ġdelete Ġall Ġmy Ġmeeting Ġreminders Ġfor Ġthis Ġweek	[IN:DELETE_REMINDER @ptr_0 @ptr_1 [SL:AMOUNT @ptr_2 SL:AMOUNT] [SL:PERSON_REMINDED @ptr_3 SL:PERSON_REMINDED] [SL:TODO @ptr_4 SL:TODO] @ptr_5 [SL:DATE_TIME @ptr_6 @ptr_7 @ptr_8 SL:DATE_TIME] IN:DELETE_REMINDER]
Show me all of my reminders with Joe for dinner .	Show Ġme Ġall Ġof Ġmy Ġreminders Ġwith ĠJoe Ġfor Ġdinner Ġ.	[IN:GET_REMINDER [SL:METHOD_RETRIEVAL_REMINDER @ptr_0 SL:METHOD_RETRIEVAL_REMINDER] @ptr_1 [SL:AMOUNT @ptr_2 SL:AMOUNT] @ptr_3 [SL:PERSON_REMINDED @ptr_4 SL:PERSON_REMINDED] @ptr_5 [SL:TODO [IN:GET_TODO @ptr_6 [SL:ATTENDEE @ptr_7 SL:ATTENDEE] @ptr_8 [SL:TODO @ptr_9 SL:TODO] IN:GET_TODO] SL:TODO] @ptr_10 IN:GET_REMINDER]
Please give me all reminders that I have with Marshall .	Please Ġgive Ġme Ġall Ġreminders Ġthat ĠI Ġhave Ġwith ĠMarshall Ġ.	[IN:GET_REMINDER @ptr_0 @ptr_1 @ptr_2 [SL:AMOUNT @ptr_3 SL:AMOUNT] @ptr_4 @ptr_5 [SL:PERSON_REMINDED @ptr_6 SL:PERSON_REMINDED] @ptr_7 [SL:TODO [IN:GET_TODO @ptr_8 [SL:ATTENDEE @ptr_9 SL:ATTENDEE] IN:GET_TODO] SL:TODO] @ptr_10 IN:GET_REMINDER]
change reminder to text mom tomorrow to 10 am	change Ġreminder Ġto Ġtext Ġmom Ġtomorrow Ġto Ġ10 Ġam	[IN:UPDATE_REMINDER_DATE_TIME @ptr_0 @ptr_1 @ptr_2 [SL:TODO [IN:GET_TODO [SL:TODO [IN:SEND_MESSAGE @ptr_3 [SL:RECIPIENT [IN:GET_CONTACT [SL:TYPE_RELATION @ptr_4 SL:TYPE_RELATION] IN:GET_CONTACT] SL:RECIPIENT] IN:SEND_MESSAGE] SL:TODO] [SL:DATE_TIME @ptr_5 SL:DATE_TIME] IN:GET_TODO] SL:TODO] @ptr_6 [SL:DATE_TIME_NEW @ptr_7 @ptr_8 SL:DATE_TIME_NEW] IN:UPDATE_REMINDER_DATE_TIME]
can you remind my sister to send our mom a birthday card	can Ġyou Ġremind Ġmy Ġsister Ġto Ġsend Ġour Ġmom Ġa Ġbirthday Ġcard	[IN:CREATE_REMINDER @ptr_0 @ptr_1 @ptr_2 [SL:PERSON_REMINDED [IN:GET_CONTACT [SL:CONTACT_RELATED @ptr_3 SL:CONTACT_RELATED] [SL:TYPE_RELATION @ptr_4 SL:TYPE_RELATION] IN:GET_CONTACT] SL:PERSON_REMINDED] @ptr_5 [SL:TODO @ptr_6 @ptr_7 @ptr_8 @ptr_9 @ptr_10 @ptr_11 SL:TODO] IN:CREATE_REMINDER]
can you show me all the reminders for my husband for this month	can Ġyou Ġshow Ġme Ġall Ġthe Ġreminders Ġfor Ġmy Ġhusband Ġfor Ġthis Ġmonth	[IN:GET_REMINDER @ptr_0 @ptr_1 @ptr_2 @ptr_3 [SL:AMOUNT @ptr_4 SL:AMOUNT] @ptr_5 @ptr_6 @ptr_7 [SL:PERSON_REMINDED [IN:GET_CONTACT [SL:CONTACT_RELATED @ptr_8 SL:CONTACT_RELATED] [SL:TYPE_RELATION @ptr_9 SL:TYPE_RELATION] IN:GET_CONTACT] SL:PERSON_REMINDED] [SL:DATE_TIME @ptr_10 @ptr_11 @ptr_12 SL:DATE_TIME] IN:GET_REMINDER]
Remind me to text my sister at 5 pm tomorrow .	Rem ind Ġme Ġto Ġtext Ġmy Ġsister Ġat Ġ5 Ġpm Ġtomorrow Ġ.	[IN:CREATE_REMINDER @ptr_0 @ptr_1 [SL:PERSON_REMINDED @ptr_2 SL:PERSON_REMINDED] @ptr_3 [SL:TODO [IN:SEND_MESSAGE @ptr_4 [SL:RECIPIENT [IN:GET_CONTACT [SL:CONTACT_RELATED @ptr_5 SL:CONTACT_RELATED] [SL:TYPE_RELATION @ptr_6 SL:TYPE_RELATION] IN:GET_CONTACT] SL:RECIPIENT] IN:SEND_MESSAGE] SL:TODO] [SL:DATE_TIME @ptr_7 @ptr_8 @ptr_9 @ptr_10 SL:DATE_TIME] @ptr_11 IN:CREATE_REMINDER]
Please show all reminders for Mom .	Please Ġshow Ġall Ġreminders Ġfor ĠMom Ġ.	[IN:GET_REMINDER @ptr_0 [SL:METHOD_RETRIEVAL_REMINDER @ptr_1 SL:METHOD_RETRIEVAL_REMINDER] [SL:AMOUNT @ptr_2 SL:AMOUNT] @ptr_3 @ptr_4 [SL:PERSON_REMINDED [IN:GET_CONTACT [SL:TYPE_RELATION @ptr_5 SL:TYPE_RELATION] IN:GET_CONTACT] SL:PERSON_REMINDED] @ptr_6 IN:GET_REMINDER]
set a reminder for my husband mark to go to jury duty at 7 am on september 13th `	set Ġa Ġreminder Ġfor Ġmy Ġhusband Ġmark Ġto Ġgo Ġto Ġjury Ġduty Ġat Ġ7 Ġam Ġon Ġse pt ember Ġ13 th Ġ`	[IN:CREATE_REMINDER @ptr_0 @ptr_1 @ptr_2 @ptr_3 [SL:PERSON_REMINDED [IN:GET_CONTACT [SL:CONTACT_RELATED @ptr_4 SL:CONTACT_RELATED] [SL:TYPE_RELATION @ptr_5 SL:TYPE_RELATION] [SL:CONTACT @ptr_6 SL:CONTACT] IN:GET_CONTACT] SL:PERSON_REMINDED] @ptr_7 [SL:TODO @ptr_8 @ptr_9 @ptr_10 @ptr_11 SL:TODO] [SL:DATE_TIME @ptr_12 @ptr_13 @ptr_14 @ptr_15 @ptr_16 @ptr_17 @ptr_18 @ptr_19 @ptr_20 SL:DATE_TIME] @ptr_21 IN:CREATE_REMINDER]
Set up a reminder for me to text my husband tomorrow morning for our anniversary	Set Ġup Ġa Ġreminder Ġfor Ġme Ġto Ġtext Ġmy Ġhusband Ġtomorrow Ġmorning Ġfor Ġour Ġanniversary	[IN:CREATE_REMINDER @ptr_0 @ptr_1 @ptr_2 @ptr_3 @ptr_4 [SL:PERSON_REMINDED @ptr_5 SL:PERSON_REMINDED] @ptr_6 [SL:TODO [IN:GET_TODO [SL:TODO [IN:SEND_MESSAGE @ptr_7 [SL:RECIPIENT [IN:GET_CONTACT [SL:CONTACT_RELATED @ptr_8 SL:CONTACT_RELATED] [SL:TYPE_RELATION @ptr_9 SL:TYPE_RELATION] IN:GET_CONTACT] SL:RECIPIENT] IN:SEND_MESSAGE] SL:TODO] [SL:DATE_TIME @ptr_10 @ptr_11 SL:DATE_TIME] @ptr_12 [SL:TODO @ptr_13 @ptr_14 SL:TODO] IN:GET_TODO] SL:TODO] IN:CREATE_REMINDER]
I no longer need to speak with my Mom this week so please remove that reminder .	I Ġno Ġlonger Ġneed Ġto Ġspeak Ġwith Ġmy ĠMom Ġthis Ġweek Ġso Ġplease Ġremove Ġthat Ġreminder Ġ.	[IN:DELETE_REMINDER [SL:PERSON_REMINDED @ptr_0 SL:PERSON_REMINDED] @ptr_1 @ptr_2 @ptr_3 @ptr_4 [SL:TODO [IN:GET_TODO [SL:TODO @ptr_5 SL:TODO] @ptr_6 [SL:ATTENDEE [IN:GET_CONTACT [SL:CONTACT_RELATED @ptr_7 SL:CONTACT_RELATED] [SL:TYPE_RELATION @ptr_8 SL:TYPE_RELATION] IN:GET_CONTACT] SL:ATTENDEE] [SL:DATE_TIME @ptr_9 @ptr_10 SL:DATE_TIME] IN:GET_TODO] SL:TODO] @ptr_11 @ptr_12 @ptr_13 @ptr_14 @ptr_15 @ptr_16 IN:DELETE_REMINDER]
remind my friends about the movie tomorrow at 7 pm	rem ind Ġmy Ġfriends Ġabout Ġthe Ġmovie Ġtomorrow Ġat Ġ7 Ġpm	[IN:CREATE_REMINDER @ptr_0 @ptr_1 [SL:PERSON_REMINDED [IN:GET_CONTACT [SL:CONTACT_RELATED @ptr_2 SL:CONTACT_RELATED] [SL:TYPE_RELATION @ptr_3 SL:TYPE_RELATION] IN:GET_CONTACT] SL:PERSON_REMINDED] @ptr_4 [SL:TODO @ptr_5 @ptr_6 SL:TODO] [SL:DATE_TIME @ptr_7 @ptr_8 @ptr_9 @ptr_10 SL:DATE_TIME] IN:CREATE_REMINDER]
I need all the reminders that I had with my mother for the weekend of Labor Day	I Ġneed Ġall Ġthe Ġreminders Ġthat ĠI Ġhad Ġwith Ġmy Ġmother Ġfor Ġthe Ġweekend Ġof ĠLabor ĠDay	[IN:GET_REMINDER [SL:PERSON_REMINDED @ptr_0 SL:PERSON_REMINDED] @ptr_1 [SL:AMOUNT @ptr_2 SL:AMOUNT] @ptr_3 @ptr_4 @ptr_5 @ptr_6 @ptr_7 [SL:TODO [IN:GET_TODO @ptr_8 [SL:ATTENDEE [IN:GET_CONTACT [SL:CONTACT_RELATED @ptr_9 SL:CONTACT_RELATED] [SL:TYPE_RELATION @ptr_10 SL:TYPE_RELATION] IN:GET_CONTACT] SL:ATTENDEE] IN:GET_TODO] SL:TODO] [SL:DATE_TIME @ptr_11 @ptr_12 @ptr_13 @ptr_14 @ptr_15 @ptr_16 SL:DATE_TIME] IN:GET_REMINDER]
Remind my sister to make a cake two nights from now	Rem ind Ġmy Ġsister Ġto Ġmake Ġa Ġcake Ġtwo Ġnights Ġfrom Ġnow	[IN:CREATE_REMINDER @ptr_0 @ptr_1 [SL:PERSON_REMINDED [IN:GET_CONTACT [SL:CONTACT_RELATED @ptr_2 SL:CONTACT_RELATED] [SL:TYPE_RELATION @ptr_3 SL:TYPE_RELATION] IN:GET_CONTACT] SL:PERSON_REMINDED] @ptr_4 [SL:TODO @ptr_5 @ptr_6 @ptr_7 SL:TODO] @ptr_8 @ptr_9 @ptr_10 @ptr_11 IN:CREATE_REMINDER]
remind my dad to buy a present for my mom 's birthday this week	rem ind Ġmy Ġdad Ġto Ġbuy Ġa Ġpresent Ġfor Ġmy Ġmom Ġ' s Ġbirthday Ġthis Ġweek	[IN:CREATE_REMINDER @ptr_0 @ptr_1 [SL:PERSON_REMINDED [IN:GET_CONTACT [SL:CONTACT_RELATED @ptr_2 SL:CONTACT_RELATED] [SL:TYPE_RELATION @ptr_3 SL:TYPE_RELATION] IN:GET_CONTACT] SL:PERSON_REMINDED] @ptr_4 [SL:TODO @ptr_5 @ptr_6 @ptr_7 @ptr_8 @ptr_9 @ptr_10 @ptr_11 @ptr_12 @ptr_13 SL:TODO] [SL:DATE_TIME @ptr_14 @ptr_15 SL:DATE_TIME] IN:CREATE_REMINDER]
Remind the kids about their appointment on Tuesday , September 18th .	Rem ind Ġthe Ġkids Ġabout Ġtheir Ġappointment Ġon ĠTuesday Ġ, ĠSeptember Ġ18 th Ġ.	[IN:CREATE_REMINDER @ptr_0 @ptr_1 [SL:PERSON_REMINDED [IN:GET_CONTACT @ptr_2 [SL:TYPE_RELATION @ptr_3 SL:TYPE_RELATION] IN:GET_CONTACT] SL:PERSON_REMINDED] @ptr_4 [SL:TODO @ptr_5 @ptr_6 SL:TODO] [SL:DATE_TIME @ptr_7 @ptr_8 @ptr_9 @ptr_10 @ptr_11 @ptr_12 SL:DATE_TIME] @ptr_13 IN:CREATE_REMINDER]
Remind my husband and me that we need to make restaurant reservations for our anniversary Saturday	Rem ind Ġmy Ġhusband Ġand Ġme Ġthat Ġwe Ġneed Ġto Ġmake Ġrestaurant Ġreservations Ġfor Ġour Ġanniversary ĠSaturday	[IN:CREATE_REMINDER @ptr_0 @ptr_1 [SL:PERSON_REMINDED [IN:GET_CONTACT [SL:CONTACT_RELATED @ptr_2 SL:CONTACT_RELATED] [SL:TYPE_RELATION @ptr_3 SL:TYPE_RELATION] IN:GET_CONTACT] SL:PERSON_REMINDED] @ptr_4 [SL:PERSON_REMINDED @ptr_5 SL:PERSON_REMINDED] @ptr_6 @ptr_7 @ptr_8 @ptr_9 [SL:TODO @ptr_10 @ptr_11 @ptr_12 @ptr_13 @ptr_14 @ptr_15 SL:TODO] [SL:DATE_TIME @ptr_16 SL:DATE_TIME] IN:CREATE_REMINDER]
Send a reminder to my friends about our brunch tomorrow at 2 pm	Send Ġa Ġreminder Ġto Ġmy Ġfriends Ġabout Ġour Ġbrunch Ġtomorrow Ġat Ġ2 Ġpm	[IN:CREATE_REMINDER @ptr_0 @ptr_1 @ptr_2 @ptr_3 [SL:PERSON_REMINDED [IN:GET_CONTACT [SL:CONTACT_RELATED @ptr_4 SL:CONTACT_RELATED] [SL:TYPE_RELATION @ptr_5 SL:TYPE_RELATION] IN:GET_CONTACT] SL:PERSON_REMINDED] @ptr_6 [SL:TODO @ptr_7 @ptr_8 SL:TODO] [SL:DATE_TIME @ptr_9 @ptr_10 @ptr_11 @ptr_12 SL:DATE_TIME] IN:CREATE_REMINDER]
Update the dog reminder to dog and cat .	Update Ġthe Ġdog Ġreminder Ġto Ġdog Ġand Ġcat Ġ.	[IN:UPDATE_REMINDER_TODO @ptr_0 @ptr_1 [SL:TODO @ptr_2 SL:TODO] @ptr_3 @ptr_4 [SL:TODO_NEW @ptr_5 @ptr_6 @ptr_7 SL:TODO_NEW] @ptr_8 IN:UPDATE_REMINDER_TODO]
Add mopping floors to my chores reminder this Friday .	Add Ġmo pping Ġfloors Ġto Ġmy Ġchores Ġreminder Ġthis ĠFriday Ġ.	[IN:UPDATE_REMINDER_TODO @ptr_0 [SL:TODO_NEW @ptr_1 @ptr_2 @ptr_3 SL:TODO_NEW] @ptr_4 [SL:PERSON_REMINDED @ptr_5 SL:PERSON_REMINDED] [SL:TODO @ptr_6 SL:TODO] @ptr_7 [SL:DATE_TIME @ptr_8 @ptr_9 SL:DATE_TIME] @ptr_10 IN:UPDATE_REMINDER_TODO]
add get shoes for the party to the list of reminders set for thursday instead of sneakers	add Ġget Ġshoes Ġfor Ġthe Ġparty Ġto Ġthe Ġlist Ġof Ġreminders Ġset Ġfor Ġth ursday Ġinstead Ġof Ġsneakers	[IN:UPDATE_REMINDER_TODO @ptr_0 [SL:TODO_NEW @ptr_1 @ptr_2 @ptr_3 @ptr_4 @ptr_5 SL:TODO_NEW] @ptr_6 @ptr_7 @ptr_8 @ptr_9 @ptr_10 @ptr_11 [SL:DATE_TIME @ptr_12 @ptr_13 @ptr_14 SL:DATE_TIME] @ptr_15 @ptr_16 [SL:TODO @ptr_17 SL:TODO] IN:UPDATE_REMINDER_TODO]
Add my internet bill to the bill reminders group .	Add Ġmy Ġinternet Ġbill Ġto Ġthe Ġbill Ġreminders Ġgroup Ġ.	[IN:UPDATE_REMINDER_TODO @ptr_0 [SL:PERSON_REMINDED @ptr_1 SL:PERSON_REMINDED] [SL:TODO_NEW @ptr_2 @ptr_3 SL:TODO_NEW] [SL:TODO SL:TODO] @ptr_4 @ptr_5 @ptr_6 @ptr_7 @ptr_8 @ptr_9 IN:UPDATE_REMINDER_TODO]
Update The Cooks group reminders to bring brown sugar	Update ĠThe ĠCook s Ġgroup Ġreminders Ġto Ġbring Ġbrown Ġsugar	[IN:UPDATE_REMINDER_TODO @ptr_0 @ptr_1 [SL:PERSON_REMINDED @ptr_2 @ptr_3 SL:PERSON_REMINDED] @ptr_4 @ptr_5 @ptr_6 [SL:TODO_NEW @ptr_7 @ptr_8 @ptr_9 SL:TODO_NEW] IN:UPDATE_REMINDER_TODO]
I need to buy bananas . Remind me to add that to the grocery list	I Ġneed Ġto Ġbuy Ġbananas Ġ. ĠRem ind Ġme Ġto Ġadd Ġthat Ġto Ġthe Ġgrocery Ġlist	[IN:UPDATE_REMINDER_TODO @ptr_0 @ptr_1 @ptr_2 [SL:TODO_NEW @ptr_3 @ptr_4 SL:TODO_NEW] @ptr_5 @ptr_6 @ptr_7 [SL:PERSON_REMINDED @ptr_8 SL:PERSON_REMINDED] @ptr_9 @ptr_10 @ptr_11 @ptr_12 [SL:TODO @ptr_13 @ptr_14 @ptr_15 SL:TODO] IN:UPDATE_REMINDER_TODO]
Please update my laundry reminder to remind me to separate the colors and the whites	Please Ġupdate Ġmy Ġlaundry Ġreminder Ġto Ġremind Ġme Ġto Ġseparate Ġthe Ġcolors Ġand Ġthe Ġwhites	[IN:UPDATE_REMINDER_TODO @ptr_0 @ptr_1 @ptr_2 [SL:TODO @ptr_3 SL:TODO] @ptr_4 @ptr_5 @ptr_6 [SL:PERSON_REMINDED @ptr_7 SL:PERSON_REMINDED] @ptr_8 [SL:TODO_NEW @ptr_9 @ptr_10 @ptr_11 @ptr_12 @ptr_13 @ptr_14 SL:TODO_NEW] IN:UPDATE_REMINDER_TODO]
Hey Bot ! I am taking two pizzas for the party on Sunday , instead of one . Can you please update it and remind me ?	Hey ĠBot Ġ! ĠI Ġam Ġtaking Ġtwo Ġpizz as Ġfor Ġthe Ġparty Ġon ĠSunday Ġ, Ġinstead Ġof Ġone Ġ. ĠCan Ġyou Ġplease Ġupdate Ġit Ġand Ġremind Ġme Ġ?	[IN:UPDATE_REMINDER_TODO @ptr_0 @ptr_1 @ptr_2 @ptr_3 @ptr_4 [SL:TODO_NEW @ptr_5 @ptr_6 @ptr_7 @ptr_8 @ptr_9 @ptr_10 @ptr_11 SL:TODO_NEW] [SL:DATE_TIME @ptr_12 @ptr_13 SL:DATE_TIME] @ptr_14 @ptr_15 @ptr_16 [SL:TODO @ptr_17 SL:TODO] @ptr_18 @ptr_19 @ptr_20 @ptr_21 @ptr_22 @ptr_23 @ptr_24 @ptr_25 [SL:PERSON_REMINDED @ptr_26 SL:PERSON_REMINDED] @ptr_27 IN:UPDATE_REMINDER_TODO]
add grocery shopping to the list of reminders for tomorrow instead of bowling	add Ġgrocery Ġshopping Ġto Ġthe Ġlist Ġof Ġreminders Ġfor Ġtomorrow Ġinstead Ġof Ġbowling	[IN:UPDATE_REMINDER_TODO @ptr_0 [SL:TODO_NEW @ptr_1 @ptr_2 SL:TODO_NEW] @ptr_3 @ptr_4 @ptr_5 @ptr_6 @ptr_7 [SL:DATE_TIME @ptr_8 @ptr_9 SL:DATE_TIME] @ptr_10 @ptr_11 [SL:TODO @ptr_12 SL:TODO] IN:UPDATE_REMINDER_TODO]
Ad pick up dry cleaning to my Monday reminders .	Ad Ġpick Ġup Ġdry Ġcleaning Ġto Ġmy ĠMonday Ġreminders Ġ.	[IN:UPDATE_REMINDER_TODO @ptr_0 [SL:TODO_NEW @ptr_1 @ptr_2 @ptr_3 @ptr_4 SL:TODO_NEW] @ptr_5 [SL:PERSON_REMINDED @ptr_6 SL:PERSON_REMINDED] [SL:DATE_TIME @ptr_7 SL:DATE_TIME] @ptr_8 @ptr_9 IN:UPDATE_REMINDER_TODO]
prepone the reminder to buy coffee to 4 : 30 pm today	prep one Ġthe Ġreminder Ġto Ġbuy Ġcoffee Ġto Ġ4 Ġ: Ġ30 Ġpm Ġtoday	[IN:UPDATE_REMINDER_DATE_TIME @ptr_0 @ptr_1 @ptr_2 @ptr_3 @ptr_4 [SL:TODO @ptr_5 @ptr_6 SL:TODO] [SL:DATE_TIME_NEW @ptr_7 @ptr_8 @ptr_9 @ptr_10 @ptr_11 @ptr_12 SL:DATE_TIME_NEW] IN:UPDATE_REMINDER_DATE_TIME]
Update pack luggage reminder to tomorrow	Update Ġpack Ġluggage Ġreminder Ġto Ġtomorrow	[IN:UPDATE_REMINDER_DATE_TIME @ptr_0 [SL:TODO @ptr_1 @ptr_2 SL:TODO] @ptr_3 [SL:DATE_TIME_NEW @ptr_4 @ptr_5 SL:DATE_TIME_NEW] IN:UPDATE_REMINDER_DATE_TIME]
Please change the reminder time from 4 PM to 6 PM for the party on Friday .	Please Ġchange Ġthe Ġreminder Ġtime Ġfrom Ġ4 ĠPM Ġto Ġ6 ĠPM Ġfor Ġthe Ġparty Ġon ĠFriday Ġ.	[IN:UPDATE_REMINDER_DATE_TIME @ptr_0 @ptr_1 @ptr_2 @ptr_3 @ptr_4 [SL:DATE_TIME @ptr_5 @ptr_6 @ptr_7 SL:DATE_TIME] [SL:DATE_TIME_NEW @ptr_8 @ptr_9 @ptr_10 SL:DATE_TIME_NEW] @ptr_11 [SL:TODO @ptr_12 @ptr_13 SL:TODO] [SL:DATE_TIME @ptr_14 @ptr_15 SL:DATE_TIME] @ptr_16 IN:UPDATE_REMINDER_DATE_TIME]
please change reminder for doctor to 8 / 30	please Ġchange Ġreminder Ġfor Ġdoctor Ġto Ġ8 Ġ/ Ġ30	[IN:UPDATE_REMINDER_DATE_TIME @ptr_0 @ptr_1 @ptr_2 @ptr_3 [SL:TODO @ptr_4 SL:TODO] [SL:DATE_TIME_NEW @ptr_5 @ptr_6 @ptr_7 @ptr_8 SL:DATE_TIME_NEW] IN:UPDATE_REMINDER_DATE_TIME]
Put all the reminders on Monday to Tuesday	Put Ġall Ġthe Ġreminders Ġon ĠMonday Ġto ĠTuesday	[IN:UPDATE_REMINDER_DATE_TIME @ptr_0 [SL:AMOUNT @ptr_1 SL:AMOUNT] @ptr_2 @ptr_3 [SL:DATE_TIME @ptr_4 @ptr_5 SL:DATE_TIME] [SL:DATE_TIME_NEW @ptr_6 @ptr_7 SL:DATE_TIME_NEW] IN:UPDATE_REMINDER_DATE_TIME]
Move tonight 's reminder to Saturday night	Move Ġtonight Ġ' s Ġreminder Ġto ĠSaturday Ġnight	[IN:UPDATE_REMINDER_DATE_TIME @ptr_0 [SL:DATE_TIME @ptr_1 SL:DATE_TIME] @ptr_2 @ptr_3 @ptr_4 [SL:DATE_TIME_NEW @ptr_5 @ptr_6 @ptr_7 SL:DATE_TIME_NEW] IN:UPDATE_REMINDER_DATE_TIME]
Remind me about Adam 's birthday party on Saturday instead of Sunday morning .	Rem ind Ġme Ġabout ĠAdam Ġ' s Ġbirthday Ġparty Ġon ĠSaturday Ġinstead Ġof ĠSunday Ġmorning Ġ.	[IN:UPDATE_REMINDER_DATE_TIME @ptr_0 @ptr_1 [SL:PERSON_REMINDED @ptr_2 SL:PERSON_REMINDED] @ptr_3 [SL:TODO @ptr_4 @ptr_5 @ptr_6 @ptr_7 @ptr_8 SL:TODO] [SL:DATE_TIME_NEW @ptr_9 @ptr_10 SL:DATE_TIME_NEW] @ptr_11 [SL:DATE_TIME @ptr_12 @ptr_13 @ptr_14 SL:DATE_TIME] @ptr_15 IN:UPDATE_REMINDER_DATE_TIME]
update Gertha 's reminder and change 3 pm to 1 pm	update ĠGer tha Ġ' s Ġreminder Ġand Ġchange Ġ3 Ġpm Ġto Ġ1 Ġpm	[IN:UPDATE_REMINDER_DATE_TIME @ptr_0 [SL:PERSON_REMINDED @ptr_1 @ptr_2 SL:PERSON_REMINDED] @ptr_3 @ptr_4 @ptr_5 @ptr_6 @ptr_7 [SL:DATE_TIME @ptr_8 @ptr_9 SL:DATE_TIME] [SL:DATE_TIME_NEW @ptr_10 @ptr_11 @ptr_12 SL:DATE_TIME_NEW] IN:UPDATE_REMINDER_DATE_TIME]
Can you change the alert time on that reminder from 7 to 9 ?	Can Ġyou Ġchange Ġthe Ġalert Ġtime Ġon Ġthat Ġreminder Ġfrom Ġ7 Ġto Ġ9 Ġ?	[IN:UPDATE_REMINDER_DATE_TIME @ptr_0 @ptr_1 @ptr_2 @ptr_3 @ptr_4 @ptr_5 @ptr_6 @ptr_7 @ptr_8 [SL:DATE_TIME @ptr_9 @ptr_10 SL:DATE_TIME] [SL:DATE_TIME_NEW @ptr_11 @ptr_12 SL:DATE_TIME_NEW] @ptr_13 IN:UPDATE_REMINDER_DATE_TIME]
Remind me about doctor 's appointment on Tuesday not Monday .	Rem ind Ġme Ġabout Ġdoctor Ġ' s Ġappointment Ġon ĠTuesday Ġnot ĠMonday Ġ.	[IN:UPDATE_REMINDER_DATE_TIME @ptr_0 @ptr_1 [SL:PERSON_REMINDED @ptr_2 SL:PERSON_REMINDED] @ptr_3 [SL:TODO @ptr_4 @ptr_5 @ptr_6 @ptr_7 SL:TODO] [SL:DATE_TIME_NEW @ptr_8 @ptr_9 SL:DATE_TIME_NEW] @ptr_10 [SL:DATE_TIME @ptr_11 SL:DATE_TIME] @ptr_12 IN:UPDATE_REMINDER_DATE_TIME]
find weekend reminder for Steve 's wedding	find Ġweekend Ġreminder Ġfor ĠSteve Ġ' s Ġwedding	[IN:GET_REMINDER @ptr_0 [SL:DATE_TIME @ptr_1 SL:DATE_TIME] @ptr_2 @ptr_3 [SL:TODO @ptr_4 @ptr_5 @ptr_6 @ptr_7 SL:TODO] IN:GET_REMINDER]
What event reminder is for today ?	What Ġevent Ġreminder Ġis Ġfor Ġtoday Ġ?	[IN:GET_REMINDER @ptr_0 [SL:TODO @ptr_1 SL:TODO] @ptr_2 @ptr_3 [SL:DATE_TIME @ptr_4 @ptr_5 SL:DATE_TIME] @ptr_6 IN:GET_REMINDER]
show all reminders for the week	show Ġall Ġreminders Ġfor Ġthe Ġweek	[IN:GET_REMINDER [SL:METHOD_RETRIEVAL_REMINDER @ptr_0 SL:METHOD_RETRIEVAL_REMINDER] [SL:AMOUNT @ptr_1 SL:AMOUNT] @ptr_2 [SL:DATE_TIME @ptr_3 @ptr_4 @ptr_5 SL:DATE_TIME] IN:GET_REMINDER]
Does my reminder state the time for the movie this weekend ?	Does Ġmy Ġreminder Ġstate Ġthe Ġtime Ġfor Ġthe Ġmovie Ġthis Ġweekend Ġ?	[IN:GET_REMINDER_DATE_TIME @ptr_0 [SL:PERSON_REMINDED @ptr_1 SL:PERSON_REMINDED] @ptr_2 @ptr_3 @ptr_4 @ptr_5 @ptr_6 [SL:TODO @ptr_7 @ptr_8 SL:TODO] [SL:DATE_TIME @ptr_9 @ptr_10 SL:DATE_TIME] @ptr_11 IN:GET_REMINDER_DATE_TIME]
Show my work alerts for today .	Show Ġmy Ġwork Ġalerts Ġfor Ġtoday Ġ.	[IN:GET_REMINDER [SL:METHOD_RETRIEVAL_REMINDER @ptr_0 SL:METHOD_RETRIEVAL_REMINDER] [SL:PERSON_REMINDED @ptr_1 SL:PERSON_REMINDED] [SL:TODO @ptr_2 SL:TODO] @ptr_3 [SL:DATE_TIME @ptr_4 @ptr_5 SL:DATE_TIME] @ptr_6 IN:GET_REMINDER]
Erase the reminder to work on fixing the back deck with Peter tomorrow at 3 PM .	Er ase Ġthe Ġreminder Ġto Ġwork Ġon Ġfixing Ġthe Ġback Ġdeck Ġwith ĠPeter Ġtomorrow Ġat Ġ3 ĠPM Ġ.	[IN:DELETE_REMINDER @ptr_0 @ptr_1 @ptr_2 @ptr_3 @ptr_4 [SL:TODO [IN:GET_TODO [SL:TODO @ptr_5 @ptr_6 @ptr_7 @ptr_8 @ptr_9 @ptr_10 SL:TODO] @ptr_11 [SL:ATTENDEE @ptr_12 SL:ATTENDEE] IN:GET_TODO] SL:TODO] [SL:DATE_TIME @ptr_13 @ptr_14 @ptr_15 @ptr_16 SL:DATE_TIME] @ptr_17 IN:DELETE_REMINDER]
Remind Tiffany that she has a lunch meeting with Dave at 12 : 30 pm today	Rem ind ĠTiffany Ġthat Ġshe Ġhas Ġa Ġlunch Ġmeeting Ġwith ĠDave Ġat Ġ12 Ġ: Ġ30 Ġpm Ġtoday	[IN:CREATE_REMINDER @ptr_0 @ptr_1 [SL:PERSON_REMINDED @ptr_2 SL:PERSON_REMINDED] @ptr_3 @ptr_4 @ptr_5 [SL:TODO [IN:GET_TODO [SL:TODO @ptr_6 @ptr_7 @ptr_8 SL:TODO] @ptr_9 [SL:ATTENDEE @ptr_10 SL:ATTENDEE] IN:GET_TODO] SL:TODO] [SL:DATE_TIME @ptr_11 @ptr_12 @ptr_13 @ptr_14 @ptr_15 @ptr_16 SL:DATE_TIME] IN:CREATE_REMINDER]
Any reminder dealing with Mallory needs to be cancelled .	Any Ġreminder Ġdealing Ġwith ĠMall ory Ġneeds Ġto Ġbe Ġcancelled Ġ.	[IN:DELETE_REMINDER @ptr_0 @ptr_1 @ptr_2 [SL:TODO [IN:GET_TODO @ptr_3 [SL:ATTENDEE @ptr_4 @ptr_5 SL:ATTENDEE] IN:GET_TODO] SL:TODO] @ptr_6 @ptr_7 @ptr_8 @ptr_9 @ptr_10 IN:DELETE_REMINDER]
Remind me an hour before my appointment with Sherrie tomorrow .	Rem ind Ġme Ġan Ġhour Ġbefore Ġmy Ġappointment Ġwith ĠSher rie Ġtomorrow Ġ.	[IN:CREATE_REMINDER @ptr_0 @ptr_1 [SL:PERSON_REMINDED @ptr_2 SL:PERSON_REMINDED] [SL:DATE_TIME @ptr_3 @ptr_4 @ptr_5 SL:DATE_TIME] [SL:TODO [IN:GET_TODO [SL:TODO @ptr_6 @ptr_7 SL:TODO] @ptr_8 [SL:ATTENDEE @ptr_9 @ptr_10 SL:ATTENDEE] [SL:DATE_TIME @ptr_11 SL:DATE_TIME] IN:GET_TODO] SL:TODO] @ptr_12 IN:CREATE_REMINDER]
Remind me to reschedule my tutoring session with Jeff .	Rem ind Ġme Ġto Ġres che dule Ġmy Ġtut oring Ġsession Ġwith ĠJeff Ġ.	[IN:CREATE_REMINDER @ptr_0 @ptr_1 [SL:PERSON_REMINDED @ptr_2 SL:PERSON_REMINDED] @ptr_3 [SL:TODO [IN:GET_TODO [SL:TODO @ptr_4 @ptr_5 @ptr_6 @ptr_7 @ptr_8 @ptr_9 @ptr_10 SL:TODO] @ptr_11 [SL:ATTENDEE @ptr_12 SL:ATTENDEE] IN:GET_TODO] SL:TODO] @ptr_13 IN:CREATE_REMINDER]
Set a reminder for my son - turn in homework .	Set Ġa Ġreminder Ġfor Ġmy Ġson Ġ- Ġturn Ġin Ġhomework Ġ.	[IN:CREATE_REMINDER @ptr_0 @ptr_1 @ptr_2 @ptr_3 [SL:PERSON_REMINDED [IN:GET_CONTACT [SL:CONTACT_RELATED @ptr_4 SL:CONTACT_RELATED] [SL:TYPE_RELATION @ptr_5 SL:TYPE_RELATION] IN:GET_CONTACT] SL:PERSON_REMINDED] @ptr_6 [SL:TODO @ptr_7 @ptr_8 @ptr_9 SL:TODO] @ptr_10 IN:CREATE_REMINDER]
Set up a daily reminder for my daughter to read for 30 minutes .	Set Ġup Ġa Ġdaily Ġreminder Ġfor Ġmy Ġdaughter Ġto Ġread Ġfor Ġ30 Ġminutes Ġ.	[IN:CREATE_REMINDER @ptr_0 @ptr_1 @ptr_2 [SL:RECURRING_DATE_TIME [IN:GET_RECURRING_DATE_TIME [SL:FREQUENCY @ptr_3 SL:FREQUENCY] IN:GET_RECURRING_DATE_TIME] SL:RECURRING_DATE_TIME] @ptr_4 @ptr_5 [SL:PERSON_REMINDED [IN:GET_CONTACT [SL:CONTACT_RELATED @ptr_6 SL:CONTACT_RELATED] [SL:TYPE_RELATION @ptr_7 SL:TYPE_RELATION] IN:GET_CONTACT] SL:PERSON_REMINDED] @ptr_8 [SL:TODO [IN:GET_TODO [SL:TODO @ptr_9 SL:TODO] [SL:DATE_TIME @ptr_10 @ptr_11 @ptr_12 SL:DATE_TIME] IN:GET_TODO] SL:TODO] @ptr_13 IN:CREATE_REMINDER]
Where is the location for my cousin 's party reminder ?	Where Ġis Ġthe Ġlocation Ġfor Ġmy Ġcousin Ġ' s Ġparty Ġreminder Ġ?	[IN:GET_REMINDER_LOCATION @ptr_0 @ptr_1 @ptr_2 @ptr_3 @ptr_4 [SL:PERSON_REMINDED [IN:GET_CONTACT [SL:CONTACT_RELATED @ptr_5 SL:CONTACT_RELATED] [SL:TYPE_RELATION @ptr_6 SL:TYPE_RELATION] IN:GET_CONTACT] SL:PERSON_REMINDED] @ptr_7 @ptr_8 [SL:TODO @ptr_9 SL:TODO] @ptr_10 @ptr_11 IN:GET_REMINDER_LOCATION]
remind all my kids about the concert friday night	rem ind Ġall Ġmy Ġkids Ġabout Ġthe Ġconcert Ġfr iday Ġnight	[IN:CREATE_REMINDER @ptr_0 @ptr_1 [SL:PERSON_REMINDED [IN:GET_CONTACT [SL:AMOUNT @ptr_2 SL:AMOUNT] [SL:CONTACT_RELATED @ptr_3 SL:CONTACT_RELATED] [SL:TYPE_RELATION @ptr_4 SL:TYPE_RELATION] IN:GET_CONTACT] SL:PERSON_REMINDED] @ptr_5 [SL:TODO @ptr_6 @ptr_7 SL:TODO] [SL:DATE_TIME @ptr_8 @ptr_9 @ptr_10 SL:DATE_TIME] IN:CREATE_REMINDER]
Remind me about my dinner with my friend betty at 8 pm	Rem ind Ġme Ġabout Ġmy Ġdinner Ġwith Ġmy Ġfriend Ġbet ty Ġat Ġ8 Ġpm	[IN:CREATE_REMINDER @ptr_0 @ptr_1 [SL:PERSON_REMINDED @ptr_2 SL:PERSON_REMINDED] @ptr_3 [SL:TODO [IN:GET_TODO [SL:TODO @ptr_4 @ptr_5 SL:TODO] @ptr_6 [SL:ATTENDEE [IN:GET_CONTACT [SL:CONTACT_RELATED @ptr_7 SL:CONTACT_RELATED] [SL:TYPE_RELATION @ptr_8 SL:TYPE_RELATION] [SL:CONTACT @ptr_9 @ptr_10 SL:CONTACT] IN:GET_CONTACT] SL:ATTENDEE] IN:GET_TODO] SL:TODO] [SL:DATE_TIME @ptr_11 @ptr_12 @ptr_13 SL:DATE_TIME] IN:CREATE_REMINDER]
When is my next book club reminder ?	When Ġis Ġmy Ġnext Ġbook Ġclub Ġreminder Ġ?	[IN:GET_REMINDER_DATE_TIME @ptr_0 @ptr_1 [SL:PERSON_REMINDED @ptr_2 SL:PERSON_REMINDED] [SL:ORDINAL @ptr_3 SL:ORDINAL] [SL:TODO @ptr_4 @ptr_5 SL:TODO] @ptr_6 @ptr_7 IN:GET_REMINDER_DATE_TIME]
When is my reminder for my next medication dose ?	When Ġis Ġmy Ġreminder Ġfor Ġmy Ġnext Ġmedication Ġdose Ġ?	[IN:GET_REMINDER_DATE_TIME @ptr_0 @ptr_1 [SL:PERSON_REMINDED @ptr_2 SL:PERSON_REMINDED] @ptr_3 @ptr_4 @ptr_5 [SL:ORDINAL @ptr_6 SL:ORDINAL] [SL:TODO @ptr_7 @ptr_8 SL:TODO] @ptr_9 IN:GET_REMINDER_DATE_TIME]
what is my next reminder for the day today ?	what Ġis Ġmy Ġnext Ġreminder Ġfor Ġthe Ġday Ġtoday Ġ?	[IN:GET_REMINDER @ptr_0 @ptr_1 [SL:PERSON_REMINDED @ptr_2 SL:PERSON_REMINDED] [SL:ORDINAL @ptr_3 SL:ORDINAL] @ptr_4 [SL:DATE_TIME @ptr_5 @ptr_6 @ptr_7 @ptr_8 SL:DATE_TIME] @ptr_9 IN:GET_REMINDER]
How much time do I have left until my next reminder ?	How Ġmuch Ġtime Ġdo ĠI Ġhave Ġleft Ġuntil Ġmy Ġnext Ġreminder Ġ?	[IN:GET_REMINDER_DATE_TIME @ptr_0 @ptr_1 @ptr_2 @ptr_3 @ptr_4 @ptr_5 @ptr_6 @ptr_7 [SL:PERSON_REMINDED @ptr_8 SL:PERSON_REMINDED] [SL:ORDINAL @ptr_9 SL:ORDINAL] @ptr_10 @ptr_11 IN:GET_REMINDER_DATE_TIME]
When is my next reminder to put air in my car tires ?	When Ġis Ġmy Ġnext Ġreminder Ġto Ġput Ġair Ġin Ġmy Ġcar Ġtires Ġ?	[IN:GET_REMINDER_DATE_TIME @ptr_0 @ptr_1 [SL:PERSON_REMINDED @ptr_2 SL:PERSON_REMINDED] [SL:ORDINAL @ptr_3 SL:ORDINAL] @ptr_4 @ptr_5 [SL:TODO @ptr_6 @ptr_7 @ptr_8 @ptr_9 @ptr_10 @ptr_11 SL:TODO] @ptr_12 IN:GET_REMINDER_DATE_TIME]
remind me to reply to uncle bens email on sunday	rem ind Ġme Ġto Ġreply Ġto Ġuncle Ġb ens Ġemail Ġon Ġsund ay	[IN:CREATE_REMINDER @ptr_0 @ptr_1 [SL:PERSON_REMINDED @ptr_2 SL:PERSON_REMINDED] @ptr_3 [SL:TODO [IN:REPLY_MESSAGE @ptr_4 @ptr_5 [SL:RECIPIENT [IN:GET_CONTACT [SL:TYPE_RELATION @ptr_6 SL:TYPE_RELATION] [SL:CONTACT @ptr_7 @ptr_8 SL:CONTACT] IN:GET_CONTACT] SL:RECIPIENT] @ptr_9 IN:REPLY_MESSAGE] SL:TODO] [SL:DATE_TIME @ptr_10 @ptr_11 @ptr_12 SL:DATE_TIME] IN:CREATE_REMINDER]
Remind me to reply to Brad about tomorrow 's plans to see a flick .	Rem ind Ġme Ġto Ġreply Ġto ĠBrad Ġabout Ġtomorrow Ġ' s Ġplans Ġto Ġsee Ġa Ġflick Ġ.	[IN:CREATE_REMINDER @ptr_0 @ptr_1 [SL:PERSON_REMINDED @ptr_2 SL:PERSON_REMINDED] @ptr_3 [SL:TODO [IN:REPLY_MESSAGE @ptr_4 @ptr_5 [SL:RECIPIENT @ptr_6 SL:RECIPIENT] @ptr_7 [SL:CONTENT_EXACT @ptr_8 @ptr_9 @ptr_10 @ptr_11 @ptr_12 @ptr_13 @ptr_14 @ptr_15 SL:CONTENT_EXACT] IN:REPLY_MESSAGE] SL:TODO] @ptr_16 IN:CREATE_REMINDER]
Remind me to send my email reply to Maddy tonight .	Rem ind Ġme Ġto Ġsend Ġmy Ġemail Ġreply Ġto ĠM addy Ġtonight Ġ.	[IN:CREATE_REMINDER @ptr_0 @ptr_1 [SL:PERSON_REMINDED @ptr_2 SL:PERSON_REMINDED] @ptr_3 [SL:TODO [IN:REPLY_MESSAGE @ptr_4 [SL:SENDER @ptr_5 SL:SENDER] @ptr_6 @ptr_7 @ptr_8 [SL:RECIPIENT @ptr_9 @ptr_10 SL:RECIPIENT] IN:REPLY_MESSAGE] SL:TODO] [SL:DATE_TIME @ptr_11 SL:DATE_TIME] @ptr_12 IN:CREATE_REMINDER]
Remind me to reply to Bamby that we can meet up for dinner on Friday .	Rem ind Ġme Ġto Ġreply Ġto ĠBam by Ġthat Ġwe Ġcan Ġmeet Ġup Ġfor Ġdinner Ġon ĠFriday Ġ.	[IN:CREATE_REMINDER @ptr_0 @ptr_1 [SL:PERSON_REMINDED @ptr_2 SL:PERSON_REMINDED] @ptr_3 [SL:TODO [IN:REPLY_MESSAGE @ptr_4 @ptr_5 [SL:RECIPIENT @ptr_6 @ptr_7 SL:RECIPIENT] @ptr_8 [SL:CONTENT_EXACT @ptr_9 @ptr_10 @ptr_11 @ptr_12 @ptr_13 @ptr_14 SL:CONTENT_EXACT] IN:REPLY_MESSAGE] SL:TODO] [SL:DATE_TIME @ptr_15 @ptr_16 SL:DATE_TIME] @ptr_17 IN:CREATE_REMINDER]
remind me to send a reply to gorham savings bank about user problems	rem ind Ġme Ġto Ġsend Ġa Ġreply Ġto Ġgor ham Ġsavings Ġbank Ġabout Ġuser Ġproblems	[IN:CREATE_REMINDER @ptr_0 @ptr_1 [SL:PERSON_REMINDED @ptr_2 SL:PERSON_REMINDED] @ptr_3 [SL:TODO [IN:REPLY_MESSAGE @ptr_4 @ptr_5 @ptr_6 @ptr_7 [SL:RECIPIENT @ptr_8 @ptr_9 @ptr_10 @ptr_11 SL:RECIPIENT] @ptr_12 [SL:CONTENT_EXACT @ptr_13 @ptr_14 SL:CONTENT_EXACT] IN:REPLY_MESSAGE] SL:TODO] IN:CREATE_REMINDER]
Show all of my reminders for tomorrow .	Show Ġall Ġof Ġmy Ġreminders Ġfor Ġtomorrow Ġ.	[IN:GET_REMINDER [SL:METHOD_RETRIEVAL_REMINDER @ptr_0 SL:METHOD_RETRIEVAL_REMINDER] [SL:AMOUNT @ptr_1 SL:AMOUNT] @ptr_2 [SL:PERSON_REMINDED @ptr_3 SL:PERSON_REMINDED] @ptr_4 [SL:DATE_TIME @ptr_5 @ptr_6 SL:DATE_TIME] @ptr_7 IN:GET_REMINDER]
Show my reminder .	Show Ġmy Ġreminder Ġ.	[IN:GET_REMINDER [SL:METHOD_RETRIEVAL_REMINDER @ptr_0 SL:METHOD_RETRIEVAL_REMINDER] [SL:PERSON_REMINDED @ptr_1 SL:PERSON_REMINDED] @ptr_2 @ptr_3 IN:GET_REMINDER]
show the reminders	show Ġthe Ġreminders	[IN:GET_REMINDER [SL:METHOD_RETRIEVAL_REMINDER @ptr_0 SL:METHOD_RETRIEVAL_REMINDER] @ptr_1 @ptr_2 IN:GET_REMINDER]
Display all my reminds for today .	Display Ġall Ġmy Ġreminds Ġfor Ġtoday Ġ.	[IN:GET_REMINDER [SL:METHOD_RETRIEVAL_REMINDER @ptr_0 SL:METHOD_RETRIEVAL_REMINDER] [SL:AMOUNT @ptr_1 SL:AMOUNT] [SL:PERSON_REMINDED @ptr_2 SL:PERSON_REMINDED] @ptr_3 [SL:DATE_TIME @ptr_4 @ptr_5 SL:DATE_TIME] @ptr_6 IN:GET_REMINDER]
Show me all my reminders for the current week .	Show Ġme Ġall Ġmy Ġreminders Ġfor Ġthe Ġcurrent Ġweek Ġ.	[IN:GET_REMINDER [SL:METHOD_RETRIEVAL_REMINDER @ptr_0 SL:METHOD_RETRIEVAL_REMINDER] @ptr_1 [SL:AMOUNT @ptr_2 SL:AMOUNT] [SL:PERSON_REMINDED @ptr_3 SL:PERSON_REMINDED] @ptr_4 [SL:DATE_TIME @ptr_5 @ptr_6 @ptr_7 @ptr_8 SL:DATE_TIME] @ptr_9 IN:GET_REMINDER]
Revise the reminder to pay the rent to the 27th of every month .	Rev ise Ġthe Ġreminder Ġto Ġpay Ġthe Ġrent Ġto Ġthe Ġ27 th Ġof Ġevery Ġmonth Ġ.	[IN:UPDATE_REMINDER @ptr_0 @ptr_1 @ptr_2 @ptr_3 @ptr_4 [SL:TODO @ptr_5 @ptr_6 @ptr_7 SL:TODO] [SL:RECURRING_DATE_TIME_NEW [IN:GET_RECURRING_DATE_TIME [SL:DATE_TIME @ptr_8 @ptr_9 @ptr_10 @ptr_11 SL:DATE_TIME] @ptr_12 [SL:FREQUENCY @ptr_13 @ptr_14 SL:FREQUENCY] IN:GET_RECURRING_DATE_TIME] SL:RECURRING_DATE_TIME_NEW] @ptr_15 IN:UPDATE_REMINDER]
Change my alert for getting an oil change from every 3 months to every 6 months .	Change Ġmy Ġalert Ġfor Ġgetting Ġan Ġoil Ġchange Ġfrom Ġevery Ġ3 Ġmonths Ġto Ġevery Ġ6 Ġmonths Ġ.	[IN:UPDATE_REMINDER @ptr_0 [SL:PERSON_REMINDED @ptr_1 SL:PERSON_REMINDED] @ptr_2 @ptr_3 [SL:TODO @ptr_4 @ptr_5 @ptr_6 @ptr_7 SL:TODO] [SL:RECURRING_DATE_TIME [IN:GET_RECURRING_DATE_TIME @ptr_8 [SL:FREQUENCY @ptr_9 @ptr_10 @ptr_11 SL:FREQUENCY] IN:GET_RECURRING_DATE_TIME] SL:RECURRING_DATE_TIME] [SL:RECURRING_DATE_TIME_NEW [IN:GET_RECURRING_DATE_TIME @ptr_12 [SL:FREQUENCY @ptr_13 @ptr_14 @ptr_15 SL:FREQUENCY] IN:GET_RECURRING_DATE_TIME] SL:RECURRING_DATE_TIME_NEW] @ptr_16 IN:UPDATE_REMINDER]
Change my quilt club reminder to monthly	Change Ġmy Ġqu ilt Ġclub Ġreminder Ġto Ġmonthly	[IN:UPDATE_REMINDER @ptr_0 [SL:PERSON_REMINDED @ptr_1 SL:PERSON_REMINDED] [SL:TODO @ptr_2 @ptr_3 @ptr_4 SL:TODO] @ptr_5 [SL:RECURRING_DATE_TIME_NEW [IN:GET_RECURRING_DATE_TIME @ptr_6 [SL:FREQUENCY @ptr_7 SL:FREQUENCY] IN:GET_RECURRING_DATE_TIME] SL:RECURRING_DATE_TIME_NEW] IN:UPDATE_REMINDER]
Remind me to change my underwear every morning at 8 am instead of every other day .	Rem ind Ġme Ġto Ġchange Ġmy Ġunderwear Ġevery Ġmorning Ġat Ġ8 Ġam Ġinstead Ġof Ġevery Ġother Ġday Ġ.	[IN:UPDATE_REMINDER @ptr_0 @ptr_1 [SL:PERSON_REMINDED @ptr_2 SL:PERSON_REMINDED] @ptr_3 [SL:TODO @ptr_4 @ptr_5 @ptr_6 SL:TODO] [SL:RECURRING_DATE_TIME_NEW [IN:GET_RECURRING_DATE_TIME [SL:FREQUENCY @ptr_7 @ptr_8 SL:FREQUENCY] [SL:DATE_TIME @ptr_9 @ptr_10 @ptr_11 SL:DATE_TIME] IN:GET_RECURRING_DATE_TIME] SL:RECURRING_DATE_TIME_NEW] @ptr_12 [SL:RECURRING_DATE_TIME [IN:GET_RECURRING_DATE_TIME @ptr_13 [SL:FREQUENCY @ptr_14 @ptr_15 @ptr_16 SL:FREQUENCY] IN:GET_RECURRING_DATE_TIME] SL:RECURRING_DATE_TIME] @ptr_17 IN:UPDATE_REMINDER]
Please make my weekly Band practice reminder monthly instead .	Please Ġmake Ġmy Ġweekly ĠBand Ġpractice Ġreminder Ġmonthly Ġinstead Ġ.	[IN:UPDATE_REMINDER @ptr_0 @ptr_1 [SL:PERSON_REMINDED @ptr_2 SL:PERSON_REMINDED] [SL:RECURRING_DATE_TIME [IN:GET_RECURRING_DATE_TIME [SL:FREQUENCY @ptr_3 SL:FREQUENCY] IN:GET_RECURRING_DATE_TIME] SL:RECURRING_DATE_TIME] [SL:TODO @ptr_4 @ptr_5 SL:TODO] @ptr_6 [SL:RECURRING_DATE_TIME_NEW [IN:GET_RECURRING_DATE_TIME [SL:FREQUENCY @ptr_7 SL:FREQUENCY] IN:GET_RECURRING_DATE_TIME] SL:RECURRING_DATE_TIME_NEW] @ptr_8 @ptr_9 IN:UPDATE_REMINDER]
Add Jenn to the reminder regarding fossil fuels later this month .	Add ĠJenn Ġto Ġthe Ġreminder Ġregarding Ġfossil Ġfuels Ġlater Ġthis Ġmonth Ġ.	[IN:UPDATE_REMINDER @ptr_0 [SL:PERSON_REMINDED_ADDED @ptr_1 SL:PERSON_REMINDED_ADDED] @ptr_2 @ptr_3 @ptr_4 @ptr_5 [SL:TODO @ptr_6 @ptr_7 SL:TODO] [SL:DATE_TIME @ptr_8 @ptr_9 @ptr_10 SL:DATE_TIME] @ptr_11 IN:UPDATE_REMINDER]
Add Bob to my reminder regarding employment .	Add ĠBob Ġto Ġmy Ġreminder Ġregarding Ġemployment Ġ.	[IN:UPDATE_REMINDER @ptr_0 [SL:PERSON_REMINDED_ADDED @ptr_1 SL:PERSON_REMINDED_ADDED] @ptr_2 [SL:PERSON_REMINDED @ptr_3 SL:PERSON_REMINDED] @ptr_4 @ptr_5 [SL:TODO @ptr_6 SL:TODO] @ptr_7 IN:UPDATE_REMINDER]
Add Liz to the birthday reminder list for Sarah 's surprise party	Add ĠLiz Ġto Ġthe Ġbirthday Ġreminder Ġlist Ġfor ĠSarah Ġ' s Ġsurprise Ġparty	[IN:UPDATE_REMINDER @ptr_0 [SL:PERSON_REMINDED_ADDED @ptr_1 SL:PERSON_REMINDED_ADDED] @ptr_2 @ptr_3 [SL:TODO @ptr_4 SL:TODO] @ptr_5 @ptr_6 @ptr_7 [SL:TODO @ptr_8 @ptr_9 @ptr_10 @ptr_11 @ptr_12 SL:TODO] IN:UPDATE_REMINDER]
Add my sister to the Sunday 's mass reminder	Add Ġmy Ġsister Ġto Ġthe ĠSunday Ġ' s Ġmass Ġreminder	[IN:UPDATE_REMINDER @ptr_0 [SL:PERSON_REMINDED_ADDED [IN:GET_CONTACT [SL:CONTACT_RELATED @ptr_1 SL:CONTACT_RELATED] [SL:TYPE_RELATION @ptr_2 SL:TYPE_RELATION] IN:GET_CONTACT] SL:PERSON_REMINDED_ADDED] @ptr_3 @ptr_4 [SL:DATE_TIME @ptr_5 SL:DATE_TIME] @ptr_6 @ptr_7 [SL:TODO @ptr_8 SL:TODO] @ptr_9 IN:UPDATE_REMINDER]
Add Brian and Matt to all reminders involving steak dinner this month .	Add ĠBrian Ġand ĠMatt Ġto Ġall Ġreminders Ġinvolving Ġsteak Ġdinner Ġthis Ġmonth Ġ.	[IN:UPDATE_REMINDER @ptr_0 [SL:PERSON_REMINDED_ADDED @ptr_1 SL:PERSON_REMINDED_ADDED] @ptr_2 [SL:PERSON_REMINDED_ADDED @ptr_3 SL:PERSON_REMINDED_ADDED] @ptr_4 [SL:AMOUNT @ptr_5 SL:AMOUNT] @ptr_6 @ptr_7 [SL:TODO @ptr_8 @ptr_9 SL:TODO] [SL:DATE_TIME @ptr_10 @ptr_11 SL:DATE_TIME] @ptr_12 IN:UPDATE_REMINDER]
When 's my next reminder set for flexible work options group meeting via skype	When Ġ' s Ġmy Ġnext Ġreminder Ġset Ġfor Ġflexible Ġwork Ġoptions Ġgroup Ġmeeting Ġvia Ġsk ype	[IN:GET_REMINDER_DATE_TIME @ptr_0 @ptr_1 @ptr_2 [SL:PERSON_REMINDED @ptr_3 SL:PERSON_REMINDED] [SL:ORDINAL @ptr_4 SL:ORDINAL] @ptr_5 @ptr_6 @ptr_7 [SL:TODO @ptr_8 @ptr_9 @ptr_10 @ptr_11 @ptr_12 @ptr_13 @ptr_14 @ptr_15 SL:TODO] IN:GET_REMINDER_DATE_TIME]
How much time do I have until the next reminder that is set ?	How Ġmuch Ġtime Ġdo ĠI Ġhave Ġuntil Ġthe Ġnext Ġreminder Ġthat Ġis Ġset Ġ?	[IN:GET_REMINDER_DATE_TIME @ptr_0 @ptr_1 @ptr_2 @ptr_3 [SL:PERSON_REMINDED @ptr_4 SL:PERSON_REMINDED] @ptr_5 @ptr_6 @ptr_7 [SL:ORDINAL @ptr_8 SL:ORDINAL] @ptr_9 @ptr_10 @ptr_11 @ptr_12 @ptr_13 IN:GET_REMINDER_DATE_TIME]
When is our reminder for James 's birthday party ?	When Ġis Ġour Ġreminder Ġfor ĠJames Ġ' s Ġbirthday Ġparty Ġ?	[IN:GET_REMINDER_DATE_TIME @ptr_0 @ptr_1 @ptr_2 @ptr_3 @ptr_4 [SL:TODO @ptr_5 @ptr_6 @ptr_7 @ptr_8 @ptr_9 SL:TODO] @ptr_10 IN:GET_REMINDER_DATE_TIME]
when was my last reminder to feed the humming birds	when Ġwas Ġmy Ġlast Ġreminder Ġto Ġfeed Ġthe Ġhumming Ġbirds	[IN:GET_REMINDER_DATE_TIME @ptr_0 @ptr_1 [SL:PERSON_REMINDED @ptr_2 SL:PERSON_REMINDED] [SL:ORDINAL @ptr_3 SL:ORDINAL] @ptr_4 @ptr_5 [SL:TODO @ptr_6 @ptr_7 @ptr_8 @ptr_9 SL:TODO] IN:GET_REMINDER_DATE_TIME]
What day of the week is my trash pickup reminder set for ?	What Ġday Ġof Ġthe Ġweek Ġis Ġmy Ġtrash Ġpickup Ġreminder Ġset Ġfor Ġ?	[IN:GET_REMINDER_DATE_TIME @ptr_0 @ptr_1 @ptr_2 @ptr_3 @ptr_4 @ptr_5 [SL:PERSON_REMINDED @ptr_6 SL:PERSON_REMINDED] [SL:TODO @ptr_7 @ptr_8 SL:TODO] @ptr_9 @ptr_10 @ptr_11 @ptr_12 IN:GET_REMINDER_DATE_TIME]
Remind me to send an email to all IT group members that the team building excursion will be canceled due to bad weather at 2 : 00 pm .	Rem ind Ġme Ġto Ġsend Ġan Ġemail Ġto Ġall ĠIT Ġgroup Ġmembers Ġthat Ġthe Ġteam Ġbuilding Ġexc ursion Ġwill Ġbe Ġcanceled Ġdue Ġto Ġbad Ġweather Ġat Ġ2 Ġ: Ġ00 Ġpm Ġ.	[IN:CREATE_REMINDER @ptr_0 @ptr_1 [SL:PERSON_REMINDED @ptr_2 SL:PERSON_REMINDED] @ptr_3 [SL:TODO [IN:SEND_MESSAGE @ptr_4 @ptr_5 @ptr_6 @ptr_7 @ptr_8 [SL:GROUP @ptr_9 SL:GROUP] @ptr_10 @ptr_11 @ptr_12 [SL:CONTENT_EXACT @ptr_13 @ptr_14 @ptr_15 @ptr_16 @ptr_17 @ptr_18 @ptr_19 @ptr_20 @ptr_21 @ptr_22 @ptr_23 @ptr_24 SL:CONTENT_EXACT] IN:SEND_MESSAGE] SL:TODO] [SL:DATE_TIME @ptr_25 @ptr_26 @ptr_27 @ptr_28 @ptr_29 SL:DATE_TIME] @ptr_30 IN:CREATE_REMINDER]
set weekly reminder to email the test result to the cheer team saturday	set Ġweekly Ġreminder Ġto Ġemail Ġthe Ġtest Ġresult Ġto Ġthe Ġcheer Ġteam Ġs aturday	[IN:CREATE_REMINDER @ptr_0 [SL:RECURRING_DATE_TIME [IN:GET_RECURRING_DATE_TIME [SL:FREQUENCY @ptr_1 SL:FREQUENCY] IN:GET_RECURRING_DATE_TIME] SL:RECURRING_DATE_TIME] @ptr_2 @ptr_3 [SL:TODO [IN:GET_TODO [SL:TODO [IN:SEND_MESSAGE @ptr_4 [SL:CONTENT_EXACT @ptr_5 @ptr_6 @ptr_7 SL:CONTENT_EXACT] @ptr_8 [SL:GROUP @ptr_9 @ptr_10 @ptr_11 SL:GROUP] IN:SEND_MESSAGE] SL:TODO] [SL:DATE_TIME @ptr_12 @ptr_13 SL:DATE_TIME] IN:GET_TODO] SL:TODO] IN:CREATE_REMINDER]
Set up a weekly reminder to email the team about updates on Friday Morning	Set Ġup Ġa Ġweekly Ġreminder Ġto Ġemail Ġthe Ġteam Ġabout Ġupdates Ġon ĠFriday ĠMorning	[IN:CREATE_REMINDER @ptr_0 @ptr_1 @ptr_2 [SL:RECURRING_DATE_TIME [IN:GET_RECURRING_DATE_TIME [SL:FREQUENCY @ptr_3 SL:FREQUENCY] IN:GET_RECURRING_DATE_TIME] SL:RECURRING_DATE_TIME] @ptr_4 @ptr_5 [SL:TODO [IN:GET_TODO [SL:TODO [IN:SEND_MESSAGE @ptr_6 [SL:GROUP @ptr_7 @ptr_8 SL:GROUP] @ptr_9 [SL:CONTENT_EXACT @ptr_10 SL:CONTENT_EXACT] IN:SEND_MESSAGE] SL:TODO] [SL:DATE_TIME @ptr_11 @ptr_12 @ptr_13 SL:DATE_TIME] IN:GET_TODO] SL:TODO] IN:CREATE_REMINDER]
Remind me to send my email reply to Maddy tonight .	Rem ind Ġme Ġto Ġsend Ġmy Ġemail Ġreply Ġto ĠM addy Ġtonight Ġ.	[IN:CREATE_REMINDER @ptr_0 @ptr_1 [SL:PERSON_REMINDED @ptr_2 SL:PERSON_REMINDED] @ptr_3 [SL:TODO [IN:REPLY_MESSAGE @ptr_4 [SL:SENDER @ptr_5 SL:SENDER] @ptr_6 @ptr_7 @ptr_8 [SL:RECIPIENT @ptr_9 @ptr_10 SL:RECIPIENT] IN:REPLY_MESSAGE] SL:TODO] [SL:DATE_TIME @ptr_11 SL:DATE_TIME] @ptr_12 IN:CREATE_REMINDER]
Can you remind me to send out my email marketing letter by Friday	Can Ġyou Ġremind Ġme Ġto Ġsend Ġout Ġmy Ġemail Ġmarketing Ġletter Ġby ĠFriday	[IN:CREATE_REMINDER @ptr_0 @ptr_1 @ptr_2 [SL:PERSON_REMINDED @ptr_3 SL:PERSON_REMINDED] @ptr_4 [SL:TODO [IN:SEND_MESSAGE @ptr_5 @ptr_6 [SL:SENDER @ptr_7 SL:SENDER] @ptr_8 [SL:CONTENT_EXACT @ptr_9 @ptr_10 SL:CONTENT_EXACT] IN:SEND_MESSAGE] SL:TODO] [SL:DATE_TIME @ptr_11 @ptr_12 SL:DATE_TIME] IN:CREATE_REMINDER]
Remind me to reply to Jim about our lunch meeting	Rem ind Ġme Ġto Ġreply Ġto ĠJim Ġabout Ġour Ġlunch Ġmeeting	[IN:CREATE_REMINDER @ptr_0 @ptr_1 [SL:PERSON_REMINDED @ptr_2 SL:PERSON_REMINDED] @ptr_3 [SL:TODO [IN:REPLY_MESSAGE @ptr_4 @ptr_5 [SL:RECIPIENT @ptr_6 SL:RECIPIENT] @ptr_7 [SL:CONTENT_EXACT [IN:GET_EVENT [SL:ORGANIZER_EVENT @ptr_8 SL:ORGANIZER_EVENT] [SL:CATEGORY_EVENT @ptr_9 @ptr_10 SL:CATEGORY_EVENT] IN:GET_EVENT] SL:CONTENT_EXACT] IN:REPLY_MESSAGE] SL:TODO] IN:CREATE_REMINDER]
I need to reply to Billy about Sarah 's baby shower ; can you remind me in 3 days ?	I Ġneed Ġto Ġreply Ġto ĠBilly Ġabout ĠSarah Ġ' s Ġbaby Ġshower Ġ; Ġcan Ġyou Ġremind Ġme Ġin Ġ3 Ġdays Ġ?	[IN:CREATE_REMINDER @ptr_0 @ptr_1 @ptr_2 [SL:TODO [IN:REPLY_MESSAGE @ptr_3 @ptr_4 [SL:RECIPIENT @ptr_5 SL:RECIPIENT] @ptr_6 [SL:CONTENT_EXACT [IN:GET_EVENT [SL:ORGANIZER_EVENT @ptr_7 SL:ORGANIZER_EVENT] @ptr_8 @ptr_9 [SL:CATEGORY_EVENT @ptr_10 @ptr_11 SL:CATEGORY_EVENT] IN:GET_EVENT] SL:CONTENT_EXACT] IN:REPLY_MESSAGE] SL:TODO] @ptr_12 @ptr_13 @ptr_14 @ptr_15 [SL:PERSON_REMINDED @ptr_16 SL:PERSON_REMINDED] [SL:DATE_TIME @ptr_17 @ptr_18 @ptr_19 SL:DATE_TIME] @ptr_20 IN:CREATE_REMINDER]
Remind me to email Eva about dad 's birthday celebration next week .	Rem ind Ġme Ġto Ġemail ĠEva Ġabout Ġdad Ġ' s Ġbirthday Ġcelebration Ġnext Ġweek Ġ.	[IN:CREATE_REMINDER @ptr_0 @ptr_1 [SL:PERSON_REMINDED @ptr_2 SL:PERSON_REMINDED] @ptr_3 [SL:TODO [IN:SEND_MESSAGE @ptr_4 [SL:RECIPIENT @ptr_5 SL:RECIPIENT] @ptr_6 [SL:CONTENT_EXACT [IN:GET_EVENT [SL:ORGANIZER_EVENT [IN:GET_CONTACT [SL:TYPE_RELATION @ptr_7 SL:TYPE_RELATION] IN:GET_CONTACT] SL:ORGANIZER_EVENT] @ptr_8 @ptr_9 [SL:CATEGORY_EVENT @ptr_10 @ptr_11 SL:CATEGORY_EVENT] IN:GET_EVENT] SL:CONTENT_EXACT] IN:SEND_MESSAGE] SL:TODO] [SL:DATE_TIME @ptr_12 @ptr_13 SL:DATE_TIME] @ptr_14 IN:CREATE_REMINDER]
remind those invited to the event I'm hosting this week that the event begins at 6 pm	rem ind Ġthose Ġinvited Ġto Ġthe Ġevent ĠI 'm Ġhosting Ġthis Ġweek Ġthat Ġthe Ġevent Ġbegins Ġat Ġ6 Ġpm	[IN:CREATE_REMINDER @ptr_0 @ptr_1 [SL:PERSON_REMINDED [IN:GET_EVENT_ATTENDEE @ptr_2 @ptr_3 @ptr_4 @ptr_5 @ptr_6 [SL:ORGANIZER_EVENT @ptr_7 @ptr_8 SL:ORGANIZER_EVENT] @ptr_9 [SL:DATE_TIME @ptr_10 @ptr_11 SL:DATE_TIME] IN:GET_EVENT_ATTENDEE] SL:PERSON_REMINDED] @ptr_12 [SL:TODO @ptr_13 @ptr_14 @ptr_15 SL:TODO] [SL:DATE_TIME @ptr_16 @ptr_17 @ptr_18 SL:DATE_TIME] IN:CREATE_REMINDER]
set up reminders to send emails for sue 's retirement party the 12th	set Ġup Ġreminders Ġto Ġsend Ġemails Ġfor Ġsue Ġ' s Ġretirement Ġparty Ġthe Ġ12 th	[IN:CREATE_REMINDER @ptr_0 @ptr_1 @ptr_2 @ptr_3 [SL:TODO [IN:SEND_MESSAGE @ptr_4 @ptr_5 @ptr_6 [SL:CONTENT_EXACT [IN:GET_EVENT [SL:ORGANIZER_EVENT @ptr_7 SL:ORGANIZER_EVENT] @ptr_8 @ptr_9 [SL:CATEGORY_EVENT @ptr_10 @ptr_11 SL:CATEGORY_EVENT] IN:GET_EVENT] SL:CONTENT_EXACT] IN:SEND_MESSAGE] SL:TODO] [SL:DATE_TIME @ptr_12 @ptr_13 @ptr_14 SL:DATE_TIME] IN:CREATE_REMINDER]
Cancel the reminder about dinner with my younger sister this Saturday night .	C ancel Ġthe Ġreminder Ġabout Ġdinner Ġwith Ġmy Ġyounger Ġsister Ġthis ĠSaturday Ġnight Ġ.	[IN:DELETE_REMINDER @ptr_0 @ptr_1 @ptr_2 @ptr_3 @ptr_4 [SL:TODO [IN:GET_TODO [SL:TODO @ptr_5 SL:TODO] @ptr_6 [SL:ATTENDEE [IN:GET_CONTACT [SL:CONTACT_RELATED @ptr_7 SL:CONTACT_RELATED] [SL:AGE @ptr_8 SL:AGE] [SL:TYPE_RELATION @ptr_9 SL:TYPE_RELATION] IN:GET_CONTACT] SL:ATTENDEE] IN:GET_TODO] SL:TODO] [SL:DATE_TIME @ptr_10 @ptr_11 @ptr_12 SL:DATE_TIME] @ptr_13 IN:DELETE_REMINDER]
remind those invited to the event I'm hosting this week that the event begins at 6 pm	rem ind Ġthose Ġinvited Ġto Ġthe Ġevent ĠI 'm Ġhosting Ġthis Ġweek Ġthat Ġthe Ġevent Ġbegins Ġat Ġ6 Ġpm	[IN:CREATE_REMINDER @ptr_0 @ptr_1 [SL:PERSON_REMINDED [IN:GET_EVENT_ATTENDEE @ptr_2 @ptr_3 @ptr_4 @ptr_5 @ptr_6 [SL:ORGANIZER_EVENT @ptr_7 @ptr_8 SL:ORGANIZER_EVENT] @ptr_9 [SL:DATE_TIME @ptr_10 @ptr_11 SL:DATE_TIME] IN:GET_EVENT_ATTENDEE] SL:PERSON_REMINDED] @ptr_12 [SL:TODO @ptr_13 @ptr_14 @ptr_15 SL:TODO] [SL:DATE_TIME @ptr_16 @ptr_17 @ptr_18 SL:DATE_TIME] IN:CREATE_REMINDER]
remove Steve from my group reminder for my party for mom and day	remove ĠSteve Ġfrom Ġmy Ġgroup Ġreminder Ġfor Ġmy Ġparty Ġfor Ġmom Ġand Ġday	[IN:UPDATE_REMINDER @ptr_0 [SL:PERSON_REMINDED_REMOVED @ptr_1 SL:PERSON_REMINDED_REMOVED] @ptr_2 @ptr_3 [SL:PERSON_REMINDED @ptr_4 SL:PERSON_REMINDED] @ptr_5 @ptr_6 [SL:TODO @ptr_7 @ptr_8 @ptr_9 @ptr_10 @ptr_11 @ptr_12 SL:TODO] IN:UPDATE_REMINDER]
Remove Gary from all reminders I have setup with him included .	Remove ĠGary Ġfrom Ġall Ġreminders ĠI Ġhave Ġsetup Ġwith Ġhim Ġincluded Ġ.	[IN:UPDATE_REMINDER @ptr_0 [SL:PERSON_REMINDED_REMOVED @ptr_1 SL:PERSON_REMINDED_REMOVED] @ptr_2 [SL:AMOUNT @ptr_3 SL:AMOUNT] @ptr_4 @ptr_5 @ptr_6 @ptr_7 @ptr_8 @ptr_9 @ptr_10 @ptr_11 IN:UPDATE_REMINDER]
remove mom from tonight 's reminder	remove Ġmom Ġfrom Ġtonight Ġ' s Ġreminder	[IN:UPDATE_REMINDER @ptr_0 [SL:PERSON_REMINDED_REMOVED [IN:GET_CONTACT [SL:TYPE_RELATION @ptr_1 SL:TYPE_RELATION] IN:GET_CONTACT] SL:PERSON_REMINDED_REMOVED] @ptr_2 [SL:DATE_TIME @ptr_3 SL:DATE_TIME] @ptr_4 @ptr_5 @ptr_6 IN:UPDATE_REMINDER]
Delete Ava on Parents group meeting reminder .	Delete ĠAv a Ġon ĠParents Ġgroup Ġmeeting Ġreminder Ġ.	[IN:UPDATE_REMINDER @ptr_0 [SL:PERSON_REMINDED_REMOVED @ptr_1 @ptr_2 SL:PERSON_REMINDED_REMOVED] @ptr_3 [SL:TODO @ptr_4 @ptr_5 @ptr_6 SL:TODO] @ptr_7 @ptr_8 IN:UPDATE_REMINDER]
remove Jim from our reminder for the party next wednesday	remove ĠJim Ġfrom Ġour Ġreminder Ġfor Ġthe Ġparty Ġnext Ġwed nesday	[IN:UPDATE_REMINDER @ptr_0 [SL:PERSON_REMINDED_REMOVED @ptr_1 SL:PERSON_REMINDED_REMOVED] @ptr_2 [SL:PERSON_REMINDED @ptr_3 SL:PERSON_REMINDED] @ptr_4 @ptr_5 [SL:TODO @ptr_6 @ptr_7 SL:TODO] [SL:DATE_TIME @ptr_8 @ptr_9 @ptr_10 SL:DATE_TIME] IN:UPDATE_REMINDER]
where is the reminder about meeting sharon tomorrow	where Ġis Ġthe Ġreminder Ġabout Ġmeeting Ġsh aron Ġtomorrow	[IN:GET_REMINDER_LOCATION @ptr_0 @ptr_1 @ptr_2 @ptr_3 @ptr_4 [SL:TODO @ptr_5 @ptr_6 @ptr_7 SL:TODO] [SL:DATE_TIME @ptr_8 SL:DATE_TIME] IN:GET_REMINDER_LOCATION]
What is the location in the reminder for Jo 's birthday party ?	What Ġis Ġthe Ġlocation Ġin Ġthe Ġreminder Ġfor ĠJo Ġ' s Ġbirthday Ġparty Ġ?	[IN:GET_REMINDER_LOCATION @ptr_0 @ptr_1 @ptr_2 @ptr_3 @ptr_4 @ptr_5 @ptr_6 @ptr_7 [SL:TODO @ptr_8 @ptr_9 @ptr_10 @ptr_11 @ptr_12 SL:TODO] @ptr_13 IN:GET_REMINDER_LOCATION]
What is the location of the reminders for my sister for her birthday party ?	What Ġis Ġthe Ġlocation Ġof Ġthe Ġreminders Ġfor Ġmy Ġsister Ġfor Ġher Ġbirthday Ġparty Ġ?	[IN:GET_REMINDER_LOCATION @ptr_0 @ptr_1 @ptr_2 @ptr_3 @ptr_4 @ptr_5 @ptr_6 @ptr_7 [SL:PERSON_REMINDED [IN:GET_CONTACT [SL:CONTACT_RELATED @ptr_8 SL:CONTACT_RELATED] [SL:TYPE_RELATION @ptr_9 SL:TYPE_RELATION] IN:GET_CONTACT] SL:PERSON_REMINDED] @ptr_10 [SL:TODO @ptr_11 @ptr_12 @ptr_13 SL:TODO] @ptr_14 IN:GET_REMINDER_LOCATION]
Where is the reminder for dinner with Joao ?	Where Ġis Ġthe Ġreminder Ġfor Ġdinner Ġwith ĠJo ao Ġ?	[IN:GET_REMINDER_LOCATION @ptr_0 @ptr_1 @ptr_2 @ptr_3 @ptr_4 [SL:TODO [IN:GET_TODO [SL:TODO @ptr_5 SL:TODO] @ptr_6 [SL:ATTENDEE @ptr_7 @ptr_8 SL:ATTENDEE] IN:GET_TODO] SL:TODO] @ptr_9 IN:GET_REMINDER_LOCATION]
remind me of where my next meeting is located .	rem ind Ġme Ġof Ġwhere Ġmy Ġnext Ġmeeting Ġis Ġlocated Ġ.	[IN:GET_REMINDER_LOCATION @ptr_0 @ptr_1 [SL:PERSON_REMINDED @ptr_2 SL:PERSON_REMINDED] @ptr_3 @ptr_4 @ptr_5 [SL:ORDINAL @ptr_6 SL:ORDINAL] [SL:TODO @ptr_7 SL:TODO] @ptr_8 @ptr_9 @ptr_10 IN:GET_REMINDER_LOCATION]
How many reminders do I have concerning the NASCAR race times	How Ġmany Ġreminders Ġdo ĠI Ġhave Ġconcerning Ġthe ĠNASCAR Ġrace Ġtimes	[IN:GET_REMINDER_AMOUNT @ptr_0 @ptr_1 @ptr_2 @ptr_3 [SL:PERSON_REMINDED @ptr_4 SL:PERSON_REMINDED] @ptr_5 @ptr_6 [SL:TODO @ptr_7 @ptr_8 @ptr_9 @ptr_10 SL:TODO] IN:GET_REMINDER_AMOUNT]
How many PM reminders are scheduled for cooking ?	How Ġmany ĠPM Ġreminders Ġare Ġscheduled Ġfor Ġcooking Ġ?	[IN:GET_REMINDER_AMOUNT @ptr_0 @ptr_1 [SL:DATE_TIME @ptr_2 SL:DATE_TIME] @ptr_3 @ptr_4 @ptr_5 @ptr_6 [SL:TODO @ptr_7 SL:TODO] @ptr_8 IN:GET_REMINDER_AMOUNT]
Please tell me how many reminders I have for school activities .	Please Ġtell Ġme Ġhow Ġmany Ġreminders ĠI Ġhave Ġfor Ġschool Ġactivities Ġ.	[IN:GET_REMINDER_AMOUNT @ptr_0 [SL:METHOD_RETRIEVAL_REMINDER @ptr_1 SL:METHOD_RETRIEVAL_REMINDER] @ptr_2 @ptr_3 @ptr_4 @ptr_5 [SL:PERSON_REMINDED @ptr_6 SL:PERSON_REMINDED] @ptr_7 @ptr_8 [SL:TODO @ptr_9 @ptr_10 SL:TODO] @ptr_11 IN:GET_REMINDER_AMOUNT]
How many reminders do I have set for workouts this weeek	How Ġmany Ġreminders Ġdo ĠI Ġhave Ġset Ġfor Ġworkouts Ġthis Ġwee ek	[IN:GET_REMINDER_AMOUNT @ptr_0 @ptr_1 @ptr_2 @ptr_3 [SL:PERSON_REMINDED @ptr_4 SL:PERSON_REMINDED] @ptr_5 @ptr_6 @ptr_7 [SL:TODO @ptr_8 SL:TODO] [SL:DATE_TIME @ptr_9 @ptr_10 @ptr_11 SL:DATE_TIME] IN:GET_REMINDER_AMOUNT]
How many birthday reminders do I have for October ?	How Ġmany Ġbirthday Ġreminders Ġdo ĠI Ġhave Ġfor ĠOctober Ġ?	[IN:GET_REMINDER_AMOUNT @ptr_0 @ptr_1 [SL:TODO @ptr_2 SL:TODO] @ptr_3 @ptr_4 [SL:PERSON_REMINDED @ptr_5 SL:PERSON_REMINDED] @ptr_6 [SL:DATE_TIME @ptr_7 @ptr_8 SL:DATE_TIME] @ptr_9 IN:GET_REMINDER_AMOUNT]
Is there a way to set a reminder for every day next week ?	Is Ġthere Ġa Ġway Ġto Ġset Ġa Ġreminder Ġfor Ġevery Ġday Ġnext Ġweek Ġ?	[IN:HELP_REMINDER @ptr_0 @ptr_1 @ptr_2 @ptr_3 @ptr_4 @ptr_5 @ptr_6 @ptr_7 @ptr_8 @ptr_9 @ptr_10 @ptr_11 @ptr_12 @ptr_13 IN:HELP_REMINDER]
Is there any way I can change the reminders dinner time to 5 pm	Is Ġthere Ġany Ġway ĠI Ġcan Ġchange Ġthe Ġreminders Ġdinner Ġtime Ġto Ġ5 Ġpm	[IN:HELP_REMINDER @ptr_0 @ptr_1 @ptr_2 @ptr_3 @ptr_4 @ptr_5 @ptr_6 @ptr_7 @ptr_8 @ptr_9 @ptr_10 @ptr_11 @ptr_12 @ptr_13 IN:HELP_REMINDER]
How do I change the time of an already set reminder ?	How Ġdo ĠI Ġchange Ġthe Ġtime Ġof Ġan Ġalready Ġset Ġreminder Ġ?	[IN:HELP_REMINDER @ptr_0 @ptr_1 @ptr_2 @ptr_3 @ptr_4 @ptr_5 @ptr_6 @ptr_7 @ptr_8 @ptr_9 @ptr_10 @ptr_11 IN:HELP_REMINDER]
how to see yesterday 's reminder	how Ġto Ġsee Ġyesterday Ġ' s Ġreminder	[IN:HELP_REMINDER @ptr_0 @ptr_1 @ptr_2 @ptr_3 @ptr_4 @ptr_5 @ptr_6 IN:HELP_REMINDER]
How do I make a reminder for recurring events ?	How Ġdo ĠI Ġmake Ġa Ġreminder Ġfor Ġrecurring Ġevents Ġ?	[IN:HELP_REMINDER @ptr_0 @ptr_1 @ptr_2 @ptr_3 @ptr_4 @ptr_5 @ptr_6 @ptr_7 @ptr_8 @ptr_9 IN:HELP_REMINDER]
Delete the reminder to send a friend anniversary message to Maura on Facebook .	Delete Ġthe Ġreminder Ġto Ġsend Ġa Ġfriend Ġanniversary Ġmessage Ġto ĠMaur a Ġon ĠFacebook Ġ.	[IN:DELETE_REMINDER @ptr_0 @ptr_1 @ptr_2 @ptr_3 [SL:TODO [IN:SEND_MESSAGE @ptr_4 @ptr_5 [SL:CONTENT_EXACT @ptr_6 @ptr_7 SL:CONTENT_EXACT] @ptr_8 @ptr_9 [SL:RECIPIENT @ptr_10 @ptr_11 SL:RECIPIENT] @ptr_12 [SL:NAME_APP @ptr_13 SL:NAME_APP] IN:SEND_MESSAGE] SL:TODO] @ptr_14 IN:DELETE_REMINDER]
Change the reminder to send an ' I love you ' message to my sister on facebook from the 19th to the 23rd .	Change Ġthe Ġreminder Ġto Ġsend Ġan Ġ' ĠI Ġlove Ġyou Ġ' Ġmessage Ġto Ġmy Ġsister Ġon Ġfacebook Ġfrom Ġthe Ġ19 th Ġto Ġthe Ġ23 rd Ġ.	[IN:UPDATE_REMINDER_DATE_TIME @ptr_0 @ptr_1 @ptr_2 @ptr_3 [SL:TODO [IN:SEND_MESSAGE @ptr_4 @ptr_5 @ptr_6 [SL:CONTENT_EXACT @ptr_7 @ptr_8 @ptr_9 SL:CONTENT_EXACT] @ptr_10 @ptr_11 @ptr_12 [SL:RECIPIENT [IN:GET_CONTACT [SL:CONTACT_RELATED @ptr_13 SL:CONTACT_RELATED] [SL:TYPE_RELATION @ptr_14 SL:TYPE_RELATION] IN:GET_CONTACT] SL:RECIPIENT] @ptr_15 [SL:NAME_APP @ptr_16 SL:NAME_APP] IN:SEND_MESSAGE] SL:TODO] [SL:DATE_TIME @ptr_17 @ptr_18 @ptr_19 @ptr_20 SL:DATE_TIME] [SL:DATE_TIME_NEW @ptr_21 @ptr_22 @ptr_23 @ptr_24 SL:DATE_TIME_NEW] @ptr_25 IN:UPDATE_REMINDER_DATE_TIME]
Delete the reminder to send videos to Lisa on Kelly 's accident .	Delete Ġthe Ġreminder Ġto Ġsend Ġvideos Ġto ĠLisa Ġon ĠKelly Ġ' s Ġaccident Ġ.	[IN:DELETE_REMINDER @ptr_0 @ptr_1 @ptr_2 @ptr_3 [SL:TODO [IN:SEND_MESSAGE @ptr_4 [SL:TYPE_CONTENT @ptr_5 SL:TYPE_CONTENT] @ptr_6 [SL:RECIPIENT @ptr_7 SL:RECIPIENT] @ptr_8 [SL:CONTENT_EXACT @ptr_9 @ptr_10 @ptr_11 @ptr_12 SL:CONTENT_EXACT] IN:SEND_MESSAGE] SL:TODO] @ptr_13 IN:DELETE_REMINDER]
change my meeting alert with kim to Lisa	change Ġmy Ġmeeting Ġalert Ġwith Ġk im Ġto ĠLisa	[IN:UPDATE_REMINDER @ptr_0 [SL:PERSON_REMINDED @ptr_1 SL:PERSON_REMINDED] [SL:TODO @ptr_2 SL:TODO] @ptr_3 @ptr_4 [SL:ATTENDEE_REMOVED @ptr_5 @ptr_6 SL:ATTENDEE_REMOVED] @ptr_7 [SL:ATTENDEE_ADDED @ptr_8 SL:ATTENDEE_ADDED] IN:UPDATE_REMINDER]
Add James to my bachelor party reminder .	Add ĠJames Ġto Ġmy Ġbachelor Ġparty Ġreminder Ġ.	[IN:UPDATE_REMINDER @ptr_0 [SL:ATTENDEE_ADDED @ptr_1 SL:ATTENDEE_ADDED] @ptr_2 [SL:PERSON_REMINDED @ptr_3 SL:PERSON_REMINDED] [SL:TODO @ptr_4 @ptr_5 SL:TODO] @ptr_6 @ptr_7 IN:UPDATE_REMINDER]
Update my reminder for my meeting with Mary Spear to include Linda Adams and Pam Morgan .	Update Ġmy Ġreminder Ġfor Ġmy Ġmeeting Ġwith ĠMary ĠSpear Ġto Ġinclude ĠLinda ĠAdams Ġand ĠPam ĠMorgan Ġ.	[IN:UPDATE_REMINDER @ptr_0 [SL:PERSON_REMINDED @ptr_1 SL:PERSON_REMINDED] @ptr_2 @ptr_3 [SL:TODO @ptr_4 @ptr_5 SL:TODO] @ptr_6 [SL:ATTENDEE @ptr_7 @ptr_8 SL:ATTENDEE] @ptr_9 @ptr_10 [SL:ATTENDEE_ADDED @ptr_11 @ptr_12 SL:ATTENDEE_ADDED] @ptr_13 [SL:ATTENDEE_ADDED @ptr_14 @ptr_15 SL:ATTENDEE_ADDED] @ptr_16 IN:UPDATE_REMINDER]
change my meeting alert with kim to Lisa	change Ġmy Ġmeeting Ġalert Ġwith Ġk im Ġto ĠLisa	[IN:UPDATE_REMINDER @ptr_0 [SL:PERSON_REMINDED @ptr_1 SL:PERSON_REMINDED] [SL:TODO @ptr_2 SL:TODO] @ptr_3 @ptr_4 [SL:ATTENDEE_REMOVED @ptr_5 @ptr_6 SL:ATTENDEE_REMOVED] @ptr_7 [SL:ATTENDEE_ADDED @ptr_8 SL:ATTENDEE_ADDED] IN:UPDATE_REMINDER]
Can you add Tony to coming to 4 pm meeting in my reminder	Can Ġyou Ġadd ĠTony Ġto Ġcoming Ġto Ġ4 Ġpm Ġmeeting Ġin Ġmy Ġreminder	[IN:UPDATE_REMINDER @ptr_0 @ptr_1 @ptr_2 [SL:ATTENDEE_ADDED @ptr_3 SL:ATTENDEE_ADDED] @ptr_4 @ptr_5 [SL:DATE_TIME @ptr_6 @ptr_7 @ptr_8 SL:DATE_TIME] [SL:TODO @ptr_9 SL:TODO] @ptr_10 [SL:PERSON_REMINDED @ptr_11 SL:PERSON_REMINDED] @ptr_12 IN:UPDATE_REMINDER]
show me the reminder for the theater night with co - workers next month	show Ġme Ġthe Ġreminder Ġfor Ġthe Ġtheater Ġnight Ġwith Ġco Ġ- Ġworkers Ġnext Ġmonth	[IN:GET_REMINDER [SL:METHOD_RETRIEVAL_REMINDER @ptr_0 SL:METHOD_RETRIEVAL_REMINDER] [SL:PERSON_REMINDED @ptr_1 SL:PERSON_REMINDED] @ptr_2 @ptr_3 @ptr_4 [SL:TODO [IN:GET_TODO [SL:TODO @ptr_5 @ptr_6 @ptr_7 SL:TODO] @ptr_8 [SL:ATTENDEE [IN:GET_CONTACT [SL:MUTUAL_EMPLOYER @ptr_9 @ptr_10 @ptr_11 SL:MUTUAL_EMPLOYER] IN:GET_CONTACT] SL:ATTENDEE] IN:GET_TODO] SL:TODO] [SL:DATE_TIME @ptr_12 @ptr_13 SL:DATE_TIME] IN:GET_REMINDER]
Set a reminder to email my coworkers by tonight .	Set Ġa Ġreminder Ġto Ġemail Ġmy Ġcoworkers Ġby Ġtonight Ġ.	[IN:CREATE_REMINDER @ptr_0 @ptr_1 @ptr_2 @ptr_3 [SL:TODO [IN:SEND_MESSAGE @ptr_4 [SL:RECIPIENT [IN:GET_CONTACT [SL:CONTACT_RELATED @ptr_5 SL:CONTACT_RELATED] [SL:MUTUAL_EMPLOYER @ptr_6 SL:MUTUAL_EMPLOYER] IN:GET_CONTACT] SL:RECIPIENT] IN:SEND_MESSAGE] SL:TODO] [SL:DATE_TIME @ptr_7 @ptr_8 SL:DATE_TIME] @ptr_9 IN:CREATE_REMINDER]
Remind me to send Enrichment emails to teachers on Monday	Rem ind Ġme Ġto Ġsend ĠEn rich ment Ġemails Ġto Ġteachers Ġon ĠMonday	[IN:CREATE_REMINDER @ptr_0 @ptr_1 [SL:PERSON_REMINDED @ptr_2 SL:PERSON_REMINDED] @ptr_3 [SL:TODO [IN:SEND_MESSAGE @ptr_4 [SL:CONTENT_EXACT @ptr_5 @ptr_6 @ptr_7 SL:CONTENT_EXACT] @ptr_8 @ptr_9 [SL:RECIPIENT [IN:GET_CONTACT [SL:JOB @ptr_10 SL:JOB] IN:GET_CONTACT] SL:RECIPIENT] IN:SEND_MESSAGE] SL:TODO] [SL:DATE_TIME @ptr_11 @ptr_12 SL:DATE_TIME] IN:CREATE_REMINDER]
Remind me to send flowers to my wife on her birthday .	Rem ind Ġme Ġto Ġsend Ġflowers Ġto Ġmy Ġwife Ġon Ġher Ġbirthday Ġ.	[IN:CREATE_REMINDER @ptr_0 @ptr_1 [SL:PERSON_REMINDED @ptr_2 SL:PERSON_REMINDED] @ptr_3 [SL:TODO @ptr_4 @ptr_5 @ptr_6 @ptr_7 @ptr_8 SL:TODO] [SL:DATE_TIME [IN:GET_BIRTHDAY @ptr_9 [SL:CONTACT @ptr_10 SL:CONTACT] @ptr_11 IN:GET_BIRTHDAY] SL:DATE_TIME] @ptr_12 IN:CREATE_REMINDER]
