add song to evening	add Ġsong Ġto Ġevening	@ptr_0 [SL:music_item @ptr_1 SL:music_item] @ptr_2 [SL:playlist @ptr_3 SL:playlist]
Add this track to clásicos del hip hop español	Add Ġthis Ġtrack Ġto Ġcl Ã¡ sic os Ġdel Ġhip Ġhop Ġes pa Ã± ol	@ptr_0 @ptr_1 [SL:music_item @ptr_2 SL:music_item] @ptr_3 [SL:playlist @ptr_4 @ptr_5 @ptr_6 @ptr_7 @ptr_8 @ptr_9 @ptr_10 @ptr_11 @ptr_12 @ptr_13 @ptr_14 SL:playlist]
add Dean Martin track to metal xplorer	add ĠDean ĠMartin Ġtrack Ġto Ġmetal Ġx pl orer	@ptr_0 [SL:artist @ptr_1 @ptr_2 SL:artist] [SL:music_item @ptr_3 SL:music_item] @ptr_4 [SL:playlist @ptr_5 @ptr_6 @ptr_7 @ptr_8 SL:playlist]
add tune to Soft Rock	add Ġtune Ġto ĠSoft ĠRock	@ptr_0 [SL:music_item @ptr_1 SL:music_item] @ptr_2 [SL:playlist @ptr_3 @ptr_4 SL:playlist]
add tune to atmospheric black metal	add Ġtune Ġto Ġatmospheric Ġblack Ġmetal	@ptr_0 [SL:music_item @ptr_1 SL:music_item] @ptr_2 [SL:playlist @ptr_3 @ptr_4 @ptr_5 SL:playlist]
add tune to my playlist picnic in the park	add Ġtune Ġto Ġmy Ġplaylist Ġpicnic Ġin Ġthe Ġpark	@ptr_0 [SL:music_item @ptr_1 SL:music_item] @ptr_2 [SL:playlist_owner @ptr_3 SL:playlist_owner] @ptr_4 [SL:playlist @ptr_5 @ptr_6 @ptr_7 @ptr_8 SL:playlist]
add song to my El Mejor Pop en Español	add Ġsong Ġto Ġmy ĠEl ĠMe j or ĠPop Ġen ĠEsp a Ã± ol	@ptr_0 [SL:music_item @ptr_1 SL:music_item] @ptr_2 [SL:playlist_owner @ptr_3 SL:playlist_owner] [SL:playlist @ptr_4 @ptr_5 @ptr_6 @ptr_7 @ptr_8 @ptr_9 @ptr_10 @ptr_11 @ptr_12 @ptr_13 SL:playlist]
add this tune by Kurt James to the playlist latin pop classics	add Ġthis Ġtune Ġby ĠKurt ĠJames Ġto Ġthe Ġplaylist Ġlat in Ġpop Ġclassics	@ptr_0 @ptr_1 [SL:music_item @ptr_2 SL:music_item] @ptr_3 [SL:artist @ptr_4 @ptr_5 SL:artist] @ptr_6 @ptr_7 @ptr_8 [SL:playlist @ptr_9 @ptr_10 @ptr_11 @ptr_12 SL:playlist]
add songs in 90's hip hop of artist	add Ġsongs Ġin Ġ90 's Ġhip Ġhop Ġof Ġartist	@ptr_0 @ptr_1 @ptr_2 [SL:playlist @ptr_3 @ptr_4 @ptr_5 @ptr_6 SL:playlist] @ptr_7 [SL:music_item @ptr_8 SL:music_item]
Add this song to year in metal 2016	Add Ġthis Ġsong Ġto Ġyear Ġin Ġmetal Ġ2016	@ptr_0 @ptr_1 [SL:music_item @ptr_2 SL:music_item] @ptr_3 [SL:playlist @ptr_4 @ptr_5 @ptr_6 @ptr_7 SL:playlist]
Add tune to cleaning the house	Add Ġtune Ġto Ġcleaning Ġthe Ġhouse	@ptr_0 [SL:music_item @ptr_1 SL:music_item] @ptr_2 [SL:playlist @ptr_3 @ptr_4 @ptr_5 SL:playlist]
add tune to women of pop	add Ġtune Ġto Ġwomen Ġof Ġpop	@ptr_0 [SL:music_item @ptr_1 SL:music_item] @ptr_2 [SL:playlist @ptr_3 @ptr_4 @ptr_5 SL:playlist]
Add the album to my Wild Country	Add Ġthe Ġalbum Ġto Ġmy ĠWild ĠCountry	@ptr_0 @ptr_1 [SL:music_item @ptr_2 SL:music_item] @ptr_3 [SL:playlist_owner @ptr_4 SL:playlist_owner] [SL:playlist @ptr_5 @ptr_6 SL:playlist]
I need another artist in the romántica	I Ġneed Ġanother Ġartist Ġin Ġthe Ġrom Ã¡ nt ica	@ptr_0 @ptr_1 @ptr_2 [SL:music_item @ptr_3 SL:music_item] @ptr_4 @ptr_5 [SL:playlist @ptr_6 @ptr_7 @ptr_8 @ptr_9 SL:playlist]
Add a track to my Alok House Party	Add Ġa Ġtrack Ġto Ġmy ĠAl ok ĠHouse ĠParty	@ptr_0 @ptr_1 [SL:music_item @ptr_2 SL:music_item] @ptr_3 [SL:playlist_owner @ptr_4 SL:playlist_owner] [SL:playlist @ptr_5 @ptr_6 @ptr_7 @ptr_8 SL:playlist]
Can you put this tune onto Latin Dance Cardio	Can Ġyou Ġput Ġthis Ġtune Ġonto ĠLatin ĠDance ĠCard io	@ptr_0 @ptr_1 @ptr_2 @ptr_3 [SL:music_item @ptr_4 SL:music_item] @ptr_5 [SL:playlist @ptr_6 @ptr_7 @ptr_8 @ptr_9 SL:playlist]
Add the r l burnside album to my Nothing But A Party R&B	Add Ġthe Ġr Ġl Ġburn side Ġalbum Ġto Ġmy ĠNothing ĠBut ĠA ĠParty ĠR & B	@ptr_0 @ptr_1 [SL:artist @ptr_2 @ptr_3 @ptr_4 @ptr_5 SL:artist] [SL:music_item @ptr_6 SL:music_item] @ptr_7 [SL:playlist_owner @ptr_8 SL:playlist_owner] [SL:playlist @ptr_9 @ptr_10 @ptr_11 @ptr_12 @ptr_13 @ptr_14 @ptr_15 SL:playlist]
put this song in my funk	put Ġthis Ġsong Ġin Ġmy Ġfunk	@ptr_0 @ptr_1 [SL:music_item @ptr_2 SL:music_item] @ptr_3 [SL:playlist_owner @ptr_4 SL:playlist_owner] [SL:playlist @ptr_5 SL:playlist]
add the song don't drink the water to my	add Ġthe Ġsong Ġdon 't Ġdrink Ġthe Ġwater Ġto Ġmy	@ptr_0 @ptr_1 [SL:music_item @ptr_2 SL:music_item] [SL:playlist @ptr_3 @ptr_4 @ptr_5 @ptr_6 @ptr_7 SL:playlist] @ptr_8 [SL:playlist_owner @ptr_9 SL:playlist_owner]
Can you put Musiri Subramania Iyer 's song onto the lo-fi love	Can Ġyou Ġput ĠMus iri ĠSub ram ania ĠI yer Ġ' s Ġsong Ġonto Ġthe Ġlo - fi Ġlove	@ptr_0 @ptr_1 @ptr_2 [SL:artist @ptr_3 @ptr_4 @ptr_5 @ptr_6 @ptr_7 @ptr_8 @ptr_9 SL:artist] @ptr_10 @ptr_11 [SL:music_item @ptr_12 SL:music_item] @ptr_13 @ptr_14 [SL:playlist @ptr_15 @ptr_16 @ptr_17 @ptr_18 SL:playlist]
add this album to the playlist Guest List Engadget	add Ġthis Ġalbum Ġto Ġthe Ġplaylist ĠGuest ĠList ĠEng ad get	@ptr_0 @ptr_1 [SL:music_item @ptr_2 SL:music_item] @ptr_3 @ptr_4 @ptr_5 [SL:playlist @ptr_6 @ptr_7 @ptr_8 @ptr_9 @ptr_10 SL:playlist]
add this tune by Hal Patino to my Ambiente RnB	add Ġthis Ġtune Ġby ĠHal ĠPat ino Ġto Ġmy ĠAmb ient e ĠR n B	@ptr_0 @ptr_1 [SL:music_item @ptr_2 SL:music_item] @ptr_3 [SL:artist @ptr_4 @ptr_5 @ptr_6 SL:artist] @ptr_7 [SL:playlist_owner @ptr_8 SL:playlist_owner] [SL:playlist @ptr_9 @ptr_10 @ptr_11 @ptr_12 @ptr_13 @ptr_14 SL:playlist]
Add kaya newest track to my I Love My '00's R&B	Add Ġk aya Ġnewest Ġtrack Ġto Ġmy ĠI ĠLove ĠMy Ġ' 00 's ĠR & B	@ptr_0 [SL:artist @ptr_1 @ptr_2 SL:artist] @ptr_3 [SL:music_item @ptr_4 SL:music_item] @ptr_5 [SL:playlist_owner @ptr_6 SL:playlist_owner] [SL:playlist @ptr_7 @ptr_8 @ptr_9 @ptr_10 @ptr_11 @ptr_12 @ptr_13 @ptr_14 @ptr_15 SL:playlist]
add the artist cho kyu hyun to Funky Jams	add Ġthe Ġartist Ġcho Ġk yu Ġhy un Ġto ĠFun ky ĠJ ams	@ptr_0 @ptr_1 [SL:music_item @ptr_2 SL:music_item] [SL:artist @ptr_3 @ptr_4 @ptr_5 @ptr_6 @ptr_7 SL:artist] @ptr_8 [SL:playlist @ptr_9 @ptr_10 @ptr_11 @ptr_12 SL:playlist]
Add the artist to my Duetos	Add Ġthe Ġartist Ġto Ġmy ĠDu et os	@ptr_0 @ptr_1 [SL:music_item @ptr_2 SL:music_item] @ptr_3 [SL:playlist_owner @ptr_4 SL:playlist_owner] [SL:playlist @ptr_5 @ptr_6 @ptr_7 SL:playlist]
Add wastedagain to the wild & free workout	Add Ġwasted again Ġto Ġthe Ġwild Ġ& Ġfree Ġworkout	@ptr_0 [SL:entity_name @ptr_1 @ptr_2 SL:entity_name] @ptr_3 @ptr_4 [SL:playlist @ptr_5 @ptr_6 @ptr_7 @ptr_8 SL:playlist]
add warpaint in my Pre-Party	add Ġwarp aint Ġin Ġmy ĠPre - Party	@ptr_0 [SL:entity_name @ptr_1 @ptr_2 SL:entity_name] @ptr_3 [SL:playlist_owner @ptr_4 SL:playlist_owner] [SL:playlist @ptr_5 @ptr_6 @ptr_7 SL:playlist]
Add giancarlo erra to my Guitar Hero Live Playlist	Add Ġg ian car lo Ġer ra Ġto Ġmy ĠGuitar ĠHero ĠLive ĠPlay list	@ptr_0 [SL:artist @ptr_1 @ptr_2 @ptr_3 @ptr_4 @ptr_5 @ptr_6 SL:artist] @ptr_7 [SL:playlist_owner @ptr_8 SL:playlist_owner] [SL:playlist @ptr_9 @ptr_10 @ptr_11 @ptr_12 @ptr_13 SL:playlist]
add the artist Tomohisa Yamashita to the conexiones	add Ġthe Ġartist ĠTom oh isa ĠYam ash ita Ġto Ġthe Ġcon ex ion es	@ptr_0 @ptr_1 [SL:music_item @ptr_2 SL:music_item] [SL:artist @ptr_3 @ptr_4 @ptr_5 @ptr_6 @ptr_7 @ptr_8 SL:artist] @ptr_9 @ptr_10 [SL:playlist @ptr_11 @ptr_12 @ptr_13 @ptr_14 SL:playlist]
Add Visible Wings to my playlist entre los andes	Add ĠVis ible ĠWings Ġto Ġmy Ġplaylist Ġent re Ġlos Ġand es	@ptr_0 [SL:entity_name @ptr_1 @ptr_2 @ptr_3 SL:entity_name] @ptr_4 [SL:playlist_owner @ptr_5 SL:playlist_owner] @ptr_6 [SL:playlist @ptr_7 @ptr_8 @ptr_9 @ptr_10 @ptr_11 SL:playlist]
For my Crossfit playlist add The Soul Sessions Volume 2	For Ġmy ĠCross fit Ġplaylist Ġadd ĠThe ĠSoul ĠSessions ĠVolume Ġ2	@ptr_0 [SL:playlist_owner @ptr_1 SL:playlist_owner] [SL:playlist @ptr_2 @ptr_3 SL:playlist] @ptr_4 @ptr_5 [SL:entity_name @ptr_6 @ptr_7 @ptr_8 @ptr_9 @ptr_10 SL:entity_name]
Add an artist to my playlist Domingo Indie	Add Ġan Ġartist Ġto Ġmy Ġplaylist ĠD oming o ĠIndie	@ptr_0 @ptr_1 [SL:music_item @ptr_2 SL:music_item] @ptr_3 [SL:playlist_owner @ptr_4 SL:playlist_owner] @ptr_5 [SL:playlist @ptr_6 @ptr_7 @ptr_8 @ptr_9 SL:playlist]
add paulinho da viola to my Radio Rock	add Ġp aul inho Ġda Ġviol a Ġto Ġmy ĠRadio ĠRock	@ptr_0 [SL:artist @ptr_1 @ptr_2 @ptr_3 @ptr_4 @ptr_5 @ptr_6 SL:artist] @ptr_7 [SL:playlist_owner @ptr_8 SL:playlist_owner] [SL:playlist @ptr_9 @ptr_10 SL:playlist]
Add Jack Be Nimble to my reggae bombastic	Add ĠJack ĠBe ĠNim ble Ġto Ġmy Ġreg gae Ġbomb astic	@ptr_0 [SL:entity_name @ptr_1 @ptr_2 @ptr_3 @ptr_4 SL:entity_name] @ptr_5 [SL:playlist_owner @ptr_6 SL:playlist_owner] [SL:playlist @ptr_7 @ptr_8 @ptr_9 @ptr_10 SL:playlist]
add Eric Bibb to Country Coffeehouse	add ĠEric ĠBib b Ġto ĠCountry ĠCoffee house	@ptr_0 [SL:artist @ptr_1 @ptr_2 @ptr_3 SL:artist] @ptr_4 [SL:playlist @ptr_5 @ptr_6 @ptr_7 SL:playlist]
Add Norma Jean to my pure rock & roll	Add ĠNorm a ĠJean Ġto Ġmy Ġpure Ġrock Ġ& Ġroll	@ptr_0 [SL:artist @ptr_1 @ptr_2 @ptr_3 SL:artist] @ptr_4 [SL:playlist_owner @ptr_5 SL:playlist_owner] [SL:playlist @ptr_6 @ptr_7 @ptr_8 @ptr_9 SL:playlist]
Add current track to hillary clinton's women's history month playlist	Add Ġcurrent Ġtrack Ġto Ġhill ary Ġcl inton 's Ġwomen 's Ġhistory Ġmonth Ġplaylist	@ptr_0 @ptr_1 [SL:music_item @ptr_2 SL:music_item] @ptr_3 [SL:playlist @ptr_4 @ptr_5 @ptr_6 @ptr_7 @ptr_8 @ptr_9 @ptr_10 @ptr_11 @ptr_12 @ptr_13 SL:playlist]
add dave carpenter to my Acoustic Blues	add Ġd ave Ġcar penter Ġto Ġmy ĠAc oustic ĠBlues	@ptr_0 [SL:artist @ptr_1 @ptr_2 @ptr_3 @ptr_4 SL:artist] @ptr_5 [SL:playlist_owner @ptr_6 SL:playlist_owner] [SL:playlist @ptr_7 @ptr_8 @ptr_9 SL:playlist]
For my playlist fresh finds hiptronix add the name polka medley	For Ġmy Ġplaylist Ġfresh Ġfinds Ġh ipt ron ix Ġadd Ġthe Ġname Ġpol ka Ġmed ley	@ptr_0 [SL:playlist_owner @ptr_1 SL:playlist_owner] @ptr_2 [SL:playlist @ptr_3 @ptr_4 @ptr_5 @ptr_6 @ptr_7 @ptr_8 SL:playlist] @ptr_9 @ptr_10 @ptr_11 [SL:entity_name @ptr_12 @ptr_13 @ptr_14 @ptr_15 SL:entity_name]
Add night and day to my Lazy Chill Afternoon	Add Ġnight Ġand Ġday Ġto Ġmy ĠL azy ĠChill ĠAfter noon	@ptr_0 [SL:entity_name @ptr_1 @ptr_2 @ptr_3 SL:entity_name] @ptr_4 [SL:playlist_owner @ptr_5 SL:playlist_owner] [SL:playlist @ptr_6 @ptr_7 @ptr_8 @ptr_9 @ptr_10 SL:playlist]
Add to my playlist heavy gamer the name blaydon races	Add Ġto Ġmy Ġplaylist Ġheavy Ġgamer Ġthe Ġname Ġbl ay don Ġraces	@ptr_0 @ptr_1 [SL:playlist_owner @ptr_2 SL:playlist_owner] @ptr_3 [SL:playlist @ptr_4 @ptr_5 SL:playlist] @ptr_6 @ptr_7 [SL:entity_name @ptr_8 @ptr_9 @ptr_10 @ptr_11 SL:entity_name]
Add natasha to my All Things Post	Add Ġnat asha Ġto Ġmy ĠAll ĠThings ĠPost	@ptr_0 [SL:entity_name @ptr_1 @ptr_2 SL:entity_name] @ptr_3 [SL:playlist_owner @ptr_4 SL:playlist_owner] [SL:playlist @ptr_5 @ptr_6 @ptr_7 SL:playlist]
please put Linzi Stoppard into my sxsw fresh	please Ġput ĠLin zi ĠSt opp ard Ġinto Ġmy Ġs x sw Ġfresh	@ptr_0 @ptr_1 [SL:artist @ptr_2 @ptr_3 @ptr_4 @ptr_5 @ptr_6 SL:artist] @ptr_7 [SL:playlist_owner @ptr_8 SL:playlist_owner] [SL:playlist @ptr_9 @ptr_10 @ptr_11 @ptr_12 SL:playlist]
add kjetil vidar haraldstad to listas de éxitos	add Ġk jet il Ġv id ar Ġhar ald stad Ġto Ġlist as Ġde ĠÃ© xit os	@ptr_0 [SL:artist @ptr_1 @ptr_2 @ptr_3 @ptr_4 @ptr_5 @ptr_6 @ptr_7 @ptr_8 @ptr_9 SL:artist] @ptr_10 [SL:playlist @ptr_11 @ptr_12 @ptr_13 @ptr_14 @ptr_15 @ptr_16 SL:playlist]
add the essential jacksons to my Perfect Concentration	add Ġthe Ġessential Ġj acks ons Ġto Ġmy ĠPerfect ĠConcent ration	@ptr_0 [SL:entity_name @ptr_1 @ptr_2 @ptr_3 @ptr_4 @ptr_5 SL:entity_name] @ptr_6 [SL:playlist_owner @ptr_7 SL:playlist_owner] [SL:playlist @ptr_8 @ptr_9 @ptr_10 SL:playlist]
add entre um coco e um adeus to taylor's this is john williams	add Ġent re Ġum Ġcoc o Ġe Ġum Ġad eus Ġto Ġt aylor 's Ġthis Ġis Ġjohn Ġwill iam s	@ptr_0 [SL:entity_name @ptr_1 @ptr_2 @ptr_3 @ptr_4 @ptr_5 @ptr_6 @ptr_7 @ptr_8 @ptr_9 SL:entity_name] @ptr_10 [SL:playlist_owner @ptr_11 @ptr_12 @ptr_13 SL:playlist_owner] [SL:playlist @ptr_14 @ptr_15 @ptr_16 @ptr_17 @ptr_18 @ptr_19 SL:playlist]
add madlib invazion to my prog rock monsters	add Ġmad lib Ġinv az ion Ġto Ġmy Ġprog Ġrock Ġmonsters	@ptr_0 [SL:entity_name @ptr_1 @ptr_2 @ptr_3 @ptr_4 @ptr_5 SL:entity_name] @ptr_6 [SL:playlist_owner @ptr_7 SL:playlist_owner] [SL:playlist @ptr_8 @ptr_9 @ptr_10 SL:playlist]
move El Viaje de Copperpot into my Emily Dickinson	move ĠEl ĠVia je Ġde ĠCopper pot Ġinto Ġmy ĠEmily ĠDickinson	@ptr_0 [SL:entity_name @ptr_1 @ptr_2 @ptr_3 @ptr_4 @ptr_5 @ptr_6 SL:entity_name] @ptr_7 [SL:playlist_owner @ptr_8 SL:playlist_owner] [SL:playlist @ptr_9 @ptr_10 SL:playlist]
add sheila e to my i love my neo soul	add Ġshe ila Ġe Ġto Ġmy Ġi Ġlove Ġmy Ġneo Ġsoul	@ptr_0 [SL:artist @ptr_1 @ptr_2 @ptr_3 SL:artist] @ptr_4 [SL:playlist_owner @ptr_5 SL:playlist_owner] [SL:playlist @ptr_6 @ptr_7 @ptr_8 @ptr_9 @ptr_10 SL:playlist]
Put this tune on my get your mind right	Put Ġthis Ġtune Ġon Ġmy Ġget Ġyour Ġmind Ġright	@ptr_0 @ptr_1 [SL:music_item @ptr_2 SL:music_item] @ptr_3 [SL:playlist_owner @ptr_4 SL:playlist_owner] [SL:playlist @ptr_5 @ptr_6 @ptr_7 @ptr_8 SL:playlist]
Add a rachael price album to TODO EDM	Add Ġa Ġr ach ael Ġprice Ġalbum Ġto ĠTOD O ĠED M	@ptr_0 @ptr_1 [SL:artist @ptr_2 @ptr_3 @ptr_4 @ptr_5 SL:artist] [SL:music_item @ptr_6 SL:music_item] @ptr_7 [SL:playlist @ptr_8 @ptr_9 @ptr_10 @ptr_11 SL:playlist]
want to add this Nick Mason tune to the Sylvia Plath	want Ġto Ġadd Ġthis ĠNick ĠMason Ġtune Ġto Ġthe ĠSylvia ĠPl ath	@ptr_0 @ptr_1 @ptr_2 @ptr_3 [SL:artist @ptr_4 @ptr_5 SL:artist] [SL:music_item @ptr_6 SL:music_item] @ptr_7 @ptr_8 [SL:playlist @ptr_9 @ptr_10 @ptr_11 SL:playlist]
add the track by apostolos nikolaidis to the This Is Luis Fonsi	add Ġthe Ġtrack Ġby Ġapost ol os Ġn ik ol aid is Ġto Ġthe ĠThis ĠIs ĠLuis ĠF ons i	@ptr_0 @ptr_1 [SL:music_item @ptr_2 SL:music_item] @ptr_3 [SL:artist @ptr_4 @ptr_5 @ptr_6 @ptr_7 @ptr_8 @ptr_9 @ptr_10 @ptr_11 SL:artist] @ptr_12 @ptr_13 [SL:playlist @ptr_14 @ptr_15 @ptr_16 @ptr_17 @ptr_18 @ptr_19 SL:playlist]
add Curse song to my playlist Guest List Engadget	add ĠCurse Ġsong Ġto Ġmy Ġplaylist ĠGuest ĠList ĠEng ad get	@ptr_0 [SL:artist @ptr_1 SL:artist] [SL:music_item @ptr_2 SL:music_item] @ptr_3 [SL:playlist_owner @ptr_4 SL:playlist_owner] @ptr_5 [SL:playlist @ptr_6 @ptr_7 @ptr_8 @ptr_9 @ptr_10 SL:playlist]
add gina schock to workout twerkout	add Ġg ina Ġsch ock Ġto Ġworkout Ġtw erk out	@ptr_0 [SL:artist @ptr_1 @ptr_2 @ptr_3 @ptr_4 SL:artist] @ptr_5 [SL:playlist @ptr_6 @ptr_7 @ptr_8 @ptr_9 SL:playlist]
Please add Iris DeMent to my playlist this is selena	Please Ġadd ĠIris ĠDe M ent Ġto Ġmy Ġplaylist Ġthis Ġis Ġse l ena	@ptr_0 @ptr_1 [SL:artist @ptr_2 @ptr_3 @ptr_4 @ptr_5 SL:artist] @ptr_6 [SL:playlist_owner @ptr_7 SL:playlist_owner] @ptr_8 [SL:playlist @ptr_9 @ptr_10 @ptr_11 @ptr_12 @ptr_13 SL:playlist]
add fabrice morvan to Folk for Kids	add Ġfab rice Ġmor van Ġto ĠFolk Ġfor ĠKids	@ptr_0 [SL:artist @ptr_1 @ptr_2 @ptr_3 @ptr_4 SL:artist] @ptr_5 [SL:playlist @ptr_6 @ptr_7 @ptr_8 SL:playlist]
Please add a track by david freiberg to my workout	Please Ġadd Ġa Ġtrack Ġby Ġdavid Ġfre iber g Ġto Ġmy Ġworkout	@ptr_0 @ptr_1 @ptr_2 [SL:music_item @ptr_3 SL:music_item] @ptr_4 [SL:artist @ptr_5 @ptr_6 @ptr_7 @ptr_8 SL:artist] @ptr_9 [SL:playlist_owner @ptr_10 SL:playlist_owner] [SL:playlist @ptr_11 SL:playlist]
add this track by clem burke to my atmospheric black metal	add Ġthis Ġtrack Ġby Ġcle m Ġbur ke Ġto Ġmy Ġatmospheric Ġblack Ġmetal	@ptr_0 @ptr_1 [SL:music_item @ptr_2 SL:music_item] @ptr_3 [SL:artist @ptr_4 @ptr_5 @ptr_6 @ptr_7 SL:artist] @ptr_8 [SL:playlist_owner @ptr_9 SL:playlist_owner] [SL:playlist @ptr_10 @ptr_11 @ptr_12 SL:playlist]
add The Field album to my romantic evening album	add ĠThe ĠField Ġalbum Ġto Ġmy Ġromantic Ġevening Ġalbum	@ptr_0 [SL:artist @ptr_1 @ptr_2 SL:artist] [SL:music_item @ptr_3 SL:music_item] @ptr_4 [SL:playlist_owner @ptr_5 SL:playlist_owner] [SL:playlist @ptr_6 @ptr_7 SL:playlist] [SL:music_item @ptr_8 SL:music_item]
my Disco Forever playlist needs an album by sawai gandharva	my ĠDisco ĠForever Ġplaylist Ġneeds Ġan Ġalbum Ġby Ġsaw ai Ġg and har va	[SL:playlist_owner @ptr_0 SL:playlist_owner] [SL:playlist @ptr_1 @ptr_2 SL:playlist] @ptr_3 @ptr_4 @ptr_5 [SL:music_item @ptr_6 SL:music_item] @ptr_7 [SL:artist @ptr_8 @ptr_9 @ptr_10 @ptr_11 @ptr_12 @ptr_13 SL:artist]
Add morten harket to this is puccini	Add Ġmort en Ġh ark et Ġto Ġthis Ġis Ġp ucc ini	@ptr_0 [SL:artist @ptr_1 @ptr_2 @ptr_3 @ptr_4 @ptr_5 SL:artist] @ptr_6 [SL:playlist @ptr_7 @ptr_8 @ptr_9 @ptr_10 @ptr_11 SL:playlist]
Add Atticus Ross to the playlist electrosafari	Add ĠAtt icus ĠRoss Ġto Ġthe Ġplaylist Ġelect ros af ari	@ptr_0 [SL:artist @ptr_1 @ptr_2 @ptr_3 SL:artist] @ptr_4 @ptr_5 @ptr_6 [SL:playlist @ptr_7 @ptr_8 @ptr_9 @ptr_10 SL:playlist]
add Roger Nichols to Punk Rock Workout	add ĠRoger ĠNichols Ġto ĠPunk ĠRock ĠWork out	@ptr_0 [SL:artist @ptr_1 @ptr_2 SL:artist] @ptr_3 [SL:playlist @ptr_4 @ptr_5 @ptr_6 @ptr_7 SL:playlist]
add this song by Chieko Ochi to the drum & breaks	add Ġthis Ġsong Ġby ĠCh ie ko ĠO chi Ġto Ġthe Ġdrum Ġ& Ġbreaks	@ptr_0 @ptr_1 [SL:music_item @ptr_2 SL:music_item] @ptr_3 [SL:artist @ptr_4 @ptr_5 @ptr_6 @ptr_7 @ptr_8 SL:artist] @ptr_9 @ptr_10 [SL:playlist @ptr_11 @ptr_12 @ptr_13 SL:playlist]
add eric moo to women of jazz	add Ġer ic Ġm oo Ġto Ġwomen Ġof Ġjazz	@ptr_0 [SL:artist @ptr_1 @ptr_2 @ptr_3 @ptr_4 SL:artist] @ptr_5 [SL:playlist @ptr_6 @ptr_7 @ptr_8 SL:playlist]
please put the artist Matt McKenna in my This Is Shakira	please Ġput Ġthe Ġartist ĠMatt ĠMcKenna Ġin Ġmy ĠThis ĠIs ĠShak ira	@ptr_0 @ptr_1 @ptr_2 [SL:music_item @ptr_3 SL:music_item] [SL:artist @ptr_4 @ptr_5 SL:artist] @ptr_6 [SL:playlist_owner @ptr_7 SL:playlist_owner] [SL:playlist @ptr_8 @ptr_9 @ptr_10 @ptr_11 SL:playlist]
Add artist Matt Noveskey to journey	Add Ġartist ĠMatt ĠN oves key Ġto Ġjourney	@ptr_0 [SL:music_item @ptr_1 SL:music_item] [SL:artist @ptr_2 @ptr_3 @ptr_4 @ptr_5 SL:artist] @ptr_6 [SL:playlist @ptr_7 SL:playlist]
Can you put dj kay slay onto the 2010 Decade	Can Ġyou Ġput Ġdj Ġkay Ġslay Ġonto Ġthe Ġ2010 ĠDec ade	@ptr_0 @ptr_1 @ptr_2 [SL:artist @ptr_3 @ptr_4 @ptr_5 SL:artist] @ptr_6 @ptr_7 [SL:playlist @ptr_8 @ptr_9 @ptr_10 SL:playlist]
add ivan mane jarnowick to Fusion Fest	add Ġ ivan Ġman e Ġj arn ow ick Ġto ĠFusion ĠFest	@ptr_0 [SL:artist @ptr_1 @ptr_2 @ptr_3 @ptr_4 @ptr_5 @ptr_6 @ptr_7 @ptr_8 SL:artist] @ptr_9 [SL:playlist @ptr_10 @ptr_11 SL:playlist]
I want to add a song by w c clark to my nerding around	I Ġwant Ġto Ġadd Ġa Ġsong Ġby Ġw Ġc Ġcl ark Ġto Ġmy Ġner ding Ġaround	@ptr_0 @ptr_1 @ptr_2 @ptr_3 @ptr_4 [SL:music_item @ptr_5 SL:music_item] @ptr_6 [SL:artist @ptr_7 @ptr_8 @ptr_9 @ptr_10 SL:artist] @ptr_11 [SL:playlist_owner @ptr_12 SL:playlist_owner] [SL:playlist @ptr_13 @ptr_14 @ptr_15 SL:playlist]
Add this album ny bill callahan to my Mi Casa Es La Tuya Playlist Oficial	Add Ġthis Ġalbum Ġn y Ġbill Ġcall ahan Ġto Ġmy ĠMi ĠCas a ĠEs ĠLa ĠTu ya ĠPlay list ĠOf icial	@ptr_0 @ptr_1 [SL:music_item @ptr_2 SL:music_item] @ptr_3 @ptr_4 [SL:artist @ptr_5 @ptr_6 @ptr_7 SL:artist] @ptr_8 [SL:playlist_owner @ptr_9 SL:playlist_owner] [SL:playlist @ptr_10 @ptr_11 @ptr_12 @ptr_13 @ptr_14 @ptr_15 @ptr_16 @ptr_17 @ptr_18 @ptr_19 @ptr_20 SL:playlist]
add enduser song in grime instrumentals	add Ġend user Ġsong Ġin Ġgr ime Ġinstrument als	@ptr_0 [SL:artist @ptr_1 @ptr_2 SL:artist] [SL:music_item @ptr_3 SL:music_item] @ptr_4 [SL:playlist @ptr_5 @ptr_6 @ptr_7 @ptr_8 SL:playlist]
Add this track by Brian Welch to the spring music	Add Ġthis Ġtrack Ġby ĠBrian ĠWelch Ġto Ġthe Ġspring Ġmusic	@ptr_0 @ptr_1 [SL:music_item @ptr_2 SL:music_item] @ptr_3 [SL:artist @ptr_4 @ptr_5 SL:artist] @ptr_6 @ptr_7 [SL:playlist @ptr_8 @ptr_9 SL:playlist]
I want to add michelle heaton to this is chopin	I Ġwant Ġto Ġadd Ġmic helle Ġheat on Ġto Ġthis Ġis Ġchop in	@ptr_0 @ptr_1 @ptr_2 @ptr_3 [SL:artist @ptr_4 @ptr_5 @ptr_6 @ptr_7 SL:artist] @ptr_8 [SL:playlist @ptr_9 @ptr_10 @ptr_11 @ptr_12 SL:playlist]
Add another song to daphne's retrowave outrun	Add Ġanother Ġsong Ġto Ġd aph ne 's Ġret row ave Ġout run	@ptr_0 @ptr_1 [SL:music_item @ptr_2 SL:music_item] @ptr_3 [SL:playlist_owner @ptr_4 @ptr_5 @ptr_6 @ptr_7 SL:playlist_owner] [SL:playlist @ptr_8 @ptr_9 @ptr_10 @ptr_11 @ptr_12 SL:playlist]
add this song to my us latin top 50	add Ġthis Ġsong Ġto Ġmy Ġus Ġlat in Ġtop Ġ50	@ptr_0 @ptr_1 [SL:music_item @ptr_2 SL:music_item] @ptr_3 [SL:playlist_owner @ptr_4 SL:playlist_owner] [SL:playlist @ptr_5 @ptr_6 @ptr_7 @ptr_8 @ptr_9 SL:playlist]
Please put this song onto my Urban Hits	Please Ġput Ġthis Ġsong Ġonto Ġmy ĠUrban ĠHits	@ptr_0 @ptr_1 @ptr_2 [SL:music_item @ptr_3 SL:music_item] @ptr_4 [SL:playlist_owner @ptr_5 SL:playlist_owner] [SL:playlist @ptr_6 @ptr_7 SL:playlist]
Add the name as with gladness men of old to my ultimate 90s	Add Ġthe Ġname Ġas Ġwith Ġglad ness Ġmen Ġof Ġold Ġto Ġmy Ġultimate Ġ90 s	@ptr_0 @ptr_1 @ptr_2 [SL:entity_name @ptr_3 @ptr_4 @ptr_5 @ptr_6 @ptr_7 @ptr_8 @ptr_9 SL:entity_name] @ptr_10 [SL:playlist_owner @ptr_11 SL:playlist_owner] [SL:playlist @ptr_12 @ptr_13 @ptr_14 SL:playlist]
add song in my playlist Dance Workout	add Ġsong Ġin Ġmy Ġplaylist ĠDance ĠWork out	@ptr_0 [SL:music_item @ptr_1 SL:music_item] @ptr_2 [SL:playlist_owner @ptr_3 SL:playlist_owner] @ptr_4 [SL:playlist @ptr_5 @ptr_6 @ptr_7 SL:playlist]
I want to add No Mystery to alejandra's Acoustic Love	I Ġwant Ġto Ġadd ĠNo ĠMystery Ġto Ġale j andra 's ĠAc oustic ĠLove	@ptr_0 @ptr_1 @ptr_2 @ptr_3 [SL:entity_name @ptr_4 @ptr_5 SL:entity_name] @ptr_6 [SL:playlist_owner @ptr_7 @ptr_8 @ptr_9 @ptr_10 SL:playlist_owner] [SL:playlist @ptr_11 @ptr_12 @ptr_13 SL:playlist]
add hopeful to my this is enrique iglesias	add Ġhopeful Ġto Ġmy Ġthis Ġis Ġen rique Ġig les ias	@ptr_0 [SL:entity_name @ptr_1 SL:entity_name] @ptr_2 [SL:playlist_owner @ptr_3 SL:playlist_owner] [SL:playlist @ptr_4 @ptr_5 @ptr_6 @ptr_7 @ptr_8 @ptr_9 @ptr_10 SL:playlist]
Add an album to my list La Mejor Música Dance 2017	Add Ġan Ġalbum Ġto Ġmy Ġlist ĠLa ĠMe j or ĠM Ãº s ica ĠDance Ġ2017	@ptr_0 @ptr_1 [SL:music_item @ptr_2 SL:music_item] @ptr_3 [SL:playlist_owner @ptr_4 SL:playlist_owner] @ptr_5 [SL:playlist @ptr_6 @ptr_7 @ptr_8 @ptr_9 @ptr_10 @ptr_11 @ptr_12 @ptr_13 @ptr_14 @ptr_15 SL:playlist]
Please add this song to my llegando a casa	Please Ġadd Ġthis Ġsong Ġto Ġmy Ġl leg ando Ġa Ġcas a	@ptr_0 @ptr_1 @ptr_2 [SL:music_item @ptr_3 SL:music_item] @ptr_4 [SL:playlist_owner @ptr_5 SL:playlist_owner] [SL:playlist @ptr_6 @ptr_7 @ptr_8 @ptr_9 @ptr_10 @ptr_11 SL:playlist]
Add Warning Device to my mac 'n cheese	Add ĠWarning ĠDevice Ġto Ġmy Ġmac Ġ' n Ġcheese	@ptr_0 [SL:entity_name @ptr_1 @ptr_2 SL:entity_name] @ptr_3 [SL:playlist_owner @ptr_4 SL:playlist_owner] [SL:playlist @ptr_5 @ptr_6 @ptr_7 @ptr_8 SL:playlist]
add Eef Barzelay to my Country Coffeehouse	add ĠE ef ĠBar zel ay Ġto Ġmy ĠCountry ĠCoffee house	@ptr_0 [SL:artist @ptr_1 @ptr_2 @ptr_3 @ptr_4 @ptr_5 SL:artist] @ptr_6 [SL:playlist_owner @ptr_7 SL:playlist_owner] [SL:playlist @ptr_8 @ptr_9 @ptr_10 SL:playlist]
Add thomas a dorsey to my Big Band	Add Ġth omas Ġa Ġd or sey Ġto Ġmy ĠBig ĠBand	@ptr_0 [SL:artist @ptr_1 @ptr_2 @ptr_3 @ptr_4 @ptr_5 @ptr_6 SL:artist] @ptr_7 [SL:playlist_owner @ptr_8 SL:playlist_owner] [SL:playlist @ptr_9 @ptr_10 SL:playlist]
add artist my laundry	add Ġartist Ġmy Ġlaundry	@ptr_0 [SL:music_item @ptr_1 SL:music_item] [SL:playlist_owner @ptr_2 SL:playlist_owner] [SL:playlist @ptr_3 SL:playlist]
Add garry shider album to my classical essentials	Add Ġgar ry Ġsh ider Ġalbum Ġto Ġmy Ġclassical Ġessentials	@ptr_0 [SL:artist @ptr_1 @ptr_2 @ptr_3 @ptr_4 SL:artist] [SL:music_item @ptr_5 SL:music_item] @ptr_6 [SL:playlist_owner @ptr_7 SL:playlist_owner] [SL:playlist @ptr_8 @ptr_9 SL:playlist]
add this karina album to my Folk Pop	add Ġthis Ġk ar ina Ġalbum Ġto Ġmy ĠFolk ĠPop	@ptr_0 @ptr_1 [SL:artist @ptr_2 @ptr_3 @ptr_4 SL:artist] [SL:music_item @ptr_5 SL:music_item] @ptr_6 [SL:playlist_owner @ptr_7 SL:playlist_owner] [SL:playlist @ptr_8 @ptr_9 SL:playlist]
put this album in my Fiesta	put Ġthis Ġalbum Ġin Ġmy ĠFiesta	@ptr_0 @ptr_1 [SL:music_item @ptr_2 SL:music_item] @ptr_3 [SL:playlist_owner @ptr_4 SL:playlist_owner] [SL:playlist @ptr_5 SL:playlist]
add this album to my de camino a clase	add Ġthis Ġalbum Ġto Ġmy Ġde Ġcam ino Ġa Ġcl ase	@ptr_0 @ptr_1 [SL:music_item @ptr_2 SL:music_item] @ptr_3 [SL:playlist_owner @ptr_4 SL:playlist_owner] [SL:playlist @ptr_5 @ptr_6 @ptr_7 @ptr_8 @ptr_9 @ptr_10 SL:playlist]
Add a jacob miller album to my Hardcore Punk	Add Ġa Ġj ac ob Ġmill er Ġalbum Ġto Ġmy ĠHardcore ĠPunk	@ptr_0 @ptr_1 [SL:artist @ptr_2 @ptr_3 @ptr_4 @ptr_5 @ptr_6 SL:artist] [SL:music_item @ptr_7 SL:music_item] @ptr_8 [SL:playlist_owner @ptr_9 SL:playlist_owner] [SL:playlist @ptr_10 @ptr_11 SL:playlist]
add this song to my crossroad blues	add Ġthis Ġsong Ġto Ġmy Ġcross road Ġblues	@ptr_0 @ptr_1 [SL:music_item @ptr_2 SL:music_item] @ptr_3 [SL:playlist_owner @ptr_4 SL:playlist_owner] [SL:playlist @ptr_5 @ptr_6 @ptr_7 SL:playlist]
add this artist to my Pop Punk's Not Dead	add Ġthis Ġartist Ġto Ġmy ĠPop ĠPunk 's ĠNot ĠDead	@ptr_0 @ptr_1 [SL:music_item @ptr_2 SL:music_item] @ptr_3 [SL:playlist_owner @ptr_4 SL:playlist_owner] [SL:playlist @ptr_5 @ptr_6 @ptr_7 @ptr_8 @ptr_9 SL:playlist]
Add the artist Kamil Rustam to my relaxing	Add Ġthe Ġartist ĠKam il ĠRust am Ġto Ġmy Ġrelaxing	@ptr_0 @ptr_1 [SL:music_item @ptr_2 SL:music_item] [SL:artist @ptr_3 @ptr_4 @ptr_5 @ptr_6 SL:artist] @ptr_7 [SL:playlist_owner @ptr_8 SL:playlist_owner] [SL:playlist @ptr_9 SL:playlist]
add this teddy charles album to this is pavarotti my	add Ġthis Ġt eddy Ġchar les Ġalbum Ġto Ġthis Ġis Ġpav ar otti Ġmy	@ptr_0 @ptr_1 [SL:artist @ptr_2 @ptr_3 @ptr_4 @ptr_5 SL:artist] [SL:music_item @ptr_6 SL:music_item] @ptr_7 [SL:playlist @ptr_8 @ptr_9 @ptr_10 @ptr_11 @ptr_12 SL:playlist] [SL:playlist_owner @ptr_13 SL:playlist_owner]
Add Priscilla to my playlist Classical Dance Music Ballet & Beyond	Add ĠPr isc illa Ġto Ġmy Ġplaylist ĠClassical ĠDance ĠMusic ĠBal let Ġ& ĠBeyond	@ptr_0 [SL:artist @ptr_1 @ptr_2 @ptr_3 SL:artist] @ptr_4 [SL:playlist_owner @ptr_5 SL:playlist_owner] @ptr_6 [SL:playlist @ptr_7 @ptr_8 @ptr_9 @ptr_10 @ptr_11 @ptr_12 @ptr_13 SL:playlist]
Please add the song by Sunil Santha to my Pre-Party R&B Jams	Please Ġadd Ġthe Ġsong Ġby ĠSun il ĠSan tha Ġto Ġmy ĠPre - Party ĠR & B ĠJ ams	@ptr_0 @ptr_1 @ptr_2 [SL:music_item @ptr_3 SL:music_item] @ptr_4 [SL:artist @ptr_5 @ptr_6 @ptr_7 @ptr_8 SL:artist] @ptr_9 [SL:playlist_owner @ptr_10 SL:playlist_owner] [SL:playlist @ptr_11 @ptr_12 @ptr_13 @ptr_14 @ptr_15 @ptr_16 @ptr_17 @ptr_18 SL:playlist]
put this album on my conexiones	put Ġthis Ġalbum Ġon Ġmy Ġcon ex ion es	@ptr_0 @ptr_1 [SL:music_item @ptr_2 SL:music_item] @ptr_3 [SL:playlist_owner @ptr_4 SL:playlist_owner] [SL:playlist @ptr_5 @ptr_6 @ptr_7 @ptr_8 SL:playlist]
add the essential jacksons to my Perfect Concentration	add Ġthe Ġessential Ġj acks ons Ġto Ġmy ĠPerfect ĠConcent ration	@ptr_0 [SL:entity_name @ptr_1 @ptr_2 @ptr_3 @ptr_4 @ptr_5 SL:entity_name] @ptr_6 [SL:playlist_owner @ptr_7 SL:playlist_owner] [SL:playlist @ptr_8 @ptr_9 @ptr_10 SL:playlist]
add share the well to my epic wall of sound	add Ġshare Ġthe Ġwell Ġto Ġmy Ġepic Ġwall Ġof Ġsound	@ptr_0 [SL:entity_name @ptr_1 @ptr_2 @ptr_3 SL:entity_name] @ptr_4 [SL:playlist_owner @ptr_5 SL:playlist_owner] [SL:playlist @ptr_6 @ptr_7 @ptr_8 @ptr_9 SL:playlist]
Add venedig im regen to this is Maxwell	Add Ġv ened ig Ġim Ġreg en Ġto Ġthis Ġis ĠMaxwell	@ptr_0 [SL:entity_name @ptr_1 @ptr_2 @ptr_3 @ptr_4 @ptr_5 @ptr_6 SL:entity_name] @ptr_7 [SL:playlist @ptr_8 @ptr_9 @ptr_10 SL:playlist]
add Teddy Boy to my Irish Folk – Jigs & Reels	add ĠTeddy ĠBoy Ġto Ġmy ĠIrish ĠFolk ĠâĢĵ ĠJ igs Ġ& ĠRe els	@ptr_0 [SL:entity_name @ptr_1 @ptr_2 SL:entity_name] @ptr_3 [SL:playlist_owner @ptr_4 SL:playlist_owner] [SL:playlist @ptr_5 @ptr_6 @ptr_7 @ptr_8 @ptr_9 @ptr_10 @ptr_11 @ptr_12 SL:playlist]
Add fuzzy logic to latin dinner	Add Ġfuzzy Ġlogic Ġto Ġlat in Ġdinner	@ptr_0 [SL:entity_name @ptr_1 @ptr_2 SL:entity_name] @ptr_3 [SL:playlist @ptr_4 @ptr_5 @ptr_6 SL:playlist]
add Diarios de Bicicleta to my la la	add ĠDi arios Ġde ĠB ic icle ta Ġto Ġmy Ġla Ġla	@ptr_0 [SL:playlist @ptr_1 @ptr_2 @ptr_3 @ptr_4 @ptr_5 @ptr_6 @ptr_7 SL:playlist] @ptr_8 [SL:playlist_owner @ptr_9 SL:playlist_owner] [SL:entity_name @ptr_10 @ptr_11 SL:entity_name]
Add to ila's playlist A Mi Manera Recopilatorio the name my heart stood still	Add Ġto Ġil a 's Ġplaylist ĠA ĠMi ĠMan era ĠRec op il ator io Ġthe Ġname Ġmy Ġheart Ġstood Ġstill	@ptr_0 @ptr_1 [SL:playlist_owner @ptr_2 @ptr_3 @ptr_4 SL:playlist_owner] @ptr_5 [SL:playlist @ptr_6 @ptr_7 @ptr_8 @ptr_9 @ptr_10 @ptr_11 @ptr_12 @ptr_13 @ptr_14 SL:playlist] @ptr_15 @ptr_16 [SL:entity_name @ptr_17 @ptr_18 @ptr_19 @ptr_20 SL:entity_name]
add 21 AT 33 to the playlist called wake up everybody	add Ġ21 ĠAT Ġ33 Ġto Ġthe Ġplaylist Ġcalled Ġwake Ġup Ġeverybody	@ptr_0 [SL:entity_name @ptr_1 @ptr_2 @ptr_3 SL:entity_name] @ptr_4 @ptr_5 @ptr_6 @ptr_7 [SL:playlist @ptr_8 @ptr_9 @ptr_10 SL:playlist]
Put Pedro Navaja onto my flamenco pa ti	Put ĠPedro ĠNav aja Ġonto Ġmy Ġfl amen co Ġpa Ġti	@ptr_0 [SL:entity_name @ptr_1 @ptr_2 @ptr_3 SL:entity_name] @ptr_4 [SL:playlist_owner @ptr_5 SL:playlist_owner] [SL:playlist @ptr_6 @ptr_7 @ptr_8 @ptr_9 @ptr_10 SL:playlist]
I want to add Robin Hood and Queen Katherine to my playlist entitled Genuine R&B	I Ġwant Ġto Ġadd ĠRobin ĠHood Ġand ĠQueen ĠKatherine Ġto Ġmy Ġplaylist Ġentitled ĠGen uine ĠR & B	@ptr_0 @ptr_1 @ptr_2 @ptr_3 [SL:entity_name @ptr_4 @ptr_5 @ptr_6 @ptr_7 @ptr_8 SL:entity_name] @ptr_9 [SL:playlist_owner @ptr_10 SL:playlist_owner] @ptr_11 @ptr_12 [SL:playlist @ptr_13 @ptr_14 @ptr_15 @ptr_16 @ptr_17 SL:playlist]
Put new page onto my latin jazz	Put Ġnew Ġpage Ġonto Ġmy Ġlat in Ġjazz	@ptr_0 [SL:entity_name @ptr_1 @ptr_2 SL:entity_name] @ptr_3 [SL:playlist_owner @ptr_4 SL:playlist_owner] [SL:playlist @ptr_5 @ptr_6 @ptr_7 SL:playlist]
Add karusellen to jazz brasileiro	Add Ġk ar use ll en Ġto Ġjazz Ġbras ile iro	@ptr_0 [SL:entity_name @ptr_1 @ptr_2 @ptr_3 @ptr_4 @ptr_5 SL:entity_name] @ptr_6 [SL:playlist @ptr_7 @ptr_8 @ptr_9 @ptr_10 SL:playlist]
Add rev-raptor to 90s Indie	Add Ġrev - ra pt or Ġto Ġ90 s ĠIndie	@ptr_0 [SL:entity_name @ptr_1 @ptr_2 @ptr_3 @ptr_4 @ptr_5 SL:entity_name] @ptr_6 [SL:playlist @ptr_7 @ptr_8 @ptr_9 SL:playlist]
Add Por una Cabeza to my playlist called this is new edition	Add ĠPor Ġun a ĠC abe za Ġto Ġmy Ġplaylist Ġcalled Ġthis Ġis Ġnew Ġedition	@ptr_0 [SL:entity_name @ptr_1 @ptr_2 @ptr_3 @ptr_4 @ptr_5 @ptr_6 SL:entity_name] @ptr_7 [SL:playlist_owner @ptr_8 SL:playlist_owner] @ptr_9 @ptr_10 [SL:playlist @ptr_11 @ptr_12 @ptr_13 @ptr_14 SL:playlist]
Add Perfect Sense, Part I to my women of classical	Add ĠPerfect ĠSense , ĠPart ĠI Ġto Ġmy Ġwomen Ġof Ġclassical	@ptr_0 [SL:entity_name @ptr_1 @ptr_2 @ptr_3 @ptr_4 @ptr_5 SL:entity_name] @ptr_6 [SL:playlist_owner @ptr_7 SL:playlist_owner] [SL:playlist @ptr_8 @ptr_9 @ptr_10 SL:playlist]
Add riddim driven engine 54 & humanity letha's All Things Post	Add Ġr idd im Ġdriven Ġengine Ġ54 Ġ& Ġhumanity Ġle tha 's ĠAll ĠThings ĠPost	@ptr_0 [SL:entity_name @ptr_1 @ptr_2 @ptr_3 @ptr_4 @ptr_5 @ptr_6 @ptr_7 @ptr_8 SL:entity_name] [SL:playlist_owner @ptr_9 @ptr_10 @ptr_11 SL:playlist_owner] [SL:playlist @ptr_12 @ptr_13 @ptr_14 SL:playlist]
Add Candlelight to my House Afterwork	Add ĠCandle light Ġto Ġmy ĠHouse ĠAfter work	@ptr_0 [SL:entity_name @ptr_1 @ptr_2 SL:entity_name] @ptr_3 [SL:playlist_owner @ptr_4 SL:playlist_owner] [SL:playlist @ptr_5 @ptr_6 @ptr_7 SL:playlist]
Add shame on you to my masters of metal	Add Ġshame Ġon Ġyou Ġto Ġmy Ġmasters Ġof Ġmetal	@ptr_0 [SL:entity_name @ptr_1 @ptr_2 @ptr_3 SL:entity_name] @ptr_4 [SL:playlist_owner @ptr_5 SL:playlist_owner] [SL:playlist @ptr_6 @ptr_7 @ptr_8 SL:playlist]
Add sugarolly days to my list, your favorite slaughterhouse	Add Ġsugar olly Ġdays Ġto Ġmy Ġlist , Ġyour Ġfavorite Ġslaughter house	@ptr_0 [SL:entity_name @ptr_1 @ptr_2 @ptr_3 SL:entity_name] @ptr_4 [SL:playlist_owner @ptr_5 SL:playlist_owner] @ptr_6 @ptr_7 [SL:playlist @ptr_8 @ptr_9 @ptr_10 @ptr_11 SL:playlist]
Add the name Not Fade Away to the playlist the midnight hour	Add Ġthe Ġname ĠNot ĠF ade ĠAway Ġto Ġthe Ġplaylist Ġthe Ġmidnight Ġhour	@ptr_0 @ptr_1 @ptr_2 [SL:entity_name @ptr_3 @ptr_4 @ptr_5 @ptr_6 SL:entity_name] @ptr_7 @ptr_8 @ptr_9 [SL:playlist @ptr_10 @ptr_11 @ptr_12 SL:playlist]
I want to send music to ann's lists from SIR John Winston Ono Lennon , put it on her Infinite Indie Folk	I Ġwant Ġto Ġsend Ġmusic Ġto Ġann 's Ġlists Ġfrom ĠS IR ĠJohn ĠWinston ĠOn o ĠLennon Ġ, Ġput Ġit Ġon Ġher ĠInfinite ĠIndie ĠFolk	@ptr_0 @ptr_1 @ptr_2 @ptr_3 @ptr_4 @ptr_5 [SL:playlist_owner @ptr_6 @ptr_7 SL:playlist_owner] @ptr_8 @ptr_9 [SL:entity_name @ptr_10 @ptr_11 @ptr_12 @ptr_13 @ptr_14 @ptr_15 @ptr_16 SL:entity_name] @ptr_17 @ptr_18 @ptr_19 @ptr_20 @ptr_21 [SL:playlist @ptr_22 @ptr_23 @ptr_24 SL:playlist]
add Mayya to the de manhattan con amor	add ĠMay ya Ġto Ġthe Ġde Ġman hattan Ġcon Ġam or	@ptr_0 [SL:entity_name @ptr_1 @ptr_2 SL:entity_name] @ptr_3 @ptr_4 [SL:playlist @ptr_5 @ptr_6 @ptr_7 @ptr_8 @ptr_9 @ptr_10 SL:playlist]
I want you to add must b 21 to acoustic covers the mash ups	I Ġwant Ġyou Ġto Ġadd Ġmust Ġb Ġ21 Ġto Ġacoustic Ġcovers Ġthe Ġmash Ġups	@ptr_0 @ptr_1 @ptr_2 @ptr_3 @ptr_4 [SL:entity_name @ptr_5 @ptr_6 @ptr_7 SL:entity_name] @ptr_8 [SL:playlist @ptr_9 @ptr_10 @ptr_11 @ptr_12 @ptr_13 SL:playlist]
Add bill evans to the Motivation Mix	Add Ġbill Ġev ans Ġto Ġthe ĠMot ivation ĠMix	@ptr_0 [SL:entity_name @ptr_1 @ptr_2 @ptr_3 SL:entity_name] @ptr_4 @ptr_5 [SL:playlist @ptr_6 @ptr_7 @ptr_8 SL:playlist]
add Black Ribbons to the autumn	add ĠBlack ĠRib bons Ġto Ġthe Ġautumn	@ptr_0 [SL:entity_name @ptr_1 @ptr_2 @ptr_3 SL:entity_name] @ptr_4 @ptr_5 [SL:playlist @ptr_6 SL:playlist]
