Show me the forecast for Anatone Louisiana on November 7th	Show Ġme Ġthe Ġforecast Ġfor ĠAnat one ĠLouisiana Ġon ĠNovember Ġ7 th	@ptr_0 @ptr_1 @ptr_2 @ptr_3 @ptr_4 [SL:city @ptr_5 @ptr_6 SL:city] [SL:state @ptr_7 SL:state] @ptr_8 [SL:timeRange @ptr_9 @ptr_10 @ptr_11 SL:timeRange]
I'd like to know how the weather will be at 8 pm in Tennessee	I 'd Ġlike Ġto Ġknow Ġhow Ġthe Ġweather Ġwill Ġbe Ġat Ġ8 Ġpm Ġin ĠTennessee	@ptr_0 @ptr_1 @ptr_2 @ptr_3 @ptr_4 @ptr_5 @ptr_6 @ptr_7 @ptr_8 @ptr_9 @ptr_10 [SL:timeRange @ptr_11 @ptr_12 SL:timeRange] @ptr_13 [SL:state @ptr_14 SL:state]
Will it be warmer in five years in Slemp Kansas	Will Ġit Ġbe Ġwarmer Ġin Ġfive Ġyears Ġin ĠSle mp ĠKansas	@ptr_0 @ptr_1 @ptr_2 [SL:condition_temperature @ptr_3 SL:condition_temperature] [SL:timeRange @ptr_4 @ptr_5 @ptr_6 SL:timeRange] @ptr_7 [SL:city @ptr_8 @ptr_9 SL:city] [SL:state @ptr_10 SL:state]
Will it be hot in my current location this week	Will Ġit Ġbe Ġhot Ġin Ġmy Ġcurrent Ġlocation Ġthis Ġweek	@ptr_0 @ptr_1 @ptr_2 [SL:condition_temperature @ptr_3 SL:condition_temperature] @ptr_4 @ptr_5 [SL:current_location @ptr_6 @ptr_7 SL:current_location] [SL:timeRange @ptr_8 @ptr_9 SL:timeRange]
What's the weather forecast for Niue at two am	What 's Ġthe Ġweather Ġforecast Ġfor ĠNi ue Ġat Ġtwo Ġam	@ptr_0 @ptr_1 @ptr_2 @ptr_3 @ptr_4 @ptr_5 [SL:country @ptr_6 @ptr_7 SL:country] @ptr_8 [SL:timeRange @ptr_9 @ptr_10 SL:timeRange]
How hot will it be in Wisconsin on august fourth	How Ġhot Ġwill Ġit Ġbe Ġin ĠWisconsin Ġon Ġaug ust Ġfourth	@ptr_0 [SL:condition_temperature @ptr_1 SL:condition_temperature] @ptr_2 @ptr_3 @ptr_4 @ptr_5 [SL:state @ptr_6 SL:state] @ptr_7 [SL:timeRange @ptr_8 @ptr_9 @ptr_10 SL:timeRange]
Is there going to be any snowfall today in Lebanon	Is Ġthere Ġgoing Ġto Ġbe Ġany Ġsnow fall Ġtoday Ġin ĠLebanon	@ptr_0 @ptr_1 @ptr_2 @ptr_3 @ptr_4 @ptr_5 [SL:condition_description @ptr_6 @ptr_7 SL:condition_description] [SL:timeRange @ptr_8 SL:timeRange] @ptr_9 [SL:country @ptr_10 SL:country]
What is the weather forecast in nine months within walking distance of Ohio	What Ġis Ġthe Ġweather Ġforecast Ġin Ġnine Ġmonths Ġwithin Ġwalking Ġdistance Ġof ĠOhio	@ptr_0 @ptr_1 @ptr_2 @ptr_3 @ptr_4 [SL:timeRange @ptr_5 @ptr_6 @ptr_7 SL:timeRange] [SL:spatial_relation @ptr_8 @ptr_9 @ptr_10 SL:spatial_relation] @ptr_11 [SL:state @ptr_12 SL:state]
What is the forecast for Lesotho for starting this Fall	What Ġis Ġthe Ġforecast Ġfor ĠLes oth o Ġfor Ġstarting Ġthis ĠFall	@ptr_0 @ptr_1 @ptr_2 @ptr_3 @ptr_4 [SL:country @ptr_5 @ptr_6 @ptr_7 SL:country] @ptr_8 @ptr_9 [SL:timeRange @ptr_10 @ptr_11 SL:timeRange]
Is it going to be nicer next week in Hamel Belize	Is Ġit Ġgoing Ġto Ġbe Ġnicer Ġnext Ġweek Ġin ĠHam el ĠBel ize	@ptr_0 @ptr_1 @ptr_2 @ptr_3 @ptr_4 @ptr_5 [SL:timeRange @ptr_6 @ptr_7 SL:timeRange] @ptr_8 [SL:city @ptr_9 @ptr_10 SL:city] [SL:country @ptr_11 @ptr_12 SL:country]
What will the weather be at nine am in HI	What Ġwill Ġthe Ġweather Ġbe Ġat Ġnine Ġam Ġin ĠHI	@ptr_0 @ptr_1 @ptr_2 @ptr_3 @ptr_4 @ptr_5 [SL:timeRange @ptr_6 @ptr_7 SL:timeRange] @ptr_8 [SL:state @ptr_9 SL:state]
Will it be colder 1 minute from now in Jersey	Will Ġit Ġbe Ġcolder Ġ1 Ġminute Ġfrom Ġnow Ġin ĠJersey	@ptr_0 @ptr_1 @ptr_2 [SL:condition_temperature @ptr_3 SL:condition_temperature] [SL:timeRange @ptr_4 @ptr_5 @ptr_6 @ptr_7 SL:timeRange] @ptr_8 [SL:country @ptr_9 SL:country]
show weather forcast here at 19	show Ġweather Ġfor cast Ġhere Ġat Ġ19	@ptr_0 @ptr_1 @ptr_2 @ptr_3 [SL:current_location @ptr_4 SL:current_location] @ptr_5 [SL:timeRange @ptr_6 SL:timeRange]
Will it be colder at five o'clock at the Apolobamba Integrated Management Natural Area	Will Ġit Ġbe Ġcolder Ġat Ġfive Ġo ' clock Ġat Ġthe ĠAp ol ob amba ĠIntegrated ĠManagement ĠNatural ĠArea	@ptr_0 @ptr_1 @ptr_2 [SL:condition_temperature @ptr_3 SL:condition_temperature] @ptr_4 [SL:timeRange @ptr_5 @ptr_6 @ptr_7 @ptr_8 SL:timeRange] @ptr_9 @ptr_10 [SL:geographic_poi @ptr_11 @ptr_12 @ptr_13 @ptr_14 @ptr_15 @ptr_16 @ptr_17 @ptr_18 SL:geographic_poi]
what is the forecast for january twenty-eighth in Kentmore Park	what Ġis Ġthe Ġforecast Ġfor Ġjan uary Ġtwenty - e ighth Ġin ĠKent more ĠPark	@ptr_0 @ptr_1 @ptr_2 @ptr_3 @ptr_4 [SL:timeRange @ptr_5 @ptr_6 @ptr_7 @ptr_8 @ptr_9 @ptr_10 SL:timeRange] @ptr_11 [SL:city @ptr_12 @ptr_13 @ptr_14 SL:city]
what will the weather be like in Louisiana will it be colder then now	what Ġwill Ġthe Ġweather Ġbe Ġlike Ġin ĠLouisiana Ġwill Ġit Ġbe Ġcolder Ġthen Ġnow	@ptr_0 @ptr_1 @ptr_2 @ptr_3 @ptr_4 @ptr_5 @ptr_6 [SL:state @ptr_7 SL:state] @ptr_8 @ptr_9 @ptr_10 [SL:condition_temperature @ptr_11 SL:condition_temperature] @ptr_12 [SL:timeRange @ptr_13 SL:timeRange]
Will it be colder in Oswego 16 weeks from now	Will Ġit Ġbe Ġcolder Ġin ĠOs we go Ġ16 Ġweeks Ġfrom Ġnow	@ptr_0 @ptr_1 @ptr_2 [SL:condition_temperature @ptr_3 SL:condition_temperature] @ptr_4 [SL:city @ptr_5 @ptr_6 @ptr_7 SL:city] [SL:timeRange @ptr_8 @ptr_9 @ptr_10 @ptr_11 SL:timeRange]
What's the weather here on 2/7/2021	What 's Ġthe Ġweather Ġhere Ġon Ġ2 / 7 / 20 21	@ptr_0 @ptr_1 @ptr_2 @ptr_3 [SL:current_location @ptr_4 SL:current_location] @ptr_5 [SL:timeRange @ptr_6 @ptr_7 @ptr_8 @ptr_9 @ptr_10 @ptr_11 SL:timeRange]
United States has warm weather on next Wed.	United ĠStates Ġhas Ġwarm Ġweather Ġon Ġnext ĠWed .	[SL:country @ptr_0 @ptr_1 SL:country] @ptr_2 [SL:condition_temperature @ptr_3 SL:condition_temperature] @ptr_4 @ptr_5 [SL:timeRange @ptr_6 @ptr_7 @ptr_8 SL:timeRange]
Will it be warm 1 week from now in DC	Will Ġit Ġbe Ġwarm Ġ1 Ġweek Ġfrom Ġnow Ġin ĠDC	@ptr_0 @ptr_1 @ptr_2 [SL:condition_temperature @ptr_3 SL:condition_temperature] [SL:timeRange @ptr_4 @ptr_5 @ptr_6 @ptr_7 SL:timeRange] @ptr_8 [SL:state @ptr_9 SL:state]
Will it be colder 1 hour from now noew in East Dundee Zimbabwe	Will Ġit Ġbe Ġcolder Ġ1 Ġhour Ġfrom Ġnow Ġno ew Ġin ĠEast ĠDund ee ĠZimbabwe	@ptr_0 @ptr_1 @ptr_2 [SL:condition_temperature @ptr_3 SL:condition_temperature] [SL:timeRange @ptr_4 @ptr_5 @ptr_6 @ptr_7 SL:timeRange] @ptr_8 @ptr_9 @ptr_10 [SL:city @ptr_11 @ptr_12 @ptr_13 SL:city] [SL:country @ptr_14 SL:country]
What's the weather going to be like here in one minute	What 's Ġthe Ġweather Ġgoing Ġto Ġbe Ġlike Ġhere Ġin Ġone Ġminute	@ptr_0 @ptr_1 @ptr_2 @ptr_3 @ptr_4 @ptr_5 @ptr_6 @ptr_7 [SL:current_location @ptr_8 SL:current_location] [SL:timeRange @ptr_9 @ptr_10 @ptr_11 SL:timeRange]
what is the Orlovista forecast for midday within walking distance	what Ġis Ġthe ĠOr lov ista Ġforecast Ġfor Ġmidday Ġwithin Ġwalking Ġdistance	@ptr_0 @ptr_1 @ptr_2 [SL:city @ptr_3 @ptr_4 @ptr_5 SL:city] @ptr_6 @ptr_7 [SL:timeRange @ptr_8 SL:timeRange] [SL:spatial_relation @ptr_9 @ptr_10 @ptr_11 SL:spatial_relation]
What's the weather this month in Mozambique	What 's Ġthe Ġweather Ġthis Ġmonth Ġin ĠMoz amb ique	@ptr_0 @ptr_1 @ptr_2 @ptr_3 [SL:timeRange @ptr_4 @ptr_5 SL:timeRange] @ptr_6 [SL:country @ptr_7 @ptr_8 @ptr_9 SL:country]
How much hotter will it be 40 weeks from now in Blue Island , North Dakota	How Ġmuch Ġhotter Ġwill Ġit Ġbe Ġ40 Ġweeks Ġfrom Ġnow Ġin ĠBlue ĠIsland Ġ, ĠNorth ĠDakota	@ptr_0 @ptr_1 [SL:condition_temperature @ptr_2 SL:condition_temperature] @ptr_3 @ptr_4 @ptr_5 [SL:timeRange @ptr_6 @ptr_7 @ptr_8 @ptr_9 SL:timeRange] @ptr_10 [SL:city @ptr_11 @ptr_12 SL:city] @ptr_13 [SL:state @ptr_14 @ptr_15 SL:state]
Weather for september seventh, 2039 in Salinas River National Wildlife Refuge	Weather Ġfor Ġse pt ember Ġseventh , Ġ20 39 Ġin ĠSal inas ĠRiver ĠNational ĠWildlife ĠRefuge	@ptr_0 @ptr_1 [SL:timeRange @ptr_2 @ptr_3 @ptr_4 @ptr_5 @ptr_6 @ptr_7 @ptr_8 SL:timeRange] @ptr_9 [SL:geographic_poi @ptr_10 @ptr_11 @ptr_12 @ptr_13 @ptr_14 @ptr_15 SL:geographic_poi]
What is the weather going to be like in Klondike Gold Rush National Historical Park on february the 28th, 2034	What Ġis Ġthe Ġweather Ġgoing Ġto Ġbe Ġlike Ġin ĠKl ond ike ĠGold ĠRush ĠNational ĠHistorical ĠPark Ġon Ġfe b ruary Ġthe Ġ28 th , Ġ20 34	@ptr_0 @ptr_1 @ptr_2 @ptr_3 @ptr_4 @ptr_5 @ptr_6 @ptr_7 @ptr_8 [SL:geographic_poi @ptr_9 @ptr_10 @ptr_11 @ptr_12 @ptr_13 @ptr_14 @ptr_15 @ptr_16 SL:geographic_poi] @ptr_17 [SL:timeRange @ptr_18 @ptr_19 @ptr_20 @ptr_21 @ptr_22 @ptr_23 @ptr_24 @ptr_25 @ptr_26 SL:timeRange]
what will the weather be in four weeks around Tsingy de Bemaraha Strict Nature Reserve	what Ġwill Ġthe Ġweather Ġbe Ġin Ġfour Ġweeks Ġaround ĠT sing y Ġde ĠB em ar aha ĠSt rict ĠNature ĠReserve	@ptr_0 @ptr_1 @ptr_2 @ptr_3 @ptr_4 [SL:timeRange @ptr_5 @ptr_6 @ptr_7 SL:timeRange] [SL:spatial_relation @ptr_8 SL:spatial_relation] [SL:geographic_poi @ptr_9 @ptr_10 @ptr_11 @ptr_12 @ptr_13 @ptr_14 @ptr_15 @ptr_16 @ptr_17 @ptr_18 @ptr_19 @ptr_20 SL:geographic_poi]
I need to know the weather seven weeks from now in Morgan–Monroe State Forest	I Ġneed Ġto Ġknow Ġthe Ġweather Ġseven Ġweeks Ġfrom Ġnow Ġin ĠMorgan âĢĵ Mon roe ĠState ĠForest	@ptr_0 @ptr_1 @ptr_2 @ptr_3 @ptr_4 @ptr_5 [SL:timeRange @ptr_6 @ptr_7 @ptr_8 @ptr_9 SL:timeRange] @ptr_10 [SL:geographic_poi @ptr_11 @ptr_12 @ptr_13 @ptr_14 @ptr_15 @ptr_16 SL:geographic_poi]
What was the weather last February in William A. Switzer Provincial Park	What Ġwas Ġthe Ġweather Ġlast ĠFebruary Ġin ĠWilliam ĠA . ĠSw itzer ĠProvincial ĠPark	@ptr_0 @ptr_1 @ptr_2 @ptr_3 [SL:timeRange @ptr_4 @ptr_5 SL:timeRange] @ptr_6 [SL:geographic_poi @ptr_7 @ptr_8 @ptr_9 @ptr_10 @ptr_11 @ptr_12 @ptr_13 SL:geographic_poi]
what is the Posey Island State Park forecast for colder temps at meal	what Ġis Ġthe ĠPose y ĠIsland ĠState ĠPark Ġforecast Ġfor Ġcolder Ġtem ps Ġat Ġmeal	@ptr_0 @ptr_1 @ptr_2 [SL:geographic_poi @ptr_3 @ptr_4 @ptr_5 @ptr_6 @ptr_7 SL:geographic_poi] @ptr_8 @ptr_9 [SL:condition_temperature @ptr_10 SL:condition_temperature] @ptr_11 @ptr_12 @ptr_13 [SL:timeRange @ptr_14 SL:timeRange]
Will it be warm at Tembe Elephant Park on san jacinto day	Will Ġit Ġbe Ġwarm Ġat ĠTem be ĠElephant ĠPark Ġon Ġsan Ġj ac into Ġday	@ptr_0 @ptr_1 @ptr_2 [SL:condition_temperature @ptr_3 SL:condition_temperature] @ptr_4 [SL:geographic_poi @ptr_5 @ptr_6 @ptr_7 @ptr_8 SL:geographic_poi] @ptr_9 [SL:timeRange @ptr_10 @ptr_11 @ptr_12 @ptr_13 @ptr_14 SL:timeRange]
What's the weather in Organ Pipe Cactus National Monument	What 's Ġthe Ġweather Ġin ĠOrgan ĠPipe ĠC actus ĠNational ĠMonument	@ptr_0 @ptr_1 @ptr_2 @ptr_3 @ptr_4 [SL:geographic_poi @ptr_5 @ptr_6 @ptr_7 @ptr_8 @ptr_9 @ptr_10 SL:geographic_poi]
What will the weather be in Catahoula National Wildlife Refuge	What Ġwill Ġthe Ġweather Ġbe Ġin ĠCat ah oul a ĠNational ĠWildlife ĠRefuge	@ptr_0 @ptr_1 @ptr_2 @ptr_3 @ptr_4 @ptr_5 [SL:geographic_poi @ptr_6 @ptr_7 @ptr_8 @ptr_9 @ptr_10 @ptr_11 @ptr_12 SL:geographic_poi]
What's the weather going to be like in Fort Point, San Francisco tomorrow	What 's Ġthe Ġweather Ġgoing Ġto Ġbe Ġlike Ġin ĠFort ĠPoint , ĠSan ĠFrancisco Ġtomorrow	@ptr_0 @ptr_1 @ptr_2 @ptr_3 @ptr_4 @ptr_5 @ptr_6 @ptr_7 @ptr_8 [SL:geographic_poi @ptr_9 @ptr_10 @ptr_11 @ptr_12 @ptr_13 SL:geographic_poi] [SL:timeRange @ptr_14 SL:timeRange]
Will it get chillier in North Creek Forest	Will Ġit Ġget Ġchill ier Ġin ĠNorth ĠCreek ĠForest	@ptr_0 @ptr_1 @ptr_2 [SL:condition_temperature @ptr_3 @ptr_4 SL:condition_temperature] @ptr_5 [SL:geographic_poi @ptr_6 @ptr_7 @ptr_8 SL:geographic_poi]
What's the weather forecast in Nationalpark Banc d’Arguin	What 's Ġthe Ġweather Ġforecast Ġin ĠNational park ĠB anc Ġd âĢ Ļ Ar gu in	@ptr_0 @ptr_1 @ptr_2 @ptr_3 @ptr_4 @ptr_5 [SL:geographic_poi @ptr_6 @ptr_7 @ptr_8 @ptr_9 @ptr_10 @ptr_11 @ptr_12 @ptr_13 @ptr_14 @ptr_15 SL:geographic_poi]
Will it rain 17 weeks from now in Teide National Park	Will Ġit Ġrain Ġ17 Ġweeks Ġfrom Ġnow Ġin ĠTe ide ĠNational ĠPark	@ptr_0 @ptr_1 [SL:condition_description @ptr_2 SL:condition_description] [SL:timeRange @ptr_3 @ptr_4 @ptr_5 @ptr_6 SL:timeRange] @ptr_7 [SL:geographic_poi @ptr_8 @ptr_9 @ptr_10 @ptr_11 SL:geographic_poi]
What is the weather forecast going to be on august 15, 2038 for Hoffman Hills State Recreation Area	What Ġis Ġthe Ġweather Ġforecast Ġgoing Ġto Ġbe Ġon Ġaug ust Ġ15 , Ġ20 38 Ġfor ĠHoffman ĠHills ĠState ĠRecreation ĠArea	@ptr_0 @ptr_1 @ptr_2 @ptr_3 @ptr_4 @ptr_5 @ptr_6 @ptr_7 @ptr_8 [SL:timeRange @ptr_9 @ptr_10 @ptr_11 @ptr_12 @ptr_13 @ptr_14 SL:timeRange] @ptr_15 [SL:geographic_poi @ptr_16 @ptr_17 @ptr_18 @ptr_19 @ptr_20 SL:geographic_poi]
Weather for Turtle River State Park	Weather Ġfor ĠTurtle ĠRiver ĠState ĠPark	@ptr_0 @ptr_1 [SL:geographic_poi @ptr_2 @ptr_3 @ptr_4 @ptr_5 SL:geographic_poi]
what is the weather of New Jersey Palisades at three hundred three days from now	what Ġis Ġthe Ġweather Ġof ĠNew ĠJersey ĠPal is ades Ġat Ġthree Ġhundred Ġthree Ġdays Ġfrom Ġnow	@ptr_0 @ptr_1 @ptr_2 @ptr_3 @ptr_4 [SL:geographic_poi @ptr_5 @ptr_6 @ptr_7 @ptr_8 @ptr_9 SL:geographic_poi] @ptr_10 [SL:timeRange @ptr_11 @ptr_12 @ptr_13 @ptr_14 @ptr_15 @ptr_16 SL:timeRange]
Tell me if the forecast will be temperate around Nationalpark Doi Suthep-Pui on 4/15/2034	Tell Ġme Ġif Ġthe Ġforecast Ġwill Ġbe Ġtemper ate Ġaround ĠNational park ĠDo i ĠSut he p - P ui Ġon Ġ4 / 15 / 20 34	@ptr_0 @ptr_1 @ptr_2 @ptr_3 @ptr_4 @ptr_5 @ptr_6 [SL:condition_temperature @ptr_7 @ptr_8 SL:condition_temperature] [SL:spatial_relation @ptr_9 SL:spatial_relation] [SL:geographic_poi @ptr_10 @ptr_11 @ptr_12 @ptr_13 @ptr_14 @ptr_15 @ptr_16 @ptr_17 @ptr_18 @ptr_19 SL:geographic_poi] @ptr_20 [SL:timeRange @ptr_21 @ptr_22 @ptr_23 @ptr_24 @ptr_25 @ptr_26 SL:timeRange]
What is the weather one second from now in Blue Ridge Berryessa Natural Area	What Ġis Ġthe Ġweather Ġone Ġsecond Ġfrom Ġnow Ġin ĠBlue ĠRidge ĠBerry essa ĠNatural ĠArea	@ptr_0 @ptr_1 @ptr_2 @ptr_3 [SL:timeRange @ptr_4 @ptr_5 @ptr_6 @ptr_7 SL:timeRange] @ptr_8 [SL:geographic_poi @ptr_9 @ptr_10 @ptr_11 @ptr_12 @ptr_13 @ptr_14 SL:geographic_poi]
What is the weather in Sehlabathebe-Nationalpark	What Ġis Ġthe Ġweather Ġin ĠSe hl ab athe be - National park	@ptr_0 @ptr_1 @ptr_2 @ptr_3 @ptr_4 [SL:geographic_poi @ptr_5 @ptr_6 @ptr_7 @ptr_8 @ptr_9 @ptr_10 @ptr_11 @ptr_12 SL:geographic_poi]
What will the weather be in Meeres-Nationalpark Insel Bastimentos at twelve PM	What Ġwill Ġthe Ġweather Ġbe Ġin ĠM ee res - National park ĠIn sel ĠBast iment os Ġat Ġtwelve ĠPM	@ptr_0 @ptr_1 @ptr_2 @ptr_3 @ptr_4 @ptr_5 [SL:geographic_poi @ptr_6 @ptr_7 @ptr_8 @ptr_9 @ptr_10 @ptr_11 @ptr_12 @ptr_13 @ptr_14 @ptr_15 @ptr_16 SL:geographic_poi] @ptr_17 [SL:timeRange @ptr_18 @ptr_19 SL:timeRange]
Is it going to be temperate in Farallon Islands now	Is Ġit Ġgoing Ġto Ġbe Ġtemper ate Ġin ĠFar all on ĠIslands Ġnow	@ptr_0 @ptr_1 @ptr_2 @ptr_3 @ptr_4 [SL:condition_temperature @ptr_5 @ptr_6 SL:condition_temperature] @ptr_7 [SL:geographic_poi @ptr_8 @ptr_9 @ptr_10 @ptr_11 SL:geographic_poi] [SL:timeRange @ptr_12 SL:timeRange]
What is the forecast this evening for the Calipuy National Reservation	What Ġis Ġthe Ġforecast Ġthis Ġevening Ġfor Ġthe ĠCal ip uy ĠNational ĠRes ervation	@ptr_0 @ptr_1 @ptr_2 @ptr_3 @ptr_4 [SL:timeRange @ptr_5 SL:timeRange] @ptr_6 @ptr_7 [SL:geographic_poi @ptr_8 @ptr_9 @ptr_10 @ptr_11 @ptr_12 @ptr_13 SL:geographic_poi]
Will it be colder at five o'clock at the Apolobamba Integrated Management Natural Area	Will Ġit Ġbe Ġcolder Ġat Ġfive Ġo ' clock Ġat Ġthe ĠAp ol ob amba ĠIntegrated ĠManagement ĠNatural ĠArea	@ptr_0 @ptr_1 @ptr_2 [SL:condition_temperature @ptr_3 SL:condition_temperature] @ptr_4 [SL:timeRange @ptr_5 @ptr_6 @ptr_7 @ptr_8 SL:timeRange] @ptr_9 @ptr_10 [SL:geographic_poi @ptr_11 @ptr_12 @ptr_13 @ptr_14 @ptr_15 @ptr_16 @ptr_17 @ptr_18 SL:geographic_poi]
Will it be freezing nearby Thap Lan National Park at 4 pm	Will Ġit Ġbe Ġfreezing Ġnearby ĠTh ap ĠLan ĠNational ĠPark Ġat Ġ4 Ġpm	@ptr_0 @ptr_1 @ptr_2 [SL:condition_temperature @ptr_3 SL:condition_temperature] [SL:spatial_relation @ptr_4 SL:spatial_relation] [SL:geographic_poi @ptr_5 @ptr_6 @ptr_7 @ptr_8 @ptr_9 SL:geographic_poi] @ptr_10 [SL:timeRange @ptr_11 @ptr_12 SL:timeRange]
Will it be windy at 7 AM in Dong Phou Vieng National Protected Area	Will Ġit Ġbe Ġwind y Ġat Ġ7 ĠAM Ġin ĠDong ĠPh ou ĠVi eng ĠNational ĠProt ected ĠArea	@ptr_0 @ptr_1 @ptr_2 [SL:condition_description @ptr_3 @ptr_4 SL:condition_description] @ptr_5 [SL:timeRange @ptr_6 @ptr_7 SL:timeRange] @ptr_8 [SL:geographic_poi @ptr_9 @ptr_10 @ptr_11 @ptr_12 @ptr_13 @ptr_14 @ptr_15 @ptr_16 @ptr_17 SL:geographic_poi]
Will it be overcast in seventeen minutes in the United Arab Emirates	Will Ġit Ġbe Ġover cast Ġin Ġseventeen Ġminutes Ġin Ġthe ĠUnited ĠArab ĠEmirates	@ptr_0 @ptr_1 @ptr_2 [SL:condition_description @ptr_3 @ptr_4 SL:condition_description] [SL:timeRange @ptr_5 @ptr_6 @ptr_7 SL:timeRange] @ptr_8 @ptr_9 [SL:country @ptr_10 @ptr_11 @ptr_12 SL:country]
Is it supposed to rain nearby my current location at 0 o'clock	Is Ġit Ġsupposed Ġto Ġrain Ġnearby Ġmy Ġcurrent Ġlocation Ġat Ġ0 Ġo ' clock	@ptr_0 @ptr_1 @ptr_2 @ptr_3 [SL:condition_description @ptr_4 SL:condition_description] [SL:spatial_relation @ptr_5 SL:spatial_relation] @ptr_6 [SL:current_location @ptr_7 @ptr_8 SL:current_location] @ptr_9 [SL:timeRange @ptr_10 @ptr_11 @ptr_12 @ptr_13 SL:timeRange]
What is the humidity like in Leoti	What Ġis Ġthe Ġhumidity Ġlike Ġin ĠLe oti	@ptr_0 @ptr_1 @ptr_2 [SL:condition_description @ptr_3 SL:condition_description] @ptr_4 @ptr_5 [SL:city @ptr_6 @ptr_7 SL:city]
Is it supposed to snow in NV	Is Ġit Ġsupposed Ġto Ġsnow Ġin ĠNV	@ptr_0 @ptr_1 @ptr_2 @ptr_3 [SL:condition_description @ptr_4 SL:condition_description] @ptr_5 [SL:state @ptr_6 SL:state]
will it be stormy in Saint Pierre and Miquelon in the city of Wenham	will Ġit Ġbe Ġstorm y Ġin ĠSaint ĠPierre Ġand ĠM iqu el on Ġin Ġthe Ġcity Ġof ĠWen ham	@ptr_0 @ptr_1 @ptr_2 [SL:condition_description @ptr_3 @ptr_4 SL:condition_description] @ptr_5 [SL:country @ptr_6 @ptr_7 @ptr_8 @ptr_9 @ptr_10 @ptr_11 @ptr_12 SL:country] @ptr_13 @ptr_14 @ptr_15 @ptr_16 [SL:city @ptr_17 @ptr_18 SL:city]
Is it cloudy in Vermont on 06:30:26 pm	Is Ġit Ġcloudy Ġin ĠVermont Ġon Ġ06 : 30 : 26 Ġpm	@ptr_0 @ptr_1 [SL:condition_description @ptr_2 SL:condition_description] @ptr_3 [SL:state @ptr_4 SL:state] @ptr_5 [SL:timeRange @ptr_6 @ptr_7 @ptr_8 @ptr_9 @ptr_10 @ptr_11 SL:timeRange]
Tell me if it will be windy here	Tell Ġme Ġif Ġit Ġwill Ġbe Ġwind y Ġhere	@ptr_0 @ptr_1 @ptr_2 @ptr_3 @ptr_4 @ptr_5 [SL:condition_description @ptr_6 @ptr_7 SL:condition_description] [SL:current_location @ptr_8 SL:current_location]
Is it going to rain here	Is Ġit Ġgoing Ġto Ġrain Ġhere	@ptr_0 @ptr_1 @ptr_2 @ptr_3 [SL:condition_description @ptr_4 SL:condition_description] [SL:current_location @ptr_5 SL:current_location]
Is there a blizzard coming to El Verano	Is Ġthere Ġa Ġbl izzard Ġcoming Ġto ĠEl ĠVer ano	@ptr_0 @ptr_1 @ptr_2 [SL:condition_description @ptr_3 @ptr_4 SL:condition_description] @ptr_5 @ptr_6 [SL:city @ptr_7 @ptr_8 @ptr_9 SL:city]
Will it be cloudy not far from Allenton	Will Ġit Ġbe Ġcloudy Ġnot Ġfar Ġfrom ĠAll enton	@ptr_0 @ptr_1 @ptr_2 [SL:condition_description @ptr_3 SL:condition_description] [SL:spatial_relation @ptr_4 @ptr_5 SL:spatial_relation] @ptr_6 [SL:city @ptr_7 @ptr_8 SL:city]
what is the PW forecast for stormy	what Ġis Ġthe ĠPW Ġforecast Ġfor Ġstorm y	@ptr_0 @ptr_1 @ptr_2 [SL:state @ptr_3 SL:state] @ptr_4 @ptr_5 [SL:condition_description @ptr_6 @ptr_7 SL:condition_description]
Will it be cloudy in Guadeloupe next year	Will Ġit Ġbe Ġcloudy Ġin ĠGu adel ou pe Ġnext Ġyear	@ptr_0 @ptr_1 @ptr_2 [SL:condition_description @ptr_3 SL:condition_description] @ptr_4 [SL:country @ptr_5 @ptr_6 @ptr_7 @ptr_8 SL:country] [SL:timeRange @ptr_9 @ptr_10 SL:timeRange]
Is it cloudy in Tingley	Is Ġit Ġcloudy Ġin ĠT ing ley	@ptr_0 @ptr_1 [SL:condition_description @ptr_2 SL:condition_description] @ptr_3 [SL:city @ptr_4 @ptr_5 @ptr_6 SL:city]
Will the weather in Falcon Heights call for rain	Will Ġthe Ġweather Ġin ĠFalcon ĠHeights Ġcall Ġfor Ġrain	@ptr_0 @ptr_1 @ptr_2 @ptr_3 [SL:city @ptr_4 @ptr_5 SL:city] @ptr_6 @ptr_7 [SL:condition_description @ptr_8 SL:condition_description]
Will there be a snowstorm this weekend in Bear River , Arizona	Will Ġthere Ġbe Ġa Ġsnow storm Ġthis Ġweekend Ġin ĠBear ĠRiver Ġ, ĠArizona	@ptr_0 @ptr_1 @ptr_2 @ptr_3 [SL:condition_description @ptr_4 @ptr_5 SL:condition_description] @ptr_6 [SL:timeRange @ptr_7 SL:timeRange] @ptr_8 [SL:city @ptr_9 @ptr_10 SL:city] @ptr_11 [SL:state @ptr_12 SL:state]
Will there be snowfall at six pm in Leisure Knoll California	Will Ġthere Ġbe Ġsnow fall Ġat Ġsix Ġpm Ġin ĠLe isure ĠKn oll ĠCalifornia	@ptr_0 @ptr_1 @ptr_2 [SL:condition_description @ptr_3 @ptr_4 SL:condition_description] @ptr_5 [SL:timeRange @ptr_6 @ptr_7 SL:timeRange] @ptr_8 [SL:city @ptr_9 @ptr_10 @ptr_11 @ptr_12 SL:city] [SL:state @ptr_13 SL:state]
Will there be a lot of wind in West Fargo GU	Will Ġthere Ġbe Ġa Ġlot Ġof Ġwind Ġin ĠWest ĠFargo ĠGU	@ptr_0 @ptr_1 @ptr_2 @ptr_3 @ptr_4 @ptr_5 [SL:condition_description @ptr_6 SL:condition_description] @ptr_7 [SL:city @ptr_8 @ptr_9 SL:city] [SL:state @ptr_10 SL:state]
Will it snowstorm in Lampi Island Marine National Park	Will Ġit Ġsnow storm Ġin ĠLamp i ĠIsland ĠMarine ĠNational ĠPark	@ptr_0 @ptr_1 [SL:condition_description @ptr_2 @ptr_3 SL:condition_description] @ptr_4 [SL:geographic_poi @ptr_5 @ptr_6 @ptr_7 @ptr_8 @ptr_9 @ptr_10 SL:geographic_poi]
Is there a storm in Maliau-Basin-Conservation-Area now	Is Ġthere Ġa Ġstorm Ġin ĠMal ia u - Bas in - Cons ervation - Area Ġnow	@ptr_0 @ptr_1 @ptr_2 [SL:condition_description @ptr_3 SL:condition_description] @ptr_4 [SL:geographic_poi @ptr_5 @ptr_6 @ptr_7 @ptr_8 @ptr_9 @ptr_10 @ptr_11 @ptr_12 @ptr_13 @ptr_14 @ptr_15 SL:geographic_poi] [SL:timeRange @ptr_16 SL:timeRange]
How much rain in Montana 12 months from now	How Ġmuch Ġrain Ġin ĠMontana Ġ12 Ġmonths Ġfrom Ġnow	@ptr_0 @ptr_1 [SL:condition_description @ptr_2 SL:condition_description] @ptr_3 [SL:state @ptr_4 SL:state] [SL:timeRange @ptr_5 @ptr_6 @ptr_7 @ptr_8 SL:timeRange]
at 11 am will there be a snowstorm in Fort Pulaski National Monument	at Ġ11 Ġam Ġwill Ġthere Ġbe Ġa Ġsnow storm Ġin ĠFort ĠPul ask i ĠNational ĠMonument	@ptr_0 [SL:timeRange @ptr_1 @ptr_2 SL:timeRange] @ptr_3 @ptr_4 @ptr_5 @ptr_6 [SL:condition_description @ptr_7 @ptr_8 SL:condition_description] @ptr_9 [SL:geographic_poi @ptr_10 @ptr_11 @ptr_12 @ptr_13 @ptr_14 @ptr_15 SL:geographic_poi]
Will there be sun around here	Will Ġthere Ġbe Ġsun Ġaround Ġhere	@ptr_0 @ptr_1 @ptr_2 [SL:condition_description @ptr_3 SL:condition_description] [SL:spatial_relation @ptr_4 SL:spatial_relation] [SL:current_location @ptr_5 SL:current_location]
Weather forecast for snowstorm on Feb. fourth in Virgin Islands	Weather Ġforecast Ġfor Ġsnow storm Ġon ĠFeb . Ġfourth Ġin ĠVirgin ĠIslands	@ptr_0 @ptr_1 @ptr_2 [SL:condition_description @ptr_3 @ptr_4 SL:condition_description] @ptr_5 [SL:timeRange @ptr_6 @ptr_7 @ptr_8 SL:timeRange] @ptr_9 [SL:state @ptr_10 @ptr_11 SL:state]
Will it be foggy now close to Jolley	Will Ġit Ġbe Ġfog gy Ġnow Ġclose Ġto ĠJol ley	@ptr_0 @ptr_1 @ptr_2 [SL:condition_description @ptr_3 @ptr_4 SL:condition_description] [SL:timeRange @ptr_5 SL:timeRange] [SL:spatial_relation @ptr_6 SL:spatial_relation] @ptr_7 [SL:city @ptr_8 @ptr_9 SL:city]
Will it be sunny in Occoquan Bay National Wildlife Refuge by tea	Will Ġit Ġbe Ġsunny Ġin ĠOcc oqu an ĠBay ĠNational ĠWildlife ĠRefuge Ġby Ġtea	@ptr_0 @ptr_1 @ptr_2 [SL:condition_description @ptr_3 SL:condition_description] @ptr_4 [SL:geographic_poi @ptr_5 @ptr_6 @ptr_7 @ptr_8 @ptr_9 @ptr_10 @ptr_11 SL:geographic_poi] @ptr_12 [SL:timeRange @ptr_13 SL:timeRange]
Will it be foggy now close to Jolley	Will Ġit Ġbe Ġfog gy Ġnow Ġclose Ġto ĠJol ley	@ptr_0 @ptr_1 @ptr_2 [SL:condition_description @ptr_3 @ptr_4 SL:condition_description] [SL:timeRange @ptr_5 SL:timeRange] [SL:spatial_relation @ptr_6 SL:spatial_relation] @ptr_7 [SL:city @ptr_8 @ptr_9 SL:city]
need a table now somewhere nearby Petit Manan National Wildlife Refuge	need Ġa Ġtable Ġnow Ġsomewhere Ġnearby ĠPet it ĠMan an ĠNational ĠWildlife ĠRefuge	@ptr_0 @ptr_1 @ptr_2 [SL:timeRange @ptr_3 SL:timeRange] @ptr_4 [SL:spatial_relation @ptr_5 SL:spatial_relation] [SL:geographic_poi @ptr_6 @ptr_7 @ptr_8 @ptr_9 @ptr_10 @ptr_11 @ptr_12 SL:geographic_poi]
at ten am what will the weather be like nearby in Cyprus	at Ġten Ġam Ġwhat Ġwill Ġthe Ġweather Ġbe Ġlike Ġnearby Ġin ĠCyprus	@ptr_0 [SL:timeRange @ptr_1 @ptr_2 SL:timeRange] @ptr_3 @ptr_4 @ptr_5 @ptr_6 @ptr_7 @ptr_8 [SL:spatial_relation @ptr_9 SL:spatial_relation] @ptr_10 [SL:country @ptr_11 SL:country]
what is the weather forecast close-by Bermuda	what Ġis Ġthe Ġweather Ġforecast Ġclose - by ĠBermuda	@ptr_0 @ptr_1 @ptr_2 @ptr_3 @ptr_4 [SL:spatial_relation @ptr_5 @ptr_6 @ptr_7 SL:spatial_relation] [SL:country @ptr_8 SL:country]
is it overcast close-by in Illinois	is Ġit Ġover cast Ġclose - by Ġin ĠIllinois	@ptr_0 @ptr_1 [SL:condition_description @ptr_2 @ptr_3 SL:condition_description] [SL:spatial_relation @ptr_4 @ptr_5 @ptr_6 SL:spatial_relation] @ptr_7 [SL:state @ptr_8 SL:state]
Will there be hail around Khao Phanom Bencha National Park	Will Ġthere Ġbe Ġhail Ġaround ĠK hao ĠPh an om ĠBen cha ĠNational ĠPark	@ptr_0 @ptr_1 @ptr_2 [SL:condition_description @ptr_3 SL:condition_description] [SL:spatial_relation @ptr_4 SL:spatial_relation] [SL:geographic_poi @ptr_5 @ptr_6 @ptr_7 @ptr_8 @ptr_9 @ptr_10 @ptr_11 @ptr_12 @ptr_13 SL:geographic_poi]
Is it freezing close to DC	Is Ġit Ġfreezing Ġclose Ġto ĠDC	@ptr_0 @ptr_1 [SL:condition_temperature @ptr_2 SL:condition_temperature] [SL:spatial_relation @ptr_3 SL:spatial_relation] @ptr_4 [SL:state @ptr_5 SL:state]
What's the weather going to be like at 10:21:20 close by ID	What 's Ġthe Ġweather Ġgoing Ġto Ġbe Ġlike Ġat Ġ10 : 21 : 20 Ġclose Ġby ĠID	@ptr_0 @ptr_1 @ptr_2 @ptr_3 @ptr_4 @ptr_5 @ptr_6 @ptr_7 @ptr_8 [SL:timeRange @ptr_9 @ptr_10 @ptr_11 @ptr_12 @ptr_13 SL:timeRange] [SL:spatial_relation @ptr_14 @ptr_15 SL:spatial_relation] [SL:state @ptr_16 SL:state]
What kind of weather was forecast near Harmony Flats Nature Reserve last march	What Ġkind Ġof Ġweather Ġwas Ġforecast Ġnear ĠHarmony ĠFl ats ĠNature ĠReserve Ġlast Ġmarch	@ptr_0 @ptr_1 @ptr_2 @ptr_3 @ptr_4 @ptr_5 [SL:spatial_relation @ptr_6 SL:spatial_relation] [SL:geographic_poi @ptr_7 @ptr_8 @ptr_9 @ptr_10 @ptr_11 SL:geographic_poi] [SL:timeRange @ptr_12 @ptr_13 SL:timeRange]
What's the weather forecast close by Sligo	What 's Ġthe Ġweather Ġforecast Ġclose Ġby ĠSl igo	@ptr_0 @ptr_1 @ptr_2 @ptr_3 @ptr_4 [SL:spatial_relation @ptr_5 @ptr_6 SL:spatial_relation] [SL:city @ptr_7 @ptr_8 SL:city]
What's the weather forecast near to Fern Creek this Winter	What 's Ġthe Ġweather Ġforecast Ġnear Ġto ĠFern ĠCreek Ġthis ĠWinter	@ptr_0 @ptr_1 @ptr_2 @ptr_3 @ptr_4 [SL:spatial_relation @ptr_5 SL:spatial_relation] @ptr_6 [SL:city @ptr_7 @ptr_8 SL:city] [SL:timeRange @ptr_9 @ptr_10 SL:timeRange]
will the weather be warm far from Niger at 15 o'clock	will Ġthe Ġweather Ġbe Ġwarm Ġfar Ġfrom ĠNiger Ġat Ġ15 Ġo ' clock	@ptr_0 @ptr_1 @ptr_2 @ptr_3 [SL:condition_temperature @ptr_4 SL:condition_temperature] [SL:spatial_relation @ptr_5 SL:spatial_relation] @ptr_6 [SL:country @ptr_7 SL:country] @ptr_8 [SL:timeRange @ptr_9 @ptr_10 @ptr_11 @ptr_12 SL:timeRange]
what is the forecast for around Putnam Lake	what Ġis Ġthe Ġforecast Ġfor Ġaround ĠPut nam ĠLake	@ptr_0 @ptr_1 @ptr_2 @ptr_3 @ptr_4 [SL:spatial_relation @ptr_5 SL:spatial_relation] [SL:city @ptr_6 @ptr_7 @ptr_8 SL:city]
what is the nearby forecast for here at 15:26:11	what Ġis Ġthe Ġnearby Ġforecast Ġfor Ġhere Ġat Ġ15 : 26 : 11	@ptr_0 @ptr_1 @ptr_2 [SL:spatial_relation @ptr_3 SL:spatial_relation] @ptr_4 @ptr_5 [SL:current_location @ptr_6 SL:current_location] @ptr_7 [SL:timeRange @ptr_8 @ptr_9 @ptr_10 @ptr_11 @ptr_12 SL:timeRange]
Whats the temperature not far from Valley of Fire	Wh ats Ġthe Ġtemperature Ġnot Ġfar Ġfrom ĠValley Ġof ĠFire	@ptr_0 @ptr_1 @ptr_2 @ptr_3 [SL:spatial_relation @ptr_4 @ptr_5 SL:spatial_relation] @ptr_6 [SL:geographic_poi @ptr_7 @ptr_8 @ptr_9 SL:geographic_poi]
Is it going to be hot on Oct. the 8th, 2020 in the neighboring Greenland area	Is Ġit Ġgoing Ġto Ġbe Ġhot Ġon ĠOct . Ġthe Ġ8 th , Ġ2020 Ġin Ġthe Ġneighboring ĠGreenland Ġarea	@ptr_0 @ptr_1 @ptr_2 @ptr_3 @ptr_4 [SL:condition_temperature @ptr_5 SL:condition_temperature] @ptr_6 [SL:timeRange @ptr_7 @ptr_8 @ptr_9 @ptr_10 @ptr_11 @ptr_12 @ptr_13 SL:timeRange] @ptr_14 @ptr_15 [SL:spatial_relation @ptr_16 SL:spatial_relation] [SL:country @ptr_17 SL:country] [SL:spatial_relation @ptr_18 SL:spatial_relation]
Tell me the weather forecast close to Romania	Tell Ġme Ġthe Ġweather Ġforecast Ġclose Ġto ĠRomania	@ptr_0 @ptr_1 @ptr_2 @ptr_3 @ptr_4 [SL:spatial_relation @ptr_5 SL:spatial_relation] @ptr_6 [SL:country @ptr_7 SL:country]
What's the weather forecast for the area neighboring KS this autumn	What 's Ġthe Ġweather Ġforecast Ġfor Ġthe Ġarea Ġneighboring ĠKS Ġthis Ġautumn	@ptr_0 @ptr_1 @ptr_2 @ptr_3 @ptr_4 @ptr_5 @ptr_6 @ptr_7 [SL:spatial_relation @ptr_8 SL:spatial_relation] [SL:state @ptr_9 SL:state] [SL:timeRange @ptr_10 @ptr_11 SL:timeRange]
Weather for my nearby current location	Weather Ġfor Ġmy Ġnearby Ġcurrent Ġlocation	@ptr_0 @ptr_1 @ptr_2 [SL:spatial_relation @ptr_3 SL:spatial_relation] [SL:current_location @ptr_4 @ptr_5 SL:current_location]
Is it overcast in Brazil in within walking distance	Is Ġit Ġover cast Ġin ĠBrazil Ġin Ġwithin Ġwalking Ġdistance	@ptr_0 @ptr_1 [SL:condition_description @ptr_2 @ptr_3 SL:condition_description] @ptr_4 [SL:country @ptr_5 SL:country] @ptr_6 [SL:spatial_relation @ptr_7 @ptr_8 @ptr_9 SL:spatial_relation]
How cold will it be in Palau around fourteen o'clock	How Ġcold Ġwill Ġit Ġbe Ġin ĠPal au Ġaround Ġfourteen Ġo ' clock	@ptr_0 [SL:condition_temperature @ptr_1 SL:condition_temperature] @ptr_2 @ptr_3 @ptr_4 @ptr_5 [SL:state @ptr_6 @ptr_7 SL:state] [SL:spatial_relation @ptr_8 SL:spatial_relation] [SL:timeRange @ptr_9 @ptr_10 @ptr_11 @ptr_12 SL:timeRange]
Will it be chillier on october 17 nearby East Glacier Park	Will Ġit Ġbe Ġchill ier Ġon Ġoct ober Ġ17 Ġnearby ĠEast ĠGlacier ĠPark	@ptr_0 @ptr_1 @ptr_2 [SL:condition_temperature @ptr_3 @ptr_4 SL:condition_temperature] @ptr_5 [SL:timeRange @ptr_6 @ptr_7 @ptr_8 SL:timeRange] [SL:spatial_relation @ptr_9 SL:spatial_relation] [SL:city @ptr_10 @ptr_11 @ptr_12 SL:city]
What is the weather forecast in nine months within walking distance of Ohio	What Ġis Ġthe Ġweather Ġforecast Ġin Ġnine Ġmonths Ġwithin Ġwalking Ġdistance Ġof ĠOhio	@ptr_0 @ptr_1 @ptr_2 @ptr_3 @ptr_4 [SL:timeRange @ptr_5 @ptr_6 @ptr_7 SL:timeRange] [SL:spatial_relation @ptr_8 @ptr_9 @ptr_10 SL:spatial_relation] @ptr_11 [SL:state @ptr_12 SL:state]
What's the forecast far from here in Turks and Caicos Islands	What 's Ġthe Ġforecast Ġfar Ġfrom Ġhere Ġin ĠTurks Ġand ĠCa ic os ĠIslands	@ptr_0 @ptr_1 @ptr_2 @ptr_3 [SL:spatial_relation @ptr_4 SL:spatial_relation] @ptr_5 [SL:current_location @ptr_6 SL:current_location] @ptr_7 [SL:country @ptr_8 @ptr_9 @ptr_10 @ptr_11 @ptr_12 @ptr_13 SL:country]
Will there be a blizzard in neighboring Niobrara Valley Preserve	Will Ġthere Ġbe Ġa Ġbl izzard Ġin Ġneighboring ĠNi ob r ara ĠValley ĠPres erve	@ptr_0 @ptr_1 @ptr_2 @ptr_3 [SL:condition_description @ptr_4 @ptr_5 SL:condition_description] @ptr_6 [SL:spatial_relation @ptr_7 SL:spatial_relation] [SL:geographic_poi @ptr_8 @ptr_9 @ptr_10 @ptr_11 @ptr_12 @ptr_13 @ptr_14 SL:geographic_poi]
What's the forecast for my current spot	What 's Ġthe Ġforecast Ġfor Ġmy Ġcurrent Ġspot	@ptr_0 @ptr_1 @ptr_2 @ptr_3 @ptr_4 @ptr_5 [SL:current_location @ptr_6 @ptr_7 SL:current_location]
What will the humidity be like on june eighteenth in my current location	What Ġwill Ġthe Ġhumidity Ġbe Ġlike Ġon Ġj une Ġeighteenth Ġin Ġmy Ġcurrent Ġlocation	@ptr_0 @ptr_1 @ptr_2 [SL:condition_description @ptr_3 SL:condition_description] @ptr_4 @ptr_5 @ptr_6 [SL:timeRange @ptr_7 @ptr_8 @ptr_9 SL:timeRange] @ptr_10 @ptr_11 [SL:current_location @ptr_12 @ptr_13 SL:current_location]
Will it get windy close by here	Will Ġit Ġget Ġwind y Ġclose Ġby Ġhere	@ptr_0 @ptr_1 @ptr_2 [SL:condition_description @ptr_3 @ptr_4 SL:condition_description] [SL:spatial_relation @ptr_5 SL:spatial_relation] @ptr_6 [SL:current_location @ptr_7 SL:current_location]
what is the forecast for colder conditions within the same area of this current place	what Ġis Ġthe Ġforecast Ġfor Ġcolder Ġconditions Ġwithin Ġthe Ġsame Ġarea Ġof Ġthis Ġcurrent Ġplace	@ptr_0 @ptr_1 @ptr_2 @ptr_3 @ptr_4 [SL:condition_temperature @ptr_5 SL:condition_temperature] @ptr_6 [SL:spatial_relation @ptr_7 @ptr_8 @ptr_9 @ptr_10 SL:spatial_relation] @ptr_11 @ptr_12 [SL:current_location @ptr_13 @ptr_14 SL:current_location]
what will the temperate be here on Shmini Atzeret	what Ġwill Ġthe Ġtemper ate Ġbe Ġhere Ġon ĠSh mini ĠAt z eret	@ptr_0 @ptr_1 @ptr_2 [SL:condition_temperature @ptr_3 @ptr_4 SL:condition_temperature] @ptr_5 [SL:current_location @ptr_6 SL:current_location] @ptr_7 [SL:timeRange @ptr_8 @ptr_9 @ptr_10 @ptr_11 @ptr_12 SL:timeRange]
What is the weather close-by my current spot	What Ġis Ġthe Ġweather Ġclose - by Ġmy Ġcurrent Ġspot	@ptr_0 @ptr_1 @ptr_2 @ptr_3 [SL:spatial_relation @ptr_4 @ptr_5 @ptr_6 SL:spatial_relation] @ptr_7 [SL:current_location @ptr_8 @ptr_9 SL:current_location]
What's the weather here	What 's Ġthe Ġweather Ġhere	@ptr_0 @ptr_1 @ptr_2 @ptr_3 [SL:current_location @ptr_4 SL:current_location]
What's the weather at my current location	What 's Ġthe Ġweather Ġat Ġmy Ġcurrent Ġlocation	@ptr_0 @ptr_1 @ptr_2 @ptr_3 @ptr_4 @ptr_5 [SL:current_location @ptr_6 @ptr_7 SL:current_location]
Tell me if it'll be chilly 1 second from now here	Tell Ġme Ġif Ġit 'll Ġbe Ġchilly Ġ1 Ġsecond Ġfrom Ġnow Ġhere	@ptr_0 @ptr_1 @ptr_2 @ptr_3 @ptr_4 @ptr_5 [SL:condition_temperature @ptr_6 SL:condition_temperature] [SL:timeRange @ptr_7 @ptr_8 @ptr_9 @ptr_10 SL:timeRange] [SL:current_location @ptr_11 SL:current_location]
Is it freezing far from here on 12/5/2032	Is Ġit Ġfreezing Ġfar Ġfrom Ġhere Ġon Ġ12 / 5 / 20 32	@ptr_0 @ptr_1 [SL:condition_temperature @ptr_2 SL:condition_temperature] [SL:spatial_relation @ptr_3 SL:spatial_relation] @ptr_4 [SL:current_location @ptr_5 SL:current_location] @ptr_6 [SL:timeRange @ptr_7 @ptr_8 @ptr_9 @ptr_10 @ptr_11 @ptr_12 SL:timeRange]
At meal time while I'm here will it be hot	At Ġmeal Ġtime Ġwhile ĠI 'm Ġhere Ġwill Ġit Ġbe Ġhot	@ptr_0 [SL:timeRange @ptr_1 SL:timeRange] @ptr_2 @ptr_3 @ptr_4 @ptr_5 [SL:current_location @ptr_6 SL:current_location] @ptr_7 @ptr_8 @ptr_9 [SL:condition_temperature @ptr_10 SL:condition_temperature]
what is the nearby forecast for here at 15:26:11	what Ġis Ġthe Ġnearby Ġforecast Ġfor Ġhere Ġat Ġ15 : 26 : 11	@ptr_0 @ptr_1 @ptr_2 [SL:spatial_relation @ptr_3 SL:spatial_relation] @ptr_4 @ptr_5 [SL:current_location @ptr_6 SL:current_location] @ptr_7 [SL:timeRange @ptr_8 @ptr_9 @ptr_10 @ptr_11 @ptr_12 SL:timeRange]
Will weather conditions be stormy here from 6/15/2025	Will Ġweather Ġconditions Ġbe Ġstorm y Ġhere Ġfrom Ġ6 / 15 / 20 25	@ptr_0 @ptr_1 @ptr_2 @ptr_3 [SL:condition_description @ptr_4 @ptr_5 SL:condition_description] [SL:current_location @ptr_6 SL:current_location] @ptr_7 [SL:timeRange @ptr_8 @ptr_9 @ptr_10 @ptr_11 @ptr_12 @ptr_13 SL:timeRange]
Check the weather forecast for the current position	Check Ġthe Ġweather Ġforecast Ġfor Ġthe Ġcurrent Ġposition	@ptr_0 @ptr_1 @ptr_2 @ptr_3 @ptr_4 @ptr_5 [SL:current_location @ptr_6 @ptr_7 SL:current_location]
What will the weather be like 1 minute from now within the same area of my current location	What Ġwill Ġthe Ġweather Ġbe Ġlike Ġ1 Ġminute Ġfrom Ġnow Ġwithin Ġthe Ġsame Ġarea Ġof Ġmy Ġcurrent Ġlocation	@ptr_0 @ptr_1 @ptr_2 @ptr_3 @ptr_4 @ptr_5 [SL:timeRange @ptr_6 @ptr_7 @ptr_8 @ptr_9 SL:timeRange] [SL:spatial_relation @ptr_10 @ptr_11 @ptr_12 @ptr_13 SL:spatial_relation] @ptr_14 @ptr_15 [SL:current_location @ptr_16 @ptr_17 SL:current_location]
what is the 11 pm forecast for here and far	what Ġis Ġthe Ġ11 Ġpm Ġforecast Ġfor Ġhere Ġand Ġfar	@ptr_0 @ptr_1 @ptr_2 [SL:timeRange @ptr_3 @ptr_4 SL:timeRange] @ptr_5 @ptr_6 [SL:current_location @ptr_7 SL:current_location] @ptr_8 [SL:spatial_relation @ptr_9 SL:spatial_relation]
is it supposed to be sunny here	is Ġit Ġsupposed Ġto Ġbe Ġsunny Ġhere	@ptr_0 @ptr_1 @ptr_2 @ptr_3 @ptr_4 [SL:condition_description @ptr_5 SL:condition_description] [SL:current_location @ptr_6 SL:current_location]
Is it hotter here	Is Ġit Ġhotter Ġhere	@ptr_0 @ptr_1 [SL:condition_temperature @ptr_2 SL:condition_temperature] [SL:current_location @ptr_3 SL:current_location]
will it be sunny in my current place at 6 am	will Ġit Ġbe Ġsunny Ġin Ġmy Ġcurrent Ġplace Ġat Ġ6 Ġam	@ptr_0 @ptr_1 @ptr_2 [SL:condition_description @ptr_3 SL:condition_description] @ptr_4 @ptr_5 [SL:current_location @ptr_6 @ptr_7 SL:current_location] @ptr_8 [SL:timeRange @ptr_9 @ptr_10 SL:timeRange]
How cold is it around the current location now	How Ġcold Ġis Ġit Ġaround Ġthe Ġcurrent Ġlocation Ġnow	@ptr_0 [SL:condition_temperature @ptr_1 SL:condition_temperature] @ptr_2 @ptr_3 [SL:spatial_relation @ptr_4 SL:spatial_relation] @ptr_5 [SL:current_location @ptr_6 @ptr_7 SL:current_location] [SL:timeRange @ptr_8 SL:timeRange]
Is it hotter here on Navy Birthday	Is Ġit Ġhotter Ġhere Ġon ĠNavy ĠBirthday	@ptr_0 @ptr_1 [SL:condition_temperature @ptr_2 SL:condition_temperature] [SL:current_location @ptr_3 SL:current_location] @ptr_4 [SL:timeRange @ptr_5 @ptr_6 SL:timeRange]
Give me the weather forecast for here	Give Ġme Ġthe Ġweather Ġforecast Ġfor Ġhere	@ptr_0 @ptr_1 @ptr_2 @ptr_3 @ptr_4 @ptr_5 [SL:current_location @ptr_6 SL:current_location]
Will rainfall continue here tomorrow	Will Ġrainfall Ġcontinue Ġhere Ġtomorrow	@ptr_0 [SL:condition_description @ptr_1 SL:condition_description] @ptr_2 [SL:current_location @ptr_3 SL:current_location] [SL:timeRange @ptr_4 SL:timeRange]
Will it be snowy in the current place	Will Ġit Ġbe Ġsnowy Ġin Ġthe Ġcurrent Ġplace	@ptr_0 @ptr_1 @ptr_2 [SL:condition_description @ptr_3 SL:condition_description] @ptr_4 @ptr_5 [SL:current_location @ptr_6 @ptr_7 SL:current_location]
Will it be hotter close by here at 13 o'clock	Will Ġit Ġbe Ġhotter Ġclose Ġby Ġhere Ġat Ġ13 Ġo ' clock	@ptr_0 @ptr_1 @ptr_2 [SL:condition_temperature @ptr_3 SL:condition_temperature] [SL:spatial_relation @ptr_4 SL:spatial_relation] @ptr_5 [SL:current_location @ptr_6 SL:current_location] @ptr_7 [SL:timeRange @ptr_8 @ptr_9 @ptr_10 @ptr_11 SL:timeRange]
what is the forecast for hot temps in Ocean Park	what Ġis Ġthe Ġforecast Ġfor Ġhot Ġtem ps Ġin ĠOcean ĠPark	@ptr_0 @ptr_1 @ptr_2 @ptr_3 @ptr_4 [SL:condition_temperature @ptr_5 SL:condition_temperature] @ptr_6 @ptr_7 @ptr_8 [SL:city @ptr_9 @ptr_10 SL:city]
is it going to be chilly on 12/13/2025 in Haugan Pakistan	is Ġit Ġgoing Ġto Ġbe Ġchilly Ġon Ġ12 / 13 / 20 25 Ġin ĠHau gan ĠPakistan	@ptr_0 @ptr_1 @ptr_2 @ptr_3 @ptr_4 [SL:condition_temperature @ptr_5 SL:condition_temperature] @ptr_6 [SL:timeRange @ptr_7 @ptr_8 @ptr_9 @ptr_10 @ptr_11 @ptr_12 SL:timeRange] @ptr_13 [SL:city @ptr_14 @ptr_15 SL:city] [SL:country @ptr_16 SL:country]
Is it warm in Vallecito	Is Ġit Ġwarm Ġin ĠVal le c ito	@ptr_0 @ptr_1 [SL:condition_temperature @ptr_2 SL:condition_temperature] @ptr_3 [SL:city @ptr_4 @ptr_5 @ptr_6 @ptr_7 SL:city]
Will it get chillier in Arkinda , Myanmar	Will Ġit Ġget Ġchill ier Ġin ĠArk inda Ġ, ĠMyanmar	@ptr_0 @ptr_1 @ptr_2 [SL:condition_temperature @ptr_3 @ptr_4 SL:condition_temperature] @ptr_5 [SL:city @ptr_6 @ptr_7 SL:city] @ptr_8 [SL:country @ptr_9 SL:country]
Will it be warmer now in Covenant Life	Will Ġit Ġbe Ġwarmer Ġnow Ġin ĠCovenant ĠLife	@ptr_0 @ptr_1 @ptr_2 [SL:condition_temperature @ptr_3 SL:condition_temperature] [SL:timeRange @ptr_4 SL:timeRange] @ptr_5 [SL:city @ptr_6 @ptr_7 SL:city]
Will it be colder in Tallgrass Prairie National Preserve	Will Ġit Ġbe Ġcolder Ġin ĠTall grass ĠPrairie ĠNational ĠPres erve	@ptr_0 @ptr_1 @ptr_2 [SL:condition_temperature @ptr_3 SL:condition_temperature] @ptr_4 [SL:geographic_poi @ptr_5 @ptr_6 @ptr_7 @ptr_8 @ptr_9 @ptr_10 SL:geographic_poi]
Will it get cold in Nevada seven weeks and a half from now	Will Ġit Ġget Ġcold Ġin ĠNevada Ġseven Ġweeks Ġand Ġa Ġhalf Ġfrom Ġnow	@ptr_0 @ptr_1 @ptr_2 [SL:condition_temperature @ptr_3 SL:condition_temperature] @ptr_4 [SL:state @ptr_5 SL:state] [SL:timeRange @ptr_6 @ptr_7 @ptr_8 @ptr_9 @ptr_10 @ptr_11 @ptr_12 SL:timeRange]
Will it be freezing in the current position	Will Ġit Ġbe Ġfreezing Ġin Ġthe Ġcurrent Ġposition	@ptr_0 @ptr_1 @ptr_2 [SL:condition_temperature @ptr_3 SL:condition_temperature] @ptr_4 @ptr_5 [SL:current_location @ptr_6 @ptr_7 SL:current_location]
Will it get chillier in 2 seconds in Republic of the Congo	Will Ġit Ġget Ġchill ier Ġin Ġ2 Ġseconds Ġin ĠRepublic Ġof Ġthe ĠCongo	@ptr_0 @ptr_1 @ptr_2 [SL:condition_temperature @ptr_3 @ptr_4 SL:condition_temperature] [SL:timeRange @ptr_5 @ptr_6 @ptr_7 SL:timeRange] @ptr_8 [SL:country @ptr_9 @ptr_10 @ptr_11 @ptr_12 SL:country]
Will it be colder in Oaklawn Zambia	Will Ġit Ġbe Ġcolder Ġin ĠOak l awn ĠZamb ia	@ptr_0 @ptr_1 @ptr_2 [SL:condition_temperature @ptr_3 SL:condition_temperature] @ptr_4 [SL:city @ptr_5 @ptr_6 @ptr_7 SL:city] [SL:country @ptr_8 @ptr_9 SL:country]
Will it be freezing one second from now in Aragon , Pakistan	Will Ġit Ġbe Ġfreezing Ġone Ġsecond Ġfrom Ġnow Ġin ĠAr agon Ġ, ĠPakistan	@ptr_0 @ptr_1 @ptr_2 [SL:condition_temperature @ptr_3 SL:condition_temperature] [SL:timeRange @ptr_4 @ptr_5 @ptr_6 @ptr_7 SL:timeRange] @ptr_8 [SL:city @ptr_9 @ptr_10 SL:city] @ptr_11 [SL:country @ptr_12 SL:country]
Is it going to be colder in Bonnie	Is Ġit Ġgoing Ġto Ġbe Ġcolder Ġin ĠBonnie	@ptr_0 @ptr_1 @ptr_2 @ptr_3 @ptr_4 [SL:condition_temperature @ptr_5 SL:condition_temperature] @ptr_6 [SL:city @ptr_7 SL:city]
what is the Tal Chhapar Sanctuary forecast for cold	what Ġis Ġthe ĠTal ĠCh hap ar ĠSanctuary Ġforecast Ġfor Ġcold	@ptr_0 @ptr_1 @ptr_2 [SL:geographic_poi @ptr_3 @ptr_4 @ptr_5 @ptr_6 @ptr_7 SL:geographic_poi] @ptr_8 @ptr_9 [SL:condition_temperature @ptr_10 SL:condition_temperature]
Is it going to be hot in Chrisman	Is Ġit Ġgoing Ġto Ġbe Ġhot Ġin ĠChris man	@ptr_0 @ptr_1 @ptr_2 @ptr_3 @ptr_4 [SL:condition_temperature @ptr_5 SL:condition_temperature] @ptr_6 [SL:city @ptr_7 @ptr_8 SL:city]
When will it be hot in Millvale	When Ġwill Ġit Ġbe Ġhot Ġin ĠMill vale	@ptr_0 @ptr_1 @ptr_2 @ptr_3 [SL:condition_temperature @ptr_4 SL:condition_temperature] @ptr_5 [SL:city @ptr_6 @ptr_7 SL:city]
Will it be colder in Litchfield	Will Ġit Ġbe Ġcolder Ġin ĠL itch field	@ptr_0 @ptr_1 @ptr_2 [SL:condition_temperature @ptr_3 SL:condition_temperature] @ptr_4 [SL:city @ptr_5 @ptr_6 @ptr_7 SL:city]
How chilly will it get here	How Ġchilly Ġwill Ġit Ġget Ġhere	@ptr_0 [SL:condition_temperature @ptr_1 SL:condition_temperature] @ptr_2 @ptr_3 @ptr_4 [SL:current_location @ptr_5 SL:current_location]
how warm will it be in 10 minutes	how Ġwarm Ġwill Ġit Ġbe Ġin Ġ10 Ġminutes	@ptr_0 [SL:condition_temperature @ptr_1 SL:condition_temperature] @ptr_2 @ptr_3 @ptr_4 [SL:timeRange @ptr_5 @ptr_6 @ptr_7 SL:timeRange]
Will it be warmer in Flag	Will Ġit Ġbe Ġwarmer Ġin ĠFlag	@ptr_0 @ptr_1 @ptr_2 [SL:condition_temperature @ptr_3 SL:condition_temperature] @ptr_4 [SL:city @ptr_5 SL:city]
Will it be hot in AMenia , WI	Will Ġit Ġbe Ġhot Ġin ĠAM en ia Ġ, ĠWI	@ptr_0 @ptr_1 @ptr_2 [SL:condition_temperature @ptr_3 SL:condition_temperature] @ptr_4 [SL:city @ptr_5 @ptr_6 @ptr_7 SL:city] @ptr_8 [SL:state @ptr_9 SL:state]
Will it still be warm nineteen hours from now in PA	Will Ġit Ġstill Ġbe Ġwarm Ġnineteen Ġhours Ġfrom Ġnow Ġin ĠPA	@ptr_0 @ptr_1 @ptr_2 @ptr_3 [SL:condition_temperature @ptr_4 SL:condition_temperature] [SL:timeRange @ptr_5 @ptr_6 @ptr_7 @ptr_8 SL:timeRange] @ptr_9 [SL:state @ptr_10 SL:state]
what is the forecast for cold temps in Nevada	what Ġis Ġthe Ġforecast Ġfor Ġcold Ġtem ps Ġin ĠNevada	@ptr_0 @ptr_1 @ptr_2 @ptr_3 @ptr_4 [SL:condition_temperature @ptr_5 SL:condition_temperature] @ptr_6 @ptr_7 @ptr_8 [SL:state @ptr_9 SL:state]
Is the weather going to be colder in GU in 11 years	Is Ġthe Ġweather Ġgoing Ġto Ġbe Ġcolder Ġin ĠGU Ġin Ġ11 Ġyears	@ptr_0 @ptr_1 @ptr_2 @ptr_3 @ptr_4 @ptr_5 [SL:condition_temperature @ptr_6 SL:condition_temperature] @ptr_7 [SL:state @ptr_8 SL:state] [SL:timeRange @ptr_9 @ptr_10 @ptr_11 SL:timeRange]
Will be warm in Hallwood , Kosovo	Will Ġbe Ġwarm Ġin ĠHall wood Ġ, ĠKosovo	@ptr_0 @ptr_1 [SL:condition_temperature @ptr_2 SL:condition_temperature] @ptr_3 [SL:city @ptr_4 @ptr_5 SL:city] @ptr_6 [SL:country @ptr_7 SL:country]
Will it be hotter in San Valley Landscape Park on June 24, 2024	Will Ġit Ġbe Ġhotter Ġin ĠSan ĠValley ĠLand scape ĠPark Ġon ĠJune Ġ24 , Ġ2024	@ptr_0 @ptr_1 @ptr_2 [SL:condition_temperature @ptr_3 SL:condition_temperature] @ptr_4 [SL:geographic_poi @ptr_5 @ptr_6 @ptr_7 @ptr_8 @ptr_9 SL:geographic_poi] @ptr_10 [SL:timeRange @ptr_11 @ptr_12 @ptr_13 @ptr_14 SL:timeRange]
what is MO forecast for hotter temps in Kalkaska	what Ġis ĠMO Ġforecast Ġfor Ġhotter Ġtem ps Ġin ĠK alk aska	@ptr_0 @ptr_1 [SL:state @ptr_2 SL:state] @ptr_3 @ptr_4 [SL:condition_temperature @ptr_5 SL:condition_temperature] @ptr_6 @ptr_7 @ptr_8 [SL:city @ptr_9 @ptr_10 @ptr_11 SL:city]
will it be freezing in New Ringgold Nebraska	will Ġit Ġbe Ġfreezing Ġin ĠNew ĠRing gold ĠNebraska	@ptr_0 @ptr_1 @ptr_2 [SL:condition_temperature @ptr_3 SL:condition_temperature] @ptr_4 [SL:city @ptr_5 @ptr_6 @ptr_7 SL:city] [SL:state @ptr_8 SL:state]
Give me a weather forecast for CA	Give Ġme Ġa Ġweather Ġforecast Ġfor ĠCA	@ptr_0 @ptr_1 @ptr_2 @ptr_3 @ptr_4 @ptr_5 [SL:state @ptr_6 SL:state]
Will there be wind in AS	Will Ġthere Ġbe Ġwind Ġin ĠAS	@ptr_0 @ptr_1 @ptr_2 [SL:condition_description @ptr_3 SL:condition_description] @ptr_4 [SL:state @ptr_5 SL:state]
What's the weather like nearby in Rhode Island	What 's Ġthe Ġweather Ġlike Ġnearby Ġin ĠRhode ĠIsland	@ptr_0 @ptr_1 @ptr_2 @ptr_3 @ptr_4 [SL:spatial_relation @ptr_5 SL:spatial_relation] @ptr_6 [SL:state @ptr_7 @ptr_8 SL:state]
What's the forecast for Harper , ME	What 's Ġthe Ġforecast Ġfor ĠHarper Ġ, ĠME	@ptr_0 @ptr_1 @ptr_2 @ptr_3 @ptr_4 [SL:city @ptr_5 SL:city] @ptr_6 [SL:state @ptr_7 SL:state]
Weather at breakfast in Montana	Weather Ġat Ġbreakfast Ġin ĠMontana	@ptr_0 @ptr_1 [SL:timeRange @ptr_2 SL:timeRange] @ptr_3 [SL:state @ptr_4 SL:state]
Tell me when it will be warmer in Woods Hole , Oklahoma	Tell Ġme Ġwhen Ġit Ġwill Ġbe Ġwarmer Ġin ĠWoods ĠHole Ġ, ĠOklahoma	@ptr_0 @ptr_1 @ptr_2 @ptr_3 @ptr_4 @ptr_5 [SL:condition_temperature @ptr_6 SL:condition_temperature] @ptr_7 [SL:city @ptr_8 @ptr_9 SL:city] @ptr_10 [SL:state @ptr_11 SL:state]
What is the weather forecast now in Texas	What Ġis Ġthe Ġweather Ġforecast Ġnow Ġin ĠTexas	@ptr_0 @ptr_1 @ptr_2 @ptr_3 @ptr_4 [SL:timeRange @ptr_5 SL:timeRange] @ptr_6 [SL:state @ptr_7 SL:state]
Will it be cold close-by Iowa on september twenty-first, 2025	Will Ġit Ġbe Ġcold Ġclose - by ĠIowa Ġon Ġse pt ember Ġtwenty - first , Ġ2025	@ptr_0 @ptr_1 @ptr_2 [SL:condition_temperature @ptr_3 SL:condition_temperature] [SL:spatial_relation @ptr_4 @ptr_5 @ptr_6 SL:spatial_relation] [SL:state @ptr_7 SL:state] @ptr_8 [SL:timeRange @ptr_9 @ptr_10 @ptr_11 @ptr_12 @ptr_13 @ptr_14 @ptr_15 @ptr_16 SL:timeRange]
What's the weather going to be like this autumn in CA	What 's Ġthe Ġweather Ġgoing Ġto Ġbe Ġlike Ġthis Ġautumn Ġin ĠCA	@ptr_0 @ptr_1 @ptr_2 @ptr_3 @ptr_4 @ptr_5 @ptr_6 @ptr_7 [SL:timeRange @ptr_8 @ptr_9 SL:timeRange] @ptr_10 [SL:state @ptr_11 SL:state]
Is it going to be chillier in New Mexico this spring	Is Ġit Ġgoing Ġto Ġbe Ġchill ier Ġin ĠNew ĠMexico Ġthis Ġspring	@ptr_0 @ptr_1 @ptr_2 @ptr_3 @ptr_4 [SL:condition_temperature @ptr_5 @ptr_6 SL:condition_temperature] @ptr_7 [SL:state @ptr_8 @ptr_9 SL:state] [SL:timeRange @ptr_10 @ptr_11 SL:timeRange]
How much wind will there be in NM on november 11th	How Ġmuch Ġwind Ġwill Ġthere Ġbe Ġin ĠNM Ġon Ġno ve mber Ġ11 th	@ptr_0 @ptr_1 [SL:condition_description @ptr_2 SL:condition_description] @ptr_3 @ptr_4 @ptr_5 @ptr_6 [SL:state @ptr_7 SL:state] @ptr_8 [SL:timeRange @ptr_9 @ptr_10 @ptr_11 @ptr_12 @ptr_13 SL:timeRange]
What's the forecast for Spenard , GU	What 's Ġthe Ġforecast Ġfor ĠSp en ard Ġ, ĠGU	@ptr_0 @ptr_1 @ptr_2 @ptr_3 @ptr_4 [SL:city @ptr_5 @ptr_6 @ptr_7 SL:city] @ptr_8 [SL:state @ptr_9 SL:state]
Weather for Coaldale Arkansas	Weather Ġfor ĠCo ald ale ĠArkansas	@ptr_0 @ptr_1 [SL:city @ptr_2 @ptr_3 @ptr_4 SL:city] [SL:state @ptr_5 SL:state]
Will there be cloud action in Saint Bernard , Virgin Islands	Will Ġthere Ġbe Ġcloud Ġaction Ġin ĠSaint ĠBernard Ġ, ĠVirgin ĠIslands	@ptr_0 @ptr_1 @ptr_2 [SL:condition_description @ptr_3 SL:condition_description] @ptr_4 @ptr_5 [SL:city @ptr_6 @ptr_7 SL:city] @ptr_8 [SL:state @ptr_9 @ptr_10 SL:state]
What's the forecast for Missouri around elevenses	What 's Ġthe Ġforecast Ġfor ĠMissouri Ġaround Ġeleven ses	@ptr_0 @ptr_1 @ptr_2 @ptr_3 @ptr_4 [SL:state @ptr_5 SL:state] @ptr_6 [SL:timeRange @ptr_7 @ptr_8 SL:timeRange]
what is the NH forecast for Mexican Hat	what Ġis Ġthe ĠNH Ġforecast Ġfor ĠMexican ĠHat	@ptr_0 @ptr_1 @ptr_2 [SL:state @ptr_3 SL:state] @ptr_4 @ptr_5 [SL:city @ptr_6 @ptr_7 SL:city]
what is the ME forecast for Joanna	what Ġis Ġthe ĠME Ġforecast Ġfor ĠJo anna	@ptr_0 @ptr_1 @ptr_2 [SL:state @ptr_3 SL:state] @ptr_4 @ptr_5 [SL:city @ptr_6 @ptr_7 SL:city]
How hot will it be in Wisconsin on august fourth	How Ġhot Ġwill Ġit Ġbe Ġin ĠWisconsin Ġon Ġaug ust Ġfourth	@ptr_0 [SL:condition_temperature @ptr_1 SL:condition_temperature] @ptr_2 @ptr_3 @ptr_4 @ptr_5 [SL:state @ptr_6 SL:state] @ptr_7 [SL:timeRange @ptr_8 @ptr_9 @ptr_10 SL:timeRange]
Will it be hot on orthodox good friday in Michigan and close-by	Will Ġit Ġbe Ġhot Ġon Ġorthodox Ġgood Ġfr iday Ġin ĠMichigan Ġand Ġclose - by	@ptr_0 @ptr_1 @ptr_2 [SL:condition_temperature @ptr_3 SL:condition_temperature] @ptr_4 [SL:timeRange @ptr_5 @ptr_6 @ptr_7 @ptr_8 SL:timeRange] @ptr_9 [SL:state @ptr_10 SL:state] @ptr_11 [SL:spatial_relation @ptr_12 @ptr_13 @ptr_14 SL:spatial_relation]
what is the weather like now in AK	what Ġis Ġthe Ġweather Ġlike Ġnow Ġin ĠAK	@ptr_0 @ptr_1 @ptr_2 @ptr_3 @ptr_4 [SL:timeRange @ptr_5 SL:timeRange] @ptr_6 [SL:state @ptr_7 SL:state]
what is the 10 pm forecast for Sweet Springs Wyoming	what Ġis Ġthe Ġ10 Ġpm Ġforecast Ġfor ĠSweet ĠSprings ĠWyoming	@ptr_0 @ptr_1 @ptr_2 [SL:timeRange @ptr_3 @ptr_4 SL:timeRange] @ptr_5 @ptr_6 [SL:city @ptr_7 @ptr_8 SL:city] [SL:state @ptr_9 SL:state]
How cold is it going to be in San Marcial , AK in one second	How Ġcold Ġis Ġit Ġgoing Ġto Ġbe Ġin ĠSan ĠMar cial Ġ, ĠAK Ġin Ġone Ġsecond	@ptr_0 [SL:condition_temperature @ptr_1 SL:condition_temperature] @ptr_2 @ptr_3 @ptr_4 @ptr_5 @ptr_6 @ptr_7 [SL:city @ptr_8 @ptr_9 @ptr_10 SL:city] @ptr_11 [SL:state @ptr_12 SL:state] [SL:timeRange @ptr_13 @ptr_14 @ptr_15 SL:timeRange]
How will the weather be in New Mexico around 00:09:07 am	How Ġwill Ġthe Ġweather Ġbe Ġin ĠNew ĠMexico Ġaround Ġ00 : 09 : 07 Ġam	@ptr_0 @ptr_1 @ptr_2 @ptr_3 @ptr_4 @ptr_5 [SL:state @ptr_6 @ptr_7 SL:state] @ptr_8 [SL:timeRange @ptr_9 @ptr_10 @ptr_11 @ptr_12 @ptr_13 @ptr_14 SL:timeRange]
book me a restaurant in Aransas Pass in seventeen hours	book Ġme Ġa Ġrestaurant Ġin ĠAr ansas ĠPass Ġin Ġseventeen Ġhours	@ptr_0 @ptr_1 @ptr_2 @ptr_3 @ptr_4 [SL:city @ptr_5 @ptr_6 @ptr_7 SL:city] [SL:timeRange @ptr_8 @ptr_9 @ptr_10 SL:timeRange]
How much sun will there be at 07:03:43 PM. in Jones Chapel	How Ġmuch Ġsun Ġwill Ġthere Ġbe Ġat Ġ07 : 03 : 43 ĠPM . Ġin ĠJones ĠChapel	@ptr_0 @ptr_1 [SL:condition_description @ptr_2 SL:condition_description] @ptr_3 @ptr_4 @ptr_5 @ptr_6 [SL:timeRange @ptr_7 @ptr_8 @ptr_9 @ptr_10 @ptr_11 @ptr_12 @ptr_13 SL:timeRange] @ptr_14 [SL:city @ptr_15 @ptr_16 SL:city]
what is the forecast for temperate conditions in Thailand in Lopeno	what Ġis Ġthe Ġforecast Ġfor Ġtemper ate Ġconditions Ġin ĠThailand Ġin ĠL open o	@ptr_0 @ptr_1 @ptr_2 @ptr_3 @ptr_4 [SL:condition_temperature @ptr_5 @ptr_6 SL:condition_temperature] @ptr_7 @ptr_8 [SL:country @ptr_9 SL:country] @ptr_10 [SL:city @ptr_11 @ptr_12 @ptr_13 SL:city]
Is there a snowstorm in the forecast for El Cenizo	Is Ġthere Ġa Ġsnow storm Ġin Ġthe Ġforecast Ġfor ĠEl ĠC en izo	@ptr_0 @ptr_1 @ptr_2 [SL:condition_description @ptr_3 @ptr_4 SL:condition_description] @ptr_5 @ptr_6 @ptr_7 @ptr_8 [SL:city @ptr_9 @ptr_10 @ptr_11 @ptr_12 SL:city]
Is it currently cold in Elsmore , Luxembourg	Is Ġit Ġcurrently Ġcold Ġin ĠEl s more Ġ, ĠLuxembourg	@ptr_0 @ptr_1 @ptr_2 [SL:condition_temperature @ptr_3 SL:condition_temperature] @ptr_4 [SL:city @ptr_5 @ptr_6 @ptr_7 SL:city] @ptr_8 [SL:country @ptr_9 SL:country]
what is the weather of East Portal KS	what Ġis Ġthe Ġweather Ġof ĠEast ĠPortal ĠKS	@ptr_0 @ptr_1 @ptr_2 @ptr_3 @ptr_4 [SL:city @ptr_5 @ptr_6 SL:city] [SL:state @ptr_7 SL:state]
What does it feel like in Alloway	What Ġdoes Ġit Ġfeel Ġlike Ġin ĠAllow ay	@ptr_0 @ptr_1 @ptr_2 @ptr_3 @ptr_4 @ptr_5 [SL:city @ptr_6 @ptr_7 SL:city]
Will it feel nicer in Finland or New Mexico today	Will Ġit Ġfeel Ġnicer Ġin ĠFinland Ġor ĠNew ĠMexico Ġtoday	@ptr_0 @ptr_1 @ptr_2 @ptr_3 @ptr_4 [SL:city @ptr_5 SL:city] @ptr_6 [SL:state @ptr_7 @ptr_8 SL:state] [SL:timeRange @ptr_9 SL:timeRange]
Is it freezing in Tira	Is Ġit Ġfreezing Ġin ĠT ira	@ptr_0 @ptr_1 [SL:condition_temperature @ptr_2 SL:condition_temperature] @ptr_3 [SL:city @ptr_4 @ptr_5 SL:city]
will it be warm at Mountainair	will Ġit Ġbe Ġwarm Ġat ĠMountain air	@ptr_0 @ptr_1 @ptr_2 [SL:condition_temperature @ptr_3 SL:condition_temperature] @ptr_4 [SL:city @ptr_5 @ptr_6 SL:city]
what is the forecast for around Putnam Lake	what Ġis Ġthe Ġforecast Ġfor Ġaround ĠPut nam ĠLake	@ptr_0 @ptr_1 @ptr_2 @ptr_3 @ptr_4 [SL:spatial_relation @ptr_5 SL:spatial_relation] [SL:city @ptr_6 @ptr_7 @ptr_8 SL:city]
What are the weather conditions in Patagonia , South Africa	What Ġare Ġthe Ġweather Ġconditions Ġin ĠPat agon ia Ġ, ĠSouth ĠAfrica	@ptr_0 @ptr_1 @ptr_2 @ptr_3 @ptr_4 @ptr_5 [SL:city @ptr_6 @ptr_7 @ptr_8 SL:city] @ptr_9 [SL:country @ptr_10 @ptr_11 SL:country]
will the weather be colder in Naguabo four minutes from now	will Ġthe Ġweather Ġbe Ġcolder Ġin ĠN agu abo Ġfour Ġminutes Ġfrom Ġnow	@ptr_0 @ptr_1 @ptr_2 @ptr_3 [SL:condition_temperature @ptr_4 SL:condition_temperature] @ptr_5 [SL:city @ptr_6 @ptr_7 @ptr_8 SL:city] [SL:timeRange @ptr_9 @ptr_10 @ptr_11 @ptr_12 SL:timeRange]
Will there be a blizzard in White House Curacao	Will Ġthere Ġbe Ġa Ġbl izzard Ġin ĠWhite ĠHouse ĠCur ac ao	@ptr_0 @ptr_1 @ptr_2 @ptr_3 [SL:condition_description @ptr_4 @ptr_5 SL:condition_description] @ptr_6 [SL:city @ptr_7 @ptr_8 SL:city] [SL:country @ptr_9 @ptr_10 @ptr_11 SL:country]
Will there be a depression in Wheatley	Will Ġthere Ġbe Ġa Ġdepression Ġin ĠWheat ley	@ptr_0 @ptr_1 @ptr_2 @ptr_3 [SL:condition_description @ptr_4 SL:condition_description] @ptr_5 [SL:city @ptr_6 @ptr_7 SL:city]
weather for Lowden OK	weather Ġfor ĠLow den ĠOK	@ptr_0 @ptr_1 [SL:city @ptr_2 @ptr_3 SL:city] [SL:state @ptr_4 SL:state]
Is there a storm in the weather forecast for Baraga Oregon	Is Ġthere Ġa Ġstorm Ġin Ġthe Ġweather Ġforecast Ġfor ĠBar aga ĠOregon	@ptr_0 @ptr_1 @ptr_2 [SL:condition_description @ptr_3 SL:condition_description] @ptr_4 @ptr_5 @ptr_6 @ptr_7 @ptr_8 [SL:city @ptr_9 @ptr_10 SL:city] [SL:state @ptr_11 SL:state]
What will the weather conditions be in Hahntown , Wyoming at 1	What Ġwill Ġthe Ġweather Ġconditions Ġbe Ġin ĠH ah nt own Ġ, ĠWyoming Ġat Ġ1	@ptr_0 @ptr_1 @ptr_2 @ptr_3 @ptr_4 @ptr_5 @ptr_6 [SL:city @ptr_7 @ptr_8 @ptr_9 @ptr_10 SL:city] @ptr_11 [SL:state @ptr_12 SL:state] @ptr_13 [SL:timeRange @ptr_14 SL:timeRange]
Will it be hotter in Pecan Grove	Will Ġit Ġbe Ġhotter Ġin ĠP ec an ĠGrove	@ptr_0 @ptr_1 @ptr_2 [SL:condition_temperature @ptr_3 SL:condition_temperature] @ptr_4 [SL:city @ptr_5 @ptr_6 @ptr_7 @ptr_8 SL:city]
What is the weather like in Montchanin , NV	What Ġis Ġthe Ġweather Ġlike Ġin ĠMont chan in Ġ, ĠNV	@ptr_0 @ptr_1 @ptr_2 @ptr_3 @ptr_4 @ptr_5 [SL:city @ptr_6 @ptr_7 @ptr_8 SL:city] @ptr_9 [SL:state @ptr_10 SL:state]
What is the weather one minute from now in Ocilla	What Ġis Ġthe Ġweather Ġone Ġminute Ġfrom Ġnow Ġin ĠO c illa	@ptr_0 @ptr_1 @ptr_2 @ptr_3 [SL:timeRange @ptr_4 @ptr_5 @ptr_6 @ptr_7 SL:timeRange] @ptr_8 [SL:city @ptr_9 @ptr_10 @ptr_11 SL:city]
Weather for nearby Roselle	Weather Ġfor Ġnearby ĠRose l le	@ptr_0 @ptr_1 [SL:spatial_relation @ptr_2 SL:spatial_relation] [SL:city @ptr_3 @ptr_4 @ptr_5 SL:city]
Will it be freezing in the city of Sardis	Will Ġit Ġbe Ġfreezing Ġin Ġthe Ġcity Ġof ĠSard is	@ptr_0 @ptr_1 @ptr_2 [SL:condition_temperature @ptr_3 SL:condition_temperature] @ptr_4 @ptr_5 @ptr_6 @ptr_7 [SL:city @ptr_8 @ptr_9 SL:city]
Tell me the humidity index for Elizabethville , Indiana	Tell Ġme Ġthe Ġhumidity Ġindex Ġfor ĠElizabeth ville Ġ, ĠIndiana	@ptr_0 @ptr_1 @ptr_2 [SL:condition_description @ptr_3 SL:condition_description] @ptr_4 @ptr_5 [SL:city @ptr_6 @ptr_7 SL:city] @ptr_8 [SL:state @ptr_9 SL:state]
Wuill it be cloudy in Dickson City Illinois	W u ill Ġit Ġbe Ġcloudy Ġin ĠD ickson ĠCity ĠIllinois	@ptr_0 @ptr_1 @ptr_2 @ptr_3 @ptr_4 [SL:condition_description @ptr_5 SL:condition_description] @ptr_6 [SL:city @ptr_7 @ptr_8 @ptr_9 SL:city] [SL:state @ptr_10 SL:state]
How is the weather going to be on child health day in Trinidad and Tobago	How Ġis Ġthe Ġweather Ġgoing Ġto Ġbe Ġon Ġchild Ġhealth Ġday Ġin ĠTrinidad Ġand ĠTob ago	@ptr_0 @ptr_1 @ptr_2 @ptr_3 @ptr_4 @ptr_5 @ptr_6 @ptr_7 [SL:timeRange @ptr_8 @ptr_9 @ptr_10 SL:timeRange] @ptr_11 [SL:country @ptr_12 @ptr_13 @ptr_14 @ptr_15 SL:country]
what's the weather going to be like in Angola twenty minutes from now	what 's Ġthe Ġweather Ġgoing Ġto Ġbe Ġlike Ġin ĠAngola Ġtwenty Ġminutes Ġfrom Ġnow	@ptr_0 @ptr_1 @ptr_2 @ptr_3 @ptr_4 @ptr_5 @ptr_6 @ptr_7 @ptr_8 [SL:country @ptr_9 SL:country] [SL:timeRange @ptr_10 @ptr_11 @ptr_12 @ptr_13 SL:timeRange]
what will the weather be in East New Market Antarctica	what Ġwill Ġthe Ġweather Ġbe Ġin ĠEast ĠNew ĠMarket ĠAntarctica	@ptr_0 @ptr_1 @ptr_2 @ptr_3 @ptr_4 @ptr_5 [SL:city @ptr_6 @ptr_7 @ptr_8 SL:city] [SL:country @ptr_9 SL:country]
in Taiwan will there be rainfall in Willimantic	in ĠTaiwan Ġwill Ġthere Ġbe Ġrainfall Ġin ĠWill im antic	@ptr_0 [SL:country @ptr_1 SL:country] @ptr_2 @ptr_3 @ptr_4 [SL:condition_description @ptr_5 SL:condition_description] @ptr_6 [SL:city @ptr_7 @ptr_8 @ptr_9 SL:city]
what is the 00:00 pm forecast for blizzard conditions in Cameroon	what Ġis Ġthe Ġ00 : 00 Ġpm Ġforecast Ġfor Ġbl izzard Ġconditions Ġin ĠCameroon	@ptr_0 @ptr_1 @ptr_2 [SL:timeRange @ptr_3 @ptr_4 @ptr_5 @ptr_6 SL:timeRange] @ptr_7 @ptr_8 [SL:condition_description @ptr_9 @ptr_10 SL:condition_description] @ptr_11 @ptr_12 [SL:country @ptr_13 SL:country]
I need a weather forecast for São Tomé and Príncipe on December 8th, 2026	I Ġneed Ġa Ġweather Ġforecast Ġfor ĠS Ã£o ĠTom Ã© Ġand ĠPr ÃŃn ci pe Ġon ĠDecember Ġ8 th , Ġ20 26	@ptr_0 @ptr_1 @ptr_2 @ptr_3 @ptr_4 @ptr_5 [SL:country @ptr_6 @ptr_7 @ptr_8 @ptr_9 @ptr_10 @ptr_11 @ptr_12 @ptr_13 @ptr_14 SL:country] @ptr_15 [SL:timeRange @ptr_16 @ptr_17 @ptr_18 @ptr_19 @ptr_20 @ptr_21 SL:timeRange]
what is the Afternoon forecast for Shannon and Pitcairn Islands	what Ġis Ġthe ĠAfter noon Ġforecast Ġfor ĠShannon Ġand ĠPit cair n ĠIslands	@ptr_0 @ptr_1 @ptr_2 [SL:timeRange @ptr_3 @ptr_4 SL:timeRange] @ptr_5 @ptr_6 [SL:city @ptr_7 SL:city] @ptr_8 [SL:country @ptr_9 @ptr_10 @ptr_11 @ptr_12 SL:country]
what is the midnight forecast for Argentina	what Ġis Ġthe Ġmidnight Ġforecast Ġfor ĠArgentina	@ptr_0 @ptr_1 @ptr_2 [SL:timeRange @ptr_3 SL:timeRange] @ptr_4 @ptr_5 [SL:country @ptr_6 SL:country]
Tell me the current forecast for Switzerland	Tell Ġme Ġthe Ġcurrent Ġforecast Ġfor ĠSwitzerland	@ptr_0 @ptr_1 @ptr_2 [SL:current_location @ptr_3 SL:current_location] @ptr_4 @ptr_5 [SL:country @ptr_6 SL:country]
Tell me when it will be hotter in China	Tell Ġme Ġwhen Ġit Ġwill Ġbe Ġhotter Ġin ĠChina	@ptr_0 @ptr_1 @ptr_2 @ptr_3 @ptr_4 @ptr_5 [SL:condition_temperature @ptr_6 SL:condition_temperature] @ptr_7 [SL:country @ptr_8 SL:country]
What is the temperature in Western Sahara or within the same area three seconds from now	What Ġis Ġthe Ġtemperature Ġin ĠWestern ĠSahara Ġor Ġwithin Ġthe Ġsame Ġarea Ġthree Ġseconds Ġfrom Ġnow	@ptr_0 @ptr_1 @ptr_2 @ptr_3 @ptr_4 [SL:country @ptr_5 @ptr_6 SL:country] @ptr_7 [SL:spatial_relation @ptr_8 @ptr_9 @ptr_10 @ptr_11 SL:spatial_relation] [SL:timeRange @ptr_12 @ptr_13 @ptr_14 @ptr_15 SL:timeRange]
What will the weather be in one minute in Tanzania	What Ġwill Ġthe Ġweather Ġbe Ġin Ġone Ġminute Ġin ĠTanzania	@ptr_0 @ptr_1 @ptr_2 @ptr_3 @ptr_4 [SL:timeRange @ptr_5 @ptr_6 @ptr_7 SL:timeRange] @ptr_8 [SL:country @ptr_9 SL:country]
What is the weather forecast for Djibouti	What Ġis Ġthe Ġweather Ġforecast Ġfor ĠDj ib out i	@ptr_0 @ptr_1 @ptr_2 @ptr_3 @ptr_4 @ptr_5 [SL:country @ptr_6 @ptr_7 @ptr_8 @ptr_9 SL:country]
Will it be warmer at fourteen o'clock in Atlas Mongolia	Will Ġit Ġbe Ġwarmer Ġat Ġfourteen Ġo ' clock Ġin ĠAtlas ĠMongolia	@ptr_0 @ptr_1 @ptr_2 [SL:condition_temperature @ptr_3 SL:condition_temperature] @ptr_4 [SL:timeRange @ptr_5 @ptr_6 @ptr_7 @ptr_8 SL:timeRange] @ptr_9 [SL:city @ptr_10 SL:city] [SL:country @ptr_11 SL:country]
What will the weather be like this Week close-by Saudi Arabia	What Ġwill Ġthe Ġweather Ġbe Ġlike Ġthis ĠWeek Ġclose - by ĠSaudi ĠArabia	@ptr_0 @ptr_1 @ptr_2 @ptr_3 @ptr_4 @ptr_5 @ptr_6 [SL:timeRange @ptr_7 SL:timeRange] [SL:spatial_relation @ptr_8 @ptr_9 @ptr_10 SL:spatial_relation] [SL:country @ptr_11 @ptr_12 SL:country]
How temperate is it in Lopeno , Thailand	How Ġtemper ate Ġis Ġit Ġin ĠL open o Ġ, ĠThailand	@ptr_0 [SL:condition_temperature @ptr_1 @ptr_2 SL:condition_temperature] @ptr_3 @ptr_4 @ptr_5 [SL:city @ptr_6 @ptr_7 @ptr_8 SL:city] @ptr_9 [SL:country @ptr_10 SL:country]
Is it supposed to hail in Rosenberg in the French Polynesia	Is Ġit Ġsupposed Ġto Ġhail Ġin ĠRosenberg Ġin Ġthe ĠFrench ĠPoly nesia	@ptr_0 @ptr_1 @ptr_2 @ptr_3 [SL:condition_description @ptr_4 SL:condition_description] @ptr_5 [SL:city @ptr_6 SL:city] @ptr_7 @ptr_8 [SL:country @ptr_9 @ptr_10 @ptr_11 SL:country]
Will there be rainfall faraway from Uganda	Will Ġthere Ġbe Ġrainfall Ġfar away Ġfrom ĠUganda	@ptr_0 @ptr_1 @ptr_2 [SL:condition_description @ptr_3 SL:condition_description] [SL:spatial_relation @ptr_4 @ptr_5 SL:spatial_relation] @ptr_6 [SL:country @ptr_7 SL:country]
What is the weather like in Long Beach United Kingdom	What Ġis Ġthe Ġweather Ġlike Ġin ĠLong ĠBeach ĠUnited ĠKingdom	@ptr_0 @ptr_1 @ptr_2 @ptr_3 @ptr_4 @ptr_5 [SL:city @ptr_6 @ptr_7 SL:city] [SL:country @ptr_8 @ptr_9 SL:country]
What's the weather for McCracken in Niger	What 's Ġthe Ġweather Ġfor ĠMcC rack en Ġin ĠNiger	@ptr_0 @ptr_1 @ptr_2 @ptr_3 @ptr_4 [SL:city @ptr_5 @ptr_6 @ptr_7 SL:city] @ptr_8 [SL:country @ptr_9 SL:country]
what is the weather starting at 11:47:52 for South Africa	what Ġis Ġthe Ġweather Ġstarting Ġat Ġ11 : 47 : 52 Ġfor ĠSouth ĠAfrica	@ptr_0 @ptr_1 @ptr_2 @ptr_3 @ptr_4 @ptr_5 [SL:timeRange @ptr_6 @ptr_7 @ptr_8 @ptr_9 @ptr_10 SL:timeRange] @ptr_11 [SL:country @ptr_12 @ptr_13 SL:country]
at 7 pm what will the weather be in Iceland	at Ġ7 Ġpm Ġwhat Ġwill Ġthe Ġweather Ġbe Ġin ĠIceland	@ptr_0 [SL:timeRange @ptr_1 @ptr_2 SL:timeRange] @ptr_3 @ptr_4 @ptr_5 @ptr_6 @ptr_7 @ptr_8 [SL:country @ptr_9 SL:country]
forecast for Samoa next sat.	fore cast Ġfor ĠSamoa Ġnext Ġsat .	@ptr_0 @ptr_1 @ptr_2 [SL:country @ptr_3 SL:country] [SL:timeRange @ptr_4 @ptr_5 @ptr_6 SL:timeRange]
What's the weather close to Cambodia at 05:44:13	What 's Ġthe Ġweather Ġclose Ġto ĠCambodia Ġat Ġ05 : 44 : 13	@ptr_0 @ptr_1 @ptr_2 @ptr_3 [SL:spatial_relation @ptr_4 SL:spatial_relation] @ptr_5 [SL:country @ptr_6 SL:country] @ptr_7 [SL:timeRange @ptr_8 @ptr_9 @ptr_10 @ptr_11 @ptr_12 SL:timeRange]
What's the weather forecast for the Dominican Republic	What 's Ġthe Ġweather Ġforecast Ġfor Ġthe ĠDominican ĠRepublic	@ptr_0 @ptr_1 @ptr_2 @ptr_3 @ptr_4 @ptr_5 @ptr_6 [SL:country @ptr_7 @ptr_8 SL:country]
