Play me a fifties song by Chingy	Play Ġme Ġa Ġf ift ies Ġsong Ġby ĠCh ing y	@ptr_0 @ptr_1 @ptr_2 [SL:year @ptr_3 @ptr_4 @ptr_5 SL:year] [SL:music_item @ptr_6 SL:music_item] @ptr_7 [SL:artist @ptr_8 @ptr_9 @ptr_10 SL:artist]
Open Groove Shark and play sound track from Dj Cameo	Open ĠGro ove ĠShark Ġand Ġplay Ġsound Ġtrack Ġfrom ĠDj ĠCame o	@ptr_0 [SL:service @ptr_1 @ptr_2 @ptr_3 SL:service] @ptr_4 @ptr_5 [SL:music_item @ptr_6 @ptr_7 SL:music_item] @ptr_8 [SL:artist @ptr_9 @ptr_10 @ptr_11 SL:artist]
Play concerto from 1951	Play Ġconcert o Ġfrom Ġ1951	@ptr_0 [SL:music_item @ptr_1 @ptr_2 SL:music_item] @ptr_3 [SL:year @ptr_4 SL:year]
play the song Si No Te Hubiera Conocido by Haidar Salim	play Ġthe Ġsong ĠSi ĠNo ĠTe ĠHub iera ĠCon oc ido Ġby ĠH aid ar ĠSal im	@ptr_0 @ptr_1 [SL:music_item @ptr_2 SL:music_item] [SL:track @ptr_3 @ptr_4 @ptr_5 @ptr_6 @ptr_7 @ptr_8 @ptr_9 @ptr_10 SL:track] @ptr_11 [SL:artist @ptr_12 @ptr_13 @ptr_14 @ptr_15 @ptr_16 SL:artist]
Play me a song by Teitur Lassen on Groove Shark	Play Ġme Ġa Ġsong Ġby ĠTe it ur ĠL ass en Ġon ĠGro ove ĠShark	@ptr_0 @ptr_1 @ptr_2 [SL:music_item @ptr_3 SL:music_item] @ptr_4 [SL:artist @ptr_5 @ptr_6 @ptr_7 @ptr_8 @ptr_9 @ptr_10 SL:artist] @ptr_11 [SL:service @ptr_12 @ptr_13 @ptr_14 SL:service]
Play a Paolo Gregoletto song	Play Ġa ĠPa olo ĠGre go lett o Ġsong	@ptr_0 @ptr_1 [SL:artist @ptr_2 @ptr_3 @ptr_4 @ptr_5 @ptr_6 @ptr_7 SL:artist] [SL:music_item @ptr_8 SL:music_item]
Play me a song by Hank Thompson from Moa Anbessa	Play Ġme Ġa Ġsong Ġby ĠHank ĠThompson Ġfrom ĠMo a ĠAn b essa	@ptr_0 @ptr_1 @ptr_2 [SL:music_item @ptr_3 SL:music_item] @ptr_4 [SL:artist @ptr_5 @ptr_6 SL:artist] @ptr_7 [SL:album @ptr_8 @ptr_9 @ptr_10 @ptr_11 @ptr_12 SL:album]
I want to listen to the album going back to the blue ridge mountains on iheart	I Ġwant Ġto Ġlisten Ġto Ġthe Ġalbum Ġgoing Ġback Ġto Ġthe Ġblue Ġridge Ġmountains Ġon Ġi heart	@ptr_0 @ptr_1 @ptr_2 @ptr_3 @ptr_4 @ptr_5 [SL:music_item @ptr_6 SL:music_item] [SL:album @ptr_7 @ptr_8 @ptr_9 @ptr_10 @ptr_11 @ptr_12 @ptr_13 SL:album] @ptr_14 [SL:service @ptr_15 @ptr_16 SL:service]
play the album Sauna on Zvooq	play Ġthe Ġalbum ĠS auna Ġon ĠZ v oo q	@ptr_0 @ptr_1 [SL:music_item @ptr_2 SL:music_item] [SL:album @ptr_3 @ptr_4 SL:album] @ptr_5 [SL:service @ptr_6 @ptr_7 @ptr_8 @ptr_9 SL:service]
Play a twenties tune by Jodie Aysha	Play Ġa Ġtwenties Ġtune Ġby ĠJ od ie ĠA ys ha	@ptr_0 @ptr_1 [SL:year @ptr_2 SL:year] [SL:music_item @ptr_3 SL:music_item] @ptr_4 [SL:artist @ptr_5 @ptr_6 @ptr_7 @ptr_8 @ptr_9 @ptr_10 SL:artist]
play a music ballad from the sixties	play Ġa Ġmusic Ġball ad Ġfrom Ġthe Ġs ixties	@ptr_0 @ptr_1 @ptr_2 [SL:music_item @ptr_3 @ptr_4 SL:music_item] @ptr_5 @ptr_6 [SL:year @ptr_7 @ptr_8 SL:year]
Play a new song from 1976	Play Ġa Ġnew Ġsong Ġfrom Ġ1976	@ptr_0 @ptr_1 [SL:sort @ptr_2 SL:sort] [SL:music_item @ptr_3 SL:music_item] @ptr_4 [SL:year @ptr_5 SL:year]
I want to hear the new movement from Richard Harvey	I Ġwant Ġto Ġhear Ġthe Ġnew Ġmovement Ġfrom ĠRichard ĠHarvey	@ptr_0 @ptr_1 @ptr_2 @ptr_3 @ptr_4 [SL:sort @ptr_5 SL:sort] [SL:music_item @ptr_6 SL:music_item] @ptr_7 [SL:artist @ptr_8 @ptr_9 SL:artist]
I want to hear the latest twenties album from Kyle Riabko	I Ġwant Ġto Ġhear Ġthe Ġlatest Ġtwenties Ġalbum Ġfrom ĠKyle ĠRi ab ko	@ptr_0 @ptr_1 @ptr_2 @ptr_3 @ptr_4 [SL:sort @ptr_5 SL:sort] [SL:year @ptr_6 SL:year] [SL:music_item @ptr_7 SL:music_item] @ptr_8 [SL:artist @ptr_9 @ptr_10 @ptr_11 @ptr_12 SL:artist]
play the It Could Only Happen With You album by Lawrence	play Ġthe ĠIt ĠCould ĠOnly ĠHapp en ĠWith ĠYou Ġalbum Ġby ĠLawrence	@ptr_0 @ptr_1 [SL:album @ptr_2 @ptr_3 @ptr_4 @ptr_5 @ptr_6 @ptr_7 @ptr_8 SL:album] [SL:music_item @ptr_9 SL:music_item] @ptr_10 [SL:artist @ptr_11 SL:artist]
play fifties track	play Ġf ift ies Ġtrack	@ptr_0 [SL:year @ptr_1 @ptr_2 @ptr_3 SL:year] [SL:music_item @ptr_4 SL:music_item]
Play a 1998 sound track from Sam The Kid on Last Fm	Play Ġa Ġ1998 Ġsound Ġtrack Ġfrom ĠSam ĠThe ĠKid Ġon ĠLast ĠF m	@ptr_0 @ptr_1 [SL:year @ptr_2 SL:year] [SL:music_item @ptr_3 @ptr_4 SL:music_item] @ptr_5 [SL:artist @ptr_6 @ptr_7 @ptr_8 SL:artist] @ptr_9 [SL:service @ptr_10 @ptr_11 @ptr_12 SL:service]
Play the music of Filipp Bedrossowitsch Kirkorow 's theme	Play Ġthe Ġmusic Ġof ĠF ilipp ĠBed ross ow itsch ĠKirk or ow Ġ' s Ġtheme	@ptr_0 @ptr_1 @ptr_2 @ptr_3 [SL:artist @ptr_4 @ptr_5 @ptr_6 @ptr_7 @ptr_8 @ptr_9 @ptr_10 @ptr_11 @ptr_12 SL:artist] @ptr_13 @ptr_14 [SL:music_item @ptr_15 SL:music_item]
Play the last theme by Behzad Mirkhani	Play Ġthe Ġlast Ġtheme Ġby ĠBeh z ad ĠMir kh ani	@ptr_0 @ptr_1 [SL:sort @ptr_2 SL:sort] [SL:music_item @ptr_3 SL:music_item] @ptr_4 [SL:artist @ptr_5 @ptr_6 @ptr_7 @ptr_8 @ptr_9 @ptr_10 SL:artist]
I want to hear a Gucci Mane song from Last Fm from 2002	I Ġwant Ġto Ġhear Ġa ĠGu cci ĠMane Ġsong Ġfrom ĠLast ĠF m Ġfrom Ġ2002	@ptr_0 @ptr_1 @ptr_2 @ptr_3 @ptr_4 [SL:artist @ptr_5 @ptr_6 @ptr_7 SL:artist] [SL:music_item @ptr_8 SL:music_item] @ptr_9 [SL:service @ptr_10 @ptr_11 @ptr_12 SL:service] @ptr_13 [SL:year @ptr_14 SL:year]
Play a song from 2013	Play Ġa Ġsong Ġfrom Ġ2013	@ptr_0 @ptr_1 [SL:music_item @ptr_2 SL:music_item] @ptr_3 [SL:year @ptr_4 SL:year]
Play music from the track She Came In Through The Bathroom Window	Play Ġmusic Ġfrom Ġthe Ġtrack ĠShe ĠCame ĠIn ĠThrough ĠThe ĠBath room ĠWindow	@ptr_0 @ptr_1 @ptr_2 @ptr_3 [SL:music_item @ptr_4 SL:music_item] [SL:track @ptr_5 @ptr_6 @ptr_7 @ptr_8 @ptr_9 @ptr_10 @ptr_11 @ptr_12 SL:track]
Play the latest ballad by September	Play Ġthe Ġlatest Ġball ad Ġby ĠSeptember	@ptr_0 @ptr_1 [SL:sort @ptr_2 SL:sort] [SL:music_item @ptr_3 @ptr_4 SL:music_item] @ptr_5 [SL:artist @ptr_6 SL:artist]
I'd like to hear one of Eric Clapton 's most popular melody on Pandora	I 'd Ġlike Ġto Ġhear Ġone Ġof ĠEric ĠCl apt on Ġ' s Ġmost Ġpopular Ġmelody Ġon ĠPandora	@ptr_0 @ptr_1 @ptr_2 @ptr_3 @ptr_4 @ptr_5 @ptr_6 [SL:artist @ptr_7 @ptr_8 @ptr_9 @ptr_10 SL:artist] @ptr_11 @ptr_12 [SL:sort @ptr_13 @ptr_14 SL:sort] [SL:music_item @ptr_15 SL:music_item] @ptr_16 [SL:service @ptr_17 SL:service]
Play me a seventies ep	Play Ġme Ġa Ġsevent ies Ġep	@ptr_0 @ptr_1 @ptr_2 [SL:year @ptr_3 @ptr_4 SL:year] [SL:music_item @ptr_5 SL:music_item]
play some Alte Kameraden	play Ġsome ĠAl te ĠK amer aden	@ptr_0 @ptr_1 [SL:track @ptr_2 @ptr_3 @ptr_4 @ptr_5 @ptr_6 SL:track]
play The Song Remains The Same with Pandora	play ĠThe ĠSong ĠRem ains ĠThe ĠSame Ġwith ĠPandora	@ptr_0 [SL:track @ptr_1 @ptr_2 @ptr_3 @ptr_4 @ptr_5 @ptr_6 SL:track] @ptr_7 [SL:service @ptr_8 SL:service]
play Lighter by Pamela Jintana Racine	play ĠL ighter Ġby ĠPamela ĠJ int ana ĠRac ine	@ptr_0 [SL:track @ptr_1 @ptr_2 SL:track] @ptr_3 [SL:artist @ptr_4 @ptr_5 @ptr_6 @ptr_7 @ptr_8 @ptr_9 SL:artist]
Play The Soft Parade	Play ĠThe ĠSoft ĠParade	@ptr_0 [SL:track @ptr_1 @ptr_2 @ptr_3 SL:track]
Play Alles Heeft Ritme by Liu Tianhua	Play ĠAll es ĠHe e ft ĠR it me Ġby ĠLiu ĠTian hua	@ptr_0 [SL:track @ptr_1 @ptr_2 @ptr_3 @ptr_4 @ptr_5 @ptr_6 @ptr_7 @ptr_8 SL:track] @ptr_9 [SL:artist @ptr_10 @ptr_11 @ptr_12 SL:artist]
Play Contigo En La Distancia	Play ĠCont igo ĠEn ĠLa ĠDist anc ia	@ptr_0 [SL:track @ptr_1 @ptr_2 @ptr_3 @ptr_4 @ptr_5 @ptr_6 @ptr_7 SL:track]
play Wow by Jon Theodore	play ĠWow Ġby ĠJon ĠTheodore	@ptr_0 [SL:track @ptr_1 SL:track] @ptr_2 [SL:artist @ptr_3 @ptr_4 SL:artist]
Play Divine from Vinnie Roslin	Play ĠDivine Ġfrom ĠV innie ĠRos lin	@ptr_0 [SL:track @ptr_1 SL:track] @ptr_2 [SL:artist @ptr_3 @ptr_4 @ptr_5 @ptr_6 SL:artist]
Play Socialism Is Good by terje bakken on Spotify	Play ĠSocialism ĠIs ĠGood Ġby Ġter je Ġb ak ken Ġon ĠSpotify	@ptr_0 [SL:track @ptr_1 @ptr_2 @ptr_3 SL:track] @ptr_4 [SL:artist @ptr_5 @ptr_6 @ptr_7 @ptr_8 @ptr_9 SL:artist] @ptr_10 [SL:service @ptr_11 SL:service]
Use Spotify to play Who Was In My Room Last Night	Use ĠSpotify Ġto Ġplay ĠWho ĠWas ĠIn ĠMy ĠRoom ĠLast ĠNight	@ptr_0 [SL:service @ptr_1 SL:service] @ptr_2 @ptr_3 [SL:track @ptr_4 @ptr_5 @ptr_6 @ptr_7 @ptr_8 @ptr_9 @ptr_10 SL:track]
Play All The Way My Savior Leads Me on Spotify	Play ĠAll ĠThe ĠWay ĠMy ĠSavior ĠLe ads ĠMe Ġon ĠSpotify	@ptr_0 [SL:track @ptr_1 @ptr_2 @ptr_3 @ptr_4 @ptr_5 @ptr_6 @ptr_7 @ptr_8 SL:track] @ptr_9 [SL:service @ptr_10 SL:service]
Play El Cant Dels Ocells by vini lopez	Play ĠEl ĠCant ĠD els ĠO cells Ġby Ġv ini Ġl opez	@ptr_0 [SL:track @ptr_1 @ptr_2 @ptr_3 @ptr_4 @ptr_5 @ptr_6 SL:track] @ptr_7 [SL:artist @ptr_8 @ptr_9 @ptr_10 @ptr_11 SL:artist]
play Only Hope by Graham Bonnet	play ĠOnly ĠHope Ġby ĠGraham ĠBon net	@ptr_0 [SL:track @ptr_1 @ptr_2 SL:track] @ptr_3 [SL:artist @ptr_4 @ptr_5 @ptr_6 SL:artist]
Play Suite Sudarmoricaine by Afi on itunes	Play ĠSuite ĠSud arm oric aine Ġby ĠAf i Ġon Ġit unes	@ptr_0 [SL:track @ptr_1 @ptr_2 @ptr_3 @ptr_4 @ptr_5 SL:track] @ptr_6 [SL:artist @ptr_7 @ptr_8 SL:artist] @ptr_9 [SL:service @ptr_10 @ptr_11 SL:service]
Play Listen To The Mocking Bird by Billy Martin on Youtube	Play ĠListen ĠTo ĠThe ĠM ocking ĠBird Ġby ĠBilly ĠMartin Ġon ĠYoutube	@ptr_0 [SL:track @ptr_1 @ptr_2 @ptr_3 @ptr_4 @ptr_5 @ptr_6 SL:track] @ptr_7 [SL:artist @ptr_8 @ptr_9 SL:artist] @ptr_10 [SL:service @ptr_11 SL:service]
Play Fais Les Backs by Sarah Geronimo on Youtube	Play ĠF ais ĠLes ĠB acks Ġby ĠSarah ĠGer on imo Ġon ĠYoutube	@ptr_0 [SL:track @ptr_1 @ptr_2 @ptr_3 @ptr_4 @ptr_5 SL:track] @ptr_6 [SL:artist @ptr_7 @ptr_8 @ptr_9 @ptr_10 SL:artist] @ptr_11 [SL:service @ptr_12 SL:service]
I want to hear the Fear The Boom And Bust song from haruka shimotsuki off of Spotify	I Ġwant Ġto Ġhear Ġthe ĠFear ĠThe ĠBoom ĠAnd ĠBust Ġsong Ġfrom Ġhar uka Ġsh im ots uki Ġoff Ġof ĠSpotify	@ptr_0 @ptr_1 @ptr_2 @ptr_3 @ptr_4 [SL:track @ptr_5 @ptr_6 @ptr_7 @ptr_8 @ptr_9 SL:track] [SL:music_item @ptr_10 SL:music_item] @ptr_11 [SL:artist @ptr_12 @ptr_13 @ptr_14 @ptr_15 @ptr_16 @ptr_17 SL:artist] @ptr_18 @ptr_19 [SL:service @ptr_20 SL:service]
Can you play The Change Is Made on Netflix	Can Ġyou Ġplay ĠThe ĠChange ĠIs ĠMade Ġon ĠNetflix	@ptr_0 @ptr_1 @ptr_2 [SL:track @ptr_3 @ptr_4 @ptr_5 @ptr_6 SL:track] @ptr_7 [SL:service @ptr_8 SL:service]
Play Sense Tu from Ebi Hamedi	Play ĠSense ĠTu Ġfrom ĠE bi ĠH amed i	@ptr_0 [SL:track @ptr_1 @ptr_2 SL:track] @ptr_3 [SL:artist @ptr_4 @ptr_5 @ptr_6 @ptr_7 @ptr_8 SL:artist]
Play The Cherry-tree Carol by Edwin Mccain	Play ĠThe ĠCherry - tree ĠCarol Ġby ĠEdwin ĠM cc ain	@ptr_0 [SL:track @ptr_1 @ptr_2 @ptr_3 @ptr_4 @ptr_5 SL:track] @ptr_6 [SL:artist @ptr_7 @ptr_8 @ptr_9 @ptr_10 SL:artist]
Play Verjamem track by Hong Junyang	Play ĠVer jam em Ġtrack Ġby ĠHong ĠJun yang	@ptr_0 [SL:track @ptr_1 @ptr_2 @ptr_3 SL:track] [SL:music_item @ptr_4 SL:music_item] @ptr_5 [SL:artist @ptr_6 @ptr_7 @ptr_8 SL:artist]
Play Soldier Boy from Melody Gardot	Play ĠSoldier ĠBoy Ġfrom ĠMelody ĠGard ot	@ptr_0 [SL:track @ptr_1 @ptr_2 SL:track] @ptr_3 [SL:artist @ptr_4 @ptr_5 @ptr_6 SL:artist]
Play March Of The Soviet Tankmen from Gloria Gaither	Play ĠMarch ĠOf ĠThe ĠSoviet ĠTank men Ġfrom ĠGloria ĠGa ither	@ptr_0 [SL:track @ptr_1 @ptr_2 @ptr_3 @ptr_4 @ptr_5 @ptr_6 SL:track] @ptr_7 [SL:artist @ptr_8 @ptr_9 @ptr_10 SL:artist]
Open pandora and play udhreko choli from Chowdiah	Open Ġpand ora Ġand Ġplay Ġu dh re ko Ġch oli Ġfrom ĠChow d iah	@ptr_0 [SL:service @ptr_1 @ptr_2 SL:service] @ptr_3 @ptr_4 [SL:track @ptr_5 @ptr_6 @ptr_7 @ptr_8 @ptr_9 @ptr_10 SL:track] @ptr_11 [SL:artist @ptr_12 @ptr_13 @ptr_14 SL:artist]
Play me the track Mama Liked The Roses	Play Ġme Ġthe Ġtrack ĠMama ĠL iked ĠThe ĠRoses	@ptr_0 @ptr_1 @ptr_2 [SL:music_item @ptr_3 SL:music_item] [SL:track @ptr_4 @ptr_5 @ptr_6 @ptr_7 @ptr_8 SL:track]
play Matt Uelmen songs from 1965 on Slacker	play ĠMatt ĠU el men Ġsongs Ġfrom Ġ1965 Ġon ĠSl acker	@ptr_0 [SL:artist @ptr_1 @ptr_2 @ptr_3 @ptr_4 SL:artist] @ptr_5 @ptr_6 [SL:year @ptr_7 SL:year] @ptr_8 [SL:service @ptr_9 @ptr_10 SL:service]
Play some 2011 chant music, new first, by Shaggy	Play Ġsome Ġ2011 Ġchant Ġmusic , Ġnew Ġfirst , Ġby ĠSh ag gy	@ptr_0 @ptr_1 [SL:year @ptr_2 SL:year] [SL:music_item @ptr_3 SL:music_item] @ptr_4 @ptr_5 [SL:sort @ptr_6 SL:sort] @ptr_7 @ptr_8 @ptr_9 [SL:artist @ptr_10 @ptr_11 @ptr_12 SL:artist]
Play some music by beverley martyn	Play Ġsome Ġmusic Ġby Ġbe ver ley Ġmart yn	@ptr_0 @ptr_1 @ptr_2 @ptr_3 [SL:artist @ptr_4 @ptr_5 @ptr_6 @ptr_7 @ptr_8 SL:artist]
Play Expresión from Mickey Finn	Play ĠExp res i Ã³n Ġfrom ĠMickey ĠFinn	@ptr_0 [SL:album @ptr_1 @ptr_2 @ptr_3 @ptr_4 SL:album] @ptr_5 [SL:artist @ptr_6 @ptr_7 SL:artist]
use Deezer to play music by Junior Brown	use ĠDe ez er Ġto Ġplay Ġmusic Ġby ĠJunior ĠBrown	@ptr_0 [SL:service @ptr_1 @ptr_2 @ptr_3 SL:service] @ptr_4 @ptr_5 @ptr_6 @ptr_7 [SL:artist @ptr_8 @ptr_9 SL:artist]
Play me a top 20 chant by Ruwanga Samath on Lastfm	Play Ġme Ġa Ġtop Ġ20 Ġchant Ġby ĠRu w anga ĠSam ath Ġon ĠLast fm	@ptr_0 @ptr_1 @ptr_2 [SL:sort @ptr_3 @ptr_4 SL:sort] [SL:music_item @ptr_5 SL:music_item] @ptr_6 [SL:artist @ptr_7 @ptr_8 @ptr_9 @ptr_10 @ptr_11 SL:artist] @ptr_12 [SL:service @ptr_13 @ptr_14 SL:service]
Play me a song by Kevin Cadogan	Play Ġme Ġa Ġsong Ġby ĠKevin ĠCad ogan	@ptr_0 @ptr_1 @ptr_2 [SL:music_item @ptr_3 SL:music_item] @ptr_4 [SL:artist @ptr_5 @ptr_6 @ptr_7 SL:artist]
Play a melody by Colin Blunstone	Play Ġa Ġmelody Ġby ĠColin ĠBl un stone	@ptr_0 @ptr_1 [SL:music_item @ptr_2 SL:music_item] @ptr_3 [SL:artist @ptr_4 @ptr_5 @ptr_6 @ptr_7 SL:artist]
Play music from Paul Landers	Play Ġmusic Ġfrom ĠPaul ĠLand ers	@ptr_0 @ptr_1 @ptr_2 [SL:artist @ptr_3 @ptr_4 @ptr_5 SL:artist]
Play the newest melody from Corey Clark on Lastfm	Play Ġthe Ġnewest Ġmelody Ġfrom ĠCorey ĠClark Ġon ĠLast fm	@ptr_0 @ptr_1 [SL:sort @ptr_2 SL:sort] [SL:music_item @ptr_3 SL:music_item] @ptr_4 [SL:artist @ptr_5 @ptr_6 SL:artist] @ptr_7 [SL:service @ptr_8 @ptr_9 SL:service]
Play a symphony from Bob Hardy	Play Ġa Ġsym phony Ġfrom ĠBob ĠHardy	@ptr_0 @ptr_1 [SL:music_item @ptr_2 @ptr_3 SL:music_item] @ptr_4 [SL:artist @ptr_5 @ptr_6 SL:artist]
play Kurt Cobain ballad	play ĠKurt ĠCob ain Ġball ad	@ptr_0 [SL:artist @ptr_1 @ptr_2 @ptr_3 SL:artist] [SL:music_item @ptr_4 @ptr_5 SL:music_item]
Play a song by Alasdair Roberts from 1996	Play Ġa Ġsong Ġby ĠAlas d air ĠRoberts Ġfrom Ġ1996	@ptr_0 @ptr_1 [SL:music_item @ptr_2 SL:music_item] @ptr_3 [SL:artist @ptr_4 @ptr_5 @ptr_6 @ptr_7 SL:artist] @ptr_8 [SL:year @ptr_9 SL:year]
Please play Different Slanguages by Fred Labour	Please Ġplay ĠDifferent ĠSl anguages Ġby ĠFred ĠLabour	@ptr_0 @ptr_1 [SL:album @ptr_2 @ptr_3 @ptr_4 SL:album] @ptr_5 [SL:artist @ptr_6 @ptr_7 SL:artist]
Play music by Raheem Devaughn	Play Ġmusic Ġby ĠRa he em ĠDev augh n	@ptr_0 @ptr_1 @ptr_2 [SL:artist @ptr_3 @ptr_4 @ptr_5 @ptr_6 @ptr_7 @ptr_8 SL:artist]
Play a top twenty sort by Akinyele	Play Ġa Ġtop Ġtwenty Ġsort Ġby ĠAk iny ele	@ptr_0 @ptr_1 [SL:sort @ptr_2 @ptr_3 SL:sort] @ptr_4 @ptr_5 [SL:artist @ptr_6 @ptr_7 @ptr_8 SL:artist]
play ray davies on Iheart by only Hit It Again	play Ġray Ġd av ies Ġon ĠI heart Ġby Ġonly ĠHit ĠIt ĠAgain	@ptr_0 [SL:artist @ptr_1 @ptr_2 @ptr_3 @ptr_4 SL:artist] @ptr_5 [SL:service @ptr_6 @ptr_7 SL:service] @ptr_8 @ptr_9 [SL:track @ptr_10 @ptr_11 @ptr_12 SL:track]
Play me a fifties song by Chingy	Play Ġme Ġa Ġf ift ies Ġsong Ġby ĠCh ing y	@ptr_0 @ptr_1 @ptr_2 [SL:year @ptr_3 @ptr_4 @ptr_5 SL:year] [SL:music_item @ptr_6 SL:music_item] @ptr_7 [SL:artist @ptr_8 @ptr_9 @ptr_10 SL:artist]
Play Verjamem track by Hong Junyang	Play ĠVer jam em Ġtrack Ġby ĠHong ĠJun yang	@ptr_0 [SL:track @ptr_1 @ptr_2 @ptr_3 SL:track] [SL:music_item @ptr_4 SL:music_item] @ptr_5 [SL:artist @ptr_6 @ptr_7 @ptr_8 SL:artist]
Play music from 1959 by Lenny Leblanc on Pandora	Play Ġmusic Ġfrom Ġ1959 Ġby ĠL enny ĠLe bl anc Ġon ĠPandora	@ptr_0 @ptr_1 @ptr_2 [SL:year @ptr_3 SL:year] @ptr_4 [SL:artist @ptr_5 @ptr_6 @ptr_7 @ptr_8 @ptr_9 SL:artist] @ptr_10 [SL:service @ptr_11 SL:service]
Play Chantal Kreviazuk , Sister Ray	Play ĠCh ant al ĠKre via z uk Ġ, ĠSister ĠRay	@ptr_0 [SL:artist @ptr_1 @ptr_2 @ptr_3 @ptr_4 @ptr_5 @ptr_6 @ptr_7 SL:artist] @ptr_8 [SL:track @ptr_9 @ptr_10 SL:track]
Play the best songs by Jes Brieden	Play Ġthe Ġbest Ġsongs Ġby ĠJes ĠB ried en	@ptr_0 @ptr_1 [SL:sort @ptr_2 SL:sort] @ptr_3 @ptr_4 [SL:artist @ptr_5 @ptr_6 @ptr_7 @ptr_8 SL:artist]
Open pandora and play udhreko choli from Chowdiah	Open Ġpand ora Ġand Ġplay Ġu dh re ko Ġch oli Ġfrom ĠChow d iah	@ptr_0 [SL:service @ptr_1 @ptr_2 SL:service] @ptr_3 @ptr_4 [SL:track @ptr_5 @ptr_6 @ptr_7 @ptr_8 @ptr_9 @ptr_10 SL:track] @ptr_11 [SL:artist @ptr_12 @ptr_13 @ptr_14 SL:artist]
Please play music off the soundtrack by Beau Jocque	Please Ġplay Ġmusic Ġoff Ġthe Ġsoundtrack Ġby ĠBeau ĠJ oc que	@ptr_0 @ptr_1 @ptr_2 @ptr_3 @ptr_4 [SL:music_item @ptr_5 SL:music_item] @ptr_6 [SL:artist @ptr_7 @ptr_8 @ptr_9 @ptr_10 SL:artist]
play some Stephen Jones on Youtube	play Ġsome ĠStephen ĠJones Ġon ĠYoutube	@ptr_0 @ptr_1 [SL:artist @ptr_2 @ptr_3 SL:artist] @ptr_4 [SL:service @ptr_5 SL:service]
play robert fripp sound track on Pandora	play Ġro bert Ġf ripp Ġsound Ġtrack Ġon ĠPandora	@ptr_0 [SL:artist @ptr_1 @ptr_2 @ptr_3 @ptr_4 SL:artist] [SL:music_item @ptr_5 @ptr_6 SL:music_item] @ptr_7 [SL:service @ptr_8 SL:service]
turn on Last Fm	turn Ġon ĠLast ĠF m	@ptr_0 @ptr_1 [SL:service @ptr_2 @ptr_3 @ptr_4 SL:service]
play symphony music from the fourties with google music	play Ġsym phony Ġmusic Ġfrom Ġthe Ġfour ties Ġwith Ġgoogle Ġmusic	@ptr_0 [SL:music_item @ptr_1 @ptr_2 SL:music_item] @ptr_3 @ptr_4 @ptr_5 [SL:year @ptr_6 @ptr_7 SL:year] @ptr_8 [SL:service @ptr_9 @ptr_10 SL:service]
Use the service Zvooq to play merengue	Use Ġthe Ġservice ĠZ v oo q Ġto Ġplay Ġmere ng ue	@ptr_0 @ptr_1 @ptr_2 [SL:service @ptr_3 @ptr_4 @ptr_5 @ptr_6 SL:service] @ptr_7 @ptr_8 [SL:genre @ptr_9 @ptr_10 @ptr_11 SL:genre]
Play the artist Tei last concert on Netflix	Play Ġthe Ġartist ĠTe i Ġlast Ġconcert Ġon ĠNetflix	@ptr_0 @ptr_1 @ptr_2 [SL:artist @ptr_3 @ptr_4 SL:artist] [SL:sort @ptr_5 SL:sort] @ptr_6 @ptr_7 [SL:service @ptr_8 SL:service]
Play me a song from Movies For The Blind on Pandora	Play Ġme Ġa Ġsong Ġfrom ĠMovies ĠFor ĠThe ĠBlind Ġon ĠPandora	@ptr_0 @ptr_1 @ptr_2 [SL:music_item @ptr_3 SL:music_item] @ptr_4 [SL:album @ptr_5 @ptr_6 @ptr_7 @ptr_8 SL:album] @ptr_9 [SL:service @ptr_10 SL:service]
I want to hear music on my Slacker	I Ġwant Ġto Ġhear Ġmusic Ġon Ġmy ĠSl acker	@ptr_0 @ptr_1 @ptr_2 @ptr_3 @ptr_4 @ptr_5 @ptr_6 [SL:service @ptr_7 @ptr_8 SL:service]
Play fifties music on Slacker	Play Ġf ift ies Ġmusic Ġon ĠSl acker	@ptr_0 [SL:year @ptr_1 @ptr_2 @ptr_3 SL:year] @ptr_4 @ptr_5 [SL:service @ptr_6 @ptr_7 SL:service]
turn on Google Music to play 1991	turn Ġon ĠGoogle ĠMusic Ġto Ġplay Ġ1991	@ptr_0 @ptr_1 [SL:service @ptr_2 @ptr_3 SL:service] @ptr_4 @ptr_5 [SL:year @ptr_6 SL:year]
play Deezer form 2010 tune by Dave Grohl	play ĠDe ez er Ġform Ġ2010 Ġtune Ġby ĠDave ĠGro hl	@ptr_0 [SL:service @ptr_1 @ptr_2 @ptr_3 SL:service] @ptr_4 [SL:year @ptr_5 SL:year] [SL:music_item @ptr_6 SL:music_item] @ptr_7 [SL:artist @ptr_8 @ptr_9 @ptr_10 SL:artist]
Can you play Deezer from 2007	Can Ġyou Ġplay ĠDe ez er Ġfrom Ġ2007	@ptr_0 @ptr_1 @ptr_2 [SL:service @ptr_3 @ptr_4 @ptr_5 SL:service] @ptr_6 [SL:year @ptr_7 SL:year]
Can I hear a symphony from the seventies on Youtube	Can ĠI Ġhear Ġa Ġsym phony Ġfrom Ġthe Ġsevent ies Ġon ĠYoutube	@ptr_0 @ptr_1 @ptr_2 @ptr_3 [SL:music_item @ptr_4 @ptr_5 SL:music_item] @ptr_6 @ptr_7 [SL:year @ptr_8 @ptr_9 SL:year] @ptr_10 [SL:service @ptr_11 SL:service]
I Need rave Slacker	I ĠNeed Ġrave ĠSl acker	@ptr_0 @ptr_1 [SL:genre @ptr_2 SL:genre] [SL:service @ptr_3 @ptr_4 SL:service]
Play some music on Slacker	Play Ġsome Ġmusic Ġon ĠSl acker	@ptr_0 @ptr_1 @ptr_2 @ptr_3 [SL:service @ptr_4 @ptr_5 SL:service]
Play music on my Itunes	Play Ġmusic Ġon Ġmy ĠIt unes	@ptr_0 @ptr_1 @ptr_2 @ptr_3 [SL:service @ptr_4 @ptr_5 SL:service]
play music form the fourties with Slacker	play Ġmusic Ġform Ġthe Ġfour ties Ġwith ĠSl acker	@ptr_0 @ptr_1 @ptr_2 @ptr_3 [SL:year @ptr_4 @ptr_5 SL:year] @ptr_6 [SL:service @ptr_7 @ptr_8 SL:service]
play Slacker tunes by Smog from movement in 2015	play ĠSl acker Ġtunes Ġby ĠSm og Ġfrom Ġmovement Ġin Ġ2015	@ptr_0 [SL:service @ptr_1 @ptr_2 SL:service] @ptr_3 @ptr_4 [SL:artist @ptr_5 @ptr_6 SL:artist] @ptr_7 [SL:music_item @ptr_8 SL:music_item] @ptr_9 [SL:year @ptr_10 SL:year]
I want to hear La Jaula De Oro by Mc Ren on Google Music	I Ġwant Ġto Ġhear ĠLa ĠJ aul a ĠDe ĠOro Ġby ĠMc ĠRen Ġon ĠGoogle ĠMusic	@ptr_0 @ptr_1 @ptr_2 @ptr_3 [SL:track @ptr_4 @ptr_5 @ptr_6 @ptr_7 @ptr_8 @ptr_9 SL:track] @ptr_10 [SL:artist @ptr_11 @ptr_12 SL:artist] @ptr_13 [SL:service @ptr_14 @ptr_15 SL:service]
Please play music from Itunes	Please Ġplay Ġmusic Ġfrom ĠIt unes	@ptr_0 @ptr_1 @ptr_2 @ptr_3 [SL:service @ptr_4 @ptr_5 SL:service]
Play music off Netflix	Play Ġmusic Ġoff ĠNetflix	@ptr_0 @ptr_1 @ptr_2 [SL:service @ptr_3 SL:service]
Play some music from 2011 on lastfm	Play Ġsome Ġmusic Ġfrom Ġ2011 Ġon Ġlast fm	@ptr_0 @ptr_1 @ptr_2 @ptr_3 [SL:year @ptr_4 SL:year] @ptr_5 [SL:service @ptr_6 @ptr_7 SL:service]
Play a soundtrack by Mike Hindert on Spotify	Play Ġa Ġsoundtrack Ġby ĠMike ĠHind ert Ġon ĠSpotify	@ptr_0 @ptr_1 [SL:music_item @ptr_2 SL:music_item] @ptr_3 [SL:artist @ptr_4 @ptr_5 @ptr_6 SL:artist] @ptr_7 [SL:service @ptr_8 SL:service]
Play 1952 Yusef Lateef on Netflix	Play Ġ1952 ĠY use f ĠLate ef Ġon ĠNetflix	@ptr_0 [SL:year @ptr_1 SL:year] [SL:artist @ptr_2 @ptr_3 @ptr_4 @ptr_5 @ptr_6 SL:artist] @ptr_7 [SL:service @ptr_8 SL:service]
Play Slow Rock on Lastfm	Play ĠSlow ĠRock Ġon ĠLast fm	@ptr_0 [SL:genre @ptr_1 @ptr_2 SL:genre] @ptr_3 [SL:service @ptr_4 @ptr_5 SL:service]
Play some Last Fm music like the 1992 ep from Peaches	Play Ġsome ĠLast ĠF m Ġmusic Ġlike Ġthe Ġ1992 Ġep Ġfrom ĠPe aches	@ptr_0 @ptr_1 [SL:service @ptr_2 @ptr_3 @ptr_4 SL:service] @ptr_5 @ptr_6 @ptr_7 [SL:year @ptr_8 SL:year] [SL:music_item @ptr_9 SL:music_item] @ptr_10 [SL:artist @ptr_11 @ptr_12 SL:artist]
play Robert Stoddard from 1988	play ĠRobert ĠSt odd ard Ġfrom Ġ1988	@ptr_0 [SL:artist @ptr_1 @ptr_2 @ptr_3 @ptr_4 SL:artist] @ptr_5 [SL:year @ptr_6 SL:year]
Play 1958 by wayne petti	Play Ġ1958 Ġby Ġway ne Ġp etti	@ptr_0 [SL:year @ptr_1 SL:year] @ptr_2 [SL:artist @ptr_3 @ptr_4 @ptr_5 @ptr_6 SL:artist]
Play a top symphony from the fourties	Play Ġa Ġtop Ġsym phony Ġfrom Ġthe Ġfour ties	@ptr_0 @ptr_1 [SL:sort @ptr_2 SL:sort] [SL:music_item @ptr_3 @ptr_4 SL:music_item] @ptr_5 @ptr_6 [SL:year @ptr_7 @ptr_8 SL:year]
Play a sound track from 1952	Play Ġa Ġsound Ġtrack Ġfrom Ġ1952	@ptr_0 @ptr_1 [SL:music_item @ptr_2 @ptr_3 SL:music_item] @ptr_4 [SL:year @ptr_5 SL:year]
play Netflix tunes from 2003 on an album	play ĠNetflix Ġtunes Ġfrom Ġ2003 Ġon Ġan Ġalbum	@ptr_0 [SL:service @ptr_1 SL:service] @ptr_2 @ptr_3 [SL:year @ptr_4 SL:year] @ptr_5 @ptr_6 [SL:music_item @ptr_7 SL:music_item]
Play some Sabah from the eighties	Play Ġsome ĠSab ah Ġfrom Ġthe Ġeight ies	@ptr_0 @ptr_1 [SL:artist @ptr_2 @ptr_3 SL:artist] @ptr_4 @ptr_5 [SL:year @ptr_6 @ptr_7 SL:year]
play some sixties	play Ġsome Ġs ixties	@ptr_0 @ptr_1 [SL:year @ptr_2 @ptr_3 SL:year]
Play a rock track from 1984	Play Ġa Ġrock Ġtrack Ġfrom Ġ1984	@ptr_0 @ptr_1 [SL:genre @ptr_2 SL:genre] [SL:music_item @ptr_3 SL:music_item] @ptr_4 [SL:year @ptr_5 SL:year]
Play a 1958 soundtrack by Rudolf Schenker on Netflix	Play Ġa Ġ1958 Ġsoundtrack Ġby ĠRud olf ĠSc hen ker Ġon ĠNetflix	@ptr_0 @ptr_1 [SL:year @ptr_2 SL:year] [SL:music_item @ptr_3 SL:music_item] @ptr_4 [SL:artist @ptr_5 @ptr_6 @ptr_7 @ptr_8 @ptr_9 SL:artist] @ptr_10 [SL:service @ptr_11 SL:service]
Play fifties from Sirusho Harutyunyan	Play Ġf ift ies Ġfrom ĠSir ush o ĠHar uty un yan	@ptr_0 [SL:year @ptr_1 @ptr_2 @ptr_3 SL:year] @ptr_4 [SL:artist @ptr_5 @ptr_6 @ptr_7 @ptr_8 @ptr_9 @ptr_10 @ptr_11 SL:artist]
Play a 1983 ballad on Groove Shark	Play Ġa Ġ1983 Ġball ad Ġon ĠGro ove ĠShark	@ptr_0 @ptr_1 [SL:year @ptr_2 SL:year] [SL:music_item @ptr_3 @ptr_4 SL:music_item] @ptr_5 [SL:service @ptr_6 @ptr_7 @ptr_8 SL:service]
Can you play music from 2003 on Netflix	Can Ġyou Ġplay Ġmusic Ġfrom Ġ2003 Ġon ĠNetflix	@ptr_0 @ptr_1 @ptr_2 @ptr_3 @ptr_4 [SL:year @ptr_5 SL:year] @ptr_6 [SL:service @ptr_7 SL:service]
Play some fourties music on Spotify	Play Ġsome Ġfour ties Ġmusic Ġon ĠSpotify	@ptr_0 @ptr_1 [SL:year @ptr_2 @ptr_3 SL:year] @ptr_4 @ptr_5 [SL:service @ptr_6 SL:service]
Play me a song by Avispa Music from 1965	Play Ġme Ġa Ġsong Ġby ĠA vis pa ĠMusic Ġfrom Ġ1965	@ptr_0 @ptr_1 @ptr_2 [SL:music_item @ptr_3 SL:music_item] @ptr_4 [SL:artist @ptr_5 @ptr_6 @ptr_7 @ptr_8 SL:artist] @ptr_9 [SL:year @ptr_10 SL:year]
play music from 1981	play Ġmusic Ġfrom Ġ1981	@ptr_0 @ptr_1 @ptr_2 [SL:year @ptr_3 SL:year]
listen to ballad songs from 1999	list en Ġto Ġball ad Ġsongs Ġfrom Ġ1999	@ptr_0 @ptr_1 @ptr_2 [SL:music_item @ptr_3 @ptr_4 SL:music_item] @ptr_5 @ptr_6 [SL:year @ptr_7 SL:year]
Play some 1987 Edie Brickell	Play Ġsome Ġ1987 ĠEd ie ĠB ric kell	@ptr_0 @ptr_1 [SL:year @ptr_2 SL:year] [SL:artist @ptr_3 @ptr_4 @ptr_5 @ptr_6 @ptr_7 SL:artist]
play 1988 chant music on Itunes	play Ġ1988 Ġchant Ġmusic Ġon ĠIt unes	@ptr_0 [SL:year @ptr_1 SL:year] [SL:music_item @ptr_2 SL:music_item] @ptr_3 @ptr_4 [SL:service @ptr_5 @ptr_6 SL:service]
I wish to enjoy some fifties music by Johnny Paycheck	I Ġwish Ġto Ġenjoy Ġsome Ġf ift ies Ġmusic Ġby ĠJohnny ĠPay check	@ptr_0 @ptr_1 @ptr_2 @ptr_3 @ptr_4 [SL:year @ptr_5 @ptr_6 @ptr_7 SL:year] @ptr_8 @ptr_9 [SL:artist @ptr_10 @ptr_11 @ptr_12 SL:artist]
play a music ballad from the sixties	play Ġa Ġmusic Ġball ad Ġfrom Ġthe Ġs ixties	@ptr_0 @ptr_1 @ptr_2 [SL:music_item @ptr_3 @ptr_4 SL:music_item] @ptr_5 @ptr_6 [SL:year @ptr_7 @ptr_8 SL:year]
Play melody music from the fourties	Play Ġmelody Ġmusic Ġfrom Ġthe Ġfour ties	@ptr_0 [SL:music_item @ptr_1 SL:music_item] @ptr_2 @ptr_3 @ptr_4 [SL:year @ptr_5 @ptr_6 SL:year]
Play me a 2015 soundtrack on Netflix	Play Ġme Ġa Ġ2015 Ġsoundtrack Ġon ĠNetflix	@ptr_0 @ptr_1 @ptr_2 [SL:year @ptr_3 SL:year] [SL:music_item @ptr_4 SL:music_item] @ptr_5 [SL:service @ptr_6 SL:service]
Play music from the seventies	Play Ġmusic Ġfrom Ġthe Ġsevent ies	@ptr_0 @ptr_1 @ptr_2 @ptr_3 [SL:year @ptr_4 @ptr_5 SL:year]
Play a song from the thirties on Zvooq	Play Ġa Ġsong Ġfrom Ġthe Ġth irt ies Ġon ĠZ v oo q	@ptr_0 @ptr_1 [SL:music_item @ptr_2 SL:music_item] @ptr_3 @ptr_4 [SL:year @ptr_5 @ptr_6 @ptr_7 SL:year] @ptr_8 [SL:service @ptr_9 @ptr_10 @ptr_11 @ptr_12 SL:service]
play an eighties track	play Ġan Ġeight ies Ġtrack	@ptr_0 @ptr_1 [SL:year @ptr_2 @ptr_3 SL:year] [SL:music_item @ptr_4 SL:music_item]
Play the album , Dance Hall At Louse Point	Play Ġthe Ġalbum Ġ, ĠDance ĠHall ĠAt ĠL ouse ĠPoint	@ptr_0 @ptr_1 [SL:music_item @ptr_2 SL:music_item] @ptr_3 [SL:album @ptr_4 @ptr_5 @ptr_6 @ptr_7 @ptr_8 @ptr_9 SL:album]
Play sweet shanghai devil by Teddy Diaz	Play Ġsweet Ġsh an ghai Ġdevil Ġby ĠTeddy ĠDiaz	@ptr_0 [SL:album @ptr_1 @ptr_2 @ptr_3 @ptr_4 @ptr_5 SL:album] @ptr_6 [SL:artist @ptr_7 @ptr_8 SL:artist]
Play Moondog 's Chupacabra	Play ĠMo ond og Ġ' s ĠCh up ac ab ra	@ptr_0 [SL:artist @ptr_1 @ptr_2 @ptr_3 SL:artist] @ptr_4 @ptr_5 [SL:album @ptr_6 @ptr_7 @ptr_8 @ptr_9 @ptr_10 SL:album]
I want to hear something off Fist For Fight by Rushton Moreve on Youtube	I Ġwant Ġto Ġhear Ġsomething Ġoff ĠFist ĠFor ĠFight Ġby ĠRush ton ĠMore ve Ġon ĠYoutube	@ptr_0 @ptr_1 @ptr_2 @ptr_3 @ptr_4 @ptr_5 [SL:album @ptr_6 @ptr_7 @ptr_8 SL:album] @ptr_9 [SL:artist @ptr_10 @ptr_11 @ptr_12 @ptr_13 SL:artist] @ptr_14 [SL:service @ptr_15 SL:service]
Play Murder The Mountains by Mana on Netflix	Play ĠMurder ĠThe ĠMountains Ġby ĠMana Ġon ĠNetflix	@ptr_0 [SL:album @ptr_1 @ptr_2 @ptr_3 SL:album] @ptr_4 [SL:artist @ptr_5 SL:artist] @ptr_6 [SL:service @ptr_7 SL:service]
Let me listen to The Music Of Nature album by Paul Draper	Let Ġme Ġlisten Ġto ĠThe ĠMusic ĠOf ĠNature Ġalbum Ġby ĠPaul ĠDraper	@ptr_0 @ptr_1 @ptr_2 @ptr_3 [SL:album @ptr_4 @ptr_5 @ptr_6 @ptr_7 SL:album] [SL:music_item @ptr_8 SL:music_item] @ptr_9 [SL:artist @ptr_10 @ptr_11 SL:artist]
Play music from jeremy taylor on the album Dormi Amore, La Situazione Non È Buona on Groove Shark	Play Ġmusic Ġfrom Ġj ere my Ġt aylor Ġon Ġthe Ġalbum ĠD orm i ĠAm ore , ĠLa ĠSit u az ione ĠNon ĠÃ Ī ĠBu ona Ġon ĠGro ove ĠShark	@ptr_0 @ptr_1 @ptr_2 [SL:artist @ptr_3 @ptr_4 @ptr_5 @ptr_6 @ptr_7 SL:artist] @ptr_8 @ptr_9 [SL:music_item @ptr_10 SL:music_item] [SL:album @ptr_11 @ptr_12 @ptr_13 @ptr_14 @ptr_15 @ptr_16 @ptr_17 @ptr_18 @ptr_19 @ptr_20 @ptr_21 @ptr_22 @ptr_23 @ptr_24 @ptr_25 @ptr_26 SL:album] @ptr_27 [SL:service @ptr_28 @ptr_29 @ptr_30 SL:service]
Please play Short And Sweet by Teyana Taylor from my itunes	Please Ġplay ĠShort ĠAnd ĠSweet Ġby ĠTe y ana ĠTaylor Ġfrom Ġmy Ġit unes	@ptr_0 @ptr_1 [SL:album @ptr_2 @ptr_3 @ptr_4 SL:album] @ptr_5 [SL:artist @ptr_6 @ptr_7 @ptr_8 @ptr_9 SL:artist] @ptr_10 @ptr_11 [SL:service @ptr_12 @ptr_13 SL:service]
play Clifford Brown All Stars by Michael Balzary	play ĠClifford ĠBrown ĠAll ĠStars Ġby ĠMichael ĠBal z ary	@ptr_0 [SL:album @ptr_1 @ptr_2 @ptr_3 @ptr_4 SL:album] @ptr_5 [SL:artist @ptr_6 @ptr_7 @ptr_8 @ptr_9 SL:artist]
Play While We Were Waiting by Sippie Wallace on Vimeo	Play ĠWhile ĠWe ĠWere ĠWaiting Ġby ĠS ipp ie ĠWallace Ġon ĠV imeo	@ptr_0 [SL:album @ptr_1 @ptr_2 @ptr_3 @ptr_4 SL:album] @ptr_5 [SL:artist @ptr_6 @ptr_7 @ptr_8 @ptr_9 SL:artist] @ptr_10 [SL:service @ptr_11 @ptr_12 SL:service]
Can you play a song off the album , jungle	Can Ġyou Ġplay Ġa Ġsong Ġoff Ġthe Ġalbum Ġ, Ġjungle	@ptr_0 @ptr_1 @ptr_2 @ptr_3 [SL:music_item @ptr_4 SL:music_item] @ptr_5 @ptr_6 [SL:music_item @ptr_7 SL:music_item] @ptr_8 [SL:album @ptr_9 SL:album]
play Going Down To The River on Pandora	play ĠGoing ĠDown ĠTo ĠThe ĠRiver Ġon ĠPandora	@ptr_0 [SL:album @ptr_1 @ptr_2 @ptr_3 @ptr_4 @ptr_5 SL:album] @ptr_6 [SL:service @ptr_7 SL:service]
Play How Does It Work by Helen Carter	Play ĠHow ĠDoes ĠIt ĠWork Ġby ĠHelen ĠCarter	@ptr_0 [SL:album @ptr_1 @ptr_2 @ptr_3 @ptr_4 SL:album] @ptr_5 [SL:artist @ptr_6 @ptr_7 SL:artist]
Play the album Axum	Play Ġthe Ġalbum ĠAx um	@ptr_0 @ptr_1 [SL:music_item @ptr_2 SL:music_item] [SL:album @ptr_3 @ptr_4 SL:album]
Please play This Is The Day by Brian Robertson	Please Ġplay ĠThis ĠIs ĠThe ĠDay Ġby ĠBrian ĠRobertson	@ptr_0 @ptr_1 [SL:album @ptr_2 @ptr_3 @ptr_4 @ptr_5 SL:album] @ptr_6 [SL:artist @ptr_7 @ptr_8 SL:artist]
play Heavy Machinery by Phil Spector on Zvooq	play ĠHeavy ĠMach inery Ġby ĠPhil ĠSpect or Ġon ĠZ v oo q	@ptr_0 [SL:album @ptr_1 @ptr_2 @ptr_3 SL:album] @ptr_4 [SL:artist @ptr_5 @ptr_6 @ptr_7 SL:artist] @ptr_8 [SL:service @ptr_9 @ptr_10 @ptr_11 @ptr_12 SL:service]
Play Skin & Bone by Jess Stacy on Deezer	Play ĠSkin Ġ& ĠBone Ġby ĠJess ĠStacy Ġon ĠDe ez er	@ptr_0 [SL:album @ptr_1 @ptr_2 @ptr_3 SL:album] @ptr_4 [SL:artist @ptr_5 @ptr_6 SL:artist] @ptr_7 [SL:service @ptr_8 @ptr_9 @ptr_10 SL:service]
Play Mea Culpa by Rahim Shah	Play ĠMe a ĠCul pa Ġby ĠRah im ĠShah	@ptr_0 [SL:album @ptr_1 @ptr_2 @ptr_3 @ptr_4 SL:album] @ptr_5 [SL:artist @ptr_6 @ptr_7 @ptr_8 SL:artist]
use Lastfm to play Attack Of The Planet Smashers	use ĠLast fm Ġto Ġplay ĠAttack ĠOf ĠThe ĠPlanet ĠSm as hers	@ptr_0 [SL:service @ptr_1 @ptr_2 SL:service] @ptr_3 @ptr_4 [SL:album @ptr_5 @ptr_6 @ptr_7 @ptr_8 @ptr_9 @ptr_10 @ptr_11 SL:album]
Play the album Making Evening And Night by Cevin Key	Play Ġthe Ġalbum ĠMaking ĠEvening ĠAnd ĠNight Ġby ĠC evin ĠKey	@ptr_0 @ptr_1 [SL:music_item @ptr_2 SL:music_item] [SL:album @ptr_3 @ptr_4 @ptr_5 @ptr_6 SL:album] @ptr_7 [SL:artist @ptr_8 @ptr_9 @ptr_10 SL:artist]
Play me a song from Voices & Images	Play Ġme Ġa Ġsong Ġfrom ĠVoices Ġ& ĠImages	@ptr_0 @ptr_1 @ptr_2 [SL:music_item @ptr_3 SL:music_item] @ptr_4 [SL:album @ptr_5 @ptr_6 @ptr_7 SL:album]
Play some Ven A Mi	Play Ġsome ĠVen ĠA ĠMi	@ptr_0 @ptr_1 [SL:album @ptr_2 @ptr_3 @ptr_4 SL:album]
I want to hear the album Suites & Sweets	I Ġwant Ġto Ġhear Ġthe Ġalbum ĠSu ites Ġ& ĠSwe ets	@ptr_0 @ptr_1 @ptr_2 @ptr_3 @ptr_4 [SL:music_item @ptr_5 SL:music_item] [SL:album @ptr_6 @ptr_7 @ptr_8 @ptr_9 @ptr_10 SL:album]
Play Seaside by Don Cherry	Play ĠSeas ide Ġby ĠDon ĠCherry	@ptr_0 [SL:album @ptr_1 @ptr_2 SL:album] @ptr_3 [SL:artist @ptr_4 @ptr_5 SL:artist]
play The Edge by Deezer on Vans Warped Tour Compilation 2003	play ĠThe ĠEdge Ġby ĠDe ez er Ġon ĠV ans ĠWar ped ĠTour ĠComp ilation Ġ2003	@ptr_0 [SL:artist @ptr_1 @ptr_2 SL:artist] @ptr_3 [SL:service @ptr_4 @ptr_5 @ptr_6 SL:service] @ptr_7 [SL:album @ptr_8 @ptr_9 @ptr_10 @ptr_11 @ptr_12 @ptr_13 @ptr_14 @ptr_15 SL:album]
Play a concerto top ten sort by Lloyd	Play Ġa Ġconcert o Ġtop Ġten Ġsort Ġby ĠLloyd	@ptr_0 @ptr_1 [SL:music_item @ptr_2 @ptr_3 SL:music_item] [SL:sort @ptr_4 @ptr_5 SL:sort] @ptr_6 @ptr_7 [SL:artist @ptr_8 SL:artist]
Play the top 20 ep from the fifties by John Bundrick	Play Ġthe Ġtop Ġ20 Ġep Ġfrom Ġthe Ġf ift ies Ġby ĠJohn ĠBund rick	@ptr_0 @ptr_1 [SL:sort @ptr_2 @ptr_3 SL:sort] [SL:music_item @ptr_4 SL:music_item] @ptr_5 @ptr_6 [SL:year @ptr_7 @ptr_8 @ptr_9 SL:year] @ptr_10 [SL:artist @ptr_11 @ptr_12 @ptr_13 SL:artist]
Play the last ep from 1999	Play Ġthe Ġlast Ġep Ġfrom Ġ1999	@ptr_0 @ptr_1 [SL:sort @ptr_2 SL:sort] [SL:music_item @ptr_3 SL:music_item] @ptr_4 [SL:year @ptr_5 SL:year]
Play a new ballad by Valy on Iheart	Play Ġa Ġnew Ġball ad Ġby ĠVal y Ġon ĠI heart	@ptr_0 @ptr_1 [SL:sort @ptr_2 SL:sort] [SL:music_item @ptr_3 @ptr_4 SL:music_item] @ptr_5 [SL:artist @ptr_6 @ptr_7 SL:artist] @ptr_8 [SL:service @ptr_9 @ptr_10 SL:service]
Play the newest melody by Cisco Adler on pandora	Play Ġthe Ġnewest Ġmelody Ġby ĠCisco ĠAd ler Ġon Ġpand ora	@ptr_0 @ptr_1 [SL:sort @ptr_2 SL:sort] [SL:music_item @ptr_3 SL:music_item] @ptr_4 [SL:artist @ptr_5 @ptr_6 @ptr_7 SL:artist] @ptr_8 [SL:service @ptr_9 @ptr_10 SL:service]
Play top-50 Peter Frampton	Play Ġtop - 50 ĠPeter ĠFram pton	@ptr_0 [SL:sort @ptr_1 @ptr_2 @ptr_3 SL:sort] [SL:artist @ptr_4 @ptr_5 @ptr_6 SL:artist]
Play me the newest fourties symphony	Play Ġme Ġthe Ġnewest Ġfour ties Ġsym phony	@ptr_0 @ptr_1 @ptr_2 [SL:sort @ptr_3 SL:sort] [SL:year @ptr_4 @ptr_5 SL:year] [SL:music_item @ptr_6 @ptr_7 SL:music_item]
Play the newest twenties melody	Play Ġthe Ġnewest Ġtwenties Ġmelody	@ptr_0 @ptr_1 [SL:sort @ptr_2 SL:sort] [SL:year @ptr_3 SL:year] [SL:music_item @ptr_4 SL:music_item]
Play the best ballad by The Rascals	Play Ġthe Ġbest Ġball ad Ġby ĠThe ĠR asc als	@ptr_0 @ptr_1 [SL:sort @ptr_2 SL:sort] [SL:music_item @ptr_3 @ptr_4 SL:music_item] @ptr_5 [SL:artist @ptr_6 @ptr_7 @ptr_8 @ptr_9 SL:artist]
Play a top song by Carson Parks on Groove Shark	Play Ġa Ġtop Ġsong Ġby ĠCarson ĠParks Ġon ĠGro ove ĠShark	@ptr_0 @ptr_1 [SL:sort @ptr_2 SL:sort] [SL:music_item @ptr_3 SL:music_item] @ptr_4 [SL:artist @ptr_5 @ptr_6 SL:artist] @ptr_7 [SL:service @ptr_8 @ptr_9 @ptr_10 SL:service]
Play the top of emil de cou	Play Ġthe Ġtop Ġof Ġem il Ġde Ġcou	@ptr_0 @ptr_1 [SL:sort @ptr_2 SL:sort] @ptr_3 [SL:artist @ptr_4 @ptr_5 @ptr_6 @ptr_7 SL:artist]
play the top twenty movement songs from Roberto Valverde	play Ġthe Ġtop Ġtwenty Ġmovement Ġsongs Ġfrom ĠRoberto ĠVal ver de	@ptr_0 @ptr_1 [SL:sort @ptr_2 @ptr_3 SL:sort] [SL:music_item @ptr_4 SL:music_item] @ptr_5 @ptr_6 [SL:artist @ptr_7 @ptr_8 @ptr_9 @ptr_10 SL:artist]
Play a new tune by louis silvers	Play Ġa Ġnew Ġtune Ġby Ġlou is Ġsil vers	@ptr_0 @ptr_1 [SL:sort @ptr_2 SL:sort] [SL:music_item @ptr_3 SL:music_item] @ptr_4 [SL:artist @ptr_5 @ptr_6 @ptr_7 @ptr_8 SL:artist]
use Spotify to play greatest songs from Kailash Kher	use ĠSpotify Ġto Ġplay Ġgreatest Ġsongs Ġfrom ĠK ail ash ĠK her	@ptr_0 [SL:service @ptr_1 SL:service] @ptr_2 @ptr_3 [SL:sort @ptr_4 SL:sort] @ptr_5 @ptr_6 [SL:artist @ptr_7 @ptr_8 @ptr_9 @ptr_10 @ptr_11 SL:artist]
Make and play a new playlis with the theme songs released in 1968	Make Ġand Ġplay Ġa Ġnew Ġplay lis Ġwith Ġthe Ġtheme Ġsongs Ġreleased Ġin Ġ1968	@ptr_0 @ptr_1 @ptr_2 @ptr_3 [SL:sort @ptr_4 SL:sort] @ptr_5 @ptr_6 @ptr_7 @ptr_8 [SL:music_item @ptr_9 SL:music_item] @ptr_10 @ptr_11 @ptr_12 [SL:year @ptr_13 SL:year]
play a top 50 tune from the twenties by Willi Williams	play Ġa Ġtop Ġ50 Ġtune Ġfrom Ġthe Ġtwenties Ġby ĠWill i ĠWilliams	@ptr_0 @ptr_1 [SL:sort @ptr_2 @ptr_3 SL:sort] [SL:music_item @ptr_4 SL:music_item] @ptr_5 @ptr_6 [SL:year @ptr_7 SL:year] @ptr_8 [SL:artist @ptr_9 @ptr_10 @ptr_11 SL:artist]
Play top-ten eighties song	Play Ġtop - ten Ġeight ies Ġsong	@ptr_0 [SL:sort @ptr_1 @ptr_2 @ptr_3 SL:sort] [SL:year @ptr_4 @ptr_5 SL:year] [SL:music_item @ptr_6 SL:music_item]
Play an album from the fourties , new	Play Ġan Ġalbum Ġfrom Ġthe Ġfour ties Ġ, Ġnew	@ptr_0 @ptr_1 [SL:music_item @ptr_2 SL:music_item] @ptr_3 @ptr_4 [SL:year @ptr_5 @ptr_6 SL:year] @ptr_7 [SL:sort @ptr_8 SL:sort]
Play the greatest melody from Paul Wright on Pandora	Play Ġthe Ġgreatest Ġmelody Ġfrom ĠPaul ĠWright Ġon ĠPandora	@ptr_0 @ptr_1 [SL:sort @ptr_2 SL:sort] [SL:music_item @ptr_3 SL:music_item] @ptr_4 [SL:artist @ptr_5 @ptr_6 SL:artist] @ptr_7 [SL:service @ptr_8 SL:service]
play a top-fifty 1965 album by Ski	play Ġa Ġtop - f ifty Ġ1965 Ġalbum Ġby ĠSki	@ptr_0 @ptr_1 [SL:sort @ptr_2 @ptr_3 @ptr_4 @ptr_5 SL:sort] [SL:year @ptr_6 SL:year] [SL:music_item @ptr_7 SL:music_item] @ptr_8 [SL:artist @ptr_9 SL:artist]
play the last chant from the fourties	play Ġthe Ġlast Ġchant Ġfrom Ġthe Ġfour ties	@ptr_0 @ptr_1 [SL:sort @ptr_2 SL:sort] [SL:music_item @ptr_3 SL:music_item] @ptr_4 @ptr_5 [SL:year @ptr_6 @ptr_7 SL:year]
play a new song from the seventies	play Ġa Ġnew Ġsong Ġfrom Ġthe Ġsevent ies	@ptr_0 @ptr_1 [SL:sort @ptr_2 SL:sort] [SL:music_item @ptr_3 SL:music_item] @ptr_4 @ptr_5 [SL:year @ptr_6 @ptr_7 SL:year]
play a top-twenty tune by Noor Jehan	play Ġa Ġtop - tw enty Ġtune Ġby ĠNo or ĠJe han	@ptr_0 @ptr_1 [SL:sort @ptr_2 @ptr_3 @ptr_4 @ptr_5 SL:sort] [SL:music_item @ptr_6 SL:music_item] @ptr_7 [SL:artist @ptr_8 @ptr_9 @ptr_10 @ptr_11 SL:artist]
Play a popular chant by Brian Epstein	Play Ġa Ġpopular Ġchant Ġby ĠBrian ĠEpstein	@ptr_0 @ptr_1 [SL:sort @ptr_2 SL:sort] [SL:music_item @ptr_3 SL:music_item] @ptr_4 [SL:artist @ptr_5 @ptr_6 SL:artist]
Can you play a top 5 song by Manos Hadjidakis	Can Ġyou Ġplay Ġa Ġtop Ġ5 Ġsong Ġby ĠMan os ĠHad j id akis	@ptr_0 @ptr_1 @ptr_2 @ptr_3 [SL:sort @ptr_4 @ptr_5 SL:sort] [SL:music_item @ptr_6 SL:music_item] @ptr_7 [SL:artist @ptr_8 @ptr_9 @ptr_10 @ptr_11 @ptr_12 @ptr_13 SL:artist]
Open iheart and play Té Para Tres	Open Ġi heart Ġand Ġplay ĠT Ã© ĠPar a ĠT res	@ptr_0 [SL:service @ptr_1 @ptr_2 SL:service] @ptr_3 @ptr_4 [SL:playlist @ptr_5 @ptr_6 @ptr_7 @ptr_8 @ptr_9 @ptr_10 SL:playlist]
Play some 50 Shades of Love	Play Ġsome Ġ50 ĠShades Ġof ĠLove	@ptr_0 @ptr_1 [SL:playlist @ptr_2 @ptr_3 @ptr_4 @ptr_5 SL:playlist]
Play my Hot 50	Play Ġmy ĠHot Ġ50	@ptr_0 @ptr_1 [SL:playlist @ptr_2 @ptr_3 SL:playlist]
Play a song from my workout playlist on Groove Shark	Play Ġa Ġsong Ġfrom Ġmy Ġworkout Ġplaylist Ġon ĠGro ove ĠShark	@ptr_0 @ptr_1 [SL:music_item @ptr_2 SL:music_item] @ptr_3 @ptr_4 [SL:playlist @ptr_5 SL:playlist] @ptr_6 @ptr_7 [SL:service @ptr_8 @ptr_9 @ptr_10 SL:service]
Play my Top Gaming Tracks	Play Ġmy ĠTop ĠGaming ĠTracks	@ptr_0 @ptr_1 [SL:playlist @ptr_2 @ptr_3 @ptr_4 SL:playlist]
Play something on my Classic Jazz Funk playlist on Zvooq	Play Ġsomething Ġon Ġmy ĠClassic ĠJazz ĠFunk Ġplaylist Ġon ĠZ v oo q	@ptr_0 @ptr_1 @ptr_2 @ptr_3 [SL:playlist @ptr_4 @ptr_5 @ptr_6 SL:playlist] @ptr_7 @ptr_8 [SL:service @ptr_9 @ptr_10 @ptr_11 @ptr_12 SL:service]
Play my Femme Fatale playlist on Vimeo	Play Ġmy ĠFem me ĠFat ale Ġplaylist Ġon ĠV imeo	@ptr_0 @ptr_1 [SL:playlist @ptr_2 @ptr_3 @ptr_4 @ptr_5 SL:playlist] @ptr_6 @ptr_7 [SL:service @ptr_8 @ptr_9 SL:service]
Can you play me songs from the Estado de ánimo	Can Ġyou Ġplay Ġme Ġsongs Ġfrom Ġthe ĠEst ado Ġde ĠÃ ¡ n imo	@ptr_0 @ptr_1 @ptr_2 @ptr_3 @ptr_4 @ptr_5 @ptr_6 [SL:playlist @ptr_7 @ptr_8 @ptr_9 @ptr_10 @ptr_11 @ptr_12 @ptr_13 SL:playlist]
play my De Camino	play Ġmy ĠDe ĠCam ino	@ptr_0 @ptr_1 [SL:playlist @ptr_2 @ptr_3 @ptr_4 SL:playlist]
Play my Electro Sur	Play Ġmy ĠElectro ĠSur	@ptr_0 @ptr_1 [SL:playlist @ptr_2 @ptr_3 SL:playlist]
Play rhythmic	Play Ġrhyth mic	@ptr_0 [SL:playlist @ptr_1 @ptr_2 SL:playlist]
Play my 88 Keys	Play Ġmy Ġ88 ĠKeys	@ptr_0 @ptr_1 [SL:playlist @ptr_2 @ptr_3 SL:playlist]
Play Intense Studying playlist on Itunes	Play ĠInt ense ĠStud ying Ġplaylist Ġon ĠIt unes	@ptr_0 [SL:playlist @ptr_1 @ptr_2 @ptr_3 @ptr_4 SL:playlist] @ptr_5 @ptr_6 [SL:service @ptr_7 @ptr_8 SL:service]
Play my Sophisticated Dinner playlist on Slacker	Play Ġmy ĠSoph istic ated ĠDinner Ġplaylist Ġon ĠSl acker	@ptr_0 @ptr_1 [SL:playlist @ptr_2 @ptr_3 @ptr_4 @ptr_5 SL:playlist] @ptr_6 @ptr_7 [SL:service @ptr_8 @ptr_9 SL:service]
Play the energic Itunes	Play Ġthe Ġenerg ic ĠIt unes	@ptr_0 @ptr_1 [SL:playlist @ptr_2 @ptr_3 SL:playlist] [SL:service @ptr_4 @ptr_5 SL:service]
Play the playlist, Hardstyle, Baby	Play Ġthe Ġplaylist , ĠHard style , ĠBaby	@ptr_0 @ptr_1 @ptr_2 @ptr_3 [SL:playlist @ptr_4 @ptr_5 @ptr_6 @ptr_7 SL:playlist]
Play funtime activity	Play Ġfun time Ġactivity	@ptr_0 [SL:playlist @ptr_1 @ptr_2 @ptr_3 SL:playlist]
Use Pandora to play Korean OSTs	Use ĠPandora Ġto Ġplay ĠKorean ĠO ST s	@ptr_0 [SL:service @ptr_1 SL:service] @ptr_2 @ptr_3 [SL:playlist @ptr_4 @ptr_5 @ptr_6 @ptr_7 SL:playlist]
I want to hear the new Latin Pop Rising	I Ġwant Ġto Ġhear Ġthe Ġnew ĠLatin ĠPop ĠRising	@ptr_0 @ptr_1 @ptr_2 @ptr_3 @ptr_4 @ptr_5 [SL:playlist @ptr_6 @ptr_7 @ptr_8 SL:playlist]
Play Clásicos del Hip Hop Español	Play ĠCl Ã¡ sic os Ġdel ĠHip ĠHop ĠEsp a Ã± ol	@ptr_0 [SL:playlist @ptr_1 @ptr_2 @ptr_3 @ptr_4 @ptr_5 @ptr_6 @ptr_7 @ptr_8 @ptr_9 @ptr_10 @ptr_11 SL:playlist]
Play the music from the playlist Get Lit	Play Ġthe Ġmusic Ġfrom Ġthe Ġplaylist ĠGet ĠLit	@ptr_0 @ptr_1 @ptr_2 @ptr_3 @ptr_4 @ptr_5 [SL:playlist @ptr_6 @ptr_7 SL:playlist]
Plpay my Disco Fever	Pl pay Ġmy ĠDisco ĠFever	@ptr_0 @ptr_1 @ptr_2 [SL:playlist @ptr_3 @ptr_4 SL:playlist]
Open Deezer and play Inyección Musical	Open ĠDe ez er Ġand Ġplay ĠIn ye cci Ã³n ĠMusical	@ptr_0 [SL:service @ptr_1 @ptr_2 @ptr_3 SL:service] @ptr_4 @ptr_5 [SL:playlist @ptr_6 @ptr_7 @ptr_8 @ptr_9 @ptr_10 SL:playlist]
Play breathtaking	Play Ġbreathtaking	@ptr_0 [SL:playlist @ptr_1 SL:playlist]
Play Noche de chicas	Play ĠN oche Ġde Ġch icas	@ptr_0 [SL:playlist @ptr_1 @ptr_2 @ptr_3 @ptr_4 @ptr_5 SL:playlist]
Play satire	Play Ġsatire	@ptr_0 [SL:genre @ptr_1 SL:genre]
Play some Avantgarde music on Netflix	Play Ġsome ĠA vant gard e Ġmusic Ġon ĠNetflix	@ptr_0 @ptr_1 [SL:genre @ptr_2 @ptr_3 @ptr_4 @ptr_5 SL:genre] @ptr_6 @ptr_7 [SL:service @ptr_8 SL:service]
Play opera music on google music	Play Ġopera Ġmusic Ġon Ġgoogle Ġmusic	@ptr_0 [SL:genre @ptr_1 SL:genre] @ptr_2 @ptr_3 [SL:service @ptr_4 @ptr_5 SL:service]
Play some symphonic rock	Play Ġsome Ġsym ph onic Ġrock	@ptr_0 @ptr_1 [SL:genre @ptr_2 @ptr_3 @ptr_4 @ptr_5 SL:genre]
Play blues on Vimeo	Play Ġblues Ġon ĠV imeo	@ptr_0 [SL:genre @ptr_1 SL:genre] @ptr_2 [SL:service @ptr_3 @ptr_4 SL:service]
Play slow rock	Play Ġslow Ġrock	@ptr_0 [SL:genre @ptr_1 @ptr_2 SL:genre]
Put on Vimeo and play Kacapi Suling	Put Ġon ĠV imeo Ġand Ġplay ĠK ac api ĠS uling	@ptr_0 @ptr_1 [SL:service @ptr_2 @ptr_3 SL:service] @ptr_4 @ptr_5 [SL:genre @ptr_6 @ptr_7 @ptr_8 @ptr_9 @ptr_10 SL:genre]
play some best selling rave	play Ġsome Ġbest Ġselling Ġrave	@ptr_0 @ptr_1 [SL:sort @ptr_2 SL:sort] @ptr_3 [SL:genre @ptr_4 SL:genre]
Play classic rock on Groove Shark	Play Ġclassic Ġrock Ġon ĠGro ove ĠShark	@ptr_0 [SL:genre @ptr_1 @ptr_2 SL:genre] @ptr_3 [SL:service @ptr_4 @ptr_5 @ptr_6 SL:service]
Play me some Goa	Play Ġme Ġsome ĠGo a	@ptr_0 @ptr_1 @ptr_2 [SL:genre @ptr_3 @ptr_4 SL:genre]
Play some fast fusion on Spotify	Play Ġsome Ġfast Ġfusion Ġon ĠSpotify	@ptr_0 @ptr_1 [SL:genre @ptr_2 @ptr_3 SL:genre] @ptr_4 [SL:service @ptr_5 SL:service]
play primus	play Ġprim us	@ptr_0 [SL:genre @ptr_1 @ptr_2 SL:genre]
Play some happy gabber	Play Ġsome Ġhappy Ġg ab ber	@ptr_0 @ptr_1 [SL:genre @ptr_2 @ptr_3 @ptr_4 @ptr_5 SL:genre]
Play some chanson	Play Ġsome Ġch anson	@ptr_0 @ptr_1 [SL:genre @ptr_2 @ptr_3 SL:genre]
Can you play Crossover	Can Ġyou Ġplay ĠC rossover	@ptr_0 @ptr_1 @ptr_2 [SL:genre @ptr_3 @ptr_4 SL:genre]
Play any chanson	Play Ġany Ġch anson	@ptr_0 @ptr_1 [SL:genre @ptr_2 @ptr_3 SL:genre]
Play some noise music on Netflix	Play Ġsome Ġnoise Ġmusic Ġon ĠNetflix	@ptr_0 @ptr_1 [SL:genre @ptr_2 SL:genre] @ptr_3 @ptr_4 [SL:service @ptr_5 SL:service]
Play some tango	Play Ġsome Ġtang o	@ptr_0 @ptr_1 [SL:genre @ptr_2 @ptr_3 SL:genre]
Use the service Zvooq to play merengue	Use Ġthe Ġservice ĠZ v oo q Ġto Ġplay Ġmere ng ue	@ptr_0 @ptr_1 @ptr_2 [SL:service @ptr_3 @ptr_4 @ptr_5 @ptr_6 SL:service] @ptr_7 @ptr_8 [SL:genre @ptr_9 @ptr_10 @ptr_11 SL:genre]
open Spotify and play a couple of celtic	open ĠSpotify Ġand Ġplay Ġa Ġcouple Ġof Ġc elt ic	@ptr_0 [SL:service @ptr_1 SL:service] @ptr_2 @ptr_3 @ptr_4 @ptr_5 @ptr_6 [SL:genre @ptr_7 @ptr_8 @ptr_9 SL:genre]
Play easy listening	Play Ġeasy Ġlistening	@ptr_0 [SL:genre @ptr_1 @ptr_2 SL:genre]
Play some dance	Play Ġsome Ġdance	@ptr_0 @ptr_1 [SL:genre @ptr_2 SL:genre]
Please play me something by New Wave Of American Heavy Metal	Please Ġplay Ġme Ġsomething Ġby ĠNew ĠWave ĠOf ĠAmerican ĠHeavy ĠMetal	@ptr_0 @ptr_1 @ptr_2 @ptr_3 @ptr_4 [SL:genre @ptr_5 @ptr_6 @ptr_7 @ptr_8 @ptr_9 @ptr_10 SL:genre]
Play some techno on Lastfm	Play Ġsome Ġtechno Ġon ĠLast fm	@ptr_0 @ptr_1 [SL:genre @ptr_2 SL:genre] @ptr_3 [SL:service @ptr_4 @ptr_5 SL:service]
Play Revival	Play ĠRevival	@ptr_0 [SL:genre @ptr_1 SL:genre]
