give two out of 6 to A Christmas Carol	give Ġtwo Ġout Ġof Ġ6 Ġto ĠA ĠChristmas ĠCarol	@ptr_0 [SL:rating_value @ptr_1 SL:rating_value] @ptr_2 @ptr_3 [SL:best_rating @ptr_4 SL:best_rating] @ptr_5 [SL:object_name @ptr_6 @ptr_7 @ptr_8 SL:object_name]
give 5 out of 6 stars to Creatures of Light and Darkness	give Ġ5 Ġout Ġof Ġ6 Ġstars Ġto ĠCreatures Ġof ĠLight Ġand ĠDarkness	@ptr_0 [SL:rating_value @ptr_1 SL:rating_value] @ptr_2 @ptr_3 [SL:best_rating @ptr_4 SL:best_rating] [SL:rating_unit @ptr_5 SL:rating_unit] @ptr_6 [SL:object_name @ptr_7 @ptr_8 @ptr_9 @ptr_10 @ptr_11 SL:object_name]
Swine Not ? deserves four points	Sw ine ĠNot Ġ? Ġdeserves Ġfour Ġpoints	[SL:object_name @ptr_0 @ptr_1 @ptr_2 SL:object_name] @ptr_3 @ptr_4 [SL:rating_value @ptr_5 SL:rating_value] [SL:rating_unit @ptr_6 SL:rating_unit]
Rate the Egg Collecting and Bird Life of Australia saga a one	Rate Ġthe ĠEgg ĠCollect ing Ġand ĠBird ĠLife Ġof ĠAustralia Ġsaga Ġa Ġone	@ptr_0 @ptr_1 [SL:object_name @ptr_2 @ptr_3 @ptr_4 @ptr_5 @ptr_6 @ptr_7 @ptr_8 @ptr_9 SL:object_name] [SL:object_part_of_series_type @ptr_10 SL:object_part_of_series_type] @ptr_11 [SL:rating_value @ptr_12 SL:rating_value]
Rate Ecology: From Individuals to Ecosystems five out of 6 stars	Rate ĠEcology : ĠFrom ĠIndividuals Ġto ĠE cosystem s Ġfive Ġout Ġof Ġ6 Ġstars	@ptr_0 [SL:object_name @ptr_1 @ptr_2 @ptr_3 @ptr_4 @ptr_5 @ptr_6 @ptr_7 @ptr_8 SL:object_name] [SL:rating_value @ptr_9 SL:rating_value] @ptr_10 @ptr_11 [SL:best_rating @ptr_12 SL:best_rating] [SL:rating_unit @ptr_13 SL:rating_unit]
give 0 to The Sky Village	give Ġ0 Ġto ĠThe ĠSky ĠVillage	@ptr_0 [SL:rating_value @ptr_1 SL:rating_value] @ptr_2 [SL:object_name @ptr_3 @ptr_4 @ptr_5 SL:object_name]
I'd rate The Rise of the West a 2 of 6 stars	I 'd Ġrate ĠThe ĠRise Ġof Ġthe ĠWest Ġa Ġ2 Ġof Ġ6 Ġstars	@ptr_0 @ptr_1 @ptr_2 [SL:object_name @ptr_3 @ptr_4 @ptr_5 @ptr_6 @ptr_7 SL:object_name] @ptr_8 [SL:rating_value @ptr_9 SL:rating_value] @ptr_10 [SL:best_rating @ptr_11 SL:best_rating] [SL:rating_unit @ptr_12 SL:rating_unit]
give one out of 6 points to The Psychopathic God series	give Ġone Ġout Ġof Ġ6 Ġpoints Ġto ĠThe ĠPsych opathic ĠGod Ġseries	@ptr_0 [SL:rating_value @ptr_1 SL:rating_value] @ptr_2 @ptr_3 [SL:best_rating @ptr_4 SL:best_rating] [SL:rating_unit @ptr_5 SL:rating_unit] @ptr_6 [SL:object_name @ptr_7 @ptr_8 @ptr_9 @ptr_10 SL:object_name] [SL:object_part_of_series_type @ptr_11 SL:object_part_of_series_type]
I would rate Oblivion: Stories a two	I Ġwould Ġrate ĠOblivion : ĠStories Ġa Ġtwo	@ptr_0 @ptr_1 @ptr_2 [SL:object_name @ptr_3 @ptr_4 @ptr_5 SL:object_name] @ptr_6 [SL:rating_value @ptr_7 SL:rating_value]
Rate The Anatomy of Melancholy 1 stars	Rate ĠThe ĠAnat omy Ġof ĠMel anch oly Ġ1 Ġstars	@ptr_0 [SL:object_name @ptr_1 @ptr_2 @ptr_3 @ptr_4 @ptr_5 @ptr_6 @ptr_7 SL:object_name] [SL:rating_value @ptr_8 SL:rating_value] [SL:rating_unit @ptr_9 SL:rating_unit]
give Life: A Natural History of the First Four Billion Years of Life on Earth 1 points out of 6	give ĠLife : ĠA ĠNatural ĠHistory Ġof Ġthe ĠFirst ĠFour ĠBillion ĠYears Ġof ĠLife Ġon ĠEarth Ġ1 Ġpoints Ġout Ġof Ġ6	@ptr_0 [SL:object_name @ptr_1 @ptr_2 @ptr_3 @ptr_4 @ptr_5 @ptr_6 @ptr_7 @ptr_8 @ptr_9 @ptr_10 @ptr_11 @ptr_12 @ptr_13 @ptr_14 @ptr_15 SL:object_name] [SL:rating_value @ptr_16 SL:rating_value] [SL:rating_unit @ptr_17 SL:rating_unit] @ptr_18 @ptr_19 [SL:best_rating @ptr_20 SL:best_rating]
Rate the Apocalisse saga one out of 6 points	Rate Ġthe ĠAp ocal isse Ġsaga Ġone Ġout Ġof Ġ6 Ġpoints	@ptr_0 @ptr_1 [SL:object_name @ptr_2 @ptr_3 @ptr_4 SL:object_name] [SL:object_part_of_series_type @ptr_5 SL:object_part_of_series_type] [SL:rating_value @ptr_6 SL:rating_value] @ptr_7 @ptr_8 [SL:best_rating @ptr_9 SL:best_rating] [SL:rating_unit @ptr_10 SL:rating_unit]
I think the Dictionary of New Zealand Biography deserves 2 points	I Ġthink Ġthe ĠDictionary Ġof ĠNew ĠZealand ĠBi ography Ġdeserves Ġ2 Ġpoints	@ptr_0 @ptr_1 @ptr_2 [SL:object_name @ptr_3 @ptr_4 @ptr_5 @ptr_6 @ptr_7 @ptr_8 SL:object_name] @ptr_9 [SL:rating_value @ptr_10 SL:rating_value] [SL:rating_unit @ptr_11 SL:rating_unit]
I give The Elegant Universe five out of 6 stars	I Ġgive ĠThe ĠE leg ant ĠUniverse Ġfive Ġout Ġof Ġ6 Ġstars	@ptr_0 @ptr_1 [SL:object_name @ptr_2 @ptr_3 @ptr_4 @ptr_5 @ptr_6 SL:object_name] [SL:rating_value @ptr_7 SL:rating_value] @ptr_8 @ptr_9 [SL:best_rating @ptr_10 SL:best_rating] [SL:rating_unit @ptr_11 SL:rating_unit]
give 1 star to The Cure for Death by Lightning	give Ġ1 Ġstar Ġto ĠThe ĠCure Ġfor ĠDeath Ġby ĠLightning	@ptr_0 [SL:rating_value @ptr_1 SL:rating_value] @ptr_2 @ptr_3 [SL:object_name @ptr_4 @ptr_5 @ptr_6 @ptr_7 @ptr_8 @ptr_9 SL:object_name]
I want to give The Pilgrims of Rayne three out of 6 stars	I Ġwant Ġto Ġgive ĠThe ĠPil gr ims Ġof ĠRay ne Ġthree Ġout Ġof Ġ6 Ġstars	@ptr_0 @ptr_1 @ptr_2 @ptr_3 [SL:object_name @ptr_4 @ptr_5 @ptr_6 @ptr_7 @ptr_8 @ptr_9 @ptr_10 SL:object_name] [SL:rating_value @ptr_11 SL:rating_value] @ptr_12 @ptr_13 [SL:best_rating @ptr_14 SL:best_rating] [SL:rating_unit @ptr_15 SL:rating_unit]
rate I Commitments 5 of 6 points	rate ĠI ĠCommit ments Ġ5 Ġof Ġ6 Ġpoints	@ptr_0 [SL:object_name @ptr_1 @ptr_2 @ptr_3 SL:object_name] [SL:rating_value @ptr_4 SL:rating_value] @ptr_5 [SL:best_rating @ptr_6 SL:best_rating] [SL:rating_unit @ptr_7 SL:rating_unit]
I want to give The Plague Lords of Ruel 0 stars	I Ġwant Ġto Ġgive ĠThe ĠPlague ĠLords Ġof ĠR uel Ġ0 Ġstars	@ptr_0 @ptr_1 @ptr_2 @ptr_3 [SL:object_name @ptr_4 @ptr_5 @ptr_6 @ptr_7 @ptr_8 @ptr_9 SL:object_name] [SL:rating_value @ptr_10 SL:rating_value] [SL:rating_unit @ptr_11 SL:rating_unit]
I want to rate Pontypool Changes Everything a zero out of 6 points	I Ġwant Ġto Ġrate ĠPont yp ool ĠChanges ĠEverything Ġa Ġzero Ġout Ġof Ġ6 Ġpoints	@ptr_0 @ptr_1 @ptr_2 @ptr_3 [SL:object_name @ptr_4 @ptr_5 @ptr_6 @ptr_7 @ptr_8 SL:object_name] @ptr_9 [SL:rating_value @ptr_10 SL:rating_value] @ptr_11 @ptr_12 [SL:best_rating @ptr_13 SL:best_rating] [SL:rating_unit @ptr_14 SL:rating_unit]
To the Stars: The Autobiography of George Takei gets four out of 6 stars	To Ġthe ĠStars : ĠThe ĠAut obi ography Ġof ĠGeorge ĠTake i Ġgets Ġfour Ġout Ġof Ġ6 Ġstars	[SL:object_name @ptr_0 @ptr_1 @ptr_2 @ptr_3 @ptr_4 @ptr_5 @ptr_6 @ptr_7 @ptr_8 @ptr_9 @ptr_10 @ptr_11 SL:object_name] @ptr_12 [SL:rating_value @ptr_13 SL:rating_value] @ptr_14 @ptr_15 [SL:best_rating @ptr_16 SL:best_rating] [SL:rating_unit @ptr_17 SL:rating_unit]
rate Understanding Physics 5 out of 6	rate ĠUnderstanding ĠPhysics Ġ5 Ġout Ġof Ġ6	@ptr_0 [SL:object_name @ptr_1 @ptr_2 SL:object_name] [SL:rating_value @ptr_3 SL:rating_value] @ptr_4 @ptr_5 [SL:best_rating @ptr_6 SL:best_rating]
I would rate The Codebreakers a rating of 6 and a value of 2	I Ġwould Ġrate ĠThe ĠCode breakers Ġa Ġrating Ġof Ġ6 Ġand Ġa Ġvalue Ġof Ġ2	@ptr_0 @ptr_1 @ptr_2 [SL:object_name @ptr_3 @ptr_4 @ptr_5 SL:object_name] @ptr_6 @ptr_7 @ptr_8 [SL:best_rating @ptr_9 SL:best_rating] @ptr_10 @ptr_11 @ptr_12 @ptr_13 [SL:rating_value @ptr_14 SL:rating_value]
Give The Crisis , one / 6 points	Give ĠThe ĠCrisis Ġ, Ġone Ġ/ Ġ6 Ġpoints	@ptr_0 [SL:object_name @ptr_1 @ptr_2 SL:object_name] @ptr_3 [SL:rating_value @ptr_4 SL:rating_value] @ptr_5 [SL:best_rating @ptr_6 SL:best_rating] [SL:rating_unit @ptr_7 SL:rating_unit]
Rate Gilgamesh the King 5 out of 6	Rate ĠGil games h Ġthe ĠKing Ġ5 Ġout Ġof Ġ6	@ptr_0 [SL:object_name @ptr_1 @ptr_2 @ptr_3 @ptr_4 @ptr_5 SL:object_name] [SL:rating_value @ptr_6 SL:rating_value] @ptr_7 @ptr_8 [SL:best_rating @ptr_9 SL:best_rating]
Warriors of Legend gets a 3 out of 6	War riors Ġof ĠLegend Ġgets Ġa Ġ3 Ġout Ġof Ġ6	[SL:object_name @ptr_0 @ptr_1 @ptr_2 @ptr_3 SL:object_name] @ptr_4 @ptr_5 [SL:rating_value @ptr_6 SL:rating_value] @ptr_7 @ptr_8 [SL:best_rating @ptr_9 SL:best_rating]
I give The Lacuna a rating of 5 stars under the chronicle rated at 6	I Ġgive ĠThe ĠLac una Ġa Ġrating Ġof Ġ5 Ġstars Ġunder Ġthe Ġchron icle Ġrated Ġat Ġ6	@ptr_0 @ptr_1 [SL:object_name @ptr_2 @ptr_3 @ptr_4 SL:object_name] @ptr_5 @ptr_6 @ptr_7 [SL:rating_value @ptr_8 SL:rating_value] [SL:rating_unit @ptr_9 SL:rating_unit] @ptr_10 @ptr_11 [SL:object_part_of_series_type @ptr_12 @ptr_13 SL:object_part_of_series_type] @ptr_14 @ptr_15 [SL:best_rating @ptr_16 SL:best_rating]
the series City on Fire is a four	the Ġseries ĠCity Ġon ĠFire Ġis Ġa Ġfour	@ptr_0 [SL:object_part_of_series_type @ptr_1 SL:object_part_of_series_type] [SL:object_name @ptr_2 @ptr_3 @ptr_4 SL:object_name] @ptr_5 @ptr_6 [SL:rating_value @ptr_7 SL:rating_value]
Rate the current essay 0	Rate Ġthe Ġcurrent Ġessay Ġ0	@ptr_0 @ptr_1 [SL:object_select @ptr_2 SL:object_select] [SL:object_type @ptr_3 SL:object_type] [SL:rating_value @ptr_4 SL:rating_value]
Rate this textbook four of 6 points	Rate Ġthis Ġtextbook Ġfour Ġof Ġ6 Ġpoints	@ptr_0 [SL:object_select @ptr_1 SL:object_select] [SL:object_type @ptr_2 SL:object_type] [SL:rating_value @ptr_3 SL:rating_value] @ptr_4 [SL:best_rating @ptr_5 SL:best_rating] [SL:rating_unit @ptr_6 SL:rating_unit]
this current book is worth five	this Ġcurrent Ġbook Ġis Ġworth Ġfive	@ptr_0 [SL:object_select @ptr_1 SL:object_select] [SL:object_type @ptr_2 SL:object_type] @ptr_3 @ptr_4 [SL:rating_value @ptr_5 SL:rating_value]
Give three stars / 6 to My Sister, My Love	Give Ġthree Ġstars Ġ/ Ġ6 Ġto ĠMy ĠSister , ĠMy ĠLove	@ptr_0 [SL:rating_value @ptr_1 SL:rating_value] [SL:rating_unit @ptr_2 SL:rating_unit] @ptr_3 [SL:best_rating @ptr_4 SL:best_rating] @ptr_5 [SL:object_name @ptr_6 @ptr_7 @ptr_8 @ptr_9 @ptr_10 SL:object_name]
I'd rate this novel at 2 points	I 'd Ġrate Ġthis Ġnovel Ġat Ġ2 Ġpoints	@ptr_0 @ptr_1 @ptr_2 [SL:object_select @ptr_3 SL:object_select] [SL:object_type @ptr_4 SL:object_type] @ptr_5 [SL:rating_value @ptr_6 SL:rating_value] [SL:rating_unit @ptr_7 SL:rating_unit]
I give The Monkey and the Tiger a rating of 2 points	I Ġgive ĠThe ĠMonkey Ġand Ġthe ĠTiger Ġa Ġrating Ġof Ġ2 Ġpoints	@ptr_0 @ptr_1 [SL:object_name @ptr_2 @ptr_3 @ptr_4 @ptr_5 @ptr_6 SL:object_name] @ptr_7 @ptr_8 @ptr_9 [SL:rating_value @ptr_10 SL:rating_value] [SL:rating_unit @ptr_11 SL:rating_unit]
Rate the current chronicle a two	Rate Ġthe Ġcurrent Ġchron icle Ġa Ġtwo	@ptr_0 @ptr_1 [SL:object_select @ptr_2 SL:object_select] [SL:object_part_of_series_type @ptr_3 @ptr_4 SL:object_part_of_series_type] @ptr_5 [SL:rating_value @ptr_6 SL:rating_value]
rate the book Whit a zero	rate Ġthe Ġbook ĠWhit Ġa Ġzero	@ptr_0 @ptr_1 [SL:object_type @ptr_2 SL:object_type] [SL:object_name @ptr_3 SL:object_name] @ptr_4 [SL:rating_value @ptr_5 SL:rating_value]
give After Worlds Collide a 1	give ĠAfter ĠWorlds ĠColl ide Ġa Ġ1	@ptr_0 [SL:object_name @ptr_1 @ptr_2 @ptr_3 @ptr_4 SL:object_name] @ptr_5 [SL:rating_value @ptr_6 SL:rating_value]
Rate Small Screen, Big Picture a 0 out of 6	Rate ĠSmall ĠScreen , ĠBig ĠPicture Ġa Ġ0 Ġout Ġof Ġ6	@ptr_0 [SL:object_name @ptr_1 @ptr_2 @ptr_3 @ptr_4 @ptr_5 SL:object_name] @ptr_6 [SL:rating_value @ptr_7 SL:rating_value] @ptr_8 @ptr_9 [SL:best_rating @ptr_10 SL:best_rating]
rate this textbook a one	rate Ġthis Ġtextbook Ġa Ġone	@ptr_0 [SL:object_select @ptr_1 SL:object_select] [SL:object_type @ptr_2 SL:object_type] @ptr_3 [SL:rating_value @ptr_4 SL:rating_value]
I give this book five stars out of 6	I Ġgive Ġthis Ġbook Ġfive Ġstars Ġout Ġof Ġ6	@ptr_0 @ptr_1 [SL:object_select @ptr_2 SL:object_select] [SL:object_type @ptr_3 SL:object_type] [SL:rating_value @ptr_4 SL:rating_value] [SL:rating_unit @ptr_5 SL:rating_unit] @ptr_6 @ptr_7 [SL:best_rating @ptr_8 SL:best_rating]
Rate The White Body of Evening one of 6	Rate ĠThe ĠWhite ĠBody Ġof ĠEvening Ġone Ġof Ġ6	@ptr_0 [SL:object_name @ptr_1 @ptr_2 @ptr_3 @ptr_4 @ptr_5 SL:object_name] [SL:rating_value @ptr_6 SL:rating_value] @ptr_7 [SL:best_rating @ptr_8 SL:best_rating]
Rate the current novel a zero	Rate Ġthe Ġcurrent Ġnovel Ġa Ġzero	@ptr_0 @ptr_1 [SL:object_select @ptr_2 SL:object_select] [SL:object_type @ptr_3 SL:object_type] @ptr_4 [SL:rating_value @ptr_5 SL:rating_value]
I would give zero stars to A Concise Treatise on the Art of Angling out of 6	I Ġwould Ġgive Ġzero Ġstars Ġto ĠA ĠConc ise ĠTreat ise Ġon Ġthe ĠArt Ġof ĠAng ling Ġout Ġof Ġ6	@ptr_0 @ptr_1 @ptr_2 [SL:rating_value @ptr_3 SL:rating_value] [SL:rating_unit @ptr_4 SL:rating_unit] @ptr_5 [SL:object_name @ptr_6 @ptr_7 @ptr_8 @ptr_9 @ptr_10 @ptr_11 @ptr_12 @ptr_13 @ptr_14 @ptr_15 @ptr_16 SL:object_name] @ptr_17 @ptr_18 [SL:best_rating @ptr_19 SL:best_rating]
I want to give The Pilgrims of Rayne three out of 6 stars	I Ġwant Ġto Ġgive ĠThe ĠPil gr ims Ġof ĠRay ne Ġthree Ġout Ġof Ġ6 Ġstars	@ptr_0 @ptr_1 @ptr_2 @ptr_3 [SL:object_name @ptr_4 @ptr_5 @ptr_6 @ptr_7 @ptr_8 @ptr_9 @ptr_10 SL:object_name] [SL:rating_value @ptr_11 SL:rating_value] @ptr_12 @ptr_13 [SL:best_rating @ptr_14 SL:best_rating] [SL:rating_unit @ptr_15 SL:rating_unit]
Rate this album 0 points	Rate Ġthis Ġalbum Ġ0 Ġpoints	@ptr_0 [SL:object_select @ptr_1 SL:object_select] [SL:object_type @ptr_2 SL:object_type] [SL:rating_value @ptr_3 SL:rating_value] [SL:rating_unit @ptr_4 SL:rating_unit]
The current album deserves 0 stars	The Ġcurrent Ġalbum Ġdeserves Ġ0 Ġstars	@ptr_0 [SL:object_select @ptr_1 SL:object_select] [SL:object_type @ptr_2 SL:object_type] @ptr_3 [SL:rating_value @ptr_4 SL:rating_value] [SL:rating_unit @ptr_5 SL:rating_unit]
Rate Short Trips: Destination Prague five out of 6	Rate ĠShort ĠTri ps : ĠDestination ĠPrague Ġfive Ġout Ġof Ġ6	@ptr_0 [SL:object_name @ptr_1 @ptr_2 @ptr_3 @ptr_4 @ptr_5 @ptr_6 SL:object_name] [SL:rating_value @ptr_7 SL:rating_value] @ptr_8 @ptr_9 [SL:best_rating @ptr_10 SL:best_rating]
Rate the current essay 5 of 6 points	Rate Ġthe Ġcurrent Ġessay Ġ5 Ġof Ġ6 Ġpoints	@ptr_0 @ptr_1 [SL:object_select @ptr_2 SL:object_select] [SL:object_type @ptr_3 SL:object_type] [SL:rating_value @ptr_4 SL:rating_value] @ptr_5 [SL:best_rating @ptr_6 SL:best_rating] [SL:rating_unit @ptr_7 SL:rating_unit]
rate the current album two points	rate Ġthe Ġcurrent Ġalbum Ġtwo Ġpoints	@ptr_0 @ptr_1 [SL:object_select @ptr_2 SL:object_select] [SL:object_type @ptr_3 SL:object_type] [SL:rating_value @ptr_4 SL:rating_value] [SL:rating_unit @ptr_5 SL:rating_unit]
I am giving Paedophilia: The Radical Case a rating of 2 out of 6 points	I Ġam Ġgiving ĠP aed oph ilia : ĠThe ĠRadical ĠCase Ġa Ġrating Ġof Ġ2 Ġout Ġof Ġ6 Ġpoints	@ptr_0 @ptr_1 @ptr_2 [SL:object_name @ptr_3 @ptr_4 @ptr_5 @ptr_6 @ptr_7 @ptr_8 @ptr_9 @ptr_10 SL:object_name] @ptr_11 @ptr_12 @ptr_13 [SL:rating_value @ptr_14 SL:rating_value] @ptr_15 @ptr_16 [SL:best_rating @ptr_17 SL:best_rating] [SL:rating_unit @ptr_18 SL:rating_unit]
give this novel 3 of 6	give Ġthis Ġnovel Ġ3 Ġof Ġ6	@ptr_0 [SL:object_select @ptr_1 SL:object_select] [SL:object_type @ptr_2 SL:object_type] [SL:rating_value @ptr_3 SL:rating_value] @ptr_4 [SL:best_rating @ptr_5 SL:best_rating]
Peter and the Piskies: Cornish Folk and Fairy Tales only gets a three out of 6	Peter Ġand Ġthe ĠP isk ies : ĠCorn ish ĠFolk Ġand ĠFairy ĠTales Ġonly Ġgets Ġa Ġthree Ġout Ġof Ġ6	[SL:object_name @ptr_0 @ptr_1 @ptr_2 @ptr_3 @ptr_4 @ptr_5 @ptr_6 @ptr_7 @ptr_8 @ptr_9 @ptr_10 @ptr_11 @ptr_12 SL:object_name] @ptr_13 @ptr_14 @ptr_15 [SL:rating_value @ptr_16 SL:rating_value] @ptr_17 @ptr_18 [SL:best_rating @ptr_19 SL:best_rating]
Give the current book im reading zero points out of 6	Give Ġthe Ġcurrent Ġbook Ġim Ġreading Ġzero Ġpoints Ġout Ġof Ġ6	@ptr_0 @ptr_1 [SL:object_select @ptr_2 SL:object_select] [SL:object_type @ptr_3 SL:object_type] @ptr_4 @ptr_5 [SL:rating_value @ptr_6 SL:rating_value] [SL:rating_unit @ptr_7 SL:rating_unit] @ptr_8 @ptr_9 [SL:best_rating @ptr_10 SL:best_rating]
Give Northern Lights Audio 5 / 6 points	Give ĠNorthern ĠLights ĠAudio Ġ5 Ġ/ Ġ6 Ġpoints	@ptr_0 [SL:object_name @ptr_1 @ptr_2 @ptr_3 SL:object_name] [SL:rating_value @ptr_4 SL:rating_value] @ptr_5 [SL:best_rating @ptr_6 SL:best_rating] [SL:rating_unit @ptr_7 SL:rating_unit]
Rate The Best American Short Stories 2007 one out of 6 points	Rate ĠThe ĠBest ĠAmerican ĠShort ĠStories Ġ2007 Ġone Ġout Ġof Ġ6 Ġpoints	@ptr_0 [SL:object_name @ptr_1 @ptr_2 @ptr_3 @ptr_4 @ptr_5 @ptr_6 SL:object_name] [SL:rating_value @ptr_7 SL:rating_value] @ptr_8 @ptr_9 [SL:best_rating @ptr_10 SL:best_rating] [SL:rating_unit @ptr_11 SL:rating_unit]
Out of 6 , I give the following book zero	Out Ġof Ġ6 Ġ, ĠI Ġgive Ġthe Ġfollowing Ġbook Ġzero	@ptr_0 @ptr_1 [SL:best_rating @ptr_2 SL:best_rating] @ptr_3 @ptr_4 @ptr_5 @ptr_6 [SL:object_select @ptr_7 SL:object_select] [SL:object_type @ptr_8 SL:object_type] [SL:rating_value @ptr_9 SL:rating_value]
Give four / 6 points to Empire of Death	Give Ġfour Ġ/ Ġ6 Ġpoints Ġto ĠEmpire Ġof ĠDeath	@ptr_0 [SL:rating_value @ptr_1 SL:rating_value] @ptr_2 [SL:best_rating @ptr_3 SL:best_rating] [SL:rating_unit @ptr_4 SL:rating_unit] @ptr_5 [SL:object_name @ptr_6 @ptr_7 @ptr_8 SL:object_name]
Give this book a rating of four out of 6	Give Ġthis Ġbook Ġa Ġrating Ġof Ġfour Ġout Ġof Ġ6	@ptr_0 [SL:object_select @ptr_1 SL:object_select] [SL:object_type @ptr_2 SL:object_type] @ptr_3 @ptr_4 @ptr_5 [SL:rating_value @ptr_6 SL:rating_value] @ptr_7 @ptr_8 [SL:best_rating @ptr_9 SL:best_rating]
I give One Clear Call zero out of 6 points	I Ġgive ĠOne ĠClear ĠCall Ġzero Ġout Ġof Ġ6 Ġpoints	@ptr_0 @ptr_1 [SL:object_name @ptr_2 @ptr_3 @ptr_4 SL:object_name] [SL:rating_value @ptr_5 SL:rating_value] @ptr_6 @ptr_7 [SL:best_rating @ptr_8 SL:best_rating] [SL:rating_unit @ptr_9 SL:rating_unit]
rate Break No Bones series a 1 of 6	rate ĠBreak ĠNo ĠBones Ġseries Ġa Ġ1 Ġof Ġ6	@ptr_0 [SL:object_name @ptr_1 @ptr_2 @ptr_3 SL:object_name] [SL:object_part_of_series_type @ptr_4 SL:object_part_of_series_type] @ptr_5 [SL:rating_value @ptr_6 SL:rating_value] @ptr_7 [SL:best_rating @ptr_8 SL:best_rating]
give 1 out of 6 to West of January	give Ġ1 Ġout Ġof Ġ6 Ġto ĠWest Ġof ĠJanuary	@ptr_0 [SL:rating_value @ptr_1 SL:rating_value] @ptr_2 @ptr_3 [SL:best_rating @ptr_4 SL:best_rating] @ptr_5 [SL:object_name @ptr_6 @ptr_7 @ptr_8 SL:object_name]
I give the part of the chronicle Growth Fetish four out of 6 stars	I Ġgive Ġthe Ġpart Ġof Ġthe Ġchron icle ĠGrowth ĠFet ish Ġfour Ġout Ġof Ġ6 Ġstars	@ptr_0 @ptr_1 @ptr_2 @ptr_3 @ptr_4 @ptr_5 [SL:object_part_of_series_type @ptr_6 @ptr_7 SL:object_part_of_series_type] [SL:object_name @ptr_8 @ptr_9 @ptr_10 SL:object_name] [SL:rating_value @ptr_11 SL:rating_value] @ptr_12 @ptr_13 [SL:best_rating @ptr_14 SL:best_rating] [SL:rating_unit @ptr_15 SL:rating_unit]
I feel that The Loveday Trials is rated at a one out of 6 points	I Ġfeel Ġthat ĠThe ĠL oved ay ĠTrials Ġis Ġrated Ġat Ġa Ġone Ġout Ġof Ġ6 Ġpoints	@ptr_0 @ptr_1 @ptr_2 [SL:object_name @ptr_3 @ptr_4 @ptr_5 @ptr_6 @ptr_7 SL:object_name] @ptr_8 @ptr_9 @ptr_10 @ptr_11 [SL:rating_value @ptr_12 SL:rating_value] @ptr_13 @ptr_14 [SL:best_rating @ptr_15 SL:best_rating] [SL:rating_unit @ptr_16 SL:rating_unit]
I am giving this current book album 0 out of 6 stars	I Ġam Ġgiving Ġthis Ġcurrent Ġbook Ġalbum Ġ0 Ġout Ġof Ġ6 Ġstars	@ptr_0 @ptr_1 @ptr_2 @ptr_3 [SL:object_select @ptr_4 SL:object_select] [SL:object_type @ptr_5 @ptr_6 SL:object_type] [SL:rating_value @ptr_7 SL:rating_value] @ptr_8 @ptr_9 [SL:best_rating @ptr_10 SL:best_rating] [SL:rating_unit @ptr_11 SL:rating_unit]
The Revolution Script should have a rating value of three and a best rating of 6	The ĠRevolution ĠScript Ġshould Ġhave Ġa Ġrating Ġvalue Ġof Ġthree Ġand Ġa Ġbest Ġrating Ġof Ġ6	[SL:object_name @ptr_0 @ptr_1 @ptr_2 SL:object_name] @ptr_3 @ptr_4 @ptr_5 @ptr_6 @ptr_7 @ptr_8 [SL:rating_value @ptr_9 SL:rating_value] @ptr_10 @ptr_11 @ptr_12 @ptr_13 @ptr_14 [SL:best_rating @ptr_15 SL:best_rating]
rate the book Indiana Jones and the Dance of the Giants 5 out of 6 stars	rate Ġthe Ġbook ĠIndiana ĠJones Ġand Ġthe ĠDance Ġof Ġthe ĠGiants Ġ5 Ġout Ġof Ġ6 Ġstars	@ptr_0 @ptr_1 [SL:object_type @ptr_2 SL:object_type] [SL:object_name @ptr_3 @ptr_4 @ptr_5 @ptr_6 @ptr_7 @ptr_8 @ptr_9 @ptr_10 SL:object_name] [SL:rating_value @ptr_11 SL:rating_value] @ptr_12 @ptr_13 [SL:best_rating @ptr_14 SL:best_rating] [SL:rating_unit @ptr_15 SL:rating_unit]
For the current chronicle I give five of 6	For Ġthe Ġcurrent Ġchron icle ĠI Ġgive Ġfive Ġof Ġ6	@ptr_0 @ptr_1 [SL:object_select @ptr_2 SL:object_select] [SL:object_part_of_series_type @ptr_3 @ptr_4 SL:object_part_of_series_type] @ptr_5 @ptr_6 [SL:rating_value @ptr_7 SL:rating_value] @ptr_8 [SL:best_rating @ptr_9 SL:best_rating]
give this textbook 0 of 6 stars	give Ġthis Ġtextbook Ġ0 Ġof Ġ6 Ġstars	@ptr_0 [SL:object_select @ptr_1 SL:object_select] [SL:object_type @ptr_2 SL:object_type] [SL:rating_value @ptr_3 SL:rating_value] @ptr_4 [SL:best_rating @ptr_5 SL:best_rating] [SL:rating_unit @ptr_6 SL:rating_unit]
Rate Puttering About in a Small Land zero out of 6 stars	Rate ĠPut tering ĠAbout Ġin Ġa ĠSmall ĠLand Ġzero Ġout Ġof Ġ6 Ġstars	@ptr_0 [SL:object_name @ptr_1 @ptr_2 @ptr_3 @ptr_4 @ptr_5 @ptr_6 @ptr_7 SL:object_name] [SL:rating_value @ptr_8 SL:rating_value] @ptr_9 @ptr_10 [SL:best_rating @ptr_11 SL:best_rating] [SL:rating_unit @ptr_12 SL:rating_unit]
rate this book four out of 6 points	rate Ġthis Ġbook Ġfour Ġout Ġof Ġ6 Ġpoints	@ptr_0 [SL:object_select @ptr_1 SL:object_select] [SL:object_type @ptr_2 SL:object_type] [SL:rating_value @ptr_3 SL:rating_value] @ptr_4 @ptr_5 [SL:best_rating @ptr_6 SL:best_rating] [SL:rating_unit @ptr_7 SL:rating_unit]
the last novel is a solid 3 out of 6	the Ġlast Ġnovel Ġis Ġa Ġsolid Ġ3 Ġout Ġof Ġ6	@ptr_0 [SL:object_select @ptr_1 SL:object_select] [SL:object_type @ptr_2 SL:object_type] @ptr_3 @ptr_4 @ptr_5 [SL:rating_value @ptr_6 SL:rating_value] @ptr_7 @ptr_8 [SL:best_rating @ptr_9 SL:best_rating]
I think that this novel should get 2 points and a rating of 6	I Ġthink Ġthat Ġthis Ġnovel Ġshould Ġget Ġ2 Ġpoints Ġand Ġa Ġrating Ġof Ġ6	@ptr_0 @ptr_1 @ptr_2 [SL:object_select @ptr_3 SL:object_select] [SL:object_type @ptr_4 SL:object_type] @ptr_5 @ptr_6 [SL:rating_value @ptr_7 SL:rating_value] [SL:rating_unit @ptr_8 SL:rating_unit] @ptr_9 @ptr_10 @ptr_11 @ptr_12 [SL:best_rating @ptr_13 SL:best_rating]
Rate this novel 0 of 6 stars	Rate Ġthis Ġnovel Ġ0 Ġof Ġ6 Ġstars	@ptr_0 [SL:object_select @ptr_1 SL:object_select] [SL:object_type @ptr_2 SL:object_type] [SL:rating_value @ptr_3 SL:rating_value] @ptr_4 [SL:best_rating @ptr_5 SL:best_rating] [SL:rating_unit @ptr_6 SL:rating_unit]
Rate 12 Great Classics of Science Fiction zero out of 6 points	Rate Ġ12 ĠGreat ĠClassics Ġof ĠScience ĠFiction Ġzero Ġout Ġof Ġ6 Ġpoints	@ptr_0 [SL:object_name @ptr_1 @ptr_2 @ptr_3 @ptr_4 @ptr_5 @ptr_6 SL:object_name] [SL:rating_value @ptr_7 SL:rating_value] @ptr_8 @ptr_9 [SL:best_rating @ptr_10 SL:best_rating] [SL:rating_unit @ptr_11 SL:rating_unit]
Give the current part of the saga 4 points out of 6	Give Ġthe Ġcurrent Ġpart Ġof Ġthe Ġsaga Ġ4 Ġpoints Ġout Ġof Ġ6	@ptr_0 @ptr_1 [SL:object_select @ptr_2 SL:object_select] @ptr_3 @ptr_4 @ptr_5 [SL:object_part_of_series_type @ptr_6 SL:object_part_of_series_type] [SL:rating_value @ptr_7 SL:rating_value] [SL:rating_unit @ptr_8 SL:rating_unit] @ptr_9 @ptr_10 [SL:best_rating @ptr_11 SL:best_rating]
I want to give this novel a four out of 6 stars	I Ġwant Ġto Ġgive Ġthis Ġnovel Ġa Ġfour Ġout Ġof Ġ6 Ġstars	@ptr_0 @ptr_1 @ptr_2 @ptr_3 [SL:object_select @ptr_4 SL:object_select] [SL:object_type @ptr_5 SL:object_type] @ptr_6 [SL:rating_value @ptr_7 SL:rating_value] @ptr_8 @ptr_9 [SL:best_rating @ptr_10 SL:best_rating] [SL:rating_unit @ptr_11 SL:rating_unit]
give 5 out of 6 points to Myths of the Hindus & Buddhists	give Ġ5 Ġout Ġof Ġ6 Ġpoints Ġto ĠMy ths Ġof Ġthe ĠHindus Ġ& ĠBuddh ists	@ptr_0 [SL:rating_value @ptr_1 SL:rating_value] @ptr_2 @ptr_3 [SL:best_rating @ptr_4 SL:best_rating] [SL:rating_unit @ptr_5 SL:rating_unit] @ptr_6 [SL:object_name @ptr_7 @ptr_8 @ptr_9 @ptr_10 @ptr_11 @ptr_12 @ptr_13 @ptr_14 SL:object_name]
Can I rate the current textbook three to 6 stars	Can ĠI Ġrate Ġthe Ġcurrent Ġtextbook Ġthree Ġto Ġ6 Ġstars	@ptr_0 @ptr_1 @ptr_2 @ptr_3 [SL:object_select @ptr_4 SL:object_select] [SL:object_type @ptr_5 SL:object_type] [SL:rating_value @ptr_6 SL:rating_value] @ptr_7 [SL:best_rating @ptr_8 SL:best_rating] [SL:rating_unit @ptr_9 SL:rating_unit]
rate the current series 1 points	rate Ġthe Ġcurrent Ġseries Ġ1 Ġpoints	@ptr_0 @ptr_1 [SL:object_select @ptr_2 SL:object_select] [SL:object_part_of_series_type @ptr_3 SL:object_part_of_series_type] [SL:rating_value @ptr_4 SL:rating_value] [SL:rating_unit @ptr_5 SL:rating_unit]
The current series deserves three stars	The Ġcurrent Ġseries Ġdeserves Ġthree Ġstars	@ptr_0 [SL:object_select @ptr_1 SL:object_select] [SL:object_part_of_series_type @ptr_2 SL:object_part_of_series_type] @ptr_3 [SL:rating_value @ptr_4 SL:rating_value] [SL:rating_unit @ptr_5 SL:rating_unit]
Rate my current book four points out of 6	Rate Ġmy Ġcurrent Ġbook Ġfour Ġpoints Ġout Ġof Ġ6	@ptr_0 @ptr_1 [SL:object_select @ptr_2 SL:object_select] [SL:object_type @ptr_3 SL:object_type] [SL:rating_value @ptr_4 SL:rating_value] [SL:rating_unit @ptr_5 SL:rating_unit] @ptr_6 @ptr_7 [SL:best_rating @ptr_8 SL:best_rating]
I'm giving 0 points to A New Lease of Death	I 'm Ġgiving Ġ0 Ġpoints Ġto ĠA ĠNew ĠLe ase Ġof ĠDeath	@ptr_0 @ptr_1 @ptr_2 [SL:rating_value @ptr_3 SL:rating_value] [SL:rating_unit @ptr_4 SL:rating_unit] @ptr_5 [SL:object_name @ptr_6 @ptr_7 @ptr_8 @ptr_9 @ptr_10 @ptr_11 SL:object_name]
Give the current saga three stars	Give Ġthe Ġcurrent Ġsaga Ġthree Ġstars	@ptr_0 @ptr_1 [SL:object_select @ptr_2 SL:object_select] [SL:object_part_of_series_type @ptr_3 SL:object_part_of_series_type] [SL:rating_value @ptr_4 SL:rating_value] [SL:rating_unit @ptr_5 SL:rating_unit]
rate this book called The Last of the Wine two out of 6 points	rate Ġthis Ġbook Ġcalled ĠThe ĠLast Ġof Ġthe ĠWine Ġtwo Ġout Ġof Ġ6 Ġpoints	@ptr_0 @ptr_1 [SL:object_type @ptr_2 SL:object_type] @ptr_3 [SL:object_name @ptr_4 @ptr_5 @ptr_6 @ptr_7 @ptr_8 SL:object_name] [SL:rating_value @ptr_9 SL:rating_value] @ptr_10 @ptr_11 [SL:best_rating @ptr_12 SL:best_rating] [SL:rating_unit @ptr_13 SL:rating_unit]
I rate Observations one points	I Ġrate ĠObserv ations Ġone Ġpoints	@ptr_0 @ptr_1 [SL:object_name @ptr_2 @ptr_3 SL:object_name] [SL:rating_value @ptr_4 SL:rating_value] [SL:rating_unit @ptr_5 SL:rating_unit]
rate the current essay book four out of 6 points	rate Ġthe Ġcurrent Ġessay Ġbook Ġfour Ġout Ġof Ġ6 Ġpoints	@ptr_0 @ptr_1 [SL:object_select @ptr_2 SL:object_select] [SL:object_type @ptr_3 @ptr_4 SL:object_type] [SL:rating_value @ptr_5 SL:rating_value] @ptr_6 @ptr_7 [SL:best_rating @ptr_8 SL:best_rating] [SL:rating_unit @ptr_9 SL:rating_unit]
Rate this book five of 6 points	Rate Ġthis Ġbook Ġfive Ġof Ġ6 Ġpoints	@ptr_0 [SL:object_select @ptr_1 SL:object_select] [SL:object_type @ptr_2 SL:object_type] [SL:rating_value @ptr_3 SL:rating_value] @ptr_4 [SL:best_rating @ptr_5 SL:best_rating] [SL:rating_unit @ptr_6 SL:rating_unit]
Diana in Search of Herself is average and gets a 3 out of 6 points	D iana Ġin ĠSearch Ġof ĠHer self Ġis Ġaverage Ġand Ġgets Ġa Ġ3 Ġout Ġof Ġ6 Ġpoints	[SL:object_name @ptr_0 @ptr_1 @ptr_2 @ptr_3 @ptr_4 @ptr_5 @ptr_6 SL:object_name] @ptr_7 @ptr_8 @ptr_9 @ptr_10 @ptr_11 [SL:rating_value @ptr_12 SL:rating_value] @ptr_13 @ptr_14 [SL:best_rating @ptr_15 SL:best_rating] [SL:rating_unit @ptr_16 SL:rating_unit]
give 1 stars to book Mr Ponsonby	give Ġ1 Ġstars Ġto Ġbook ĠMr ĠP onson by	@ptr_0 [SL:rating_value @ptr_1 SL:rating_value] [SL:rating_unit @ptr_2 SL:rating_unit] @ptr_3 [SL:object_type @ptr_4 SL:object_type] [SL:object_name @ptr_5 @ptr_6 @ptr_7 @ptr_8 SL:object_name]
give 5 stars to this book	give Ġ5 Ġstars Ġto Ġthis Ġbook	@ptr_0 [SL:rating_value @ptr_1 SL:rating_value] [SL:rating_unit @ptr_2 SL:rating_unit] @ptr_3 [SL:object_select @ptr_4 SL:object_select] [SL:object_type @ptr_5 SL:object_type]
rate the current novel two points out of 6	rate Ġthe Ġcurrent Ġnovel Ġtwo Ġpoints Ġout Ġof Ġ6	@ptr_0 @ptr_1 [SL:object_select @ptr_2 SL:object_select] [SL:object_type @ptr_3 SL:object_type] [SL:rating_value @ptr_4 SL:rating_value] [SL:rating_unit @ptr_5 SL:rating_unit] @ptr_6 @ptr_7 [SL:best_rating @ptr_8 SL:best_rating]
rate the current textbook 4 of 6 points	rate Ġthe Ġcurrent Ġtextbook Ġ4 Ġof Ġ6 Ġpoints	@ptr_0 @ptr_1 [SL:object_select @ptr_2 SL:object_select] [SL:object_type @ptr_3 SL:object_type] [SL:rating_value @ptr_4 SL:rating_value] @ptr_5 [SL:best_rating @ptr_6 SL:best_rating] [SL:rating_unit @ptr_7 SL:rating_unit]
I rate The Blood of Others series only five points	I Ġrate ĠThe ĠBlood Ġof ĠOthers Ġseries Ġonly Ġfive Ġpoints	@ptr_0 @ptr_1 [SL:object_name @ptr_2 @ptr_3 @ptr_4 @ptr_5 SL:object_name] [SL:object_part_of_series_type @ptr_6 SL:object_part_of_series_type] @ptr_7 [SL:rating_value @ptr_8 SL:rating_value] [SL:rating_unit @ptr_9 SL:rating_unit]
Rate The White Abacus zero out of 6 points	Rate ĠThe ĠWhite ĠAb acus Ġzero Ġout Ġof Ġ6 Ġpoints	@ptr_0 [SL:object_name @ptr_1 @ptr_2 @ptr_3 @ptr_4 SL:object_name] [SL:rating_value @ptr_5 SL:rating_value] @ptr_6 @ptr_7 [SL:best_rating @ptr_8 SL:best_rating] [SL:rating_unit @ptr_9 SL:rating_unit]
Give Setting Free the Bears series a four out of 6 stars	Give ĠSetting ĠFree Ġthe ĠBears Ġseries Ġa Ġfour Ġout Ġof Ġ6 Ġstars	@ptr_0 [SL:object_name @ptr_1 @ptr_2 @ptr_3 @ptr_4 SL:object_name] [SL:object_part_of_series_type @ptr_5 SL:object_part_of_series_type] @ptr_6 [SL:rating_value @ptr_7 SL:rating_value] @ptr_8 @ptr_9 [SL:best_rating @ptr_10 SL:best_rating] [SL:rating_unit @ptr_11 SL:rating_unit]
Rate The Postman Always Rings Twice zero stars out of 6	Rate ĠThe ĠPost man ĠAlways ĠRings ĠTwice Ġzero Ġstars Ġout Ġof Ġ6	@ptr_0 [SL:object_name @ptr_1 @ptr_2 @ptr_3 @ptr_4 @ptr_5 @ptr_6 SL:object_name] [SL:rating_value @ptr_7 SL:rating_value] [SL:rating_unit @ptr_8 SL:rating_unit] @ptr_9 @ptr_10 [SL:best_rating @ptr_11 SL:best_rating]
Give The Street five points	Give ĠThe ĠStreet Ġfive Ġpoints	@ptr_0 [SL:object_name @ptr_1 @ptr_2 SL:object_name] [SL:rating_value @ptr_3 SL:rating_value] [SL:rating_unit @ptr_4 SL:rating_unit]
Give Souls in Metal four out of 6 points	Give ĠSouls Ġin ĠMetal Ġfour Ġout Ġof Ġ6 Ġpoints	@ptr_0 [SL:object_name @ptr_1 @ptr_2 @ptr_3 SL:object_name] [SL:rating_value @ptr_4 SL:rating_value] @ptr_5 @ptr_6 [SL:best_rating @ptr_7 SL:best_rating] [SL:rating_unit @ptr_8 SL:rating_unit]
I give The Savage Mind a rating of zero out of 6 points	I Ġgive ĠThe ĠSavage ĠMind Ġa Ġrating Ġof Ġzero Ġout Ġof Ġ6 Ġpoints	@ptr_0 @ptr_1 [SL:object_name @ptr_2 @ptr_3 @ptr_4 SL:object_name] @ptr_5 @ptr_6 @ptr_7 [SL:rating_value @ptr_8 SL:rating_value] @ptr_9 @ptr_10 [SL:best_rating @ptr_11 SL:best_rating] [SL:rating_unit @ptr_12 SL:rating_unit]
give one out of 6 points to this album	give Ġone Ġout Ġof Ġ6 Ġpoints Ġto Ġthis Ġalbum	@ptr_0 [SL:rating_value @ptr_1 SL:rating_value] @ptr_2 @ptr_3 [SL:best_rating @ptr_4 SL:best_rating] [SL:rating_unit @ptr_5 SL:rating_unit] @ptr_6 [SL:object_select @ptr_7 SL:object_select] [SL:object_type @ptr_8 SL:object_type]
I give the current textbook 0 of 6 points	I Ġgive Ġthe Ġcurrent Ġtextbook Ġ0 Ġof Ġ6 Ġpoints	@ptr_0 @ptr_1 @ptr_2 [SL:object_select @ptr_3 SL:object_select] [SL:object_type @ptr_4 SL:object_type] [SL:rating_value @ptr_5 SL:rating_value] @ptr_6 [SL:best_rating @ptr_7 SL:best_rating] [SL:rating_unit @ptr_8 SL:rating_unit]
Rate this novel five of 6	Rate Ġthis Ġnovel Ġfive Ġof Ġ6	@ptr_0 [SL:object_select @ptr_1 SL:object_select] [SL:object_type @ptr_2 SL:object_type] [SL:rating_value @ptr_3 SL:rating_value] @ptr_4 [SL:best_rating @ptr_5 SL:best_rating]
rate the current textbook 3 out of 6	rate Ġthe Ġcurrent Ġtextbook Ġ3 Ġout Ġof Ġ6	@ptr_0 @ptr_1 [SL:object_select @ptr_2 SL:object_select] [SL:object_type @ptr_3 SL:object_type] [SL:rating_value @ptr_4 SL:rating_value] @ptr_5 @ptr_6 [SL:best_rating @ptr_7 SL:best_rating]
I think the current album should get a four out of 6	I Ġthink Ġthe Ġcurrent Ġalbum Ġshould Ġget Ġa Ġfour Ġout Ġof Ġ6	@ptr_0 @ptr_1 @ptr_2 [SL:object_select @ptr_3 SL:object_select] [SL:object_type @ptr_4 SL:object_type] @ptr_5 @ptr_6 @ptr_7 [SL:rating_value @ptr_8 SL:rating_value] @ptr_9 @ptr_10 [SL:best_rating @ptr_11 SL:best_rating]
Give the current chronicle a three	Give Ġthe Ġcurrent Ġchron icle Ġa Ġthree	@ptr_0 @ptr_1 [SL:object_select @ptr_2 SL:object_select] [SL:object_part_of_series_type @ptr_3 @ptr_4 SL:object_part_of_series_type] @ptr_5 [SL:rating_value @ptr_6 SL:rating_value]
rate the current essay book four out of 6 points	rate Ġthe Ġcurrent Ġessay Ġbook Ġfour Ġout Ġof Ġ6 Ġpoints	@ptr_0 @ptr_1 [SL:object_select @ptr_2 SL:object_select] [SL:object_type @ptr_3 @ptr_4 SL:object_type] [SL:rating_value @ptr_5 SL:rating_value] @ptr_6 @ptr_7 [SL:best_rating @ptr_8 SL:best_rating] [SL:rating_unit @ptr_9 SL:rating_unit]
give it a 0 for this essay	give Ġit Ġa Ġ0 Ġfor Ġthis Ġessay	@ptr_0 @ptr_1 @ptr_2 [SL:rating_value @ptr_3 SL:rating_value] @ptr_4 [SL:object_select @ptr_5 SL:object_select] [SL:object_type @ptr_6 SL:object_type]
rate the last textbook three stars	rate Ġthe Ġlast Ġtextbook Ġthree Ġstars	@ptr_0 @ptr_1 [SL:object_select @ptr_2 SL:object_select] [SL:object_type @ptr_3 SL:object_type] [SL:rating_value @ptr_4 SL:rating_value] [SL:rating_unit @ptr_5 SL:rating_unit]
I give this album a 0 of 6 stars	I Ġgive Ġthis Ġalbum Ġa Ġ0 Ġof Ġ6 Ġstars	@ptr_0 @ptr_1 [SL:object_select @ptr_2 SL:object_select] [SL:object_type @ptr_3 SL:object_type] @ptr_4 [SL:rating_value @ptr_5 SL:rating_value] @ptr_6 [SL:best_rating @ptr_7 SL:best_rating] [SL:rating_unit @ptr_8 SL:rating_unit]
Give this album three / 6 points	Give Ġthis Ġalbum Ġthree Ġ/ Ġ6 Ġpoints	@ptr_0 [SL:object_select @ptr_1 SL:object_select] [SL:object_type @ptr_2 SL:object_type] [SL:rating_value @ptr_3 SL:rating_value] @ptr_4 [SL:best_rating @ptr_5 SL:best_rating] [SL:rating_unit @ptr_6 SL:rating_unit]
Rate this album three out of 6	Rate Ġthis Ġalbum Ġthree Ġout Ġof Ġ6	@ptr_0 [SL:object_select @ptr_1 SL:object_select] [SL:object_type @ptr_2 SL:object_type] [SL:rating_value @ptr_3 SL:rating_value] @ptr_4 @ptr_5 [SL:best_rating @ptr_6 SL:best_rating]
i give the following textbook three points	i Ġgive Ġthe Ġfollowing Ġtextbook Ġthree Ġpoints	@ptr_0 @ptr_1 @ptr_2 [SL:object_select @ptr_3 SL:object_select] [SL:object_type @ptr_4 SL:object_type] [SL:rating_value @ptr_5 SL:rating_value] [SL:rating_unit @ptr_6 SL:rating_unit]
rate this essay four stars	rate Ġthis Ġessay Ġfour Ġstars	@ptr_0 [SL:object_select @ptr_1 SL:object_select] [SL:object_type @ptr_2 SL:object_type] [SL:rating_value @ptr_3 SL:rating_value] [SL:rating_unit @ptr_4 SL:rating_unit]
Give the current series a one	Give Ġthe Ġcurrent Ġseries Ġa Ġone	@ptr_0 @ptr_1 [SL:object_select @ptr_2 SL:object_select] [SL:object_part_of_series_type @ptr_3 SL:object_part_of_series_type] @ptr_4 [SL:rating_value @ptr_5 SL:rating_value]
Rate this novel 1 of 6	Rate Ġthis Ġnovel Ġ1 Ġof Ġ6	@ptr_0 [SL:object_select @ptr_1 SL:object_select] [SL:object_type @ptr_2 SL:object_type] [SL:rating_value @ptr_3 SL:rating_value] @ptr_4 [SL:best_rating @ptr_5 SL:best_rating]
Rate the current novel 1 of 6	Rate Ġthe Ġcurrent Ġnovel Ġ1 Ġof Ġ6	@ptr_0 @ptr_1 [SL:object_select @ptr_2 SL:object_select] [SL:object_type @ptr_3 SL:object_type] [SL:rating_value @ptr_4 SL:rating_value] @ptr_5 [SL:best_rating @ptr_6 SL:best_rating]
I want to give this album 4 stars	I Ġwant Ġto Ġgive Ġthis Ġalbum Ġ4 Ġstars	@ptr_0 @ptr_1 @ptr_2 @ptr_3 [SL:object_select @ptr_4 SL:object_select] [SL:object_type @ptr_5 SL:object_type] [SL:rating_value @ptr_6 SL:rating_value] [SL:rating_unit @ptr_7 SL:rating_unit]
this series should get 0 of 6 points	this Ġseries Ġshould Ġget Ġ0 Ġof Ġ6 Ġpoints	[SL:object_select @ptr_0 SL:object_select] [SL:object_part_of_series_type @ptr_1 SL:object_part_of_series_type] @ptr_2 @ptr_3 [SL:rating_value @ptr_4 SL:rating_value] @ptr_5 [SL:best_rating @ptr_6 SL:best_rating] [SL:rating_unit @ptr_7 SL:rating_unit]
rate this textbook 2 stars	rate Ġthis Ġtextbook Ġ2 Ġstars	@ptr_0 [SL:object_select @ptr_1 SL:object_select] [SL:object_type @ptr_2 SL:object_type] [SL:rating_value @ptr_3 SL:rating_value] [SL:rating_unit @ptr_4 SL:rating_unit]
this novel should get zero points for how	this Ġnovel Ġshould Ġget Ġzero Ġpoints Ġfor Ġhow	[SL:object_select @ptr_0 SL:object_select] [SL:object_type @ptr_1 SL:object_type] @ptr_2 @ptr_3 [SL:rating_value @ptr_4 SL:rating_value] [SL:rating_unit @ptr_5 SL:rating_unit] @ptr_6 [SL:object_name @ptr_7 SL:object_name]
Rate this album 5 points	Rate Ġthis Ġalbum Ġ5 Ġpoints	@ptr_0 [SL:object_select @ptr_1 SL:object_select] [SL:object_type @ptr_2 SL:object_type] [SL:rating_value @ptr_3 SL:rating_value] [SL:rating_unit @ptr_4 SL:rating_unit]
I'd give the current essay a four	I 'd Ġgive Ġthe Ġcurrent Ġessay Ġa Ġfour	@ptr_0 @ptr_1 @ptr_2 @ptr_3 [SL:object_select @ptr_4 SL:object_select] [SL:object_type @ptr_5 SL:object_type] @ptr_6 [SL:rating_value @ptr_7 SL:rating_value]
Rate current book two points	Rate Ġcurrent Ġbook Ġtwo Ġpoints	@ptr_0 [SL:object_select @ptr_1 SL:object_select] [SL:object_type @ptr_2 SL:object_type] [SL:rating_value @ptr_3 SL:rating_value] [SL:rating_unit @ptr_4 SL:rating_unit]
I give the next textbook a 2	I Ġgive Ġthe Ġnext Ġtextbook Ġa Ġ2	@ptr_0 @ptr_1 @ptr_2 [SL:object_select @ptr_3 SL:object_select] [SL:object_type @ptr_4 SL:object_type] @ptr_5 [SL:rating_value @ptr_6 SL:rating_value]
this next essay is worth five	this Ġnext Ġessay Ġis Ġworth Ġfive	@ptr_0 [SL:object_select @ptr_1 SL:object_select] [SL:object_type @ptr_2 SL:object_type] @ptr_3 @ptr_4 [SL:rating_value @ptr_5 SL:rating_value]
Give zero / 6 stars to the current album	Give Ġzero Ġ/ Ġ6 Ġstars Ġto Ġthe Ġcurrent Ġalbum	@ptr_0 [SL:rating_value @ptr_1 SL:rating_value] @ptr_2 [SL:best_rating @ptr_3 SL:best_rating] [SL:rating_unit @ptr_4 SL:rating_unit] @ptr_5 @ptr_6 [SL:object_select @ptr_7 SL:object_select] [SL:object_type @ptr_8 SL:object_type]
I give the previous album a 4	I Ġgive Ġthe Ġprevious Ġalbum Ġa Ġ4	@ptr_0 @ptr_1 @ptr_2 [SL:object_select @ptr_3 SL:object_select] [SL:object_type @ptr_4 SL:object_type] @ptr_5 [SL:rating_value @ptr_6 SL:rating_value]
Rate the current novel 3 of 6 stars	Rate Ġthe Ġcurrent Ġnovel Ġ3 Ġof Ġ6 Ġstars	@ptr_0 @ptr_1 [SL:object_select @ptr_2 SL:object_select] [SL:object_type @ptr_3 SL:object_type] [SL:rating_value @ptr_4 SL:rating_value] @ptr_5 [SL:best_rating @ptr_6 SL:best_rating] [SL:rating_unit @ptr_7 SL:rating_unit]
Rate this album 4 points	Rate Ġthis Ġalbum Ġ4 Ġpoints	@ptr_0 [SL:object_select @ptr_1 SL:object_select] [SL:object_type @ptr_2 SL:object_type] [SL:rating_value @ptr_3 SL:rating_value] [SL:rating_unit @ptr_4 SL:rating_unit]
Rate the current textbook 1 of 6	Rate Ġthe Ġcurrent Ġtextbook Ġ1 Ġof Ġ6	@ptr_0 @ptr_1 [SL:object_select @ptr_2 SL:object_select] [SL:object_type @ptr_3 SL:object_type] [SL:rating_value @ptr_4 SL:rating_value] @ptr_5 [SL:best_rating @ptr_6 SL:best_rating]
rate this textbook four stars	rate Ġthis Ġtextbook Ġfour Ġstars	@ptr_0 [SL:object_select @ptr_1 SL:object_select] [SL:object_type @ptr_2 SL:object_type] [SL:rating_value @ptr_3 SL:rating_value] [SL:rating_unit @ptr_4 SL:rating_unit]
Rate the current book 3 of 6	Rate Ġthe Ġcurrent Ġbook Ġ3 Ġof Ġ6	@ptr_0 @ptr_1 [SL:object_select @ptr_2 SL:object_select] [SL:object_type @ptr_3 SL:object_type] [SL:rating_value @ptr_4 SL:rating_value] @ptr_5 [SL:best_rating @ptr_6 SL:best_rating]
Give this novel a rating of 1 points	Give Ġthis Ġnovel Ġa Ġrating Ġof Ġ1 Ġpoints	@ptr_0 [SL:object_select @ptr_1 SL:object_select] [SL:object_type @ptr_2 SL:object_type] @ptr_3 @ptr_4 @ptr_5 [SL:rating_value @ptr_6 SL:rating_value] [SL:rating_unit @ptr_7 SL:rating_unit]
rate this essay three of 6 stars	rate Ġthis Ġessay Ġthree Ġof Ġ6 Ġstars	@ptr_0 [SL:object_select @ptr_1 SL:object_select] [SL:object_type @ptr_2 SL:object_type] [SL:rating_value @ptr_3 SL:rating_value] @ptr_4 [SL:best_rating @ptr_5 SL:best_rating] [SL:rating_unit @ptr_6 SL:rating_unit]
give this current essay a 3 out of 6	give Ġthis Ġcurrent Ġessay Ġa Ġ3 Ġout Ġof Ġ6	@ptr_0 @ptr_1 [SL:object_select @ptr_2 SL:object_select] [SL:object_type @ptr_3 SL:object_type] @ptr_4 [SL:rating_value @ptr_5 SL:rating_value] @ptr_6 @ptr_7 [SL:best_rating @ptr_8 SL:best_rating]
Rate the current novel 5 of 6 points	Rate Ġthe Ġcurrent Ġnovel Ġ5 Ġof Ġ6 Ġpoints	@ptr_0 @ptr_1 [SL:object_select @ptr_2 SL:object_select] [SL:object_type @ptr_3 SL:object_type] [SL:rating_value @ptr_4 SL:rating_value] @ptr_5 [SL:best_rating @ptr_6 SL:best_rating] [SL:rating_unit @ptr_7 SL:rating_unit]
rate this essay 3 out of 6 points	rate Ġthis Ġessay Ġ3 Ġout Ġof Ġ6 Ġpoints	@ptr_0 [SL:object_select @ptr_1 SL:object_select] [SL:object_type @ptr_2 SL:object_type] [SL:rating_value @ptr_3 SL:rating_value] @ptr_4 @ptr_5 [SL:best_rating @ptr_6 SL:best_rating] [SL:rating_unit @ptr_7 SL:rating_unit]
rate this novel four points	rate Ġthis Ġnovel Ġfour Ġpoints	@ptr_0 [SL:object_select @ptr_1 SL:object_select] [SL:object_type @ptr_2 SL:object_type] [SL:rating_value @ptr_3 SL:rating_value] [SL:rating_unit @ptr_4 SL:rating_unit]
Give this novel two out of 6 stars	Give Ġthis Ġnovel Ġtwo Ġout Ġof Ġ6 Ġstars	@ptr_0 [SL:object_select @ptr_1 SL:object_select] [SL:object_type @ptr_2 SL:object_type] [SL:rating_value @ptr_3 SL:rating_value] @ptr_4 @ptr_5 [SL:best_rating @ptr_6 SL:best_rating] [SL:rating_unit @ptr_7 SL:rating_unit]
I would give this current novel a value of 3 and a rating of 6	I Ġwould Ġgive Ġthis Ġcurrent Ġnovel Ġa Ġvalue Ġof Ġ3 Ġand Ġa Ġrating Ġof Ġ6	@ptr_0 @ptr_1 @ptr_2 @ptr_3 [SL:object_select @ptr_4 SL:object_select] [SL:object_type @ptr_5 SL:object_type] @ptr_6 @ptr_7 @ptr_8 [SL:rating_value @ptr_9 SL:rating_value] @ptr_10 @ptr_11 @ptr_12 @ptr_13 [SL:best_rating @ptr_14 SL:best_rating]
I give the following album two out of 6 stars	I Ġgive Ġthe Ġfollowing Ġalbum Ġtwo Ġout Ġof Ġ6 Ġstars	@ptr_0 @ptr_1 @ptr_2 [SL:object_select @ptr_3 SL:object_select] [SL:object_type @ptr_4 SL:object_type] [SL:rating_value @ptr_5 SL:rating_value] @ptr_6 @ptr_7 [SL:best_rating @ptr_8 SL:best_rating] [SL:rating_unit @ptr_9 SL:rating_unit]
Rate my current essay 1 out of 6 stars	Rate Ġmy Ġcurrent Ġessay Ġ1 Ġout Ġof Ġ6 Ġstars	@ptr_0 @ptr_1 [SL:object_select @ptr_2 SL:object_select] [SL:object_type @ptr_3 SL:object_type] [SL:rating_value @ptr_4 SL:rating_value] @ptr_5 @ptr_6 [SL:best_rating @ptr_7 SL:best_rating] [SL:rating_unit @ptr_8 SL:rating_unit]
Give this novel four out of 6 stars	Give Ġthis Ġnovel Ġfour Ġout Ġof Ġ6 Ġstars	@ptr_0 [SL:object_select @ptr_1 SL:object_select] [SL:object_type @ptr_2 SL:object_type] [SL:rating_value @ptr_3 SL:rating_value] @ptr_4 @ptr_5 [SL:best_rating @ptr_6 SL:best_rating] [SL:rating_unit @ptr_7 SL:rating_unit]
give five points to current textbook	give Ġfive Ġpoints Ġto Ġcurrent Ġtextbook	@ptr_0 [SL:rating_value @ptr_1 SL:rating_value] [SL:rating_unit @ptr_2 SL:rating_unit] @ptr_3 [SL:object_select @ptr_4 SL:object_select] [SL:object_type @ptr_5 SL:object_type]
Give the current novel I am reading a five stars	Give Ġthe Ġcurrent Ġnovel ĠI Ġam Ġreading Ġa Ġfive Ġstars	@ptr_0 @ptr_1 [SL:object_select @ptr_2 SL:object_select] [SL:object_type @ptr_3 SL:object_type] @ptr_4 @ptr_5 @ptr_6 @ptr_7 [SL:rating_value @ptr_8 SL:rating_value] [SL:rating_unit @ptr_9 SL:rating_unit]
rate the current album one points	rate Ġthe Ġcurrent Ġalbum Ġone Ġpoints	@ptr_0 @ptr_1 [SL:object_select @ptr_2 SL:object_select] [SL:object_type @ptr_3 SL:object_type] [SL:rating_value @ptr_4 SL:rating_value] [SL:rating_unit @ptr_5 SL:rating_unit]
award this current novel 0 points	aw ard Ġthis Ġcurrent Ġnovel Ġ0 Ġpoints	@ptr_0 @ptr_1 @ptr_2 [SL:object_select @ptr_3 SL:object_select] [SL:object_type @ptr_4 SL:object_type] [SL:rating_value @ptr_5 SL:rating_value] [SL:rating_unit @ptr_6 SL:rating_unit]
I would give this current textbook a rating of 1 points and a best rating of 6	I Ġwould Ġgive Ġthis Ġcurrent Ġtextbook Ġa Ġrating Ġof Ġ1 Ġpoints Ġand Ġa Ġbest Ġrating Ġof Ġ6	@ptr_0 @ptr_1 @ptr_2 @ptr_3 [SL:object_select @ptr_4 SL:object_select] [SL:object_type @ptr_5 SL:object_type] @ptr_6 @ptr_7 @ptr_8 [SL:rating_value @ptr_9 SL:rating_value] [SL:rating_unit @ptr_10 SL:rating_unit] @ptr_11 @ptr_12 @ptr_13 @ptr_14 @ptr_15 [SL:best_rating @ptr_16 SL:best_rating]
Rate the current essay 5 of 6 points	Rate Ġthe Ġcurrent Ġessay Ġ5 Ġof Ġ6 Ġpoints	@ptr_0 @ptr_1 [SL:object_select @ptr_2 SL:object_select] [SL:object_type @ptr_3 SL:object_type] [SL:rating_value @ptr_4 SL:rating_value] @ptr_5 [SL:best_rating @ptr_6 SL:best_rating] [SL:rating_unit @ptr_7 SL:rating_unit]
this book isn't good , I'd rate it two out of 6 stars	this Ġbook Ġisn 't Ġgood Ġ, ĠI 'd Ġrate Ġit Ġtwo Ġout Ġof Ġ6 Ġstars	[SL:object_select @ptr_0 SL:object_select] [SL:object_type @ptr_1 SL:object_type] @ptr_2 @ptr_3 [SL:object_name @ptr_4 SL:object_name] @ptr_5 @ptr_6 @ptr_7 @ptr_8 @ptr_9 [SL:rating_value @ptr_10 SL:rating_value] @ptr_11 @ptr_12 [SL:best_rating @ptr_13 SL:best_rating] [SL:rating_unit @ptr_14 SL:rating_unit]
rate the current essay a three	rate Ġthe Ġcurrent Ġessay Ġa Ġthree	@ptr_0 @ptr_1 [SL:object_select @ptr_2 SL:object_select] [SL:object_type @ptr_3 SL:object_type] @ptr_4 [SL:rating_value @ptr_5 SL:rating_value]
Rate The Myth of Matriarchal Prehistory series a four	Rate ĠThe ĠMyth Ġof ĠMat ri arch al ĠPre history Ġseries Ġa Ġfour	@ptr_0 [SL:object_name @ptr_1 @ptr_2 @ptr_3 @ptr_4 @ptr_5 @ptr_6 @ptr_7 @ptr_8 @ptr_9 SL:object_name] [SL:object_part_of_series_type @ptr_10 SL:object_part_of_series_type] @ptr_11 [SL:rating_value @ptr_12 SL:rating_value]
Assign 4 stars out of 6 to the chronicle , God and Man at Yale	Ass ign Ġ4 Ġstars Ġout Ġof Ġ6 Ġto Ġthe Ġchron icle Ġ, ĠGod Ġand ĠMan Ġat ĠYale	@ptr_0 @ptr_1 [SL:rating_value @ptr_2 SL:rating_value] [SL:rating_unit @ptr_3 SL:rating_unit] @ptr_4 @ptr_5 [SL:best_rating @ptr_6 SL:best_rating] @ptr_7 @ptr_8 [SL:object_part_of_series_type @ptr_9 @ptr_10 SL:object_part_of_series_type] @ptr_11 [SL:object_name @ptr_12 @ptr_13 @ptr_14 @ptr_15 @ptr_16 SL:object_name]
give 1 out of 6 points to current saga	give Ġ1 Ġout Ġof Ġ6 Ġpoints Ġto Ġcurrent Ġsaga	@ptr_0 [SL:rating_value @ptr_1 SL:rating_value] @ptr_2 @ptr_3 [SL:best_rating @ptr_4 SL:best_rating] [SL:rating_unit @ptr_5 SL:rating_unit] @ptr_6 [SL:object_select @ptr_7 SL:object_select] [SL:object_part_of_series_type @ptr_8 SL:object_part_of_series_type]
give The Enemy Within saga 3 stars	give ĠThe ĠEnemy ĠWithin Ġsaga Ġ3 Ġstars	@ptr_0 [SL:object_name @ptr_1 @ptr_2 @ptr_3 SL:object_name] [SL:object_part_of_series_type @ptr_4 SL:object_part_of_series_type] [SL:rating_value @ptr_5 SL:rating_value] [SL:rating_unit @ptr_6 SL:rating_unit]
give 5 out of 6 points to Absolutely, Positively Not series	give Ġ5 Ġout Ġof Ġ6 Ġpoints Ġto ĠAbsolutely , ĠPositive ly ĠNot Ġseries	@ptr_0 [SL:rating_value @ptr_1 SL:rating_value] @ptr_2 @ptr_3 [SL:best_rating @ptr_4 SL:best_rating] [SL:rating_unit @ptr_5 SL:rating_unit] @ptr_6 [SL:object_name @ptr_7 @ptr_8 @ptr_9 @ptr_10 @ptr_11 SL:object_name] [SL:object_part_of_series_type @ptr_12 SL:object_part_of_series_type]
The chronicle of The Emperor Wears No Clothes was too naive and simple, I'd give it 1 out of 6 stars	The Ġchron icle Ġof ĠThe ĠEmperor ĠW ears ĠNo ĠCl othes Ġwas Ġtoo Ġnaive Ġand Ġsimple , ĠI 'd Ġgive Ġit Ġ1 Ġout Ġof Ġ6 Ġstars	@ptr_0 [SL:object_part_of_series_type @ptr_1 @ptr_2 SL:object_part_of_series_type] @ptr_3 [SL:object_name @ptr_4 @ptr_5 @ptr_6 @ptr_7 @ptr_8 @ptr_9 @ptr_10 SL:object_name] @ptr_11 [SL:object_name @ptr_12 SL:object_name] @ptr_13 @ptr_14 @ptr_15 @ptr_16 @ptr_17 @ptr_18 @ptr_19 @ptr_20 [SL:rating_value @ptr_21 SL:rating_value] @ptr_22 @ptr_23 [SL:best_rating @ptr_24 SL:best_rating] [SL:rating_unit @ptr_25 SL:rating_unit]
Rate the current saga a two	Rate Ġthe Ġcurrent Ġsaga Ġa Ġtwo	@ptr_0 @ptr_1 [SL:object_select @ptr_2 SL:object_select] [SL:object_part_of_series_type @ptr_3 SL:object_part_of_series_type] @ptr_4 [SL:rating_value @ptr_5 SL:rating_value]
Rate this series five out of 6	Rate Ġthis Ġseries Ġfive Ġout Ġof Ġ6	@ptr_0 [SL:object_select @ptr_1 SL:object_select] [SL:object_part_of_series_type @ptr_2 SL:object_part_of_series_type] [SL:rating_value @ptr_3 SL:rating_value] @ptr_4 @ptr_5 [SL:best_rating @ptr_6 SL:best_rating]
give 4 out of 6 stars to current chronicle	give Ġ4 Ġout Ġof Ġ6 Ġstars Ġto Ġcurrent Ġchron icle	@ptr_0 [SL:rating_value @ptr_1 SL:rating_value] @ptr_2 @ptr_3 [SL:best_rating @ptr_4 SL:best_rating] [SL:rating_unit @ptr_5 SL:rating_unit] @ptr_6 [SL:object_select @ptr_7 SL:object_select] [SL:object_part_of_series_type @ptr_8 @ptr_9 SL:object_part_of_series_type]
the stars for Behind the Beat should number four for this chronicle	the Ġstars Ġfor ĠBehind Ġthe ĠBeat Ġshould Ġnumber Ġfour Ġfor Ġthis Ġchron icle	@ptr_0 [SL:rating_unit @ptr_1 SL:rating_unit] @ptr_2 [SL:object_name @ptr_3 @ptr_4 @ptr_5 SL:object_name] @ptr_6 @ptr_7 [SL:rating_value @ptr_8 SL:rating_value] @ptr_9 @ptr_10 [SL:object_part_of_series_type @ptr_11 @ptr_12 SL:object_part_of_series_type]
Rate The Astonishing Life of Octavian Nothing, Traitor to the Nation, Volume II: The Kingdom on the Waves series 2 points	Rate ĠThe ĠAston ishing ĠLife Ġof ĠOct av ian ĠNothing , ĠTra itor Ġto Ġthe ĠNation , ĠVolume ĠII : ĠThe ĠKingdom Ġon Ġthe ĠWaves Ġseries Ġ2 Ġpoints	@ptr_0 [SL:object_name @ptr_1 @ptr_2 @ptr_3 @ptr_4 @ptr_5 @ptr_6 @ptr_7 @ptr_8 @ptr_9 @ptr_10 @ptr_11 @ptr_12 @ptr_13 @ptr_14 @ptr_15 @ptr_16 @ptr_17 @ptr_18 @ptr_19 @ptr_20 @ptr_21 @ptr_22 @ptr_23 @ptr_24 SL:object_name] [SL:object_part_of_series_type @ptr_25 SL:object_part_of_series_type] [SL:rating_value @ptr_26 SL:rating_value] [SL:rating_unit @ptr_27 SL:rating_unit]
I give this series a value of one and a best rating of 6	I Ġgive Ġthis Ġseries Ġa Ġvalue Ġof Ġone Ġand Ġa Ġbest Ġrating Ġof Ġ6	@ptr_0 @ptr_1 [SL:object_select @ptr_2 SL:object_select] [SL:object_part_of_series_type @ptr_3 SL:object_part_of_series_type] @ptr_4 @ptr_5 @ptr_6 [SL:rating_value @ptr_7 SL:rating_value] @ptr_8 @ptr_9 @ptr_10 @ptr_11 @ptr_12 [SL:best_rating @ptr_13 SL:best_rating]
For the saga Magic in Ithkar 2 I give two stars	For Ġthe Ġsaga ĠMagic Ġin ĠI th kar Ġ2 ĠI Ġgive Ġtwo Ġstars	@ptr_0 @ptr_1 [SL:object_part_of_series_type @ptr_2 SL:object_part_of_series_type] [SL:object_name @ptr_3 @ptr_4 @ptr_5 @ptr_6 @ptr_7 @ptr_8 SL:object_name] @ptr_9 @ptr_10 [SL:rating_value @ptr_11 SL:rating_value] [SL:rating_unit @ptr_12 SL:rating_unit]
rate the series The Quantity Theory of Insanity 1	rate Ġthe Ġseries ĠThe ĠQuantity ĠTheory Ġof ĠIns anity Ġ1	@ptr_0 @ptr_1 [SL:object_part_of_series_type @ptr_2 SL:object_part_of_series_type] [SL:object_name @ptr_3 @ptr_4 @ptr_5 @ptr_6 @ptr_7 @ptr_8 SL:object_name] [SL:rating_value @ptr_9 SL:rating_value]
I give four stars to this chronicle	I Ġgive Ġfour Ġstars Ġto Ġthis Ġchron icle	@ptr_0 @ptr_1 [SL:rating_value @ptr_2 SL:rating_value] [SL:rating_unit @ptr_3 SL:rating_unit] @ptr_4 [SL:object_select @ptr_5 SL:object_select] [SL:object_part_of_series_type @ptr_6 @ptr_7 SL:object_part_of_series_type]
I am rating this book under the series section a three out of 6 stars	I Ġam Ġrating Ġthis Ġbook Ġunder Ġthe Ġseries Ġsection Ġa Ġthree Ġout Ġof Ġ6 Ġstars	@ptr_0 @ptr_1 @ptr_2 [SL:object_select @ptr_3 SL:object_select] [SL:object_type @ptr_4 SL:object_type] @ptr_5 @ptr_6 [SL:object_part_of_series_type @ptr_7 SL:object_part_of_series_type] @ptr_8 @ptr_9 [SL:rating_value @ptr_10 SL:rating_value] @ptr_11 @ptr_12 [SL:best_rating @ptr_13 SL:best_rating] [SL:rating_unit @ptr_14 SL:rating_unit]
Rate The Rats chronicle 5 of 6	Rate ĠThe ĠRats Ġchron icle Ġ5 Ġof Ġ6	@ptr_0 [SL:object_name @ptr_1 @ptr_2 SL:object_name] [SL:object_part_of_series_type @ptr_3 @ptr_4 SL:object_part_of_series_type] [SL:rating_value @ptr_5 SL:rating_value] @ptr_6 [SL:best_rating @ptr_7 SL:best_rating]
give 2 out of 6 stars to current chronicle	give Ġ2 Ġout Ġof Ġ6 Ġstars Ġto Ġcurrent Ġchron icle	@ptr_0 [SL:rating_value @ptr_1 SL:rating_value] @ptr_2 @ptr_3 [SL:best_rating @ptr_4 SL:best_rating] [SL:rating_unit @ptr_5 SL:rating_unit] @ptr_6 [SL:object_select @ptr_7 SL:object_select] [SL:object_part_of_series_type @ptr_8 @ptr_9 SL:object_part_of_series_type]
I give 1 stars out of 6 to this current series	I Ġgive Ġ1 Ġstars Ġout Ġof Ġ6 Ġto Ġthis Ġcurrent Ġseries	@ptr_0 @ptr_1 [SL:rating_value @ptr_2 SL:rating_value] [SL:rating_unit @ptr_3 SL:rating_unit] @ptr_4 @ptr_5 [SL:best_rating @ptr_6 SL:best_rating] @ptr_7 @ptr_8 [SL:object_select @ptr_9 SL:object_select] [SL:object_part_of_series_type @ptr_10 SL:object_part_of_series_type]
Rate Adventures in Stationery saga 5 stars	Rate ĠAdventures Ġin ĠStation ery Ġsaga Ġ5 Ġstars	@ptr_0 [SL:object_name @ptr_1 @ptr_2 @ptr_3 @ptr_4 SL:object_name] [SL:object_part_of_series_type @ptr_5 SL:object_part_of_series_type] [SL:rating_value @ptr_6 SL:rating_value] [SL:rating_unit @ptr_7 SL:rating_unit]
give the Racing the Rain saga zero stars	give Ġthe ĠRacing Ġthe ĠRain Ġsaga Ġzero Ġstars	@ptr_0 @ptr_1 [SL:object_name @ptr_2 @ptr_3 @ptr_4 SL:object_name] [SL:object_part_of_series_type @ptr_5 SL:object_part_of_series_type] [SL:rating_value @ptr_6 SL:rating_value] [SL:rating_unit @ptr_7 SL:rating_unit]
I would rate this book chronicle , 3 out of 5 stars	I Ġwould Ġrate Ġthis Ġbook Ġchron icle Ġ, Ġ3 Ġout Ġof Ġ5 Ġstars	@ptr_0 @ptr_1 @ptr_2 [SL:object_select @ptr_3 SL:object_select] [SL:object_type @ptr_4 SL:object_type] [SL:object_part_of_series_type @ptr_5 @ptr_6 SL:object_part_of_series_type] @ptr_7 [SL:rating_value @ptr_8 SL:rating_value] @ptr_9 @ptr_10 [SL:rating_value @ptr_11 SL:rating_value] [SL:rating_unit @ptr_12 SL:rating_unit]
The current series only deserves two out of 6	The Ġcurrent Ġseries Ġonly Ġdeserves Ġtwo Ġout Ġof Ġ6	@ptr_0 [SL:object_select @ptr_1 SL:object_select] [SL:object_part_of_series_type @ptr_2 SL:object_part_of_series_type] @ptr_3 @ptr_4 [SL:rating_value @ptr_5 SL:rating_value] @ptr_6 @ptr_7 [SL:best_rating @ptr_8 SL:best_rating]
I'd rate the current chronicle 2 points	I 'd Ġrate Ġthe Ġcurrent Ġchron icle Ġ2 Ġpoints	@ptr_0 @ptr_1 @ptr_2 @ptr_3 [SL:object_select @ptr_4 SL:object_select] [SL:object_part_of_series_type @ptr_5 @ptr_6 SL:object_part_of_series_type] [SL:rating_value @ptr_7 SL:rating_value] [SL:rating_unit @ptr_8 SL:rating_unit]
I would give Sixty Lights chronicle a rating of five and a best rating of 6	I Ġwould Ġgive ĠS ixty ĠLights Ġchron icle Ġa Ġrating Ġof Ġfive Ġand Ġa Ġbest Ġrating Ġof Ġ6	@ptr_0 @ptr_1 @ptr_2 [SL:object_name @ptr_3 @ptr_4 @ptr_5 SL:object_name] [SL:object_part_of_series_type @ptr_6 @ptr_7 SL:object_part_of_series_type] @ptr_8 @ptr_9 @ptr_10 [SL:rating_value @ptr_11 SL:rating_value] @ptr_12 @ptr_13 @ptr_14 @ptr_15 @ptr_16 [SL:best_rating @ptr_17 SL:best_rating]
