what are the movie times for Consolidated Theatres	what Ġare Ġthe Ġmovie Ġtimes Ġfor ĠConsolid ated ĠThe at res	@ptr_0 @ptr_1 @ptr_2 [SL:object_type @ptr_3 @ptr_4 SL:object_type] @ptr_5 [SL:location_name @ptr_6 @ptr_7 @ptr_8 @ptr_9 @ptr_10 SL:location_name]
Show the movie schedule for animated movies in the neighbourhood	Show Ġthe Ġmovie Ġschedule Ġfor Ġanimated Ġmovies Ġin Ġthe Ġneighbourhood	@ptr_0 @ptr_1 [SL:object_type @ptr_2 @ptr_3 SL:object_type] @ptr_4 [SL:movie_type @ptr_5 @ptr_6 SL:movie_type] [SL:spatial_relation @ptr_7 @ptr_8 @ptr_9 SL:spatial_relation]
What films and movie schedules are in the neighborhood	What Ġfilms Ġand Ġmovie Ġschedules Ġare Ġin Ġthe Ġneighborhood	@ptr_0 [SL:movie_type @ptr_1 SL:movie_type] @ptr_2 [SL:object_type @ptr_3 @ptr_4 SL:object_type] @ptr_5 [SL:spatial_relation @ptr_6 @ptr_7 @ptr_8 SL:spatial_relation]
Recite the movie schedule	Rec ite Ġthe Ġmovie Ġschedule	@ptr_0 @ptr_1 @ptr_2 [SL:object_type @ptr_3 @ptr_4 SL:object_type]
Find the movie schedule at Malco Theatres	Find Ġthe Ġmovie Ġschedule Ġat ĠMal co ĠThe at res	@ptr_0 @ptr_1 [SL:object_type @ptr_2 @ptr_3 SL:object_type] @ptr_4 [SL:location_name @ptr_5 @ptr_6 @ptr_7 @ptr_8 @ptr_9 SL:location_name]
What are the movie times at the Loews Cineplex	What Ġare Ġthe Ġmovie Ġtimes Ġat Ġthe ĠLo ews ĠC ine plex	@ptr_0 @ptr_1 @ptr_2 [SL:object_type @ptr_3 @ptr_4 SL:object_type] @ptr_5 @ptr_6 [SL:location_name @ptr_7 @ptr_8 @ptr_9 @ptr_10 @ptr_11 SL:location_name]
What is the movie schedules for films in the neighborhood	What Ġis Ġthe Ġmovie Ġschedules Ġfor Ġfilms Ġin Ġthe Ġneighborhood	@ptr_0 @ptr_1 @ptr_2 [SL:object_type @ptr_3 @ptr_4 SL:object_type] @ptr_5 [SL:movie_type @ptr_6 SL:movie_type] [SL:spatial_relation @ptr_7 @ptr_8 @ptr_9 SL:spatial_relation]
whats the movie schedule for movies nearby	wh ats Ġthe Ġmovie Ġschedule Ġfor Ġmovies Ġnearby	@ptr_0 @ptr_1 @ptr_2 [SL:object_type @ptr_3 @ptr_4 SL:object_type] @ptr_5 [SL:movie_type @ptr_6 SL:movie_type] [SL:spatial_relation @ptr_7 SL:spatial_relation]
can i have the movie schedule for IMAX Corporation	can Ġi Ġhave Ġthe Ġmovie Ġschedule Ġfor ĠI MAX ĠCorporation	@ptr_0 @ptr_1 @ptr_2 @ptr_3 [SL:object_type @ptr_4 @ptr_5 SL:object_type] @ptr_6 [SL:location_name @ptr_7 @ptr_8 @ptr_9 SL:location_name]
Find the schedule for Project Shadowchaser II at the cinema in eighteen hours	Find Ġthe Ġschedule Ġfor ĠProject ĠShadow ch aser ĠII Ġat Ġthe Ġcinema Ġin Ġeighteen Ġhours	@ptr_0 @ptr_1 [SL:object_type @ptr_2 SL:object_type] @ptr_3 [SL:movie_name @ptr_4 @ptr_5 @ptr_6 @ptr_7 @ptr_8 SL:movie_name] @ptr_9 @ptr_10 [SL:object_location_type @ptr_11 SL:object_location_type] [SL:timeRange @ptr_12 @ptr_13 @ptr_14 SL:timeRange]
Can I see the movie times for the Great Escape Theatres	Can ĠI Ġsee Ġthe Ġmovie Ġtimes Ġfor Ġthe ĠGreat ĠEscape ĠThe at res	@ptr_0 @ptr_1 @ptr_2 @ptr_3 [SL:object_type @ptr_4 @ptr_5 SL:object_type] @ptr_6 @ptr_7 [SL:location_name @ptr_8 @ptr_9 @ptr_10 @ptr_11 @ptr_12 SL:location_name]
around here find movie schedule for films	around Ġhere Ġfind Ġmovie Ġschedule Ġfor Ġfilms	[SL:spatial_relation @ptr_0 @ptr_1 SL:spatial_relation] @ptr_2 [SL:object_type @ptr_3 @ptr_4 SL:object_type] @ptr_5 [SL:movie_type @ptr_6 SL:movie_type]
Where can I get movie schedule	Where Ġcan ĠI Ġget Ġmovie Ġschedule	@ptr_0 @ptr_1 @ptr_2 @ptr_3 [SL:object_type @ptr_4 @ptr_5 SL:object_type]
Find the movie schedule	Find Ġthe Ġmovie Ġschedule	@ptr_0 @ptr_1 [SL:object_type @ptr_2 @ptr_3 SL:object_type]
What are the movie schedules for the Loews Cineplex	What Ġare Ġthe Ġmovie Ġschedules Ġfor Ġthe ĠLo ews ĠC ine plex	@ptr_0 @ptr_1 @ptr_2 [SL:object_type @ptr_3 @ptr_4 SL:object_type] @ptr_5 @ptr_6 [SL:location_name @ptr_7 @ptr_8 @ptr_9 @ptr_10 @ptr_11 SL:location_name]
Find the movie schedule	Find Ġthe Ġmovie Ġschedule	@ptr_0 @ptr_1 [SL:object_type @ptr_2 @ptr_3 SL:object_type]
Find the movie schedule for Marcus Corporation	Find Ġthe Ġmovie Ġschedule Ġfor ĠMarcus ĠCorporation	@ptr_0 @ptr_1 [SL:object_type @ptr_2 @ptr_3 SL:object_type] @ptr_4 [SL:location_name @ptr_5 @ptr_6 SL:location_name]
find animated movies movie schedule in the neighborhood	find Ġanimated Ġmovies Ġmovie Ġschedule Ġin Ġthe Ġneighborhood	@ptr_0 [SL:movie_type @ptr_1 @ptr_2 SL:movie_type] [SL:object_type @ptr_3 @ptr_4 SL:object_type] [SL:spatial_relation @ptr_5 @ptr_6 @ptr_7 SL:spatial_relation]
Can you tell me the movie times for Alamo Drafthouse Cinema	Can Ġyou Ġtell Ġme Ġthe Ġmovie Ġtimes Ġfor ĠAl amo ĠDra f thouse ĠCinema	@ptr_0 @ptr_1 @ptr_2 @ptr_3 @ptr_4 [SL:object_type @ptr_5 @ptr_6 SL:object_type] @ptr_7 [SL:location_name @ptr_8 @ptr_9 @ptr_10 @ptr_11 @ptr_12 @ptr_13 SL:location_name]
What are the movie times at Goodrich Quality Theaters	What Ġare Ġthe Ġmovie Ġtimes Ġat ĠGood rich ĠQuality ĠThe aters	@ptr_0 @ptr_1 @ptr_2 [SL:object_type @ptr_3 @ptr_4 SL:object_type] @ptr_5 [SL:location_name @ptr_6 @ptr_7 @ptr_8 @ptr_9 @ptr_10 SL:location_name]
can I get the movie times	can ĠI Ġget Ġthe Ġmovie Ġtimes	@ptr_0 @ptr_1 @ptr_2 @ptr_3 [SL:object_type @ptr_4 @ptr_5 SL:object_type]
show movie schedules	show Ġmovie Ġschedules	@ptr_0 [SL:object_type @ptr_1 @ptr_2 SL:object_type]
Show the movie times	Show Ġthe Ġmovie Ġtimes	@ptr_0 @ptr_1 [SL:object_type @ptr_2 @ptr_3 SL:object_type]
She me that movie schedule	She Ġme Ġthat Ġmovie Ġschedule	@ptr_0 @ptr_1 @ptr_2 [SL:object_type @ptr_3 @ptr_4 SL:object_type]
show the schedule of movie The Statue	show Ġthe Ġschedule Ġof Ġmovie ĠThe ĠStatue	@ptr_0 @ptr_1 [SL:object_type @ptr_2 SL:object_type] @ptr_3 @ptr_4 [SL:movie_name @ptr_5 @ptr_6 SL:movie_name]
find KB Theatres with movies	find ĠKB ĠThe at res Ġwith Ġmovies	@ptr_0 [SL:location_name @ptr_1 @ptr_2 @ptr_3 @ptr_4 SL:location_name] @ptr_5 [SL:movie_type @ptr_6 SL:movie_type]
What films are showing at Kerasotes Theatres	What Ġfilms Ġare Ġshowing Ġat ĠKer as otes ĠThe at res	@ptr_0 [SL:movie_type @ptr_1 SL:movie_type] @ptr_2 @ptr_3 @ptr_4 [SL:location_name @ptr_5 @ptr_6 @ptr_7 @ptr_8 @ptr_9 @ptr_10 SL:location_name]
what are the movie times for Consolidated Theatres	what Ġare Ġthe Ġmovie Ġtimes Ġfor ĠConsolid ated ĠThe at res	@ptr_0 @ptr_1 @ptr_2 [SL:object_type @ptr_3 @ptr_4 SL:object_type] @ptr_5 [SL:location_name @ptr_6 @ptr_7 @ptr_8 @ptr_9 @ptr_10 SL:location_name]
I'd like to watch movies at Amco Entertainment	I 'd Ġlike Ġto Ġwatch Ġmovies Ġat ĠAm co ĠEntertainment	@ptr_0 @ptr_1 @ptr_2 @ptr_3 @ptr_4 [SL:movie_type @ptr_5 SL:movie_type] @ptr_6 [SL:location_name @ptr_7 @ptr_8 @ptr_9 SL:location_name]
what movies are showing at Fox Theatres at 11 am	what Ġmovies Ġare Ġshowing Ġat ĠFox ĠThe at res Ġat Ġ11 Ġam	@ptr_0 [SL:movie_type @ptr_1 SL:movie_type] @ptr_2 @ptr_3 @ptr_4 [SL:location_name @ptr_5 @ptr_6 @ptr_7 @ptr_8 SL:location_name] @ptr_9 [SL:timeRange @ptr_10 @ptr_11 SL:timeRange]
find Invisible Child at Southern Theatres	find ĠInvisible ĠChild Ġat ĠSouthern ĠThe at res	@ptr_0 [SL:movie_name @ptr_1 @ptr_2 SL:movie_name] @ptr_3 [SL:location_name @ptr_4 @ptr_5 @ptr_6 @ptr_7 SL:location_name]
Find out what films are playing at North American Cinemas	Find Ġout Ġwhat Ġfilms Ġare Ġplaying Ġat ĠNorth ĠAmerican ĠCinem as	@ptr_0 @ptr_1 @ptr_2 [SL:movie_type @ptr_3 SL:movie_type] @ptr_4 @ptr_5 @ptr_6 [SL:location_name @ptr_7 @ptr_8 @ptr_9 @ptr_10 SL:location_name]
What movies are playing at Marcus Corporation	What Ġmovies Ġare Ġplaying Ġat ĠMarcus ĠCorporation	@ptr_0 [SL:movie_type @ptr_1 SL:movie_type] @ptr_2 @ptr_3 @ptr_4 [SL:location_name @ptr_5 @ptr_6 SL:location_name]
When is We Stick Together Through Thick and Thin playing at ArcLight Hollywood	When Ġis ĠWe ĠStick ĠTogether ĠThrough ĠThick Ġand ĠThin Ġplaying Ġat ĠArc Light ĠHollywood	@ptr_0 @ptr_1 [SL:movie_name @ptr_2 @ptr_3 @ptr_4 @ptr_5 @ptr_6 @ptr_7 @ptr_8 SL:movie_name] @ptr_9 @ptr_10 [SL:location_name @ptr_11 @ptr_12 @ptr_13 SL:location_name]
Which movies are playing at AMC Theaters	Which Ġmovies Ġare Ġplaying Ġat ĠAMC ĠThe aters	@ptr_0 [SL:movie_type @ptr_1 SL:movie_type] @ptr_2 @ptr_3 @ptr_4 [SL:location_name @ptr_5 @ptr_6 @ptr_7 SL:location_name]
What AMC Theaters is The Red Dance	What ĠAMC ĠThe aters Ġis ĠThe ĠRed ĠDance	@ptr_0 [SL:location_name @ptr_1 @ptr_2 @ptr_3 SL:location_name] @ptr_4 [SL:movie_name @ptr_5 @ptr_6 @ptr_7 SL:movie_name]
Are there any movies playing at 5 am at North American Cinemas	Are Ġthere Ġany Ġmovies Ġplaying Ġat Ġ5 Ġam Ġat ĠNorth ĠAmerican ĠCinem as	@ptr_0 @ptr_1 @ptr_2 [SL:movie_type @ptr_3 SL:movie_type] @ptr_4 @ptr_5 [SL:timeRange @ptr_6 @ptr_7 SL:timeRange] @ptr_8 [SL:location_name @ptr_9 @ptr_10 @ptr_11 @ptr_12 SL:location_name]
What animated movies are playing at Dipson Theatres	What Ġanimated Ġmovies Ġare Ġplaying Ġat ĠDip son ĠThe at res	@ptr_0 [SL:movie_type @ptr_1 @ptr_2 SL:movie_type] @ptr_3 @ptr_4 @ptr_5 [SL:location_name @ptr_6 @ptr_7 @ptr_8 @ptr_9 @ptr_10 SL:location_name]
What time is The Christmas Toy playing at Loews Cineplex	What Ġtime Ġis ĠThe ĠChristmas ĠToy Ġplaying Ġat ĠLo ews ĠC ine plex	@ptr_0 @ptr_1 @ptr_2 [SL:movie_name @ptr_3 @ptr_4 @ptr_5 SL:movie_name] @ptr_6 @ptr_7 [SL:location_name @ptr_8 @ptr_9 @ptr_10 @ptr_11 @ptr_12 SL:location_name]
List movie times at General Cinema Corporation	List Ġmovie Ġtimes Ġat ĠGeneral ĠCinema ĠCorporation	@ptr_0 [SL:object_type @ptr_1 @ptr_2 SL:object_type] @ptr_3 [SL:location_name @ptr_4 @ptr_5 @ptr_6 SL:location_name]
what is playing for movies at B&B Theatres	what Ġis Ġplaying Ġfor Ġmovies Ġat ĠB & B ĠThe at res	@ptr_0 @ptr_1 @ptr_2 @ptr_3 [SL:movie_type @ptr_4 SL:movie_type] @ptr_5 [SL:location_name @ptr_6 @ptr_7 @ptr_8 @ptr_9 @ptr_10 @ptr_11 SL:location_name]
What are the movies scheduled to play at General Cinema Corporation	What Ġare Ġthe Ġmovies Ġscheduled Ġto Ġplay Ġat ĠGeneral ĠCinema ĠCorporation	@ptr_0 @ptr_1 @ptr_2 [SL:movie_type @ptr_3 SL:movie_type] @ptr_4 @ptr_5 @ptr_6 @ptr_7 [SL:location_name @ptr_8 @ptr_9 @ptr_10 SL:location_name]
Give me the movie times for Fox Theatres	Give Ġme Ġthe Ġmovie Ġtimes Ġfor ĠFox ĠThe at res	@ptr_0 @ptr_1 @ptr_2 [SL:object_type @ptr_3 @ptr_4 SL:object_type] @ptr_5 [SL:location_name @ptr_6 @ptr_7 @ptr_8 @ptr_9 SL:location_name]
Showtimes for animated movies in Malco Theatres	Show times Ġfor Ġanimated Ġmovies Ġin ĠMal co ĠThe at res	@ptr_0 @ptr_1 @ptr_2 [SL:movie_type @ptr_3 @ptr_4 SL:movie_type] @ptr_5 [SL:location_name @ptr_6 @ptr_7 @ptr_8 @ptr_9 @ptr_10 SL:location_name]
What is the movie schedule at the Fox Theatres	What Ġis Ġthe Ġmovie Ġschedule Ġat Ġthe ĠFox ĠThe at res	@ptr_0 @ptr_1 @ptr_2 [SL:object_type @ptr_3 @ptr_4 SL:object_type] @ptr_5 @ptr_6 [SL:location_name @ptr_7 @ptr_8 @ptr_9 @ptr_10 SL:location_name]
can i get the movie schedule for Goodrich Quality Theaters	can Ġi Ġget Ġthe Ġmovie Ġschedule Ġfor ĠGood rich ĠQuality ĠThe aters	@ptr_0 @ptr_1 @ptr_2 @ptr_3 [SL:object_type @ptr_4 @ptr_5 SL:object_type] @ptr_6 [SL:location_name @ptr_7 @ptr_8 @ptr_9 @ptr_10 @ptr_11 SL:location_name]
when is Red Shirts showing at Dickinson Theatres	when Ġis ĠRed ĠSh irts Ġshowing Ġat ĠDickinson ĠThe at res	@ptr_0 @ptr_1 [SL:movie_name @ptr_2 @ptr_3 @ptr_4 SL:movie_name] @ptr_5 @ptr_6 [SL:location_name @ptr_7 @ptr_8 @ptr_9 @ptr_10 SL:location_name]
When is Cooper Foundation on the movie schedule	When Ġis ĠCooper ĠFoundation Ġon Ġthe Ġmovie Ġschedule	@ptr_0 @ptr_1 [SL:location_name @ptr_2 @ptr_3 SL:location_name] @ptr_4 @ptr_5 [SL:object_type @ptr_6 @ptr_7 SL:object_type]
What time is Tommy and Quadrophenia Live playing at Marcus Corporation	What Ġtime Ġis ĠTommy Ġand ĠQuad rop hen ia ĠLive Ġplaying Ġat ĠMarcus ĠCorporation	@ptr_0 @ptr_1 @ptr_2 [SL:movie_name @ptr_3 @ptr_4 @ptr_5 @ptr_6 @ptr_7 @ptr_8 @ptr_9 SL:movie_name] @ptr_10 @ptr_11 [SL:location_name @ptr_12 @ptr_13 SL:location_name]
What films are playing at Pacific Theatres	What Ġfilms Ġare Ġplaying Ġat ĠPacific ĠThe at res	@ptr_0 [SL:movie_type @ptr_1 SL:movie_type] @ptr_2 @ptr_3 @ptr_4 [SL:location_name @ptr_5 @ptr_6 @ptr_7 @ptr_8 SL:location_name]
What time is Dive Bomber	What Ġtime Ġis ĠDive ĠBomber	@ptr_0 @ptr_1 @ptr_2 [SL:movie_name @ptr_3 @ptr_4 SL:movie_name]
what day does the movie Star of the Circus play at ten PM	what Ġday Ġdoes Ġthe Ġmovie ĠStar Ġof Ġthe ĠCircus Ġplay Ġat Ġten ĠPM	@ptr_0 @ptr_1 @ptr_2 @ptr_3 @ptr_4 [SL:movie_name @ptr_5 @ptr_6 @ptr_7 @ptr_8 SL:movie_name] @ptr_9 @ptr_10 [SL:timeRange @ptr_11 @ptr_12 SL:timeRange]
find Endless Horizons	find ĠEndless ĠHorizons	@ptr_0 [SL:movie_name @ptr_1 @ptr_2 SL:movie_name]
Is Holy Matrimony playing at National Amusements	Is ĠHoly ĠMat rim ony Ġplaying Ġat ĠNational ĠAm use ments	@ptr_0 [SL:movie_name @ptr_1 @ptr_2 @ptr_3 @ptr_4 SL:movie_name] @ptr_5 @ptr_6 [SL:location_name @ptr_7 @ptr_8 @ptr_9 @ptr_10 SL:location_name]
Is The Man Who Won playing at 6 P.M.	Is ĠThe ĠMan ĠWho ĠWon Ġplaying Ġat Ġ6 ĠP . M .	@ptr_0 [SL:movie_name @ptr_1 @ptr_2 @ptr_3 @ptr_4 SL:movie_name] @ptr_5 @ptr_6 [SL:timeRange @ptr_7 @ptr_8 @ptr_9 @ptr_10 @ptr_11 SL:timeRange]
What time is The Bride’s Journey playing at Star Theatres	What Ġtime Ġis ĠThe ĠBride âĢ Ļ s ĠJourney Ġplaying Ġat ĠStar ĠThe at res	@ptr_0 @ptr_1 @ptr_2 [SL:movie_name @ptr_3 @ptr_4 @ptr_5 @ptr_6 @ptr_7 @ptr_8 SL:movie_name] @ptr_9 @ptr_10 [SL:location_name @ptr_11 @ptr_12 @ptr_13 @ptr_14 SL:location_name]
When is Youth Without Youth being shown at the nearest movie house	When Ġis ĠYouth ĠWithout ĠYouth Ġbeing Ġshown Ġat Ġthe Ġnearest Ġmovie Ġhouse	@ptr_0 @ptr_1 [SL:movie_name @ptr_2 @ptr_3 @ptr_4 SL:movie_name] @ptr_5 @ptr_6 @ptr_7 @ptr_8 [SL:spatial_relation @ptr_9 SL:spatial_relation] [SL:object_location_type @ptr_10 @ptr_11 SL:object_location_type]
When and where is Invitation to the Waltz	When Ġand Ġwhere Ġis ĠInv itation Ġto Ġthe ĠWalt z	@ptr_0 @ptr_1 @ptr_2 @ptr_3 [SL:movie_name @ptr_4 @ptr_5 @ptr_6 @ptr_7 @ptr_8 @ptr_9 SL:movie_name]
When is Stripped to Kill II: Live Girls playing at the nearest movie house	When Ġis ĠStri pped Ġto ĠKill ĠII : ĠLive ĠGirls Ġplaying Ġat Ġthe Ġnearest Ġmovie Ġhouse	@ptr_0 @ptr_1 [SL:movie_name @ptr_2 @ptr_3 @ptr_4 @ptr_5 @ptr_6 @ptr_7 @ptr_8 @ptr_9 SL:movie_name] @ptr_10 @ptr_11 @ptr_12 [SL:spatial_relation @ptr_13 SL:spatial_relation] [SL:object_location_type @ptr_14 @ptr_15 SL:object_location_type]
Is Rented Lips playing at the nearest cinema	Is ĠR ented ĠL ips Ġplaying Ġat Ġthe Ġnearest Ġcinema	@ptr_0 [SL:movie_name @ptr_1 @ptr_2 @ptr_3 @ptr_4 SL:movie_name] @ptr_5 @ptr_6 @ptr_7 [SL:spatial_relation @ptr_8 SL:spatial_relation] [SL:object_location_type @ptr_9 SL:object_location_type]
What time is The Daring Dobermans	What Ġtime Ġis ĠThe ĠD aring ĠD ober mans	@ptr_0 @ptr_1 @ptr_2 [SL:movie_name @ptr_3 @ptr_4 @ptr_5 @ptr_6 @ptr_7 @ptr_8 SL:movie_name]
When is The Naked Eye playing at the closest movie theatre	When Ġis ĠThe ĠNaked ĠEye Ġplaying Ġat Ġthe Ġclosest Ġmovie Ġtheatre	@ptr_0 @ptr_1 [SL:movie_name @ptr_2 @ptr_3 @ptr_4 SL:movie_name] @ptr_5 @ptr_6 @ptr_7 [SL:spatial_relation @ptr_8 SL:spatial_relation] [SL:object_location_type @ptr_9 @ptr_10 SL:object_location_type]
What time is A Man for Burning	What Ġtime Ġis ĠA ĠMan Ġfor ĠBurning	@ptr_0 @ptr_1 @ptr_2 [SL:movie_name @ptr_3 @ptr_4 @ptr_5 @ptr_6 SL:movie_name]
whats the closest movie house showing Medal of Honor	wh ats Ġthe Ġclosest Ġmovie Ġhouse Ġshowing ĠMedal Ġof ĠHonor	@ptr_0 @ptr_1 @ptr_2 [SL:spatial_relation @ptr_3 SL:spatial_relation] [SL:object_location_type @ptr_4 @ptr_5 SL:object_location_type] @ptr_6 [SL:movie_name @ptr_7 @ptr_8 @ptr_9 SL:movie_name]
Find me the showtimes for Until Death at the nearest movie house	Find Ġme Ġthe Ġshow times Ġfor ĠUntil ĠDeath Ġat Ġthe Ġnearest Ġmovie Ġhouse	@ptr_0 @ptr_1 @ptr_2 @ptr_3 @ptr_4 @ptr_5 [SL:movie_name @ptr_6 @ptr_7 SL:movie_name] @ptr_8 @ptr_9 [SL:spatial_relation @ptr_10 SL:spatial_relation] [SL:object_location_type @ptr_11 @ptr_12 SL:object_location_type]
Where is The Penthouse	Where Ġis ĠThe ĠPent house	@ptr_0 @ptr_1 [SL:movie_name @ptr_2 @ptr_3 @ptr_4 SL:movie_name]
find Manthra Mothiram at Century Theatres	find ĠMan th ra ĠM oth ir am Ġat ĠCentury ĠThe at res	@ptr_0 [SL:movie_name @ptr_1 @ptr_2 @ptr_3 @ptr_4 @ptr_5 @ptr_6 @ptr_7 SL:movie_name] @ptr_8 [SL:location_name @ptr_9 @ptr_10 @ptr_11 @ptr_12 SL:location_name]
does Red e Toby nemiciamici start thirteen hours from now	does ĠRed Ġe ĠToby Ġn emic iam ici Ġstart Ġthirteen Ġhours Ġfrom Ġnow	@ptr_0 [SL:movie_name @ptr_1 @ptr_2 @ptr_3 @ptr_4 @ptr_5 @ptr_6 @ptr_7 SL:movie_name] @ptr_8 [SL:timeRange @ptr_9 @ptr_10 @ptr_11 @ptr_12 SL:timeRange]
find The Swindlers at the closest movie house	find ĠThe ĠSw ind lers Ġat Ġthe Ġclosest Ġmovie Ġhouse	@ptr_0 [SL:movie_name @ptr_1 @ptr_2 @ptr_3 @ptr_4 SL:movie_name] @ptr_5 @ptr_6 [SL:spatial_relation @ptr_7 SL:spatial_relation] [SL:object_location_type @ptr_8 @ptr_9 SL:object_location_type]
What is the nearest movie house playing George Washington Slept Here	What Ġis Ġthe Ġnearest Ġmovie Ġhouse Ġplaying ĠGeorge ĠWashington ĠSle pt ĠHere	@ptr_0 @ptr_1 @ptr_2 [SL:spatial_relation @ptr_3 SL:spatial_relation] [SL:object_location_type @ptr_4 @ptr_5 SL:object_location_type] @ptr_6 [SL:movie_name @ptr_7 @ptr_8 @ptr_9 @ptr_10 @ptr_11 SL:movie_name]
What theater is playing Death Drums Along the River at 5 PM	What Ġtheater Ġis Ġplaying ĠDeath ĠDr ums ĠAlong Ġthe ĠRiver Ġat Ġ5 ĠPM	@ptr_0 @ptr_1 @ptr_2 @ptr_3 [SL:movie_name @ptr_4 @ptr_5 @ptr_6 @ptr_7 @ptr_8 @ptr_9 SL:movie_name] @ptr_10 [SL:timeRange @ptr_11 @ptr_12 SL:timeRange]
Is The Right to Strike playing at Star Theatres	Is ĠThe ĠRight Ġto ĠStrike Ġplaying Ġat ĠStar ĠThe at res	@ptr_0 [SL:movie_name @ptr_1 @ptr_2 @ptr_3 @ptr_4 SL:movie_name] @ptr_5 @ptr_6 [SL:location_name @ptr_7 @ptr_8 @ptr_9 @ptr_10 SL:location_name]
Give me the current showtimes for Tarass Boulba	Give Ġme Ġthe Ġcurrent Ġshow times Ġfor ĠTar ass ĠB oul ba	@ptr_0 @ptr_1 @ptr_2 @ptr_3 @ptr_4 @ptr_5 @ptr_6 [SL:movie_name @ptr_7 @ptr_8 @ptr_9 @ptr_10 @ptr_11 SL:movie_name]
when can iw atch Great Balls of Fire! - Vampate di fuoco	when Ġcan Ġi w Ġat ch ĠGreat ĠBalls Ġof ĠFire ! Ġ- ĠV amp ate Ġdi Ġfu oco	@ptr_0 @ptr_1 @ptr_2 @ptr_3 @ptr_4 @ptr_5 [SL:movie_name @ptr_6 @ptr_7 @ptr_8 @ptr_9 @ptr_10 @ptr_11 @ptr_12 @ptr_13 @ptr_14 @ptr_15 @ptr_16 @ptr_17 SL:movie_name]
Show me a movie theatre where Screamplay	Show Ġme Ġa Ġmovie Ġtheatre Ġwhere ĠScream play	@ptr_0 @ptr_1 @ptr_2 [SL:object_location_type @ptr_3 @ptr_4 SL:object_location_type] @ptr_5 [SL:movie_name @ptr_6 @ptr_7 SL:movie_name]
Show me the closest cinema playing movies	Show Ġme Ġthe Ġclosest Ġcinema Ġplaying Ġmovies	@ptr_0 @ptr_1 @ptr_2 [SL:spatial_relation @ptr_3 SL:spatial_relation] [SL:object_location_type @ptr_4 SL:object_location_type] @ptr_5 [SL:movie_type @ptr_6 SL:movie_type]
Where is the closest cinema playing I Prefer the Sound of the Sea	Where Ġis Ġthe Ġclosest Ġcinema Ġplaying ĠI ĠPre fer Ġthe ĠSound Ġof Ġthe ĠSea	@ptr_0 @ptr_1 @ptr_2 [SL:spatial_relation @ptr_3 SL:spatial_relation] [SL:object_location_type @ptr_4 SL:object_location_type] @ptr_5 [SL:movie_name @ptr_6 @ptr_7 @ptr_8 @ptr_9 @ptr_10 @ptr_11 @ptr_12 @ptr_13 SL:movie_name]
Is The Mystical Adventures of Billy Owens playing at the closest movie house	Is ĠThe ĠMyst ical ĠAdventures Ġof ĠBilly ĠOwens Ġplaying Ġat Ġthe Ġclosest Ġmovie Ġhouse	@ptr_0 [SL:movie_name @ptr_1 @ptr_2 @ptr_3 @ptr_4 @ptr_5 @ptr_6 @ptr_7 SL:movie_name] @ptr_8 @ptr_9 @ptr_10 [SL:spatial_relation @ptr_11 SL:spatial_relation] [SL:object_location_type @ptr_12 @ptr_13 SL:object_location_type]
When will The Boys Next Door be playing at the nearest movie house	When Ġwill ĠThe ĠBoys ĠNext ĠDoor Ġbe Ġplaying Ġat Ġthe Ġnearest Ġmovie Ġhouse	@ptr_0 @ptr_1 [SL:movie_name @ptr_2 @ptr_3 @ptr_4 @ptr_5 SL:movie_name] @ptr_6 @ptr_7 @ptr_8 @ptr_9 [SL:spatial_relation @ptr_10 SL:spatial_relation] [SL:object_location_type @ptr_11 @ptr_12 SL:object_location_type]
Is Rio Belongs to Us playing at the movie house closest	Is ĠRio ĠBel ongs Ġto ĠUs Ġplaying Ġat Ġthe Ġmovie Ġhouse Ġclosest	@ptr_0 [SL:movie_name @ptr_1 @ptr_2 @ptr_3 @ptr_4 @ptr_5 SL:movie_name] @ptr_6 @ptr_7 @ptr_8 [SL:object_location_type @ptr_9 @ptr_10 SL:object_location_type] [SL:spatial_relation @ptr_11 SL:spatial_relation]
Is there a movie theatre showing Last Cab to Darwin	Is Ġthere Ġa Ġmovie Ġtheatre Ġshowing ĠLast ĠCab Ġto ĠDarwin	@ptr_0 @ptr_1 @ptr_2 [SL:object_location_type @ptr_3 @ptr_4 SL:object_location_type] @ptr_5 [SL:movie_name @ptr_6 @ptr_7 @ptr_8 @ptr_9 SL:movie_name]
What is the nearest movie house playing The Miracle Rider	What Ġis Ġthe Ġnearest Ġmovie Ġhouse Ġplaying ĠThe ĠMiracle ĠRider	@ptr_0 @ptr_1 @ptr_2 [SL:spatial_relation @ptr_3 SL:spatial_relation] [SL:object_location_type @ptr_4 @ptr_5 SL:object_location_type] @ptr_6 [SL:movie_name @ptr_7 @ptr_8 @ptr_9 SL:movie_name]
find a movie theatre with Beware of Bachelors	find Ġa Ġmovie Ġtheatre Ġwith ĠBeware Ġof ĠB achel ors	@ptr_0 @ptr_1 [SL:object_location_type @ptr_2 @ptr_3 SL:object_location_type] @ptr_4 [SL:movie_name @ptr_5 @ptr_6 @ptr_7 @ptr_8 @ptr_9 SL:movie_name]
Find the closest cinema playing The St. Francisville Experiment	Find Ġthe Ġclosest Ġcinema Ġplaying ĠThe ĠSt . ĠFrancis ville ĠExperiment	@ptr_0 @ptr_1 [SL:spatial_relation @ptr_2 SL:spatial_relation] [SL:object_location_type @ptr_3 SL:object_location_type] @ptr_4 [SL:movie_name @ptr_5 @ptr_6 @ptr_7 @ptr_8 @ptr_9 @ptr_10 SL:movie_name]
When is The Woman going to be scheduled at the closest movie house	When Ġis ĠThe ĠWoman Ġgoing Ġto Ġbe Ġscheduled Ġat Ġthe Ġclosest Ġmovie Ġhouse	@ptr_0 @ptr_1 [SL:movie_name @ptr_2 @ptr_3 SL:movie_name] @ptr_4 @ptr_5 @ptr_6 @ptr_7 @ptr_8 @ptr_9 [SL:spatial_relation @ptr_10 SL:spatial_relation] [SL:object_location_type @ptr_11 @ptr_12 SL:object_location_type]
is The Couch Trip at the nearest cinema	is ĠThe ĠCouch ĠTrip Ġat Ġthe Ġnearest Ġcinema	@ptr_0 [SL:movie_name @ptr_1 @ptr_2 @ptr_3 SL:movie_name] @ptr_4 @ptr_5 [SL:spatial_relation @ptr_6 SL:spatial_relation] [SL:object_location_type @ptr_7 SL:object_location_type]
I'd like to watch Three Word Brand at the cinema	I 'd Ġlike Ġto Ġwatch ĠThree ĠWord ĠBrand Ġat Ġthe Ġcinema	@ptr_0 @ptr_1 @ptr_2 @ptr_3 @ptr_4 [SL:movie_name @ptr_5 @ptr_6 @ptr_7 SL:movie_name] @ptr_8 @ptr_9 [SL:object_location_type @ptr_10 SL:object_location_type]
What is the nearest cinema playing Romance of the Limberlost	What Ġis Ġthe Ġnearest Ġcinema Ġplaying ĠRomance Ġof Ġthe ĠLim ber lost	@ptr_0 @ptr_1 @ptr_2 [SL:spatial_relation @ptr_3 SL:spatial_relation] [SL:object_location_type @ptr_4 SL:object_location_type] @ptr_5 [SL:movie_name @ptr_6 @ptr_7 @ptr_8 @ptr_9 @ptr_10 @ptr_11 SL:movie_name]
Can you let me know when Talk of the Devil is playing at the movie theatre	Can Ġyou Ġlet Ġme Ġknow Ġwhen ĠTalk Ġof Ġthe ĠDevil Ġis Ġplaying Ġat Ġthe Ġmovie Ġtheatre	@ptr_0 @ptr_1 @ptr_2 @ptr_3 @ptr_4 @ptr_5 [SL:movie_name @ptr_6 @ptr_7 @ptr_8 @ptr_9 SL:movie_name] @ptr_10 @ptr_11 @ptr_12 @ptr_13 [SL:object_location_type @ptr_14 @ptr_15 SL:object_location_type]
is Traffic at the movie theatre	is ĠTraffic Ġat Ġthe Ġmovie Ġtheatre	@ptr_0 [SL:movie_name @ptr_1 SL:movie_name] @ptr_2 @ptr_3 [SL:object_location_type @ptr_4 @ptr_5 SL:object_location_type]
Which films are playing at the closest movie house	Which Ġfilms Ġare Ġplaying Ġat Ġthe Ġclosest Ġmovie Ġhouse	@ptr_0 [SL:movie_type @ptr_1 SL:movie_type] @ptr_2 @ptr_3 @ptr_4 @ptr_5 [SL:spatial_relation @ptr_6 SL:spatial_relation] [SL:object_location_type @ptr_7 @ptr_8 SL:object_location_type]
Find the schedule for The Devil Diamond at a movie theatre	Find Ġthe Ġschedule Ġfor ĠThe ĠDevil ĠDiamond Ġat Ġa Ġmovie Ġtheatre	@ptr_0 @ptr_1 [SL:object_type @ptr_2 SL:object_type] @ptr_3 [SL:movie_name @ptr_4 @ptr_5 @ptr_6 SL:movie_name] @ptr_7 @ptr_8 [SL:object_location_type @ptr_9 @ptr_10 SL:object_location_type]
When is The Naked Eye playing at the closest movie theatre	When Ġis ĠThe ĠNaked ĠEye Ġplaying Ġat Ġthe Ġclosest Ġmovie Ġtheatre	@ptr_0 @ptr_1 [SL:movie_name @ptr_2 @ptr_3 @ptr_4 SL:movie_name] @ptr_5 @ptr_6 @ptr_7 [SL:spatial_relation @ptr_8 SL:spatial_relation] [SL:object_location_type @ptr_9 @ptr_10 SL:object_location_type]
I want to watch Looney Tunes Platinum Collection: Volume 1 at a movie theatre	I Ġwant Ġto Ġwatch ĠLo oney ĠT unes ĠPlatinum ĠCollection : ĠVolume Ġ1 Ġat Ġa Ġmovie Ġtheatre	@ptr_0 @ptr_1 @ptr_2 @ptr_3 [SL:movie_name @ptr_4 @ptr_5 @ptr_6 @ptr_7 @ptr_8 @ptr_9 @ptr_10 @ptr_11 @ptr_12 SL:movie_name] @ptr_13 @ptr_14 [SL:object_location_type @ptr_15 @ptr_16 SL:object_location_type]
Can you pull up showings for Pop Goes the Easel at the local movie theatre	Can Ġyou Ġpull Ġup Ġshow ings Ġfor ĠPop ĠGoes Ġthe ĠEas el Ġat Ġthe Ġlocal Ġmovie Ġtheatre	@ptr_0 @ptr_1 @ptr_2 @ptr_3 @ptr_4 @ptr_5 @ptr_6 [SL:movie_name @ptr_7 @ptr_8 @ptr_9 @ptr_10 @ptr_11 SL:movie_name] @ptr_12 @ptr_13 @ptr_14 [SL:object_location_type @ptr_15 @ptr_16 SL:object_location_type]
whats the closest cinema showing Swamp Water	wh ats Ġthe Ġclosest Ġcinema Ġshowing ĠSwamp ĠWater	@ptr_0 @ptr_1 @ptr_2 [SL:spatial_relation @ptr_3 SL:spatial_relation] [SL:object_location_type @ptr_4 SL:object_location_type] @ptr_5 [SL:movie_name @ptr_6 @ptr_7 SL:movie_name]
when can i see A Handful of Dust in a movie theatre	when Ġcan Ġi Ġsee ĠA ĠHand ful Ġof ĠDust Ġin Ġa Ġmovie Ġtheatre	@ptr_0 @ptr_1 @ptr_2 @ptr_3 [SL:movie_name @ptr_4 @ptr_5 @ptr_6 @ptr_7 @ptr_8 SL:movie_name] @ptr_9 @ptr_10 [SL:object_location_type @ptr_11 @ptr_12 SL:object_location_type]
Find the schedule for The Band of Honest Men at the nearest movie theatre	Find Ġthe Ġschedule Ġfor ĠThe ĠBand Ġof ĠHonest ĠMen Ġat Ġthe Ġnearest Ġmovie Ġtheatre	@ptr_0 @ptr_1 [SL:object_type @ptr_2 SL:object_type] @ptr_3 [SL:movie_name @ptr_4 @ptr_5 @ptr_6 @ptr_7 @ptr_8 SL:movie_name] @ptr_9 @ptr_10 [SL:spatial_relation @ptr_11 SL:spatial_relation] [SL:object_location_type @ptr_12 @ptr_13 SL:object_location_type]
what time is Mulawin: The Movie showing at the nearest movie house	what Ġtime Ġis ĠMul aw in : ĠThe ĠMovie Ġshowing Ġat Ġthe Ġnearest Ġmovie Ġhouse	@ptr_0 @ptr_1 @ptr_2 [SL:movie_name @ptr_3 @ptr_4 @ptr_5 @ptr_6 @ptr_7 @ptr_8 SL:movie_name] @ptr_9 @ptr_10 @ptr_11 [SL:spatial_relation @ptr_12 SL:spatial_relation] [SL:object_location_type @ptr_13 @ptr_14 SL:object_location_type]
find the nearest movies at a movie theatre	find Ġthe Ġnearest Ġmovies Ġat Ġa Ġmovie Ġtheatre	@ptr_0 @ptr_1 [SL:spatial_relation @ptr_2 SL:spatial_relation] [SL:movie_type @ptr_3 SL:movie_type] @ptr_4 @ptr_5 [SL:object_location_type @ptr_6 @ptr_7 SL:object_location_type]
Is Live Forever: The Rise and Fall of Brit Pop playing at the closest cinema in 1 minute	Is ĠLive ĠForever : ĠThe ĠRise Ġand ĠFall Ġof ĠBrit ĠPop Ġplaying Ġat Ġthe Ġclosest Ġcinema Ġin Ġ1 Ġminute	@ptr_0 [SL:movie_name @ptr_1 @ptr_2 @ptr_3 @ptr_4 @ptr_5 @ptr_6 @ptr_7 @ptr_8 @ptr_9 @ptr_10 SL:movie_name] @ptr_11 @ptr_12 @ptr_13 [SL:spatial_relation @ptr_14 SL:spatial_relation] [SL:object_location_type @ptr_15 SL:object_location_type] [SL:timeRange @ptr_16 @ptr_17 @ptr_18 SL:timeRange]
Are there any movies playing at 5 am at North American Cinemas	Are Ġthere Ġany Ġmovies Ġplaying Ġat Ġ5 Ġam Ġat ĠNorth ĠAmerican ĠCinem as	@ptr_0 @ptr_1 @ptr_2 [SL:movie_type @ptr_3 SL:movie_type] @ptr_4 @ptr_5 [SL:timeRange @ptr_6 @ptr_7 SL:timeRange] @ptr_8 [SL:location_name @ptr_9 @ptr_10 @ptr_11 @ptr_12 SL:location_name]
List all the movies playing in the area now	List Ġall Ġthe Ġmovies Ġplaying Ġin Ġthe Ġarea Ġnow	@ptr_0 @ptr_1 @ptr_2 [SL:movie_type @ptr_3 SL:movie_type] @ptr_4 [SL:spatial_relation @ptr_5 @ptr_6 @ptr_7 SL:spatial_relation] [SL:timeRange @ptr_8 SL:timeRange]
What is the movie schedule for films that are playing nearby in 15 minutes	What Ġis Ġthe Ġmovie Ġschedule Ġfor Ġfilms Ġthat Ġare Ġplaying Ġnearby Ġin Ġ15 Ġminutes	@ptr_0 @ptr_1 @ptr_2 [SL:object_type @ptr_3 @ptr_4 SL:object_type] @ptr_5 [SL:movie_type @ptr_6 SL:movie_type] @ptr_7 @ptr_8 @ptr_9 [SL:spatial_relation @ptr_10 SL:spatial_relation] [SL:timeRange @ptr_11 @ptr_12 @ptr_13 SL:timeRange]
I'd like to watch All on the Red at 9 o'clock	I 'd Ġlike Ġto Ġwatch ĠAll Ġon Ġthe ĠRed Ġat Ġ9 Ġo ' clock	@ptr_0 @ptr_1 @ptr_2 @ptr_3 @ptr_4 [SL:movie_name @ptr_5 @ptr_6 @ptr_7 @ptr_8 SL:movie_name] @ptr_9 [SL:timeRange @ptr_10 @ptr_11 @ptr_12 @ptr_13 SL:timeRange]
where is Wild America showing at zero P.M.	where Ġis ĠWild ĠAmerica Ġshowing Ġat Ġzero ĠP . M .	@ptr_0 @ptr_1 [SL:movie_name @ptr_2 @ptr_3 SL:movie_name] @ptr_4 @ptr_5 [SL:timeRange @ptr_6 @ptr_7 @ptr_8 @ptr_9 @ptr_10 SL:timeRange]
What films are at IMAX Corporation at 11 p.m.	What Ġfilms Ġare Ġat ĠI MAX ĠCorporation Ġat Ġ11 Ġp . m .	@ptr_0 [SL:movie_type @ptr_1 SL:movie_type] @ptr_2 @ptr_3 [SL:location_name @ptr_4 @ptr_5 @ptr_6 SL:location_name] @ptr_7 [SL:timeRange @ptr_8 @ptr_9 @ptr_10 @ptr_11 @ptr_12 SL:timeRange]
Find the schedule for Chronicle of My Mother at the nearest cinema in 1 minute and 8 seconds	Find Ġthe Ġschedule Ġfor ĠChronicle Ġof ĠMy ĠMother Ġat Ġthe Ġnearest Ġcinema Ġin Ġ1 Ġminute Ġand Ġ8 Ġseconds	@ptr_0 @ptr_1 [SL:object_type @ptr_2 SL:object_type] @ptr_3 [SL:movie_name @ptr_4 @ptr_5 @ptr_6 @ptr_7 SL:movie_name] @ptr_8 @ptr_9 [SL:spatial_relation @ptr_10 SL:spatial_relation] [SL:object_location_type @ptr_11 SL:object_location_type] [SL:timeRange @ptr_12 @ptr_13 @ptr_14 @ptr_15 @ptr_16 @ptr_17 SL:timeRange]
find films in 12 hours at the nearest movie theatre	find Ġfilms Ġin Ġ12 Ġhours Ġat Ġthe Ġnearest Ġmovie Ġtheatre	@ptr_0 [SL:movie_type @ptr_1 SL:movie_type] [SL:timeRange @ptr_2 @ptr_3 @ptr_4 SL:timeRange] @ptr_5 @ptr_6 [SL:spatial_relation @ptr_7 SL:spatial_relation] [SL:object_location_type @ptr_8 @ptr_9 SL:object_location_type]
What movie times are there for 5 p.m.	What Ġmovie Ġtimes Ġare Ġthere Ġfor Ġ5 Ġp . m .	@ptr_0 [SL:object_type @ptr_1 @ptr_2 SL:object_type] @ptr_3 @ptr_4 @ptr_5 [SL:timeRange @ptr_6 @ptr_7 @ptr_8 @ptr_9 @ptr_10 SL:timeRange]
Find the schedule for for The Unnaturals at 13	Find Ġthe Ġschedule Ġfor Ġfor ĠThe ĠUn n atur als Ġat Ġ13	@ptr_0 @ptr_1 [SL:object_type @ptr_2 SL:object_type] @ptr_3 @ptr_4 [SL:movie_name @ptr_5 @ptr_6 @ptr_7 @ptr_8 @ptr_9 SL:movie_name] @ptr_10 [SL:timeRange @ptr_11 SL:timeRange]
What is the movie schedules at for Douglas Theatre Company at 0 p.m.	What Ġis Ġthe Ġmovie Ġschedules Ġat Ġfor ĠDouglas ĠTheatre ĠCompany Ġat Ġ0 Ġp . m .	@ptr_0 @ptr_1 @ptr_2 [SL:object_type @ptr_3 @ptr_4 SL:object_type] @ptr_5 @ptr_6 [SL:location_name @ptr_7 @ptr_8 @ptr_9 SL:location_name] @ptr_10 [SL:timeRange @ptr_11 @ptr_12 @ptr_13 @ptr_14 @ptr_15 SL:timeRange]
find Dipson Theatres with Swiss Army Man at 8 p.m.	find ĠDip son ĠThe at res Ġwith ĠSwiss ĠArmy ĠMan Ġat Ġ8 Ġp . m .	@ptr_0 [SL:location_name @ptr_1 @ptr_2 @ptr_3 @ptr_4 @ptr_5 SL:location_name] @ptr_6 [SL:movie_name @ptr_7 @ptr_8 @ptr_9 SL:movie_name] @ptr_10 [SL:timeRange @ptr_11 @ptr_12 @ptr_13 @ptr_14 @ptr_15 SL:timeRange]
Advise me on the movie schedule of films that will be playing at 07:31:32 pm at a place close by	Adv ise Ġme Ġon Ġthe Ġmovie Ġschedule Ġof Ġfilms Ġthat Ġwill Ġbe Ġplaying Ġat Ġ07 : 31 : 32 Ġpm Ġat Ġa Ġplace Ġclose Ġby	@ptr_0 @ptr_1 @ptr_2 @ptr_3 @ptr_4 [SL:object_type @ptr_5 @ptr_6 SL:object_type] @ptr_7 [SL:movie_type @ptr_8 SL:movie_type] @ptr_9 @ptr_10 @ptr_11 @ptr_12 @ptr_13 [SL:timeRange @ptr_14 @ptr_15 @ptr_16 @ptr_17 @ptr_18 @ptr_19 SL:timeRange] @ptr_20 @ptr_21 @ptr_22 [SL:spatial_relation @ptr_23 @ptr_24 SL:spatial_relation]
What theater is playing Death Drums Along the River at 5 PM	What Ġtheater Ġis Ġplaying ĠDeath ĠDr ums ĠAlong Ġthe ĠRiver Ġat Ġ5 ĠPM	@ptr_0 @ptr_1 @ptr_2 @ptr_3 [SL:movie_name @ptr_4 @ptr_5 @ptr_6 @ptr_7 @ptr_8 @ptr_9 SL:movie_name] @ptr_10 [SL:timeRange @ptr_11 @ptr_12 SL:timeRange]
Show me the movie times for what's playing now	Show Ġme Ġthe Ġmovie Ġtimes Ġfor Ġwhat 's Ġplaying Ġnow	@ptr_0 @ptr_1 @ptr_2 [SL:object_type @ptr_3 @ptr_4 SL:object_type] @ptr_5 @ptr_6 @ptr_7 @ptr_8 [SL:timeRange @ptr_9 SL:timeRange]
What movies are playing one hour from now at Cooper Foundation	What Ġmovies Ġare Ġplaying Ġone Ġhour Ġfrom Ġnow Ġat ĠCooper ĠFoundation	@ptr_0 [SL:movie_type @ptr_1 SL:movie_type] @ptr_2 @ptr_3 [SL:timeRange @ptr_4 @ptr_5 @ptr_6 @ptr_7 SL:timeRange] @ptr_8 [SL:location_name @ptr_9 @ptr_10 SL:location_name]
find Plitt Theatres now showing Poverty and Nobility	find ĠPl itt ĠThe at res Ġnow Ġshowing ĠPoverty Ġand ĠNob ility	@ptr_0 [SL:location_name @ptr_1 @ptr_2 @ptr_3 @ptr_4 @ptr_5 SL:location_name] [SL:timeRange @ptr_6 SL:timeRange] @ptr_7 [SL:movie_name @ptr_8 @ptr_9 @ptr_10 @ptr_11 SL:movie_name]
What films are playing at 1 PM at Showcase Cinemas	What Ġfilms Ġare Ġplaying Ġat Ġ1 ĠPM Ġat ĠShow case ĠCinem as	@ptr_0 [SL:movie_type @ptr_1 SL:movie_type] @ptr_2 @ptr_3 @ptr_4 [SL:timeRange @ptr_5 @ptr_6 SL:timeRange] @ptr_7 [SL:location_name @ptr_8 @ptr_9 @ptr_10 @ptr_11 SL:location_name]
what films are on the movie schedule for ten at a close by	what Ġfilms Ġare Ġon Ġthe Ġmovie Ġschedule Ġfor Ġten Ġat Ġa Ġclose Ġby	@ptr_0 [SL:movie_type @ptr_1 SL:movie_type] @ptr_2 @ptr_3 @ptr_4 [SL:object_type @ptr_5 @ptr_6 SL:object_type] @ptr_7 [SL:timeRange @ptr_8 SL:timeRange] @ptr_9 @ptr_10 [SL:spatial_relation @ptr_11 @ptr_12 SL:spatial_relation]
Is And the Ship Sails On playing at Douglas Theatre Company 1 minute from now	Is ĠAnd Ġthe ĠShip ĠS ails ĠOn Ġplaying Ġat ĠDouglas ĠTheatre ĠCompany Ġ1 Ġminute Ġfrom Ġnow	@ptr_0 [SL:movie_name @ptr_1 @ptr_2 @ptr_3 @ptr_4 @ptr_5 @ptr_6 SL:movie_name] @ptr_7 @ptr_8 [SL:location_name @ptr_9 @ptr_10 @ptr_11 SL:location_name] [SL:timeRange @ptr_12 @ptr_13 @ptr_14 @ptr_15 SL:timeRange]
Find the schedule for for Corn at eleven A.M. at Loews Cineplex Entertainment	Find Ġthe Ġschedule Ġfor Ġfor ĠCorn Ġat Ġeleven ĠA . M . Ġat ĠLo ews ĠC ine plex ĠEntertainment	@ptr_0 @ptr_1 @ptr_2 @ptr_3 @ptr_4 [SL:movie_name @ptr_5 SL:movie_name] @ptr_6 [SL:timeRange @ptr_7 @ptr_8 @ptr_9 @ptr_10 @ptr_11 SL:timeRange] @ptr_12 [SL:location_name @ptr_13 @ptr_14 @ptr_15 @ptr_16 @ptr_17 @ptr_18 SL:location_name]
ticket for The Perfect Man at Dickinson Theatres at 10 A.M.	ticket Ġfor ĠThe ĠPerfect ĠMan Ġat ĠDickinson ĠThe at res Ġat Ġ10 ĠA . M .	@ptr_0 @ptr_1 [SL:movie_name @ptr_2 @ptr_3 @ptr_4 SL:movie_name] @ptr_5 [SL:location_name @ptr_6 @ptr_7 @ptr_8 @ptr_9 SL:location_name] @ptr_10 [SL:timeRange @ptr_11 @ptr_12 @ptr_13 @ptr_14 @ptr_15 SL:timeRange]
Is The Day of the Beast playing at three p.m.	Is ĠThe ĠDay Ġof Ġthe ĠBeast Ġplaying Ġat Ġthree Ġp . m .	@ptr_0 [SL:movie_name @ptr_1 @ptr_2 @ptr_3 @ptr_4 @ptr_5 SL:movie_name] @ptr_6 @ptr_7 [SL:timeRange @ptr_8 @ptr_9 @ptr_10 @ptr_11 @ptr_12 SL:timeRange]
What movies are showing at the nearest movie theatre in 8 minutes	What Ġmovies Ġare Ġshowing Ġat Ġthe Ġnearest Ġmovie Ġtheatre Ġin Ġ8 Ġminutes	@ptr_0 [SL:movie_type @ptr_1 SL:movie_type] @ptr_2 @ptr_3 @ptr_4 @ptr_5 [SL:spatial_relation @ptr_6 SL:spatial_relation] [SL:object_location_type @ptr_7 @ptr_8 SL:object_location_type] [SL:timeRange @ptr_9 @ptr_10 @ptr_11 SL:timeRange]
show me the movie schedules for animated movies around here	show Ġme Ġthe Ġmovie Ġschedules Ġfor Ġanimated Ġmovies Ġaround Ġhere	@ptr_0 @ptr_1 @ptr_2 [SL:object_type @ptr_3 @ptr_4 SL:object_type] @ptr_5 [SL:movie_type @ptr_6 @ptr_7 SL:movie_type] [SL:spatial_relation @ptr_8 @ptr_9 SL:spatial_relation]
Find the schedule for movies at Star Theatres	Find Ġthe Ġschedule Ġfor Ġmovies Ġat ĠStar ĠThe at res	@ptr_0 @ptr_1 [SL:object_type @ptr_2 SL:object_type] @ptr_3 [SL:movie_type @ptr_4 SL:movie_type] @ptr_5 [SL:location_name @ptr_6 @ptr_7 @ptr_8 @ptr_9 SL:location_name]
What movies are playing Dickinson Theatres	What Ġmovies Ġare Ġplaying ĠDickinson ĠThe at res	@ptr_0 [SL:movie_type @ptr_1 SL:movie_type] @ptr_2 @ptr_3 [SL:location_name @ptr_4 @ptr_5 @ptr_6 @ptr_7 SL:location_name]
Show me the movie times for animated movies in the area	Show Ġme Ġthe Ġmovie Ġtimes Ġfor Ġanimated Ġmovies Ġin Ġthe Ġarea	@ptr_0 @ptr_1 @ptr_2 [SL:object_type @ptr_3 @ptr_4 SL:object_type] @ptr_5 [SL:movie_type @ptr_6 @ptr_7 SL:movie_type] [SL:spatial_relation @ptr_8 @ptr_9 @ptr_10 SL:spatial_relation]
what is the movie schedule of animated movies in the area	what Ġis Ġthe Ġmovie Ġschedule Ġof Ġanimated Ġmovies Ġin Ġthe Ġarea	@ptr_0 @ptr_1 @ptr_2 [SL:object_type @ptr_3 @ptr_4 SL:object_type] @ptr_5 [SL:movie_type @ptr_6 @ptr_7 SL:movie_type] [SL:spatial_relation @ptr_8 @ptr_9 @ptr_10 SL:spatial_relation]
find close by movie schedule movies	find Ġclose Ġby Ġmovie Ġschedule Ġmovies	@ptr_0 [SL:spatial_relation @ptr_1 @ptr_2 SL:spatial_relation] [SL:object_type @ptr_3 @ptr_4 SL:object_type] [SL:movie_type @ptr_5 SL:movie_type]
What is the movie schedule for the movies that are playing nearby	What Ġis Ġthe Ġmovie Ġschedule Ġfor Ġthe Ġmovies Ġthat Ġare Ġplaying Ġnearby	@ptr_0 @ptr_1 @ptr_2 [SL:object_type @ptr_3 @ptr_4 SL:object_type] @ptr_5 @ptr_6 [SL:movie_type @ptr_7 SL:movie_type] @ptr_8 @ptr_9 @ptr_10 [SL:spatial_relation @ptr_11 SL:spatial_relation]
What animated movies are playing at the nearest movie theatre	What Ġanimated Ġmovies Ġare Ġplaying Ġat Ġthe Ġnearest Ġmovie Ġtheatre	@ptr_0 [SL:movie_type @ptr_1 @ptr_2 SL:movie_type] @ptr_3 @ptr_4 @ptr_5 @ptr_6 [SL:spatial_relation @ptr_7 SL:spatial_relation] [SL:object_location_type @ptr_8 @ptr_9 SL:object_location_type]
What are the movie times for films nearby	What Ġare Ġthe Ġmovie Ġtimes Ġfor Ġfilms Ġnearby	@ptr_0 @ptr_1 @ptr_2 [SL:object_type @ptr_3 @ptr_4 SL:object_type] @ptr_5 [SL:movie_type @ptr_6 SL:movie_type] [SL:spatial_relation @ptr_7 SL:spatial_relation]
list animated movies at the nearest cinema	list Ġanimated Ġmovies Ġat Ġthe Ġnearest Ġcinema	@ptr_0 [SL:movie_type @ptr_1 @ptr_2 SL:movie_type] @ptr_3 @ptr_4 [SL:spatial_relation @ptr_5 SL:spatial_relation] [SL:object_location_type @ptr_6 SL:object_location_type]
show movie times for animated movies nearby	show Ġmovie Ġtimes Ġfor Ġanimated Ġmovies Ġnearby	@ptr_0 [SL:object_type @ptr_1 @ptr_2 SL:object_type] @ptr_3 [SL:movie_type @ptr_4 @ptr_5 SL:movie_type] [SL:spatial_relation @ptr_6 SL:spatial_relation]
Show movie schedules with movies in the neighborhood	Show Ġmovie Ġschedules Ġwith Ġmovies Ġin Ġthe Ġneighborhood	@ptr_0 [SL:object_type @ptr_1 @ptr_2 SL:object_type] @ptr_3 [SL:movie_type @ptr_4 SL:movie_type] [SL:spatial_relation @ptr_5 @ptr_6 @ptr_7 SL:spatial_relation]
What films are playing around here	What Ġfilms Ġare Ġplaying Ġaround Ġhere	@ptr_0 [SL:movie_type @ptr_1 SL:movie_type] @ptr_2 @ptr_3 [SL:spatial_relation @ptr_4 @ptr_5 SL:spatial_relation]
Can i get todays movie schedule for the movies that are close by	Can Ġi Ġget Ġto days Ġmovie Ġschedule Ġfor Ġthe Ġmovies Ġthat Ġare Ġclose Ġby	@ptr_0 @ptr_1 @ptr_2 @ptr_3 @ptr_4 [SL:object_type @ptr_5 @ptr_6 SL:object_type] @ptr_7 @ptr_8 [SL:movie_type @ptr_9 SL:movie_type] @ptr_10 @ptr_11 [SL:spatial_relation @ptr_12 @ptr_13 SL:spatial_relation]
What animated movies are around here	What Ġanimated Ġmovies Ġare Ġaround Ġhere	@ptr_0 [SL:movie_type @ptr_1 @ptr_2 SL:movie_type] @ptr_3 [SL:spatial_relation @ptr_4 @ptr_5 SL:spatial_relation]
show me the movie schedule in the neighbourhood movies	show Ġme Ġthe Ġmovie Ġschedule Ġin Ġthe Ġneighbourhood Ġmovies	@ptr_0 @ptr_1 @ptr_2 [SL:object_type @ptr_3 @ptr_4 SL:object_type] [SL:spatial_relation @ptr_5 @ptr_6 @ptr_7 SL:spatial_relation] [SL:movie_type @ptr_8 SL:movie_type]
Find time for films at the North American Cinemas	Find Ġtime Ġfor Ġfilms Ġat Ġthe ĠNorth ĠAmerican ĠCinem as	@ptr_0 @ptr_1 @ptr_2 [SL:movie_type @ptr_3 SL:movie_type] @ptr_4 @ptr_5 [SL:location_name @ptr_6 @ptr_7 @ptr_8 @ptr_9 SL:location_name]
what time can I expect films to start at the Bow Tie Cinemas	what Ġtime Ġcan ĠI Ġexpect Ġfilms Ġto Ġstart Ġat Ġthe ĠBow ĠTie ĠCinem as	@ptr_0 @ptr_1 @ptr_2 @ptr_3 @ptr_4 [SL:movie_type @ptr_5 SL:movie_type] @ptr_6 @ptr_7 @ptr_8 @ptr_9 [SL:location_name @ptr_10 @ptr_11 @ptr_12 @ptr_13 SL:location_name]
FInd the movie schedule for nearby movies	F Ind Ġthe Ġmovie Ġschedule Ġfor Ġnearby Ġmovies	@ptr_0 @ptr_1 @ptr_2 [SL:object_type @ptr_3 @ptr_4 SL:object_type] @ptr_5 [SL:spatial_relation @ptr_6 SL:spatial_relation] [SL:movie_type @ptr_7 SL:movie_type]
what animated movies are showing in the area	what Ġanimated Ġmovies Ġare Ġshowing Ġin Ġthe Ġarea	@ptr_0 [SL:movie_type @ptr_1 @ptr_2 SL:movie_type] @ptr_3 @ptr_4 [SL:spatial_relation @ptr_5 @ptr_6 @ptr_7 SL:spatial_relation]
Find films available at Cooper Foundation	Find Ġfilms Ġavailable Ġat ĠCooper ĠFoundation	@ptr_0 [SL:movie_type @ptr_1 SL:movie_type] @ptr_2 @ptr_3 [SL:location_name @ptr_4 @ptr_5 SL:location_name]
find animated movies movie schedule in the neighborhood	find Ġanimated Ġmovies Ġmovie Ġschedule Ġin Ġthe Ġneighborhood	@ptr_0 [SL:movie_type @ptr_1 @ptr_2 SL:movie_type] [SL:object_type @ptr_3 @ptr_4 SL:object_type] [SL:spatial_relation @ptr_5 @ptr_6 @ptr_7 SL:spatial_relation]
Advise me on the movie schedule of films that will be playing at 07:31:32 pm at a place close by	Adv ise Ġme Ġon Ġthe Ġmovie Ġschedule Ġof Ġfilms Ġthat Ġwill Ġbe Ġplaying Ġat Ġ07 : 31 : 32 Ġpm Ġat Ġa Ġplace Ġclose Ġby	@ptr_0 @ptr_1 @ptr_2 @ptr_3 @ptr_4 [SL:object_type @ptr_5 @ptr_6 SL:object_type] @ptr_7 [SL:movie_type @ptr_8 SL:movie_type] @ptr_9 @ptr_10 @ptr_11 @ptr_12 @ptr_13 [SL:timeRange @ptr_14 @ptr_15 @ptr_16 @ptr_17 @ptr_18 @ptr_19 SL:timeRange] @ptr_20 @ptr_21 @ptr_22 [SL:spatial_relation @ptr_23 @ptr_24 SL:spatial_relation]
What animated movies are playing at the closest movie theatre	What Ġanimated Ġmovies Ġare Ġplaying Ġat Ġthe Ġclosest Ġmovie Ġtheatre	@ptr_0 [SL:movie_type @ptr_1 @ptr_2 SL:movie_type] @ptr_3 @ptr_4 @ptr_5 @ptr_6 [SL:spatial_relation @ptr_7 SL:spatial_relation] [SL:object_location_type @ptr_8 @ptr_9 SL:object_location_type]
find close by films with a movie schedule	find Ġclose Ġby Ġfilms Ġwith Ġa Ġmovie Ġschedule	@ptr_0 [SL:spatial_relation @ptr_1 @ptr_2 SL:spatial_relation] [SL:movie_type @ptr_3 SL:movie_type] @ptr_4 @ptr_5 [SL:object_type @ptr_6 @ptr_7 SL:object_type]
What is the closest movie theatre showing In Pursuit of Honor	What Ġis Ġthe Ġclosest Ġmovie Ġtheatre Ġshowing ĠIn ĠPurs uit Ġof ĠHonor	@ptr_0 @ptr_1 @ptr_2 [SL:spatial_relation @ptr_3 SL:spatial_relation] [SL:object_location_type @ptr_4 @ptr_5 SL:object_location_type] @ptr_6 [SL:movie_name @ptr_7 @ptr_8 @ptr_9 @ptr_10 @ptr_11 SL:movie_name]
What are the morning movie schedules for movies in the neighborhood	What Ġare Ġthe Ġmorning Ġmovie Ġschedules Ġfor Ġmovies Ġin Ġthe Ġneighborhood	@ptr_0 @ptr_1 @ptr_2 [SL:timeRange @ptr_3 SL:timeRange] [SL:object_type @ptr_4 @ptr_5 SL:object_type] @ptr_6 [SL:movie_type @ptr_7 SL:movie_type] [SL:spatial_relation @ptr_8 @ptr_9 @ptr_10 SL:spatial_relation]
show me the schedule of Outlaw of Gor at nearest movie house at 5 A.M.	show Ġme Ġthe Ġschedule Ġof ĠOut law Ġof ĠGor Ġat Ġnearest Ġmovie Ġhouse Ġat Ġ5 ĠA . M .	@ptr_0 @ptr_1 @ptr_2 @ptr_3 @ptr_4 [SL:movie_name @ptr_5 @ptr_6 @ptr_7 @ptr_8 SL:movie_name] @ptr_9 [SL:spatial_relation @ptr_10 SL:spatial_relation] [SL:object_location_type @ptr_11 @ptr_12 SL:object_location_type] @ptr_13 [SL:timeRange @ptr_14 @ptr_15 @ptr_16 @ptr_17 @ptr_18 SL:timeRange]
What movie theatre is the closest that is playing Cheat You Fair: The Story of Maxwell Street right now	What Ġmovie Ġtheatre Ġis Ġthe Ġclosest Ġthat Ġis Ġplaying ĠChe at ĠYou ĠFair : ĠThe ĠStory Ġof ĠMaxwell ĠStreet Ġright Ġnow	@ptr_0 [SL:object_location_type @ptr_1 @ptr_2 SL:object_location_type] @ptr_3 @ptr_4 [SL:spatial_relation @ptr_5 SL:spatial_relation] @ptr_6 @ptr_7 @ptr_8 [SL:movie_name @ptr_9 @ptr_10 @ptr_11 @ptr_12 @ptr_13 @ptr_14 @ptr_15 @ptr_16 @ptr_17 @ptr_18 SL:movie_name] @ptr_19 [SL:timeRange @ptr_20 SL:timeRange]
What time does the next movie play around here	What Ġtime Ġdoes Ġthe Ġnext Ġmovie Ġplay Ġaround Ġhere	@ptr_0 @ptr_1 @ptr_2 @ptr_3 @ptr_4 [SL:movie_type @ptr_5 SL:movie_type] @ptr_6 [SL:spatial_relation @ptr_7 @ptr_8 SL:spatial_relation]
show movie schedule for animated movies in the neighborhood	show Ġmovie Ġschedule Ġfor Ġanimated Ġmovies Ġin Ġthe Ġneighborhood	@ptr_0 [SL:object_type @ptr_1 @ptr_2 SL:object_type] @ptr_3 [SL:movie_type @ptr_4 @ptr_5 SL:movie_type] [SL:spatial_relation @ptr_6 @ptr_7 @ptr_8 SL:spatial_relation]
What animated movies are playing in thirteen hours at the closest movie theatre	What Ġanimated Ġmovies Ġare Ġplaying Ġin Ġthirteen Ġhours Ġat Ġthe Ġclosest Ġmovie Ġtheatre	@ptr_0 [SL:movie_type @ptr_1 @ptr_2 SL:movie_type] @ptr_3 @ptr_4 [SL:timeRange @ptr_5 @ptr_6 @ptr_7 SL:timeRange] @ptr_8 @ptr_9 [SL:spatial_relation @ptr_10 SL:spatial_relation] [SL:object_location_type @ptr_11 @ptr_12 SL:object_location_type]
FInd the movie times for films in the neighbourhood	F Ind Ġthe Ġmovie Ġtimes Ġfor Ġfilms Ġin Ġthe Ġneighbourhood	@ptr_0 @ptr_1 @ptr_2 [SL:object_type @ptr_3 @ptr_4 SL:object_type] @ptr_5 [SL:movie_type @ptr_6 SL:movie_type] [SL:spatial_relation @ptr_7 @ptr_8 @ptr_9 SL:spatial_relation]
Show the movie schedules with animated movies around here	Show Ġthe Ġmovie Ġschedules Ġwith Ġanimated Ġmovies Ġaround Ġhere	@ptr_0 @ptr_1 [SL:object_type @ptr_2 @ptr_3 SL:object_type] @ptr_4 [SL:movie_type @ptr_5 @ptr_6 SL:movie_type] [SL:spatial_relation @ptr_7 @ptr_8 SL:spatial_relation]
Find the closest movie house that plays animated movies	Find Ġthe Ġclosest Ġmovie Ġhouse Ġthat Ġplays Ġanimated Ġmovies	@ptr_0 @ptr_1 [SL:spatial_relation @ptr_2 SL:spatial_relation] [SL:object_location_type @ptr_3 @ptr_4 SL:object_location_type] @ptr_5 @ptr_6 [SL:movie_type @ptr_7 @ptr_8 SL:movie_type]
What are the movie schedules for any animated movies playing in the neighbourhood	What Ġare Ġthe Ġmovie Ġschedules Ġfor Ġany Ġanimated Ġmovies Ġplaying Ġin Ġthe Ġneighbourhood	@ptr_0 @ptr_1 @ptr_2 [SL:object_type @ptr_3 @ptr_4 SL:object_type] @ptr_5 @ptr_6 [SL:movie_type @ptr_7 @ptr_8 SL:movie_type] @ptr_9 [SL:spatial_relation @ptr_10 @ptr_11 @ptr_12 SL:spatial_relation]
Can i get the listings for the film at the nearest movie theatre	Can Ġi Ġget Ġthe Ġlistings Ġfor Ġthe Ġfilm Ġat Ġthe Ġnearest Ġmovie Ġtheatre	@ptr_0 @ptr_1 @ptr_2 @ptr_3 @ptr_4 @ptr_5 @ptr_6 [SL:movie_type @ptr_7 SL:movie_type] @ptr_8 @ptr_9 [SL:spatial_relation @ptr_10 SL:spatial_relation] [SL:object_location_type @ptr_11 @ptr_12 SL:object_location_type]
Which films are playing close by	Which Ġfilms Ġare Ġplaying Ġclose Ġby	@ptr_0 [SL:movie_type @ptr_1 SL:movie_type] @ptr_2 @ptr_3 [SL:spatial_relation @ptr_4 @ptr_5 SL:spatial_relation]
What is the movie schedules for the movies nearby playing 23 seconds from now	What Ġis Ġthe Ġmovie Ġschedules Ġfor Ġthe Ġmovies Ġnearby Ġplaying Ġ23 Ġseconds Ġfrom Ġnow	@ptr_0 @ptr_1 @ptr_2 [SL:object_type @ptr_3 @ptr_4 SL:object_type] @ptr_5 @ptr_6 [SL:movie_type @ptr_7 SL:movie_type] [SL:spatial_relation @ptr_8 SL:spatial_relation] @ptr_9 [SL:timeRange @ptr_10 @ptr_11 @ptr_12 @ptr_13 SL:timeRange]
Can I see movie schedules for movies this evening in the neighbourhood	Can ĠI Ġsee Ġmovie Ġschedules Ġfor Ġmovies Ġthis Ġevening Ġin Ġthe Ġneighbourhood	@ptr_0 @ptr_1 @ptr_2 [SL:object_type @ptr_3 @ptr_4 SL:object_type] @ptr_5 [SL:movie_type @ptr_6 SL:movie_type] @ptr_7 [SL:timeRange @ptr_8 SL:timeRange] [SL:spatial_relation @ptr_9 @ptr_10 @ptr_11 SL:spatial_relation]
find the nearest movie theatre with The Witness Chair	find Ġthe Ġnearest Ġmovie Ġtheatre Ġwith ĠThe ĠWitness ĠChair	@ptr_0 @ptr_1 [SL:spatial_relation @ptr_2 SL:spatial_relation] [SL:object_location_type @ptr_3 @ptr_4 SL:object_location_type] @ptr_5 [SL:movie_name @ptr_6 @ptr_7 @ptr_8 SL:movie_name]
Fine movie times for animated movies in the neighborhood	Fine Ġmovie Ġtimes Ġfor Ġanimated Ġmovies Ġin Ġthe Ġneighborhood	@ptr_0 [SL:object_type @ptr_1 @ptr_2 SL:object_type] @ptr_3 [SL:movie_type @ptr_4 @ptr_5 SL:movie_type] [SL:spatial_relation @ptr_6 @ptr_7 @ptr_8 SL:spatial_relation]
Please find the movie schedule for animated movies playing in the neighbourhood	Please Ġfind Ġthe Ġmovie Ġschedule Ġfor Ġanimated Ġmovies Ġplaying Ġin Ġthe Ġneighbourhood	@ptr_0 @ptr_1 @ptr_2 [SL:object_type @ptr_3 @ptr_4 SL:object_type] @ptr_5 [SL:movie_type @ptr_6 @ptr_7 SL:movie_type] @ptr_8 [SL:spatial_relation @ptr_9 @ptr_10 @ptr_11 SL:spatial_relation]
What is the movie schedule of animated movies nearby	What Ġis Ġthe Ġmovie Ġschedule Ġof Ġanimated Ġmovies Ġnearby	@ptr_0 @ptr_1 @ptr_2 [SL:object_type @ptr_3 @ptr_4 SL:object_type] @ptr_5 [SL:movie_type @ptr_6 @ptr_7 SL:movie_type] [SL:spatial_relation @ptr_8 SL:spatial_relation]
show me movies in the area	show Ġme Ġmovies Ġin Ġthe Ġarea	@ptr_0 @ptr_1 [SL:movie_type @ptr_2 SL:movie_type] [SL:spatial_relation @ptr_3 @ptr_4 @ptr_5 SL:spatial_relation]
What movies are playing at the closest movie theatre	What Ġmovies Ġare Ġplaying Ġat Ġthe Ġclosest Ġmovie Ġtheatre	@ptr_0 [SL:movie_type @ptr_1 SL:movie_type] @ptr_2 @ptr_3 @ptr_4 @ptr_5 [SL:spatial_relation @ptr_6 SL:spatial_relation] [SL:object_location_type @ptr_7 @ptr_8 SL:object_location_type]
show movie schedules for animated movies in the neighbourhood	show Ġmovie Ġschedules Ġfor Ġanimated Ġmovies Ġin Ġthe Ġneighbourhood	@ptr_0 [SL:object_type @ptr_1 @ptr_2 SL:object_type] @ptr_3 [SL:movie_type @ptr_4 @ptr_5 SL:movie_type] [SL:spatial_relation @ptr_6 @ptr_7 @ptr_8 SL:spatial_relation]
Find me the showtimes for Until Death at the nearest movie house	Find Ġme Ġthe Ġshow times Ġfor ĠUntil ĠDeath Ġat Ġthe Ġnearest Ġmovie Ġhouse	@ptr_0 @ptr_1 @ptr_2 @ptr_3 @ptr_4 @ptr_5 [SL:movie_name @ptr_6 @ptr_7 SL:movie_name] @ptr_8 @ptr_9 [SL:spatial_relation @ptr_10 SL:spatial_relation] [SL:object_location_type @ptr_11 @ptr_12 SL:object_location_type]
find the nearest movie house showing Good Morning, Babylon	find Ġthe Ġnearest Ġmovie Ġhouse Ġshowing ĠGood ĠMorning , ĠBabylon	@ptr_0 @ptr_1 [SL:spatial_relation @ptr_2 SL:spatial_relation] [SL:object_location_type @ptr_3 @ptr_4 SL:object_location_type] @ptr_5 [SL:movie_name @ptr_6 @ptr_7 @ptr_8 @ptr_9 SL:movie_name]
what movies are around here	what Ġmovies Ġare Ġaround Ġhere	@ptr_0 [SL:movie_type @ptr_1 SL:movie_type] @ptr_2 [SL:spatial_relation @ptr_3 @ptr_4 SL:spatial_relation]
