Outdoor movie screenings in LA this summer	Out door Ġmovie Ġscreenings Ġin ĠLA Ġthis Ġsummer	[IN:GET_EVENT [SL:ATTRIBUTE_EVENT @ptr_0 @ptr_1 SL:ATTRIBUTE_EVENT] [SL:CATEGORY_EVENT @ptr_2 @ptr_3 SL:CATEGORY_EVENT] @ptr_4 [SL:LOCATION @ptr_5 SL:LOCATION] [SL:DATE_TIME @ptr_6 @ptr_7 SL:DATE_TIME] IN:GET_EVENT]
Where can I go sleigh riding in Philadelphia next week	Where Ġcan ĠI Ġgo Ġsle igh Ġriding Ġin ĠPhiladelphia Ġnext Ġweek	[IN:GET_EVENT @ptr_0 @ptr_1 @ptr_2 @ptr_3 [SL:CATEGORY_EVENT @ptr_4 @ptr_5 @ptr_6 SL:CATEGORY_EVENT] @ptr_7 [SL:LOCATION @ptr_8 SL:LOCATION] [SL:DATE_TIME @ptr_9 @ptr_10 SL:DATE_TIME] IN:GET_EVENT]
Nearby events tonight	Near by Ġevents Ġtonight	[IN:GET_EVENT [SL:LOCATION [IN:GET_LOCATION [SL:LOCATION_MODIFIER @ptr_0 @ptr_1 SL:LOCATION_MODIFIER] IN:GET_LOCATION] SL:LOCATION] @ptr_2 [SL:DATE_TIME @ptr_3 SL:DATE_TIME] IN:GET_EVENT]
What shows are playing at the House of Blues we his week	What Ġshows Ġare Ġplaying Ġat Ġthe ĠHouse Ġof ĠBlues Ġwe Ġhis Ġweek	[IN:GET_EVENT @ptr_0 [SL:CATEGORY_EVENT @ptr_1 SL:CATEGORY_EVENT] @ptr_2 @ptr_3 @ptr_4 [SL:LOCATION [IN:GET_LOCATION [SL:POINT_ON_MAP @ptr_5 @ptr_6 @ptr_7 @ptr_8 SL:POINT_ON_MAP] IN:GET_LOCATION] SL:LOCATION] @ptr_9 [SL:DATE_TIME @ptr_10 @ptr_11 SL:DATE_TIME] IN:GET_EVENT]
live music events near me tonight	live Ġmusic Ġevents Ġnear Ġme Ġtonight	[IN:GET_EVENT [SL:CATEGORY_EVENT @ptr_0 @ptr_1 @ptr_2 SL:CATEGORY_EVENT] [SL:LOCATION [IN:GET_LOCATION [SL:SEARCH_RADIUS @ptr_3 SL:SEARCH_RADIUS] [SL:LOCATION_USER @ptr_4 SL:LOCATION_USER] IN:GET_LOCATION] SL:LOCATION] [SL:DATE_TIME @ptr_5 SL:DATE_TIME] IN:GET_EVENT]
When is the Blues Festival in Clearwater this year	When Ġis Ġthe ĠBlues ĠFestival Ġin ĠClear water Ġthis Ġyear	[IN:GET_EVENT @ptr_0 @ptr_1 [SL:CATEGORY_EVENT @ptr_2 @ptr_3 @ptr_4 SL:CATEGORY_EVENT] @ptr_5 [SL:LOCATION @ptr_6 @ptr_7 SL:LOCATION] [SL:DATE_TIME @ptr_8 @ptr_9 SL:DATE_TIME] IN:GET_EVENT]
Christmas eve service near me	Christmas Ġeve Ġservice Ġnear Ġme	[IN:GET_EVENT [SL:DATE_TIME @ptr_0 @ptr_1 SL:DATE_TIME] [SL:CATEGORY_EVENT @ptr_2 SL:CATEGORY_EVENT] [SL:LOCATION [IN:GET_LOCATION [SL:SEARCH_RADIUS @ptr_3 SL:SEARCH_RADIUS] [SL:LOCATION_USER @ptr_4 SL:LOCATION_USER] IN:GET_LOCATION] SL:LOCATION] IN:GET_EVENT]
Fun things to do near me now	Fun Ġthings Ġto Ġdo Ġnear Ġme Ġnow	[IN:GET_EVENT @ptr_0 @ptr_1 @ptr_2 @ptr_3 [SL:LOCATION [IN:GET_LOCATION [SL:SEARCH_RADIUS @ptr_4 SL:SEARCH_RADIUS] [SL:LOCATION_USER @ptr_5 SL:LOCATION_USER] IN:GET_LOCATION] SL:LOCATION] [SL:DATE_TIME @ptr_6 SL:DATE_TIME] IN:GET_EVENT]
Events for kids tomorrow night downtown	Events Ġfor Ġkids Ġtomorrow Ġnight Ġdowntown	[IN:GET_EVENT @ptr_0 @ptr_1 [SL:ATTRIBUTE_EVENT @ptr_2 SL:ATTRIBUTE_EVENT] [SL:DATE_TIME @ptr_3 @ptr_4 SL:DATE_TIME] [SL:LOCATION @ptr_5 SL:LOCATION] IN:GET_EVENT]
How many people have purchased tickets for the Rhiannon concert in Atlanta this Saturday night	How Ġmany Ġpeople Ġhave Ġpurchased Ġtickets Ġfor Ġthe ĠRh ian non Ġconcert Ġin ĠAtlanta Ġthis ĠSaturday Ġnight	[IN:GET_EVENT_ATTENDEE_AMOUNT @ptr_0 @ptr_1 @ptr_2 @ptr_3 @ptr_4 @ptr_5 @ptr_6 @ptr_7 [SL:NAME_EVENT @ptr_8 @ptr_9 @ptr_10 SL:NAME_EVENT] [SL:CATEGORY_EVENT @ptr_11 SL:CATEGORY_EVENT] @ptr_12 [SL:LOCATION @ptr_13 SL:LOCATION] [SL:DATE_TIME @ptr_14 @ptr_15 @ptr_16 SL:DATE_TIME] IN:GET_EVENT_ATTENDEE_AMOUNT]
Closest place I can take my son to see Santa	Cl os est Ġplace ĠI Ġcan Ġtake Ġmy Ġson Ġto Ġsee ĠSanta	[IN:GET_EVENT [SL:LOCATION [IN:GET_LOCATION [SL:LOCATION_MODIFIER @ptr_0 @ptr_1 @ptr_2 SL:LOCATION_MODIFIER] IN:GET_LOCATION] SL:LOCATION] @ptr_3 @ptr_4 @ptr_5 @ptr_6 [SL:ATTENDEE_EVENT [IN:GET_CONTACT [SL:CONTACT_RELATED @ptr_7 SL:CONTACT_RELATED] [SL:TYPE_RELATION @ptr_8 SL:TYPE_RELATION] IN:GET_CONTACT] SL:ATTENDEE_EVENT] @ptr_9 @ptr_10 [SL:NAME_EVENT @ptr_11 SL:NAME_EVENT] IN:GET_EVENT]
are there any Christmas crafting events close by for Saturday	are Ġthere Ġany ĠChristmas Ġcrafting Ġevents Ġclose Ġby Ġfor ĠSaturday	[IN:GET_EVENT @ptr_0 @ptr_1 @ptr_2 [SL:DATE_TIME @ptr_3 SL:DATE_TIME] [SL:CATEGORY_EVENT @ptr_4 @ptr_5 SL:CATEGORY_EVENT] [SL:LOCATION [IN:GET_LOCATION [SL:LOCATION_MODIFIER @ptr_6 @ptr_7 SL:LOCATION_MODIFIER] IN:GET_LOCATION] SL:LOCATION] @ptr_8 [SL:DATE_TIME @ptr_9 SL:DATE_TIME] IN:GET_EVENT]
Events at breweries next week	Events Ġat Ġbreweries Ġnext Ġweek	[IN:GET_EVENT @ptr_0 @ptr_1 [SL:LOCATION [IN:GET_LOCATION [SL:CATEGORY_LOCATION @ptr_2 SL:CATEGORY_LOCATION] IN:GET_LOCATION] SL:LOCATION] [SL:DATE_TIME @ptr_3 @ptr_4 SL:DATE_TIME] IN:GET_EVENT]
U2 concerts in Philadelphia next year	U 2 Ġconcerts Ġin ĠPhiladelphia Ġnext Ġyear	[IN:GET_EVENT [SL:NAME_EVENT @ptr_0 @ptr_1 SL:NAME_EVENT] [SL:CATEGORY_EVENT @ptr_2 SL:CATEGORY_EVENT] @ptr_3 [SL:LOCATION @ptr_4 SL:LOCATION] [SL:DATE_TIME @ptr_5 @ptr_6 SL:DATE_TIME] IN:GET_EVENT]
When is the next fireworks show	When Ġis Ġthe Ġnext Ġfireworks Ġshow	[IN:GET_EVENT @ptr_0 @ptr_1 @ptr_2 [SL:ORDINAL @ptr_3 SL:ORDINAL] [SL:CATEGORY_EVENT @ptr_4 @ptr_5 SL:CATEGORY_EVENT] IN:GET_EVENT]
Are there tickets available for the show at the theater tonight	Are Ġthere Ġtickets Ġavailable Ġfor Ġthe Ġshow Ġat Ġthe Ġtheater Ġtonight	[IN:UNSUPPORTED_EVENT @ptr_0 @ptr_1 @ptr_2 @ptr_3 @ptr_4 @ptr_5 @ptr_6 @ptr_7 @ptr_8 @ptr_9 @ptr_10 IN:UNSUPPORTED_EVENT]
What events are happening near home tomorrow	What Ġevents Ġare Ġhappening Ġnear Ġhome Ġtomorrow	[IN:GET_EVENT @ptr_0 @ptr_1 @ptr_2 @ptr_3 [SL:LOCATION [IN:GET_LOCATION [SL:SEARCH_RADIUS @ptr_4 SL:SEARCH_RADIUS] [SL:LOCATION [IN:GET_LOCATION_HOME @ptr_5 IN:GET_LOCATION_HOME] SL:LOCATION] IN:GET_LOCATION] SL:LOCATION] [SL:DATE_TIME @ptr_6 SL:DATE_TIME] IN:GET_EVENT]
Music concerts in my area tomorrow night	Music Ġconcerts Ġin Ġmy Ġarea Ġtomorrow Ġnight	[IN:GET_EVENT [SL:CATEGORY_EVENT @ptr_0 @ptr_1 SL:CATEGORY_EVENT] @ptr_2 [SL:LOCATION [IN:GET_LOCATION_HOME [SL:CONTACT @ptr_3 SL:CONTACT] @ptr_4 IN:GET_LOCATION_HOME] SL:LOCATION] [SL:DATE_TIME @ptr_5 @ptr_6 SL:DATE_TIME] IN:GET_EVENT]
What events are happening near school tomorrow	What Ġevents Ġare Ġhappening Ġnear Ġschool Ġtomorrow	[IN:GET_EVENT @ptr_0 @ptr_1 @ptr_2 @ptr_3 [SL:LOCATION [IN:GET_LOCATION [SL:SEARCH_RADIUS @ptr_4 SL:SEARCH_RADIUS] [SL:LOCATION [IN:GET_LOCATION_SCHOOL @ptr_5 IN:GET_LOCATION_SCHOOL] SL:LOCATION] IN:GET_LOCATION] SL:LOCATION] [SL:DATE_TIME @ptr_6 SL:DATE_TIME] IN:GET_EVENT]
What can I do with my husband in La Jolla on Sunday	What Ġcan ĠI Ġdo Ġwith Ġmy Ġhusband Ġin ĠLa ĠJ olla Ġon ĠSunday	[IN:GET_EVENT @ptr_0 @ptr_1 @ptr_2 @ptr_3 @ptr_4 [SL:ATTENDEE_EVENT [IN:GET_CONTACT [SL:CONTACT_RELATED @ptr_5 SL:CONTACT_RELATED] [SL:TYPE_RELATION @ptr_6 SL:TYPE_RELATION] IN:GET_CONTACT] SL:ATTENDEE_EVENT] @ptr_7 [SL:LOCATION @ptr_8 @ptr_9 @ptr_10 SL:LOCATION] [SL:DATE_TIME @ptr_11 @ptr_12 SL:DATE_TIME] IN:GET_EVENT]
What events can I attend with my family in Boston area	What Ġevents Ġcan ĠI Ġattend Ġwith Ġmy Ġfamily Ġin ĠBoston Ġarea	[IN:GET_EVENT @ptr_0 @ptr_1 @ptr_2 @ptr_3 @ptr_4 @ptr_5 [SL:ATTENDEE_EVENT [IN:GET_CONTACT [SL:CONTACT_RELATED @ptr_6 SL:CONTACT_RELATED] [SL:TYPE_RELATION @ptr_7 SL:TYPE_RELATION] IN:GET_CONTACT] SL:ATTENDEE_EVENT] @ptr_8 [SL:LOCATION @ptr_9 SL:LOCATION] @ptr_10 IN:GET_EVENT]
are any of my friends hosting parties in Wilmington this weekend	are Ġany Ġof Ġmy Ġfriends Ġhosting Ġparties Ġin ĠWilmington Ġthis Ġweekend	[IN:GET_EVENT_ORGANIZER @ptr_0 @ptr_1 @ptr_2 [SL:ORGANIZER_EVENT [IN:GET_CONTACT [SL:CONTACT_RELATED @ptr_3 SL:CONTACT_RELATED] [SL:TYPE_RELATION @ptr_4 SL:TYPE_RELATION] IN:GET_CONTACT] SL:ORGANIZER_EVENT] @ptr_5 [SL:CATEGORY_EVENT @ptr_6 SL:CATEGORY_EVENT] @ptr_7 [SL:LOCATION @ptr_8 SL:LOCATION] [SL:DATE_TIME @ptr_9 @ptr_10 SL:DATE_TIME] IN:GET_EVENT_ORGANIZER]
where is my event on Tuesday	where Ġis Ġmy Ġevent Ġon ĠTuesday	[IN:GET_EVENT @ptr_0 @ptr_1 [SL:ORGANIZER_EVENT @ptr_2 SL:ORGANIZER_EVENT] @ptr_3 [SL:DATE_TIME @ptr_4 @ptr_5 SL:DATE_TIME] IN:GET_EVENT]
When does the party at work go until on Thursday night	When Ġdoes Ġthe Ġparty Ġat Ġwork Ġgo Ġuntil Ġon ĠThursday Ġnight	[IN:GET_EVENT @ptr_0 @ptr_1 [SL:CATEGORY_EVENT @ptr_2 @ptr_3 SL:CATEGORY_EVENT] @ptr_4 [SL:LOCATION [IN:GET_LOCATION_WORK @ptr_5 IN:GET_LOCATION_WORK] SL:LOCATION] @ptr_6 @ptr_7 [SL:DATE_TIME @ptr_8 @ptr_9 @ptr_10 SL:DATE_TIME] IN:GET_EVENT]
things to do in Las Vegas besides gambling	things Ġto Ġdo Ġin ĠLas ĠVegas Ġbesides Ġgambling	[IN:GET_EVENT @ptr_0 @ptr_1 @ptr_2 @ptr_3 [SL:LOCATION @ptr_4 @ptr_5 SL:LOCATION] @ptr_6 [SL:CATEGORY_EVENT [IN:NEGATION @ptr_7 IN:NEGATION] SL:CATEGORY_EVENT] IN:GET_EVENT]
Who is giving the Nutcracker performance this weekend here in Miami	Who Ġis Ġgiving Ġthe ĠNut cr acker Ġperformance Ġthis Ġweekend Ġhere Ġin ĠMiami	[IN:GET_EVENT_ORGANIZER @ptr_0 @ptr_1 @ptr_2 [SL:CATEGORY_EVENT @ptr_3 @ptr_4 @ptr_5 @ptr_6 @ptr_7 SL:CATEGORY_EVENT] [SL:DATE_TIME @ptr_8 @ptr_9 SL:DATE_TIME] @ptr_10 @ptr_11 [SL:LOCATION @ptr_12 SL:LOCATION] IN:GET_EVENT_ORGANIZER]
How many people have purchased tickets for the Rhiannon concert in Atlanta this Saturday night	How Ġmany Ġpeople Ġhave Ġpurchased Ġtickets Ġfor Ġthe ĠRh ian non Ġconcert Ġin ĠAtlanta Ġthis ĠSaturday Ġnight	[IN:GET_EVENT_ATTENDEE_AMOUNT @ptr_0 @ptr_1 @ptr_2 @ptr_3 @ptr_4 @ptr_5 @ptr_6 @ptr_7 [SL:NAME_EVENT @ptr_8 @ptr_9 @ptr_10 SL:NAME_EVENT] [SL:CATEGORY_EVENT @ptr_11 SL:CATEGORY_EVENT] @ptr_12 [SL:LOCATION @ptr_13 SL:LOCATION] [SL:DATE_TIME @ptr_14 @ptr_15 @ptr_16 SL:DATE_TIME] IN:GET_EVENT_ATTENDEE_AMOUNT]
times for the next 2 football games	times Ġfor Ġthe Ġnext Ġ2 Ġfootball Ġgames	[IN:GET_EVENT @ptr_0 @ptr_1 @ptr_2 [SL:ORDINAL @ptr_3 SL:ORDINAL] [SL:AMOUNT @ptr_4 SL:AMOUNT] [SL:CATEGORY_EVENT @ptr_5 @ptr_6 SL:CATEGORY_EVENT] IN:GET_EVENT]
