repeat my blues playlist twice	repeat Ġmy Ġblues Ġplaylist Ġtwice	[IN:LOOP_MUSIC @ptr_0 @ptr_1 [SL:MUSIC_PLAYLIST_TITLE @ptr_2 SL:MUSIC_PLAYLIST_TITLE] [SL:MUSIC_TYPE @ptr_3 SL:MUSIC_TYPE] @ptr_4 IN:LOOP_MUSIC]
I don't like this song .	I Ġdon 't Ġlike Ġthis Ġsong Ġ.	[IN:DISLIKE_MUSIC @ptr_0 @ptr_1 @ptr_2 @ptr_3 @ptr_4 [SL:MUSIC_TYPE @ptr_5 SL:MUSIC_TYPE] @ptr_6 IN:DISLIKE_MUSIC]
repeat this song	repeat Ġthis Ġsong	[IN:REPLAY_MUSIC @ptr_0 @ptr_1 [SL:MUSIC_TYPE @ptr_2 SL:MUSIC_TYPE] IN:REPLAY_MUSIC]
replay last song	re play Ġlast Ġsong	[IN:PREVIOUS_TRACK_MUSIC @ptr_0 @ptr_1 [SL:ORDINAL @ptr_2 SL:ORDINAL] [SL:MUSIC_TYPE @ptr_3 SL:MUSIC_TYPE] IN:PREVIOUS_TRACK_MUSIC]
skip to next artist	skip Ġto Ġnext Ġartist	[IN:SKIP_TRACK_MUSIC @ptr_0 @ptr_1 [SL:ORDINAL @ptr_2 SL:ORDINAL] [SL:MUSIC_TYPE @ptr_3 SL:MUSIC_TYPE] IN:SKIP_TRACK_MUSIC]
unmute this song	un m ute Ġthis Ġsong	[IN:PLAY_MUSIC @ptr_0 @ptr_1 @ptr_2 @ptr_3 [SL:MUSIC_TYPE @ptr_4 SL:MUSIC_TYPE] IN:PLAY_MUSIC]
I want to listen to Happy by Pharell Williams .	I Ġwant Ġto Ġlisten Ġto ĠHappy Ġby ĠPh are ll ĠWilliams Ġ.	[IN:PLAY_MUSIC @ptr_0 @ptr_1 @ptr_2 @ptr_3 @ptr_4 [SL:MUSIC_TRACK_TITLE @ptr_5 SL:MUSIC_TRACK_TITLE] @ptr_6 [SL:MUSIC_ARTIST_NAME @ptr_7 @ptr_8 @ptr_9 @ptr_10 SL:MUSIC_ARTIST_NAME] @ptr_11 IN:PLAY_MUSIC]
Pause the music please	Pause Ġthe Ġmusic Ġplease	[IN:PAUSE_MUSIC @ptr_0 @ptr_1 [SL:MUSIC_TYPE @ptr_2 SL:MUSIC_TYPE] @ptr_3 IN:PAUSE_MUSIC]
Create station The Black Keys	Create Ġstation ĠThe ĠBlack ĠKeys	[IN:CREATE_PLAYLIST_MUSIC @ptr_0 [SL:MUSIC_TYPE @ptr_1 SL:MUSIC_TYPE] [SL:MUSIC_PLAYLIST_TITLE @ptr_2 @ptr_3 @ptr_4 SL:MUSIC_PLAYLIST_TITLE] IN:CREATE_PLAYLIST_MUSIC]
please play yo yo ma on pandora	please Ġplay Ġyo Ġyo Ġma Ġon Ġpand ora	[IN:PLAY_MUSIC @ptr_0 @ptr_1 [SL:MUSIC_ARTIST_NAME @ptr_2 @ptr_3 @ptr_4 SL:MUSIC_ARTIST_NAME] @ptr_5 [SL:MUSIC_PROVIDER_NAME @ptr_6 @ptr_7 SL:MUSIC_PROVIDER_NAME] IN:PLAY_MUSIC]
Play classical music	Play Ġclassical Ġmusic	[IN:PLAY_MUSIC @ptr_0 [SL:MUSIC_GENRE @ptr_1 SL:MUSIC_GENRE] [SL:MUSIC_TYPE @ptr_2 SL:MUSIC_TYPE] IN:PLAY_MUSIC]
skip track	skip Ġtrack	[IN:SKIP_TRACK_MUSIC @ptr_0 [SL:MUSIC_TYPE @ptr_1 SL:MUSIC_TYPE] IN:SKIP_TRACK_MUSIC]
play formation from beyonce	play Ġformation Ġfrom Ġbe yon ce	[IN:PLAY_MUSIC @ptr_0 [SL:MUSIC_TRACK_TITLE @ptr_1 SL:MUSIC_TRACK_TITLE] @ptr_2 [SL:MUSIC_ARTIST_NAME @ptr_3 @ptr_4 @ptr_5 SL:MUSIC_ARTIST_NAME] IN:PLAY_MUSIC]
shuffle my favorites list	sh uffle Ġmy Ġfavorites Ġlist	[IN:START_SHUFFLE_MUSIC @ptr_0 @ptr_1 [SL:MUSIC_PLAYLIST_TITLE @ptr_2 @ptr_3 SL:MUSIC_PLAYLIST_TITLE] [SL:MUSIC_TYPE @ptr_4 SL:MUSIC_TYPE] IN:START_SHUFFLE_MUSIC]
Thumb down	Th umb Ġdown	[IN:DISLIKE_MUSIC @ptr_0 @ptr_1 @ptr_2 IN:DISLIKE_MUSIC]
Remove all tupac songs from the playlist	Remove Ġall Ġt up ac Ġsongs Ġfrom Ġthe Ġplaylist	[IN:REMOVE_FROM_PLAYLIST_MUSIC @ptr_0 @ptr_1 [SL:MUSIC_ARTIST_NAME @ptr_2 @ptr_3 @ptr_4 SL:MUSIC_ARTIST_NAME] [SL:MUSIC_TYPE @ptr_5 SL:MUSIC_TYPE] @ptr_6 @ptr_7 [SL:MUSIC_TYPE @ptr_8 SL:MUSIC_TYPE] IN:REMOVE_FROM_PLAYLIST_MUSIC]
like this song	like Ġthis Ġsong	[IN:LIKE_MUSIC @ptr_0 @ptr_1 [SL:MUSIC_TYPE @ptr_2 SL:MUSIC_TYPE] IN:LIKE_MUSIC]
I WANT TO LISTEN TO THE ALBUM POP GOES PUNK ON SPOTIFY	I ĠWANT ĠTO ĠLIST EN ĠTO ĠTHE ĠAL B UM ĠPOP ĠGO ES ĠP UN K ĠON ĠSP OT IF Y	[IN:PLAY_MUSIC @ptr_0 @ptr_1 @ptr_2 @ptr_3 @ptr_4 @ptr_5 @ptr_6 [SL:MUSIC_TYPE @ptr_7 @ptr_8 @ptr_9 SL:MUSIC_TYPE] [SL:MUSIC_ALBUM_TITLE @ptr_10 @ptr_11 @ptr_12 @ptr_13 @ptr_14 @ptr_15 SL:MUSIC_ALBUM_TITLE] @ptr_16 [SL:MUSIC_PROVIDER_NAME @ptr_17 @ptr_18 @ptr_19 @ptr_20 SL:MUSIC_PROVIDER_NAME] IN:PLAY_MUSIC]
create a greatest hits for rap music on pandora	create Ġa Ġgreatest Ġhits Ġfor Ġrap Ġmusic Ġon Ġpand ora	[IN:CREATE_PLAYLIST_MUSIC @ptr_0 @ptr_1 [SL:MUSIC_PLAYLIST_TITLE @ptr_2 @ptr_3 SL:MUSIC_PLAYLIST_TITLE] @ptr_4 [SL:MUSIC_GENRE @ptr_5 SL:MUSIC_GENRE] [SL:MUSIC_TYPE @ptr_6 SL:MUSIC_TYPE] @ptr_7 [SL:MUSIC_PROVIDER_NAME @ptr_8 @ptr_9 SL:MUSIC_PROVIDER_NAME] IN:CREATE_PLAYLIST_MUSIC]
Stop the track here	Stop Ġthe Ġtrack Ġhere	[IN:STOP_MUSIC @ptr_0 @ptr_1 [SL:MUSIC_TYPE @ptr_2 SL:MUSIC_TYPE] @ptr_3 IN:STOP_MUSIC]
Purchase the song that is playing	Purchase Ġthe Ġsong Ġthat Ġis Ġplaying	[IN:UNSUPPORTED_MUSIC @ptr_0 @ptr_1 [SL:MUSIC_TYPE @ptr_2 SL:MUSIC_TYPE] @ptr_3 @ptr_4 @ptr_5 IN:UNSUPPORTED_MUSIC]
Add song to playlist	Add Ġsong Ġto Ġplaylist	[IN:ADD_TO_PLAYLIST_MUSIC @ptr_0 [SL:MUSIC_TYPE @ptr_1 SL:MUSIC_TYPE] @ptr_2 [SL:MUSIC_TYPE @ptr_3 SL:MUSIC_TYPE] IN:ADD_TO_PLAYLIST_MUSIC]
turn on WRDG	turn Ġon ĠWR D G	[IN:PLAY_MUSIC @ptr_0 @ptr_1 [SL:MUSIC_RADIO_ID @ptr_2 @ptr_3 @ptr_4 SL:MUSIC_RADIO_ID] IN:PLAY_MUSIC]
