How long will it take in traffic this afternoon to drive home from work	How Ġlong Ġwill Ġit Ġtake Ġin Ġtraffic Ġthis Ġafternoon Ġto Ġdrive Ġhome Ġfrom Ġwork	[IN:GET_ESTIMATED_DURATION @ptr_0 @ptr_1 @ptr_2 @ptr_3 @ptr_4 @ptr_5 @ptr_6 [SL:DATE_TIME @ptr_7 @ptr_8 SL:DATE_TIME] @ptr_9 [SL:METHOD_TRAVEL @ptr_10 SL:METHOD_TRAVEL] [SL:DESTINATION [IN:GET_LOCATION_HOME @ptr_11 IN:GET_LOCATION_HOME] SL:DESTINATION] @ptr_12 [SL:SOURCE [IN:GET_LOCATION_WORK @ptr_13 IN:GET_LOCATION_WORK] SL:SOURCE] IN:GET_ESTIMATED_DURATION]
How long will the drive to Tacoma take in the monring ?	How Ġlong Ġwill Ġthe Ġdrive Ġto ĠTacoma Ġtake Ġin Ġthe Ġmon ring Ġ?	[IN:GET_ESTIMATED_DURATION @ptr_0 @ptr_1 @ptr_2 @ptr_3 [SL:METHOD_TRAVEL @ptr_4 SL:METHOD_TRAVEL] @ptr_5 [SL:DESTINATION @ptr_6 SL:DESTINATION] @ptr_7 [SL:DATE_TIME_DEPARTURE @ptr_8 @ptr_9 @ptr_10 @ptr_11 SL:DATE_TIME_DEPARTURE] @ptr_12 IN:GET_ESTIMATED_DURATION]
Can I get from here to Great mall before 12 pm ?	Can ĠI Ġget Ġfrom Ġhere Ġto ĠGreat Ġmall Ġbefore Ġ12 Ġpm Ġ?	[IN:GET_ESTIMATED_ARRIVAL @ptr_0 @ptr_1 @ptr_2 @ptr_3 [SL:SOURCE [IN:GET_LOCATION [SL:LOCATION_USER @ptr_4 SL:LOCATION_USER] IN:GET_LOCATION] SL:SOURCE] @ptr_5 [SL:DESTINATION [IN:GET_LOCATION [SL:POINT_ON_MAP @ptr_6 @ptr_7 SL:POINT_ON_MAP] IN:GET_LOCATION] SL:DESTINATION] [SL:DATE_TIME_ARRIVAL @ptr_8 @ptr_9 @ptr_10 SL:DATE_TIME_ARRIVAL] @ptr_11 IN:GET_ESTIMATED_ARRIVAL]
How long is the drive to Los Angeles	How Ġlong Ġis Ġthe Ġdrive Ġto ĠLos ĠAngeles	[IN:GET_ESTIMATED_DURATION @ptr_0 @ptr_1 @ptr_2 @ptr_3 [SL:METHOD_TRAVEL @ptr_4 SL:METHOD_TRAVEL] @ptr_5 [SL:DESTINATION @ptr_6 @ptr_7 SL:DESTINATION] IN:GET_ESTIMATED_DURATION]
When is traffic the worst	When Ġis Ġtraffic Ġthe Ġworst	[IN:UNSUPPORTED_NAVIGATION @ptr_0 @ptr_1 @ptr_2 @ptr_3 @ptr_4 IN:UNSUPPORTED_NAVIGATION]
What is the current estimated time of arrival driving on I5 from Tacoma to Portland right now	What Ġis Ġthe Ġcurrent Ġestimated Ġtime Ġof Ġarrival Ġdriving Ġon ĠI 5 Ġfrom ĠTacoma Ġto ĠPortland Ġright Ġnow	[IN:GET_ESTIMATED_ARRIVAL @ptr_0 @ptr_1 @ptr_2 @ptr_3 @ptr_4 @ptr_5 @ptr_6 @ptr_7 [SL:METHOD_TRAVEL @ptr_8 SL:METHOD_TRAVEL] @ptr_9 [SL:PATH @ptr_10 @ptr_11 SL:PATH] @ptr_12 [SL:SOURCE @ptr_13 SL:SOURCE] @ptr_14 [SL:DESTINATION @ptr_15 SL:DESTINATION] [SL:DATE_TIME_DEPARTURE @ptr_16 @ptr_17 SL:DATE_TIME_DEPARTURE] IN:GET_ESTIMATED_ARRIVAL]
tell me how long it will take to get to the mall this afternoon	tell Ġme Ġhow Ġlong Ġit Ġwill Ġtake Ġto Ġget Ġto Ġthe Ġmall Ġthis Ġafternoon	[IN:GET_ESTIMATED_DURATION @ptr_0 @ptr_1 @ptr_2 @ptr_3 @ptr_4 @ptr_5 @ptr_6 @ptr_7 @ptr_8 @ptr_9 [SL:DESTINATION [IN:GET_LOCATION [SL:CATEGORY_LOCATION @ptr_10 @ptr_11 SL:CATEGORY_LOCATION] IN:GET_LOCATION] SL:DESTINATION] [SL:DATE_TIME_DEPARTURE @ptr_12 @ptr_13 SL:DATE_TIME_DEPARTURE] IN:GET_ESTIMATED_DURATION]
How long is my drive to the gym this morning	How Ġlong Ġis Ġmy Ġdrive Ġto Ġthe Ġgym Ġthis Ġmorning	[IN:GET_ESTIMATED_DURATION @ptr_0 @ptr_1 @ptr_2 @ptr_3 [SL:METHOD_TRAVEL @ptr_4 SL:METHOD_TRAVEL] @ptr_5 [SL:DESTINATION [IN:GET_LOCATION [SL:CATEGORY_LOCATION @ptr_6 @ptr_7 SL:CATEGORY_LOCATION] IN:GET_LOCATION] SL:DESTINATION] [SL:DATE_TIME_DEPARTURE @ptr_8 @ptr_9 SL:DATE_TIME_DEPARTURE] IN:GET_ESTIMATED_DURATION]
Can I get to GA leaving from mom 's house by 5 pm	Can ĠI Ġget Ġto ĠGA Ġleaving Ġfrom Ġmom Ġ' s Ġhouse Ġby Ġ5 Ġpm	[IN:GET_ESTIMATED_ARRIVAL @ptr_0 @ptr_1 @ptr_2 @ptr_3 [SL:DESTINATION @ptr_4 SL:DESTINATION] @ptr_5 @ptr_6 [SL:SOURCE [IN:GET_LOCATION_HOME [SL:TYPE_RELATION @ptr_7 SL:TYPE_RELATION] @ptr_8 @ptr_9 @ptr_10 IN:GET_LOCATION_HOME] SL:SOURCE] [SL:DATE_TIME_ARRIVAL @ptr_11 @ptr_12 @ptr_13 SL:DATE_TIME_ARRIVAL] IN:GET_ESTIMATED_ARRIVAL]
I will leave home by 5 will i make it to cambridge by 6	I Ġwill Ġleave Ġhome Ġby Ġ5 Ġwill Ġi Ġmake Ġit Ġto Ġcam bridge Ġby Ġ6	[IN:GET_ESTIMATED_ARRIVAL @ptr_0 @ptr_1 @ptr_2 [SL:SOURCE [IN:GET_LOCATION_HOME @ptr_3 IN:GET_LOCATION_HOME] SL:SOURCE] [SL:DATE_TIME_DEPARTURE @ptr_4 @ptr_5 SL:DATE_TIME_DEPARTURE] @ptr_6 @ptr_7 @ptr_8 @ptr_9 @ptr_10 [SL:DESTINATION @ptr_11 @ptr_12 SL:DESTINATION] [SL:DATE_TIME_ARRIVAL @ptr_13 @ptr_14 SL:DATE_TIME_ARRIVAL] IN:GET_ESTIMATED_ARRIVAL]
I need to be at work at 8 am , when should I leave	I Ġneed Ġto Ġbe Ġat Ġwork Ġat Ġ8 Ġam Ġ, Ġwhen Ġshould ĠI Ġleave	[IN:GET_ESTIMATED_DEPARTURE @ptr_0 @ptr_1 @ptr_2 @ptr_3 @ptr_4 [SL:DESTINATION [IN:GET_LOCATION_WORK @ptr_5 IN:GET_LOCATION_WORK] SL:DESTINATION] [SL:DATE_TIME_ARRIVAL @ptr_6 @ptr_7 @ptr_8 SL:DATE_TIME_ARRIVAL] @ptr_9 @ptr_10 @ptr_11 @ptr_12 @ptr_13 IN:GET_ESTIMATED_DEPARTURE]
How long to Dads house from Miami ?	How Ġlong Ġto ĠD ads Ġhouse Ġfrom ĠMiami Ġ?	[IN:GET_ESTIMATED_DURATION @ptr_0 @ptr_1 @ptr_2 [SL:DESTINATION [IN:GET_LOCATION_HOME [SL:TYPE_RELATION @ptr_3 @ptr_4 SL:TYPE_RELATION] @ptr_5 IN:GET_LOCATION_HOME] SL:DESTINATION] @ptr_6 [SL:SOURCE @ptr_7 SL:SOURCE] @ptr_8 IN:GET_ESTIMATED_DURATION]
How long will it take me to get to the Holtz Center if I leave my house at 5 pm ?	How Ġlong Ġwill Ġit Ġtake Ġme Ġto Ġget Ġto Ġthe ĠHolt z ĠCenter Ġif ĠI Ġleave Ġmy Ġhouse Ġat Ġ5 Ġpm Ġ?	[IN:GET_ESTIMATED_DURATION @ptr_0 @ptr_1 @ptr_2 @ptr_3 @ptr_4 @ptr_5 @ptr_6 @ptr_7 @ptr_8 [SL:DESTINATION [IN:GET_LOCATION [SL:POINT_ON_MAP @ptr_9 @ptr_10 @ptr_11 @ptr_12 SL:POINT_ON_MAP] IN:GET_LOCATION] SL:DESTINATION] @ptr_13 @ptr_14 @ptr_15 [SL:SOURCE [IN:GET_LOCATION_HOME [SL:CONTACT @ptr_16 SL:CONTACT] @ptr_17 IN:GET_LOCATION_HOME] SL:SOURCE] [SL:DATE_TIME_DEPARTURE @ptr_18 @ptr_19 @ptr_20 SL:DATE_TIME_DEPARTURE] @ptr_21 IN:GET_ESTIMATED_DURATION]
Is there any traffic on the off ramp to Disneyland	Is Ġthere Ġany Ġtraffic Ġon Ġthe Ġoff Ġramp Ġto ĠDisneyland	[IN:GET_INFO_TRAFFIC @ptr_0 @ptr_1 @ptr_2 @ptr_3 @ptr_4 [SL:PATH [IN:GET_LOCATION [SL:CATEGORY_LOCATION @ptr_5 @ptr_6 @ptr_7 SL:CATEGORY_LOCATION] IN:GET_LOCATION] SL:PATH] @ptr_8 [SL:DESTINATION [IN:GET_LOCATION [SL:POINT_ON_MAP @ptr_9 SL:POINT_ON_MAP] IN:GET_LOCATION] SL:DESTINATION] IN:GET_INFO_TRAFFIC]
Is the rain affecting the traffic to Portland	Is Ġthe Ġrain Ġaffecting Ġthe Ġtraffic Ġto ĠPortland	[IN:GET_INFO_TRAFFIC @ptr_0 [SL:ROAD_CONDITION @ptr_1 @ptr_2 SL:ROAD_CONDITION] @ptr_3 @ptr_4 @ptr_5 @ptr_6 [SL:DESTINATION @ptr_7 SL:DESTINATION] IN:GET_INFO_TRAFFIC]
I don't want to take South St to Jerry 's home . what other options do I have ?	I Ġdon 't Ġwant Ġto Ġtake ĠSouth ĠSt Ġto ĠJerry Ġ' s Ġhome Ġ. Ġwhat Ġother Ġoptions Ġdo ĠI Ġhave Ġ?	[IN:GET_DIRECTIONS @ptr_0 @ptr_1 @ptr_2 @ptr_3 @ptr_4 @ptr_5 [SL:PATH_AVOID @ptr_6 @ptr_7 SL:PATH_AVOID] @ptr_8 [SL:DESTINATION [IN:GET_LOCATION_HOME [SL:CONTACT @ptr_9 SL:CONTACT] @ptr_10 @ptr_11 @ptr_12 IN:GET_LOCATION_HOME] SL:DESTINATION] @ptr_13 @ptr_14 @ptr_15 @ptr_16 @ptr_17 @ptr_18 @ptr_19 @ptr_20 IN:GET_DIRECTIONS]
How long will it take to Tainan by taking National Highway No . 1 ?	How Ġlong Ġwill Ġit Ġtake Ġto ĠT ain an Ġby Ġtaking ĠNational ĠHighway ĠNo Ġ. Ġ1 Ġ?	[IN:GET_ESTIMATED_DURATION @ptr_0 @ptr_1 @ptr_2 @ptr_3 @ptr_4 @ptr_5 [SL:DESTINATION @ptr_6 @ptr_7 @ptr_8 SL:DESTINATION] @ptr_9 @ptr_10 [SL:PATH @ptr_11 @ptr_12 @ptr_13 @ptr_14 @ptr_15 SL:PATH] @ptr_16 IN:GET_ESTIMATED_DURATION]
If I leave at 5 pm , how long will it take me to get to Seattle ?	If ĠI Ġleave Ġat Ġ5 Ġpm Ġ, Ġhow Ġlong Ġwill Ġit Ġtake Ġme Ġto Ġget Ġto ĠSeattle Ġ?	[IN:GET_ESTIMATED_DURATION @ptr_0 @ptr_1 @ptr_2 [SL:DATE_TIME_DEPARTURE @ptr_3 @ptr_4 @ptr_5 SL:DATE_TIME_DEPARTURE] @ptr_6 @ptr_7 @ptr_8 @ptr_9 @ptr_10 @ptr_11 @ptr_12 @ptr_13 @ptr_14 @ptr_15 [SL:DESTINATION @ptr_16 SL:DESTINATION] @ptr_17 IN:GET_ESTIMATED_DURATION]
How long will it take for me to get to my moms if I leave in 10 minutes ?	How Ġlong Ġwill Ġit Ġtake Ġfor Ġme Ġto Ġget Ġto Ġmy Ġmoms Ġif ĠI Ġleave Ġin Ġ10 Ġminutes Ġ?	[IN:GET_ESTIMATED_DURATION @ptr_0 @ptr_1 @ptr_2 @ptr_3 @ptr_4 @ptr_5 @ptr_6 @ptr_7 @ptr_8 @ptr_9 [SL:DESTINATION [IN:GET_LOCATION_HOME [SL:CONTACT_RELATED @ptr_10 SL:CONTACT_RELATED] [SL:TYPE_RELATION @ptr_11 SL:TYPE_RELATION] IN:GET_LOCATION_HOME] SL:DESTINATION] @ptr_12 @ptr_13 @ptr_14 [SL:DATE_TIME_DEPARTURE @ptr_15 @ptr_16 @ptr_17 SL:DATE_TIME_DEPARTURE] @ptr_18 IN:GET_ESTIMATED_DURATION]
Is there heavy traffic in Milwaukee right now	Is Ġthere Ġheavy Ġtraffic Ġin ĠMilwaukee Ġright Ġnow	[IN:GET_INFO_TRAFFIC @ptr_0 @ptr_1 @ptr_2 @ptr_3 @ptr_4 [SL:LOCATION @ptr_5 SL:LOCATION] [SL:DATE_TIME @ptr_6 @ptr_7 SL:DATE_TIME] IN:GET_INFO_TRAFFIC]
how long will it take me to get home from work with the road closure on 192	how Ġlong Ġwill Ġit Ġtake Ġme Ġto Ġget Ġhome Ġfrom Ġwork Ġwith Ġthe Ġroad Ġclosure Ġon Ġ192	[IN:GET_ESTIMATED_DURATION @ptr_0 @ptr_1 @ptr_2 @ptr_3 @ptr_4 @ptr_5 @ptr_6 @ptr_7 [SL:DESTINATION [IN:GET_LOCATION_HOME @ptr_8 IN:GET_LOCATION_HOME] SL:DESTINATION] @ptr_9 [SL:SOURCE [IN:GET_LOCATION_WORK @ptr_10 IN:GET_LOCATION_WORK] SL:SOURCE] @ptr_11 @ptr_12 @ptr_13 @ptr_14 @ptr_15 @ptr_16 IN:GET_ESTIMATED_DURATION]
If I leave my house at 7 am will arrive by 10 am to Roman 's house in Maryland	If ĠI Ġleave Ġmy Ġhouse Ġat Ġ7 Ġam Ġwill Ġarrive Ġby Ġ10 Ġam Ġto ĠRoman Ġ' s Ġhouse Ġin ĠMaryland	[IN:GET_ESTIMATED_ARRIVAL @ptr_0 @ptr_1 @ptr_2 [SL:SOURCE [IN:GET_LOCATION_HOME [SL:CONTACT @ptr_3 SL:CONTACT] @ptr_4 IN:GET_LOCATION_HOME] SL:SOURCE] [SL:DATE_TIME_DEPARTURE @ptr_5 @ptr_6 @ptr_7 SL:DATE_TIME_DEPARTURE] @ptr_8 @ptr_9 [SL:DATE_TIME_ARRIVAL @ptr_10 @ptr_11 @ptr_12 SL:DATE_TIME_ARRIVAL] @ptr_13 [SL:DESTINATION [IN:GET_LOCATION_HOME [SL:CONTACT @ptr_14 SL:CONTACT] @ptr_15 @ptr_16 @ptr_17 @ptr_18 [SL:LOCATION [IN:GET_LOCATION [SL:LOCATION_MODIFIER @ptr_19 SL:LOCATION_MODIFIER] IN:GET_LOCATION] SL:LOCATION] IN:GET_LOCATION_HOME] SL:DESTINATION] IN:GET_ESTIMATED_ARRIVAL]
Is there any traffic around downtown Phoenix	Is Ġthere Ġany Ġtraffic Ġaround Ġdowntown ĠPhoenix	[IN:GET_INFO_TRAFFIC @ptr_0 @ptr_1 @ptr_2 @ptr_3 [SL:LOCATION [IN:GET_LOCATION [SL:SEARCH_RADIUS @ptr_4 SL:SEARCH_RADIUS] [SL:LOCATION @ptr_5 @ptr_6 SL:LOCATION] IN:GET_LOCATION] SL:LOCATION] IN:GET_INFO_TRAFFIC]
How are road conditions	How Ġare Ġroad Ġconditions	[IN:GET_INFO_ROAD_CONDITION @ptr_0 @ptr_1 @ptr_2 @ptr_3 IN:GET_INFO_ROAD_CONDITION]
Is the bridge still out on the Northbound lane of Hwy 331	Is Ġthe Ġbridge Ġstill Ġout Ġon Ġthe ĠNorth bound Ġlane Ġof ĠH wy Ġ331	[IN:GET_INFO_ROAD_CONDITION @ptr_0 [SL:PATH @ptr_1 @ptr_2 SL:PATH] @ptr_3 [SL:ROAD_CONDITION @ptr_4 SL:ROAD_CONDITION] @ptr_5 [SL:LOCATION [IN:GET_LOCATION [SL:LOCATION_MODIFIER @ptr_6 @ptr_7 @ptr_8 @ptr_9 SL:LOCATION_MODIFIER] @ptr_10 [SL:LOCATION @ptr_11 @ptr_12 @ptr_13 SL:LOCATION] IN:GET_LOCATION] SL:LOCATION] IN:GET_INFO_ROAD_CONDITION]
There is a Cowboys game at 1 pm so what time should I leave here ?	There Ġis Ġa ĠCowboys Ġgame Ġat Ġ1 Ġpm Ġso Ġwhat Ġtime Ġshould ĠI Ġleave Ġhere Ġ?	[IN:GET_ESTIMATED_DEPARTURE @ptr_0 @ptr_1 @ptr_2 [SL:DESTINATION [IN:GET_EVENT [SL:NAME_EVENT @ptr_3 SL:NAME_EVENT] [SL:CATEGORY_EVENT @ptr_4 SL:CATEGORY_EVENT] [SL:DATE_TIME @ptr_5 @ptr_6 @ptr_7 SL:DATE_TIME] IN:GET_EVENT] SL:DESTINATION] @ptr_8 @ptr_9 @ptr_10 @ptr_11 @ptr_12 @ptr_13 [SL:SOURCE [IN:GET_LOCATION [SL:LOCATION_USER @ptr_14 SL:LOCATION_USER] IN:GET_LOCATION] SL:SOURCE] @ptr_15 IN:GET_ESTIMATED_DEPARTURE]
What is the best route to Book Fair in Nasr city at 7 PM ?	What Ġis Ġthe Ġbest Ġroute Ġto ĠBook ĠFair Ġin ĠNas r Ġcity Ġat Ġ7 ĠPM Ġ?	[IN:GET_DIRECTIONS @ptr_0 @ptr_1 @ptr_2 @ptr_3 @ptr_4 @ptr_5 [SL:DESTINATION [IN:GET_EVENT [SL:CATEGORY_EVENT @ptr_6 @ptr_7 SL:CATEGORY_EVENT] @ptr_8 [SL:LOCATION @ptr_9 @ptr_10 @ptr_11 SL:LOCATION] [SL:DATE_TIME @ptr_12 @ptr_13 @ptr_14 SL:DATE_TIME] IN:GET_EVENT] SL:DESTINATION] @ptr_15 IN:GET_DIRECTIONS]
how far is cincinnati from denver	how Ġfar Ġis Ġc incinnati Ġfrom Ġden ver	[IN:GET_DISTANCE @ptr_0 @ptr_1 @ptr_2 [SL:DESTINATION @ptr_3 @ptr_4 SL:DESTINATION] @ptr_5 [SL:SOURCE @ptr_6 @ptr_7 SL:SOURCE] IN:GET_DISTANCE]
how many miles is it from akron to thailand	how Ġmany Ġmiles Ġis Ġit Ġfrom Ġak ron Ġto Ġth ailand	[IN:GET_DISTANCE @ptr_0 @ptr_1 [SL:UNIT_DISTANCE @ptr_2 SL:UNIT_DISTANCE] @ptr_3 @ptr_4 @ptr_5 [SL:SOURCE @ptr_6 @ptr_7 SL:SOURCE] @ptr_8 [SL:DESTINATION @ptr_9 @ptr_10 SL:DESTINATION] IN:GET_DISTANCE]
What time do I have to have to make it to my dentist appointment on time	What Ġtime Ġdo ĠI Ġhave Ġto Ġhave Ġto Ġmake Ġit Ġto Ġmy Ġdentist Ġappointment Ġon Ġtime	[IN:GET_ESTIMATED_DEPARTURE @ptr_0 @ptr_1 @ptr_2 @ptr_3 @ptr_4 @ptr_5 @ptr_6 @ptr_7 @ptr_8 @ptr_9 @ptr_10 [SL:DESTINATION [IN:GET_EVENT [SL:ORGANIZER_EVENT @ptr_11 SL:ORGANIZER_EVENT] [SL:CATEGORY_EVENT @ptr_12 @ptr_13 SL:CATEGORY_EVENT] IN:GET_EVENT] SL:DESTINATION] @ptr_14 @ptr_15 IN:GET_ESTIMATED_DEPARTURE]
What is the travel time from here to upstate michigan	What Ġis Ġthe Ġtravel Ġtime Ġfrom Ġhere Ġto Ġup state Ġm ich igan	[IN:GET_ESTIMATED_DURATION @ptr_0 @ptr_1 @ptr_2 @ptr_3 @ptr_4 @ptr_5 [SL:SOURCE [IN:GET_LOCATION [SL:LOCATION_USER @ptr_6 SL:LOCATION_USER] IN:GET_LOCATION] SL:SOURCE] @ptr_7 [SL:DESTINATION @ptr_8 @ptr_9 @ptr_10 @ptr_11 @ptr_12 SL:DESTINATION] IN:GET_ESTIMATED_DURATION]
What time should I leave to make it to the Aerosmith show in Portland ?	What Ġtime Ġshould ĠI Ġleave Ġto Ġmake Ġit Ġto Ġthe ĠAer os mith Ġshow Ġin ĠPortland Ġ?	[IN:GET_ESTIMATED_DEPARTURE @ptr_0 @ptr_1 @ptr_2 @ptr_3 @ptr_4 @ptr_5 @ptr_6 @ptr_7 @ptr_8 [SL:DESTINATION [IN:GET_EVENT @ptr_9 [SL:NAME_EVENT @ptr_10 @ptr_11 @ptr_12 SL:NAME_EVENT] [SL:CATEGORY_EVENT @ptr_13 SL:CATEGORY_EVENT] @ptr_14 [SL:LOCATION @ptr_15 SL:LOCATION] IN:GET_EVENT] SL:DESTINATION] @ptr_16 IN:GET_ESTIMATED_DEPARTURE]
Is there an alternate route to avoid so much traffic	Is Ġthere Ġan Ġalternate Ġroute Ġto Ġavoid Ġso Ġmuch Ġtraffic	[IN:UPDATE_DIRECTIONS @ptr_0 @ptr_1 @ptr_2 @ptr_3 @ptr_4 @ptr_5 @ptr_6 @ptr_7 @ptr_8 [SL:OBSTRUCTION_AVOID @ptr_9 SL:OBSTRUCTION_AVOID] IN:UPDATE_DIRECTIONS]
Which route to work has the least traffic	Which Ġroute Ġto Ġwork Ġhas Ġthe Ġleast Ġtraffic	[IN:GET_DIRECTIONS @ptr_0 @ptr_1 @ptr_2 [SL:DESTINATION [IN:GET_LOCATION_WORK @ptr_3 IN:GET_LOCATION_WORK] SL:DESTINATION] @ptr_4 @ptr_5 @ptr_6 [SL:OBSTRUCTION_AVOID @ptr_7 SL:OBSTRUCTION_AVOID] IN:GET_DIRECTIONS]
My doctor 's appointment this afternoon at 2 is in Troy how long will it take me to get there from my office	My Ġdoctor Ġ' s Ġappointment Ġthis Ġafternoon Ġat Ġ2 Ġis Ġin ĠTroy Ġhow Ġlong Ġwill Ġit Ġtake Ġme Ġto Ġget Ġthere Ġfrom Ġmy Ġoffice	[IN:GET_ESTIMATED_DURATION [SL:DESTINATION [IN:GET_EVENT [SL:ATTENDEE_EVENT @ptr_0 SL:ATTENDEE_EVENT] [SL:CATEGORY_EVENT @ptr_1 @ptr_2 @ptr_3 @ptr_4 SL:CATEGORY_EVENT] [SL:DATE_TIME @ptr_5 @ptr_6 @ptr_7 @ptr_8 SL:DATE_TIME] @ptr_9 @ptr_10 [SL:LOCATION @ptr_11 SL:LOCATION] IN:GET_EVENT] SL:DESTINATION] @ptr_12 @ptr_13 @ptr_14 @ptr_15 @ptr_16 @ptr_17 @ptr_18 @ptr_19 @ptr_20 @ptr_21 [SL:SOURCE [IN:GET_LOCATION_WORK [SL:CONTACT @ptr_22 SL:CONTACT] @ptr_23 IN:GET_LOCATION_WORK] SL:SOURCE] IN:GET_ESTIMATED_DURATION]
How can i get to mom 's without using the freeway	How Ġcan Ġi Ġget Ġto Ġmom Ġ' s Ġwithout Ġusing Ġthe Ġfreeway	[IN:GET_DIRECTIONS @ptr_0 @ptr_1 @ptr_2 @ptr_3 @ptr_4 [SL:DESTINATION [IN:GET_LOCATION_HOME [SL:TYPE_RELATION @ptr_5 SL:TYPE_RELATION] IN:GET_LOCATION_HOME] SL:DESTINATION] @ptr_6 @ptr_7 @ptr_8 @ptr_9 [SL:PATH_AVOID [IN:GET_LOCATION [SL:CATEGORY_LOCATION @ptr_10 @ptr_11 SL:CATEGORY_LOCATION] IN:GET_LOCATION] SL:PATH_AVOID] IN:GET_DIRECTIONS]
How long will it take for me to get to my moms if I leave in 10 minutes ?	How Ġlong Ġwill Ġit Ġtake Ġfor Ġme Ġto Ġget Ġto Ġmy Ġmoms Ġif ĠI Ġleave Ġin Ġ10 Ġminutes Ġ?	[IN:GET_ESTIMATED_DURATION @ptr_0 @ptr_1 @ptr_2 @ptr_3 @ptr_4 @ptr_5 @ptr_6 @ptr_7 @ptr_8 @ptr_9 [SL:DESTINATION [IN:GET_LOCATION_HOME [SL:CONTACT_RELATED @ptr_10 SL:CONTACT_RELATED] [SL:TYPE_RELATION @ptr_11 SL:TYPE_RELATION] IN:GET_LOCATION_HOME] SL:DESTINATION] @ptr_12 @ptr_13 @ptr_14 [SL:DATE_TIME_DEPARTURE @ptr_15 @ptr_16 @ptr_17 SL:DATE_TIME_DEPARTURE] @ptr_18 IN:GET_ESTIMATED_DURATION]
what time should i leave to arrive to my sister 's wedding at 3 pm ?	what Ġtime Ġshould Ġi Ġleave Ġto Ġarrive Ġto Ġmy Ġsister Ġ' s Ġwedding Ġat Ġ3 Ġpm Ġ?	[IN:GET_ESTIMATED_DEPARTURE @ptr_0 @ptr_1 @ptr_2 @ptr_3 @ptr_4 @ptr_5 @ptr_6 @ptr_7 [SL:DESTINATION [IN:GET_EVENT [SL:ORGANIZER_EVENT [IN:GET_CONTACT [SL:CONTACT_RELATED @ptr_8 SL:CONTACT_RELATED] [SL:TYPE_RELATION @ptr_9 SL:TYPE_RELATION] IN:GET_CONTACT] SL:ORGANIZER_EVENT] @ptr_10 @ptr_11 [SL:CATEGORY_EVENT @ptr_12 SL:CATEGORY_EVENT] [SL:DATE_TIME @ptr_13 @ptr_14 @ptr_15 SL:DATE_TIME] IN:GET_EVENT] SL:DESTINATION] @ptr_16 IN:GET_ESTIMATED_DEPARTURE]
how is the traffic from work Audrey 's school	how Ġis Ġthe Ġtraffic Ġfrom Ġwork ĠAudrey Ġ' s Ġschool	[IN:GET_INFO_TRAFFIC @ptr_0 @ptr_1 @ptr_2 @ptr_3 @ptr_4 [SL:SOURCE [IN:GET_LOCATION_WORK @ptr_5 IN:GET_LOCATION_WORK] SL:SOURCE] [SL:DESTINATION [IN:GET_LOCATION_SCHOOL [SL:CONTACT @ptr_6 SL:CONTACT] @ptr_7 @ptr_8 @ptr_9 IN:GET_LOCATION_SCHOOL] SL:DESTINATION] IN:GET_INFO_TRAFFIC]
are there tolls on my trip to new york	are Ġthere Ġtoll s Ġon Ġmy Ġtrip Ġto Ġnew Ġy ork	[IN:GET_INFO_ROUTE @ptr_0 @ptr_1 [SL:PATH @ptr_2 @ptr_3 SL:PATH] @ptr_4 @ptr_5 @ptr_6 @ptr_7 [SL:DESTINATION @ptr_8 @ptr_9 @ptr_10 SL:DESTINATION] IN:GET_INFO_ROUTE]
Find a route to Burnet that is not flooded .	Find Ġa Ġroute Ġto ĠBurn et Ġthat Ġis Ġnot Ġflooded Ġ.	[IN:GET_DIRECTIONS @ptr_0 @ptr_1 @ptr_2 @ptr_3 [SL:DESTINATION @ptr_4 @ptr_5 SL:DESTINATION] @ptr_6 @ptr_7 @ptr_8 [SL:ROAD_CONDITION_AVOID @ptr_9 SL:ROAD_CONDITION_AVOID] @ptr_10 IN:GET_DIRECTIONS]
Take me to Chinatown in Los Angeles without using Olympic Blvd and passing through a Korean market .	Take Ġme Ġto ĠChinatown Ġin ĠLos ĠAngeles Ġwithout Ġusing ĠOlympic ĠBlvd Ġand Ġpassing Ġthrough Ġa ĠKorean Ġmarket Ġ.	[IN:GET_DIRECTIONS @ptr_0 @ptr_1 @ptr_2 [SL:DESTINATION [IN:GET_LOCATION [SL:LOCATION @ptr_3 SL:LOCATION] @ptr_4 [SL:LOCATION_MODIFIER @ptr_5 @ptr_6 SL:LOCATION_MODIFIER] IN:GET_LOCATION] SL:DESTINATION] @ptr_7 @ptr_8 [SL:PATH_AVOID @ptr_9 @ptr_10 SL:PATH_AVOID] @ptr_11 @ptr_12 @ptr_13 @ptr_14 [SL:WAYPOINT_AVOID [IN:GET_LOCATION [SL:CATEGORY_LOCATION @ptr_15 @ptr_16 SL:CATEGORY_LOCATION] IN:GET_LOCATION] SL:WAYPOINT_AVOID] @ptr_17 IN:GET_DIRECTIONS]
what time should i leave to be at work by 9	what Ġtime Ġshould Ġi Ġleave Ġto Ġbe Ġat Ġwork Ġby Ġ9	[IN:GET_ESTIMATED_DEPARTURE @ptr_0 @ptr_1 @ptr_2 @ptr_3 @ptr_4 @ptr_5 @ptr_6 @ptr_7 [SL:DESTINATION [IN:GET_LOCATION_WORK [SL:LOCATION_WORK @ptr_8 SL:LOCATION_WORK] IN:GET_LOCATION_WORK] SL:DESTINATION] [SL:DATE_TIME_ARRIVAL @ptr_9 @ptr_10 SL:DATE_TIME_ARRIVAL] IN:GET_ESTIMATED_DEPARTURE]
How do I get to the dog park and avoid the Memorial Day parade at Market Common ?	How Ġdo ĠI Ġget Ġto Ġthe Ġdog Ġpark Ġand Ġavoid Ġthe ĠMemorial ĠDay Ġparade Ġat ĠMarket ĠCommon Ġ?	[IN:GET_DIRECTIONS @ptr_0 @ptr_1 @ptr_2 @ptr_3 @ptr_4 [SL:DESTINATION [IN:GET_LOCATION [SL:CATEGORY_LOCATION @ptr_5 @ptr_6 @ptr_7 SL:CATEGORY_LOCATION] IN:GET_LOCATION] SL:DESTINATION] @ptr_8 @ptr_9 [SL:WAYPOINT_AVOID [IN:GET_EVENT @ptr_10 [SL:DATE_TIME @ptr_11 @ptr_12 SL:DATE_TIME] [SL:CATEGORY_EVENT @ptr_13 SL:CATEGORY_EVENT] @ptr_14 [SL:LOCATION @ptr_15 @ptr_16 SL:LOCATION] IN:GET_EVENT] SL:WAYPOINT_AVOID] @ptr_17 IN:GET_DIRECTIONS]
Get directions to Central Grocery in the French quarter in New Orleans from Paige 's house in Opelousas .	Get Ġdirections Ġto ĠCentral ĠGro cery Ġin Ġthe ĠFrench Ġquarter Ġin ĠNew ĠOrleans Ġfrom ĠPaige Ġ' s Ġhouse Ġin ĠOp el ous as Ġ.	[IN:GET_DIRECTIONS @ptr_0 @ptr_1 @ptr_2 [SL:DESTINATION [IN:GET_LOCATION [SL:POINT_ON_MAP @ptr_3 @ptr_4 @ptr_5 SL:POINT_ON_MAP] @ptr_6 [SL:LOCATION_MODIFIER @ptr_7 @ptr_8 @ptr_9 SL:LOCATION_MODIFIER] @ptr_10 [SL:LOCATION_MODIFIER @ptr_11 @ptr_12 SL:LOCATION_MODIFIER] IN:GET_LOCATION] SL:DESTINATION] @ptr_13 [SL:SOURCE [IN:GET_LOCATION_HOME [SL:CONTACT @ptr_14 SL:CONTACT] @ptr_15 @ptr_16 @ptr_17 @ptr_18 [SL:LOCATION_CURRENT @ptr_19 @ptr_20 @ptr_21 @ptr_22 SL:LOCATION_CURRENT] IN:GET_LOCATION_HOME] SL:SOURCE] @ptr_23 IN:GET_DIRECTIONS]
If I leave at 9 am will I make it to my first meeting with John in the morning , given the construction on Michigan Ave ?	If ĠI Ġleave Ġat Ġ9 Ġam Ġwill ĠI Ġmake Ġit Ġto Ġmy Ġfirst Ġmeeting Ġwith ĠJohn Ġin Ġthe Ġmorning Ġ, Ġgiven Ġthe Ġconstruction Ġon ĠMichigan ĠAve Ġ?	[IN:GET_ESTIMATED_ARRIVAL @ptr_0 @ptr_1 @ptr_2 [SL:DATE_TIME_DEPARTURE @ptr_3 @ptr_4 @ptr_5 SL:DATE_TIME_DEPARTURE] @ptr_6 @ptr_7 @ptr_8 @ptr_9 @ptr_10 [SL:DESTINATION [IN:GET_EVENT [SL:ORGANIZER_EVENT @ptr_11 SL:ORGANIZER_EVENT] [SL:ORDINAL @ptr_12 SL:ORDINAL] [SL:CATEGORY_EVENT @ptr_13 SL:CATEGORY_EVENT] @ptr_14 [SL:ATTENDEE_EVENT @ptr_15 SL:ATTENDEE_EVENT] [SL:DATE_TIME @ptr_16 @ptr_17 @ptr_18 SL:DATE_TIME] IN:GET_EVENT] SL:DESTINATION] @ptr_19 @ptr_20 @ptr_21 @ptr_22 @ptr_23 @ptr_24 @ptr_25 @ptr_26 IN:GET_ESTIMATED_ARRIVAL]
what is the best way to go to the company 's party tonight	what Ġis Ġthe Ġbest Ġway Ġto Ġgo Ġto Ġthe Ġcompany Ġ' s Ġparty Ġtonight	[IN:GET_DIRECTIONS @ptr_0 @ptr_1 @ptr_2 @ptr_3 @ptr_4 @ptr_5 @ptr_6 @ptr_7 [SL:DESTINATION [IN:GET_EVENT [SL:ORGANIZER_EVENT [IN:GET_CONTACT [SL:GROUP @ptr_8 @ptr_9 SL:GROUP] IN:GET_CONTACT] SL:ORGANIZER_EVENT] @ptr_10 @ptr_11 [SL:CATEGORY_EVENT @ptr_12 SL:CATEGORY_EVENT] [SL:DATE_TIME @ptr_13 SL:DATE_TIME] IN:GET_EVENT] SL:DESTINATION] IN:GET_DIRECTIONS]
Whats the traffic like in my town	Wh ats Ġthe Ġtraffic Ġlike Ġin Ġmy Ġtown	[IN:GET_INFO_TRAFFIC @ptr_0 @ptr_1 @ptr_2 @ptr_3 @ptr_4 @ptr_5 [SL:LOCATION [IN:GET_LOCATION_HOMETOWN [SL:CONTACT @ptr_6 SL:CONTACT] @ptr_7 IN:GET_LOCATION_HOMETOWN] SL:LOCATION] IN:GET_INFO_TRAFFIC]
Add a gas stop to my route	Add Ġa Ġgas Ġstop Ġto Ġmy Ġroute	[IN:UPDATE_DIRECTIONS @ptr_0 @ptr_1 [SL:WAYPOINT_ADDED [IN:GET_LOCATION [SL:CATEGORY_LOCATION @ptr_2 @ptr_3 SL:CATEGORY_LOCATION] IN:GET_LOCATION] SL:WAYPOINT_ADDED] @ptr_4 @ptr_5 @ptr_6 IN:UPDATE_DIRECTIONS]
Give me the two fastest routes from my house to Corner Market Grocery	Give Ġme Ġthe Ġtwo Ġfastest Ġroutes Ġfrom Ġmy Ġhouse Ġto ĠCorner ĠMarket ĠGro cery	[IN:GET_DIRECTIONS @ptr_0 @ptr_1 @ptr_2 [SL:AMOUNT @ptr_3 SL:AMOUNT] @ptr_4 @ptr_5 @ptr_6 [SL:SOURCE [IN:GET_LOCATION_HOME [SL:CONTACT @ptr_7 SL:CONTACT] @ptr_8 IN:GET_LOCATION_HOME] SL:SOURCE] @ptr_9 [SL:DESTINATION [IN:GET_LOCATION [SL:POINT_ON_MAP @ptr_10 @ptr_11 @ptr_12 @ptr_13 SL:POINT_ON_MAP] IN:GET_LOCATION] SL:DESTINATION] IN:GET_DIRECTIONS]
