Set the reminder for a week from now .	Set Ġthe Ġreminder Ġfor Ġa Ġweek Ġfrom Ġnow Ġ.	[IN:CREATE_REMINDER @ptr_0 @ptr_1 @ptr_2 @ptr_3 @ptr_4 @ptr_5 @ptr_6 @ptr_7 @ptr_8 IN:CREATE_REMINDER]
Set up a weekly reminder for my husband to mow the lawn starting on Sunday .	Set Ġup Ġa Ġweekly Ġreminder Ġfor Ġmy Ġhusband Ġto Ġm ow Ġthe Ġlawn Ġstarting Ġon ĠSunday Ġ.	[IN:CREATE_REMINDER @ptr_0 @ptr_1 @ptr_2 [SL:RECURRING_DATE_TIME [IN:GET_RECURRING_DATE_TIME [SL:FREQUENCY @ptr_3 SL:FREQUENCY] IN:GET_RECURRING_DATE_TIME] SL:RECURRING_DATE_TIME] @ptr_4 @ptr_5 [SL:PERSON_REMINDED [IN:GET_CONTACT [SL:CONTACT_RELATED @ptr_6 SL:CONTACT_RELATED] [SL:TYPE_RELATION @ptr_7 SL:TYPE_RELATION] IN:GET_CONTACT] SL:PERSON_REMINDED] @ptr_8 [SL:TODO [IN:GET_TODO [SL:TODO @ptr_9 @ptr_10 @ptr_11 @ptr_12 SL:TODO] @ptr_13 [SL:DATE_TIME @ptr_14 @ptr_15 SL:DATE_TIME] IN:GET_TODO] SL:TODO] @ptr_16 IN:CREATE_REMINDER]
Can you cahnge the reminder for dinner from 6 tonight to 5 please	Can Ġyou Ġc ahn ge Ġthe Ġreminder Ġfor Ġdinner Ġfrom Ġ6 Ġtonight Ġto Ġ5 Ġplease	[IN:UPDATE_REMINDER_DATE_TIME @ptr_0 @ptr_1 @ptr_2 @ptr_3 @ptr_4 @ptr_5 @ptr_6 @ptr_7 [SL:TODO @ptr_8 SL:TODO] @ptr_9 [SL:DATE_TIME @ptr_10 @ptr_11 SL:DATE_TIME] @ptr_12 [SL:DATE_TIME_NEW @ptr_13 SL:DATE_TIME_NEW] @ptr_14 IN:UPDATE_REMINDER_DATE_TIME]
remind me to brush my teeth twice a day	rem ind Ġme Ġto Ġbrush Ġmy Ġteeth Ġtwice Ġa Ġday	[IN:CREATE_REMINDER @ptr_0 @ptr_1 [SL:PERSON_REMINDED @ptr_2 SL:PERSON_REMINDED] @ptr_3 [SL:TODO @ptr_4 @ptr_5 @ptr_6 SL:TODO] [SL:RECURRING_DATE_TIME [IN:GET_RECURRING_DATE_TIME [SL:FREQUENCY @ptr_7 @ptr_8 @ptr_9 SL:FREQUENCY] IN:GET_RECURRING_DATE_TIME] SL:RECURRING_DATE_TIME] IN:CREATE_REMINDER]
Remind me to check my emails daily and to clean out any junk mail for better all organized inbox .	Rem ind Ġme Ġto Ġcheck Ġmy Ġemails Ġdaily Ġand Ġto Ġclean Ġout Ġany Ġjunk Ġmail Ġfor Ġbetter Ġall Ġorganized Ġinbox Ġ.	[IN:CREATE_REMINDER @ptr_0 @ptr_1 [SL:PERSON_REMINDED @ptr_2 SL:PERSON_REMINDED] @ptr_3 [SL:TODO [IN:GET_TODO [SL:TODO @ptr_4 @ptr_5 @ptr_6 SL:TODO] [SL:RECURRING_DATE_TIME [IN:GET_RECURRING_DATE_TIME [SL:FREQUENCY @ptr_7 SL:FREQUENCY] IN:GET_RECURRING_DATE_TIME] SL:RECURRING_DATE_TIME] @ptr_8 @ptr_9 [SL:TODO @ptr_10 @ptr_11 @ptr_12 @ptr_13 @ptr_14 @ptr_15 @ptr_16 @ptr_17 @ptr_18 @ptr_19 SL:TODO] IN:GET_TODO] SL:TODO] @ptr_20 IN:CREATE_REMINDER]
What reminders do I have for book club this month ?	What Ġreminders Ġdo ĠI Ġhave Ġfor Ġbook Ġclub Ġthis Ġmonth Ġ?	[IN:GET_REMINDER @ptr_0 @ptr_1 @ptr_2 [SL:PERSON_REMINDED @ptr_3 SL:PERSON_REMINDED] @ptr_4 @ptr_5 [SL:TODO @ptr_6 @ptr_7 SL:TODO] [SL:DATE_TIME @ptr_8 @ptr_9 SL:DATE_TIME] @ptr_10 IN:GET_REMINDER]
Set up recurring reminder to exercise each weekday at 7 PM	Set Ġup Ġrecurring Ġreminder Ġto Ġexercise Ġeach Ġweekday Ġat Ġ7 ĠPM	[IN:CREATE_REMINDER @ptr_0 @ptr_1 @ptr_2 @ptr_3 @ptr_4 [SL:TODO @ptr_5 SL:TODO] [SL:RECURRING_DATE_TIME [IN:GET_RECURRING_DATE_TIME [SL:FREQUENCY @ptr_6 @ptr_7 SL:FREQUENCY] [SL:DATE_TIME @ptr_8 @ptr_9 @ptr_10 SL:DATE_TIME] IN:GET_RECURRING_DATE_TIME] SL:RECURRING_DATE_TIME] IN:CREATE_REMINDER]
Remind me to text Jessica tonight	Rem ind Ġme Ġto Ġtext ĠJessica Ġtonight	[IN:CREATE_REMINDER @ptr_0 @ptr_1 [SL:PERSON_REMINDED @ptr_2 SL:PERSON_REMINDED] @ptr_3 [SL:TODO [IN:SEND_MESSAGE @ptr_4 [SL:RECIPIENT @ptr_5 SL:RECIPIENT] IN:SEND_MESSAGE] SL:TODO] [SL:DATE_TIME @ptr_6 SL:DATE_TIME] IN:CREATE_REMINDER]
Remind me to send reply to claire	Rem ind Ġme Ġto Ġsend Ġreply Ġto Ġcl aire	[IN:CREATE_REMINDER @ptr_0 @ptr_1 [SL:PERSON_REMINDED @ptr_2 SL:PERSON_REMINDED] @ptr_3 [SL:TODO [IN:REPLY_MESSAGE @ptr_4 @ptr_5 @ptr_6 [SL:RECIPIENT @ptr_7 @ptr_8 SL:RECIPIENT] IN:REPLY_MESSAGE] SL:TODO] IN:CREATE_REMINDER]
Cancel my reminders for today please	C ancel Ġmy Ġreminders Ġfor Ġtoday Ġplease	[IN:DELETE_REMINDER @ptr_0 @ptr_1 [SL:PERSON_REMINDED @ptr_2 SL:PERSON_REMINDED] @ptr_3 [SL:DATE_TIME @ptr_4 @ptr_5 SL:DATE_TIME] @ptr_6 IN:DELETE_REMINDER]
Remind me to send Jennifer an email about next weeks meeting	Rem ind Ġme Ġto Ġsend ĠJennifer Ġan Ġemail Ġabout Ġnext Ġweeks Ġmeeting	[IN:CREATE_REMINDER @ptr_0 @ptr_1 [SL:PERSON_REMINDED @ptr_2 SL:PERSON_REMINDED] @ptr_3 [SL:TODO [IN:SEND_MESSAGE @ptr_4 [SL:RECIPIENT @ptr_5 SL:RECIPIENT] @ptr_6 @ptr_7 @ptr_8 [SL:CONTENT_EXACT [IN:GET_EVENT [SL:DATE_TIME @ptr_9 @ptr_10 SL:DATE_TIME] [SL:CATEGORY_EVENT @ptr_11 SL:CATEGORY_EVENT] IN:GET_EVENT] SL:CONTENT_EXACT] IN:SEND_MESSAGE] SL:TODO] IN:CREATE_REMINDER]
Remind me to email Eva about dad 's birthday celebration next week .	Rem ind Ġme Ġto Ġemail ĠEva Ġabout Ġdad Ġ' s Ġbirthday Ġcelebration Ġnext Ġweek Ġ.	[IN:CREATE_REMINDER @ptr_0 @ptr_1 [SL:PERSON_REMINDED @ptr_2 SL:PERSON_REMINDED] @ptr_3 [SL:TODO [IN:SEND_MESSAGE @ptr_4 [SL:RECIPIENT @ptr_5 SL:RECIPIENT] @ptr_6 [SL:CONTENT_EXACT [IN:GET_EVENT [SL:ORGANIZER_EVENT [IN:GET_CONTACT [SL:TYPE_RELATION @ptr_7 SL:TYPE_RELATION] IN:GET_CONTACT] SL:ORGANIZER_EVENT] @ptr_8 @ptr_9 [SL:CATEGORY_EVENT @ptr_10 @ptr_11 SL:CATEGORY_EVENT] IN:GET_EVENT] SL:CONTENT_EXACT] IN:SEND_MESSAGE] SL:TODO] [SL:DATE_TIME @ptr_12 @ptr_13 SL:DATE_TIME] @ptr_14 IN:CREATE_REMINDER]
Delete the reminders to email Mom about the party .	Delete Ġthe Ġreminders Ġto Ġemail ĠMom Ġabout Ġthe Ġparty Ġ.	[IN:DELETE_REMINDER @ptr_0 @ptr_1 @ptr_2 @ptr_3 [SL:TODO [IN:SEND_MESSAGE @ptr_4 [SL:RECIPIENT [IN:GET_CONTACT [SL:TYPE_RELATION @ptr_5 SL:TYPE_RELATION] IN:GET_CONTACT] SL:RECIPIENT] @ptr_6 [SL:CONTENT_EXACT [IN:GET_EVENT [SL:CATEGORY_EVENT @ptr_7 @ptr_8 SL:CATEGORY_EVENT] IN:GET_EVENT] SL:CONTENT_EXACT] IN:SEND_MESSAGE] SL:TODO] @ptr_9 IN:DELETE_REMINDER]
delete my monthly reminder to pay att on the 12th	delete Ġmy Ġmonthly Ġreminder Ġto Ġpay Ġatt Ġon Ġthe Ġ12 th	[IN:DELETE_REMINDER @ptr_0 [SL:PERSON_REMINDED @ptr_1 SL:PERSON_REMINDED] [SL:RECURRING_DATE_TIME [IN:GET_RECURRING_DATE_TIME [SL:FREQUENCY @ptr_2 SL:FREQUENCY] IN:GET_RECURRING_DATE_TIME] SL:RECURRING_DATE_TIME] @ptr_3 @ptr_4 [SL:TODO [IN:GET_TODO [SL:TODO @ptr_5 @ptr_6 SL:TODO] [SL:DATE_TIME @ptr_7 @ptr_8 @ptr_9 @ptr_10 SL:DATE_TIME] IN:GET_TODO] SL:TODO] IN:DELETE_REMINDER]
Please update the reminder about the bake sale to include information about the rain contingency plans we discussed yesterday .	Please Ġupdate Ġthe Ġreminder Ġabout Ġthe Ġbake Ġsale Ġto Ġinclude Ġinformation Ġabout Ġthe Ġrain Ġcontingency Ġplans Ġwe Ġdiscussed Ġyesterday Ġ.	[IN:UPDATE_REMINDER_TODO @ptr_0 @ptr_1 @ptr_2 @ptr_3 @ptr_4 [SL:TODO @ptr_5 @ptr_6 @ptr_7 SL:TODO] @ptr_8 @ptr_9 [SL:TODO_NEW @ptr_10 @ptr_11 @ptr_12 @ptr_13 @ptr_14 @ptr_15 @ptr_16 @ptr_17 @ptr_18 SL:TODO_NEW] @ptr_19 IN:UPDATE_REMINDER_TODO]
Can you please review and list all of my reminders for tonight .	Can Ġyou Ġplease Ġreview Ġand Ġlist Ġall Ġof Ġmy Ġreminders Ġfor Ġtonight Ġ.	[IN:GET_REMINDER @ptr_0 @ptr_1 @ptr_2 @ptr_3 @ptr_4 [SL:METHOD_RETRIEVAL_REMINDER @ptr_5 SL:METHOD_RETRIEVAL_REMINDER] [SL:AMOUNT @ptr_6 SL:AMOUNT] @ptr_7 [SL:PERSON_REMINDED @ptr_8 SL:PERSON_REMINDED] @ptr_9 [SL:DATE_TIME @ptr_10 @ptr_11 SL:DATE_TIME] @ptr_12 IN:GET_REMINDER]
remind me to send a thank you email to my mom	rem ind Ġme Ġto Ġsend Ġa Ġthank Ġyou Ġemail Ġto Ġmy Ġmom	[IN:CREATE_REMINDER @ptr_0 @ptr_1 [SL:PERSON_REMINDED @ptr_2 SL:PERSON_REMINDED] @ptr_3 [SL:TODO [IN:SEND_MESSAGE @ptr_4 @ptr_5 [SL:CONTENT_EXACT @ptr_6 @ptr_7 SL:CONTENT_EXACT] @ptr_8 @ptr_9 [SL:RECIPIENT [IN:GET_CONTACT [SL:CONTACT_RELATED @ptr_10 SL:CONTACT_RELATED] [SL:TYPE_RELATION @ptr_11 SL:TYPE_RELATION] IN:GET_CONTACT] SL:RECIPIENT] IN:SEND_MESSAGE] SL:TODO] IN:CREATE_REMINDER]
remind me to text my sister tonight at 7 pm	rem ind Ġme Ġto Ġtext Ġmy Ġsister Ġtonight Ġat Ġ7 Ġpm	[IN:CREATE_REMINDER @ptr_0 @ptr_1 [SL:PERSON_REMINDED @ptr_2 SL:PERSON_REMINDED] @ptr_3 [SL:TODO [IN:SEND_MESSAGE @ptr_4 [SL:RECIPIENT [IN:GET_CONTACT [SL:CONTACT_RELATED @ptr_5 SL:CONTACT_RELATED] [SL:TYPE_RELATION @ptr_6 SL:TYPE_RELATION] IN:GET_CONTACT] SL:RECIPIENT] IN:SEND_MESSAGE] SL:TODO] [SL:DATE_TIME @ptr_7 @ptr_8 @ptr_9 @ptr_10 SL:DATE_TIME] IN:CREATE_REMINDER]
Remove the reminder about Saturday 's meeting with my friends .	Remove Ġthe Ġreminder Ġabout ĠSaturday Ġ' s Ġmeeting Ġwith Ġmy Ġfriends Ġ.	[IN:DELETE_REMINDER @ptr_0 @ptr_1 @ptr_2 @ptr_3 [SL:TODO [IN:GET_TODO [SL:DATE_TIME @ptr_4 SL:DATE_TIME] @ptr_5 @ptr_6 [SL:TODO @ptr_7 SL:TODO] @ptr_8 [SL:ATTENDEE [IN:GET_CONTACT [SL:CONTACT_RELATED @ptr_9 SL:CONTACT_RELATED] [SL:TYPE_RELATION @ptr_10 SL:TYPE_RELATION] IN:GET_CONTACT] SL:ATTENDEE] IN:GET_TODO] SL:TODO] @ptr_11 IN:DELETE_REMINDER]
Ad pick up dry cleaning to my Monday reminders .	Ad Ġpick Ġup Ġdry Ġcleaning Ġto Ġmy ĠMonday Ġreminders Ġ.	[IN:UPDATE_REMINDER_TODO @ptr_0 [SL:TODO_NEW @ptr_1 @ptr_2 @ptr_3 @ptr_4 SL:TODO_NEW] @ptr_5 [SL:PERSON_REMINDED @ptr_6 SL:PERSON_REMINDED] [SL:DATE_TIME @ptr_7 SL:DATE_TIME] @ptr_8 @ptr_9 IN:UPDATE_REMINDER_TODO]
Add Christmas shopping reminder to Fall chores .	Add ĠChristmas Ġshopping Ġreminder Ġto ĠFall Ġchores Ġ.	[IN:UPDATE_REMINDER_TODO @ptr_0 [SL:TODO_NEW @ptr_1 @ptr_2 SL:TODO_NEW] @ptr_3 @ptr_4 [SL:TODO @ptr_5 @ptr_6 SL:TODO] @ptr_7 IN:UPDATE_REMINDER_TODO]
Update my reminder for my doctor 's appointment and change the time from 10 am to 8 am .	Update Ġmy Ġreminder Ġfor Ġmy Ġdoctor Ġ' s Ġappointment Ġand Ġchange Ġthe Ġtime Ġfrom Ġ10 Ġam Ġto Ġ8 Ġam Ġ.	[IN:UPDATE_REMINDER_DATE_TIME @ptr_0 [SL:PERSON_REMINDED @ptr_1 SL:PERSON_REMINDED] @ptr_2 @ptr_3 [SL:TODO @ptr_4 @ptr_5 @ptr_6 @ptr_7 @ptr_8 SL:TODO] @ptr_9 @ptr_10 @ptr_11 @ptr_12 [SL:DATE_TIME @ptr_13 @ptr_14 @ptr_15 SL:DATE_TIME] [SL:DATE_TIME_NEW @ptr_16 @ptr_17 @ptr_18 SL:DATE_TIME_NEW] @ptr_19 IN:UPDATE_REMINDER_DATE_TIME]
change reminder to tomorrow	change Ġreminder Ġto Ġtomorrow	[IN:UPDATE_REMINDER_DATE_TIME @ptr_0 @ptr_1 [SL:DATE_TIME_NEW @ptr_2 @ptr_3 SL:DATE_TIME_NEW] IN:UPDATE_REMINDER_DATE_TIME]
Are there reminders for me to view today that were made by my wife ?	Are Ġthere Ġreminders Ġfor Ġme Ġto Ġview Ġtoday Ġthat Ġwere Ġmade Ġby Ġmy Ġwife Ġ?	[IN:GET_REMINDER @ptr_0 @ptr_1 @ptr_2 @ptr_3 [SL:PERSON_REMINDED @ptr_4 SL:PERSON_REMINDED] @ptr_5 @ptr_6 [SL:DATE_TIME @ptr_7 SL:DATE_TIME] @ptr_8 @ptr_9 @ptr_10 @ptr_11 [SL:PERSON_REMINDED [IN:GET_CONTACT [SL:CONTACT_RELATED @ptr_12 SL:CONTACT_RELATED] [SL:TYPE_RELATION @ptr_13 SL:TYPE_RELATION] IN:GET_CONTACT] SL:PERSON_REMINDED] @ptr_14 IN:GET_REMINDER]
Add to go buy the medicines before , on the reminder with my father .	Add Ġto Ġgo Ġbuy Ġthe Ġmedicines Ġbefore Ġ, Ġon Ġthe Ġreminder Ġwith Ġmy Ġfather Ġ.	[IN:UPDATE_REMINDER_TODO @ptr_0 @ptr_1 [SL:TODO_NEW @ptr_2 @ptr_3 @ptr_4 @ptr_5 @ptr_6 SL:TODO_NEW] @ptr_7 @ptr_8 @ptr_9 @ptr_10 @ptr_11 [SL:ATTENDEE [IN:GET_CONTACT [SL:CONTACT_RELATED @ptr_12 SL:CONTACT_RELATED] [SL:TYPE_RELATION @ptr_13 SL:TYPE_RELATION] IN:GET_CONTACT] SL:ATTENDEE] @ptr_14 IN:UPDATE_REMINDER_TODO]
Delete my reminder for breakfast plans with my girlfriends tomorrow .	Delete Ġmy Ġreminder Ġfor Ġbreakfast Ġplans Ġwith Ġmy Ġgirlfriends Ġtomorrow Ġ.	[IN:DELETE_REMINDER @ptr_0 [SL:PERSON_REMINDED @ptr_1 SL:PERSON_REMINDED] @ptr_2 @ptr_3 [SL:TODO [IN:GET_TODO [SL:TODO @ptr_4 @ptr_5 SL:TODO] @ptr_6 [SL:ATTENDEE [IN:GET_CONTACT [SL:CONTACT_RELATED @ptr_7 SL:CONTACT_RELATED] [SL:TYPE_RELATION @ptr_8 SL:TYPE_RELATION] IN:GET_CONTACT] SL:ATTENDEE] IN:GET_TODO] SL:TODO] [SL:DATE_TIME @ptr_9 SL:DATE_TIME] @ptr_10 IN:DELETE_REMINDER]
When is my next reminder for school volunteerin ?	When Ġis Ġmy Ġnext Ġreminder Ġfor Ġschool Ġvolunteer in Ġ?	[IN:GET_REMINDER_DATE_TIME @ptr_0 @ptr_1 [SL:PERSON_REMINDED @ptr_2 SL:PERSON_REMINDED] [SL:ORDINAL @ptr_3 SL:ORDINAL] @ptr_4 @ptr_5 [SL:TODO @ptr_6 @ptr_7 @ptr_8 SL:TODO] @ptr_9 IN:GET_REMINDER_DATE_TIME]
remind me to answer Ken 's email regarding the computers	rem ind Ġme Ġto Ġanswer ĠKen Ġ' s Ġemail Ġregarding Ġthe Ġcomputers	[IN:CREATE_REMINDER @ptr_0 @ptr_1 [SL:PERSON_REMINDED @ptr_2 SL:PERSON_REMINDED] @ptr_3 [SL:TODO [IN:REPLY_MESSAGE @ptr_4 [SL:RECIPIENT @ptr_5 SL:RECIPIENT] @ptr_6 @ptr_7 @ptr_8 @ptr_9 [SL:CONTENT_EXACT @ptr_10 @ptr_11 SL:CONTENT_EXACT] IN:REPLY_MESSAGE] SL:TODO] IN:CREATE_REMINDER]
Show me my reminders for Thursday .	Show Ġme Ġmy Ġreminders Ġfor ĠThursday Ġ.	[IN:GET_REMINDER [SL:METHOD_RETRIEVAL_REMINDER @ptr_0 SL:METHOD_RETRIEVAL_REMINDER] @ptr_1 [SL:PERSON_REMINDED @ptr_2 SL:PERSON_REMINDED] @ptr_3 [SL:DATE_TIME @ptr_4 @ptr_5 SL:DATE_TIME] @ptr_6 IN:GET_REMINDER]
change the recycle reminder to every other Wednesday instead of every wednesday	change Ġthe Ġrecycle Ġreminder Ġto Ġevery Ġother ĠWednesday Ġinstead Ġof Ġevery Ġwed nesday	[IN:UPDATE_REMINDER @ptr_0 @ptr_1 [SL:TODO @ptr_2 SL:TODO] @ptr_3 [SL:RECURRING_DATE_TIME_NEW [IN:GET_RECURRING_DATE_TIME @ptr_4 [SL:FREQUENCY @ptr_5 @ptr_6 @ptr_7 SL:FREQUENCY] IN:GET_RECURRING_DATE_TIME] SL:RECURRING_DATE_TIME_NEW] @ptr_8 [SL:RECURRING_DATE_TIME [IN:GET_RECURRING_DATE_TIME @ptr_9 [SL:FREQUENCY @ptr_10 @ptr_11 @ptr_12 SL:FREQUENCY] IN:GET_RECURRING_DATE_TIME] SL:RECURRING_DATE_TIME] IN:UPDATE_REMINDER]
add Brad to the party reminder for mom and dad	add ĠBrad Ġto Ġthe Ġparty Ġreminder Ġfor Ġmom Ġand Ġdad	[IN:UPDATE_REMINDER @ptr_0 [SL:PERSON_REMINDED_ADDED @ptr_1 SL:PERSON_REMINDED_ADDED] @ptr_2 @ptr_3 [SL:TODO @ptr_4 SL:TODO] @ptr_5 @ptr_6 [SL:PERSON_REMINDED [IN:GET_CONTACT [SL:TYPE_RELATION @ptr_7 SL:TYPE_RELATION] IN:GET_CONTACT] SL:PERSON_REMINDED] @ptr_8 [SL:PERSON_REMINDED [IN:GET_CONTACT [SL:TYPE_RELATION @ptr_9 SL:TYPE_RELATION] IN:GET_CONTACT] SL:PERSON_REMINDED] IN:UPDATE_REMINDER]
when is my reminder to meet Clara for brunch ?	when Ġis Ġmy Ġreminder Ġto Ġmeet ĠClara Ġfor Ġbrunch Ġ?	[IN:GET_REMINDER_DATE_TIME @ptr_0 @ptr_1 [SL:PERSON_REMINDED @ptr_2 SL:PERSON_REMINDED] @ptr_3 @ptr_4 [SL:TODO @ptr_5 @ptr_6 @ptr_7 @ptr_8 SL:TODO] @ptr_9 IN:GET_REMINDER_DATE_TIME]
Set up a weekly reminder to email the team about updates on Friday Morning	Set Ġup Ġa Ġweekly Ġreminder Ġto Ġemail Ġthe Ġteam Ġabout Ġupdates Ġon ĠFriday ĠMorning	[IN:CREATE_REMINDER @ptr_0 @ptr_1 @ptr_2 [SL:RECURRING_DATE_TIME [IN:GET_RECURRING_DATE_TIME [SL:FREQUENCY @ptr_3 SL:FREQUENCY] IN:GET_RECURRING_DATE_TIME] SL:RECURRING_DATE_TIME] @ptr_4 @ptr_5 [SL:TODO [IN:GET_TODO [SL:TODO [IN:SEND_MESSAGE @ptr_6 [SL:GROUP @ptr_7 @ptr_8 SL:GROUP] @ptr_9 [SL:CONTENT_EXACT @ptr_10 SL:CONTENT_EXACT] IN:SEND_MESSAGE] SL:TODO] [SL:DATE_TIME @ptr_11 @ptr_12 @ptr_13 SL:DATE_TIME] IN:GET_TODO] SL:TODO] IN:CREATE_REMINDER]
Remind me to send my email reply to Maddy tonight .	Rem ind Ġme Ġto Ġsend Ġmy Ġemail Ġreply Ġto ĠM addy Ġtonight Ġ.	[IN:CREATE_REMINDER @ptr_0 @ptr_1 [SL:PERSON_REMINDED @ptr_2 SL:PERSON_REMINDED] @ptr_3 [SL:TODO [IN:REPLY_MESSAGE @ptr_4 [SL:SENDER @ptr_5 SL:SENDER] @ptr_6 @ptr_7 @ptr_8 [SL:RECIPIENT @ptr_9 @ptr_10 SL:RECIPIENT] IN:REPLY_MESSAGE] SL:TODO] [SL:DATE_TIME @ptr_11 SL:DATE_TIME] @ptr_12 IN:CREATE_REMINDER]
I need to reply to Billy about Sarah 's baby shower ; can you remind me in 3 days ?	I Ġneed Ġto Ġreply Ġto ĠBilly Ġabout ĠSarah Ġ' s Ġbaby Ġshower Ġ; Ġcan Ġyou Ġremind Ġme Ġin Ġ3 Ġdays Ġ?	[IN:CREATE_REMINDER @ptr_0 @ptr_1 @ptr_2 [SL:TODO [IN:REPLY_MESSAGE @ptr_3 @ptr_4 [SL:RECIPIENT @ptr_5 SL:RECIPIENT] @ptr_6 [SL:CONTENT_EXACT [IN:GET_EVENT [SL:ORGANIZER_EVENT @ptr_7 SL:ORGANIZER_EVENT] @ptr_8 @ptr_9 [SL:CATEGORY_EVENT @ptr_10 @ptr_11 SL:CATEGORY_EVENT] IN:GET_EVENT] SL:CONTENT_EXACT] IN:REPLY_MESSAGE] SL:TODO] @ptr_12 @ptr_13 @ptr_14 @ptr_15 [SL:PERSON_REMINDED @ptr_16 SL:PERSON_REMINDED] [SL:DATE_TIME @ptr_17 @ptr_18 @ptr_19 SL:DATE_TIME] @ptr_20 IN:CREATE_REMINDER]
Cancel the reminder about dinner with my younger sister this Saturday night .	C ancel Ġthe Ġreminder Ġabout Ġdinner Ġwith Ġmy Ġyounger Ġsister Ġthis ĠSaturday Ġnight Ġ.	[IN:DELETE_REMINDER @ptr_0 @ptr_1 @ptr_2 @ptr_3 @ptr_4 [SL:TODO [IN:GET_TODO [SL:TODO @ptr_5 SL:TODO] @ptr_6 [SL:ATTENDEE [IN:GET_CONTACT [SL:CONTACT_RELATED @ptr_7 SL:CONTACT_RELATED] [SL:AGE @ptr_8 SL:AGE] [SL:TYPE_RELATION @ptr_9 SL:TYPE_RELATION] IN:GET_CONTACT] SL:ATTENDEE] IN:GET_TODO] SL:TODO] [SL:DATE_TIME @ptr_10 @ptr_11 @ptr_12 SL:DATE_TIME] @ptr_13 IN:DELETE_REMINDER]
remind those invited to the event I'm hosting this week that the event begins at 6 pm	rem ind Ġthose Ġinvited Ġto Ġthe Ġevent ĠI 'm Ġhosting Ġthis Ġweek Ġthat Ġthe Ġevent Ġbegins Ġat Ġ6 Ġpm	[IN:CREATE_REMINDER @ptr_0 @ptr_1 [SL:PERSON_REMINDED [IN:GET_EVENT_ATTENDEE @ptr_2 @ptr_3 @ptr_4 @ptr_5 @ptr_6 [SL:ORGANIZER_EVENT @ptr_7 @ptr_8 SL:ORGANIZER_EVENT] @ptr_9 [SL:DATE_TIME @ptr_10 @ptr_11 SL:DATE_TIME] IN:GET_EVENT_ATTENDEE] SL:PERSON_REMINDED] @ptr_12 [SL:TODO @ptr_13 @ptr_14 @ptr_15 SL:TODO] [SL:DATE_TIME @ptr_16 @ptr_17 @ptr_18 SL:DATE_TIME] IN:CREATE_REMINDER]
Remove Gary from all reminders I have setup with him included .	Remove ĠGary Ġfrom Ġall Ġreminders ĠI Ġhave Ġsetup Ġwith Ġhim Ġincluded Ġ.	[IN:UPDATE_REMINDER @ptr_0 [SL:PERSON_REMINDED_REMOVED @ptr_1 SL:PERSON_REMINDED_REMOVED] @ptr_2 [SL:AMOUNT @ptr_3 SL:AMOUNT] @ptr_4 @ptr_5 @ptr_6 @ptr_7 @ptr_8 @ptr_9 @ptr_10 @ptr_11 IN:UPDATE_REMINDER]
where is the reminder about meeting sharon tomorrow	where Ġis Ġthe Ġreminder Ġabout Ġmeeting Ġsh aron Ġtomorrow	[IN:GET_REMINDER_LOCATION @ptr_0 @ptr_1 @ptr_2 @ptr_3 @ptr_4 [SL:TODO @ptr_5 @ptr_6 @ptr_7 SL:TODO] [SL:DATE_TIME @ptr_8 SL:DATE_TIME] IN:GET_REMINDER_LOCATION]
how many reminders do i have set over the weekend ?	how Ġmany Ġreminders Ġdo Ġi Ġhave Ġset Ġover Ġthe Ġweekend Ġ?	[IN:GET_REMINDER_AMOUNT @ptr_0 @ptr_1 @ptr_2 @ptr_3 [SL:PERSON_REMINDED @ptr_4 SL:PERSON_REMINDED] @ptr_5 @ptr_6 [SL:DATE_TIME @ptr_7 @ptr_8 @ptr_9 SL:DATE_TIME] @ptr_10 IN:GET_REMINDER_AMOUNT]
how to see yesterday 's reminder	how Ġto Ġsee Ġyesterday Ġ' s Ġreminder	[IN:HELP_REMINDER @ptr_0 @ptr_1 @ptr_2 @ptr_3 @ptr_4 @ptr_5 @ptr_6 IN:HELP_REMINDER]
Change the reminder to send an ' I love you ' message to my sister on facebook from the 19th to the 23rd .	Change Ġthe Ġreminder Ġto Ġsend Ġan Ġ' ĠI Ġlove Ġyou Ġ' Ġmessage Ġto Ġmy Ġsister Ġon Ġfacebook Ġfrom Ġthe Ġ19 th Ġto Ġthe Ġ23 rd Ġ.	[IN:UPDATE_REMINDER_DATE_TIME @ptr_0 @ptr_1 @ptr_2 @ptr_3 [SL:TODO [IN:SEND_MESSAGE @ptr_4 @ptr_5 @ptr_6 [SL:CONTENT_EXACT @ptr_7 @ptr_8 @ptr_9 SL:CONTENT_EXACT] @ptr_10 @ptr_11 @ptr_12 [SL:RECIPIENT [IN:GET_CONTACT [SL:CONTACT_RELATED @ptr_13 SL:CONTACT_RELATED] [SL:TYPE_RELATION @ptr_14 SL:TYPE_RELATION] IN:GET_CONTACT] SL:RECIPIENT] @ptr_15 [SL:NAME_APP @ptr_16 SL:NAME_APP] IN:SEND_MESSAGE] SL:TODO] [SL:DATE_TIME @ptr_17 @ptr_18 @ptr_19 @ptr_20 SL:DATE_TIME] [SL:DATE_TIME_NEW @ptr_21 @ptr_22 @ptr_23 @ptr_24 SL:DATE_TIME_NEW] @ptr_25 IN:UPDATE_REMINDER_DATE_TIME]
Delete the reminder to send videos to Lisa on Kelly 's accident .	Delete Ġthe Ġreminder Ġto Ġsend Ġvideos Ġto ĠLisa Ġon ĠKelly Ġ' s Ġaccident Ġ.	[IN:DELETE_REMINDER @ptr_0 @ptr_1 @ptr_2 @ptr_3 [SL:TODO [IN:SEND_MESSAGE @ptr_4 [SL:TYPE_CONTENT @ptr_5 SL:TYPE_CONTENT] @ptr_6 [SL:RECIPIENT @ptr_7 SL:RECIPIENT] @ptr_8 [SL:CONTENT_EXACT @ptr_9 @ptr_10 @ptr_11 @ptr_12 SL:CONTENT_EXACT] IN:SEND_MESSAGE] SL:TODO] @ptr_13 IN:DELETE_REMINDER]
change my meeting alert with kim to Lisa	change Ġmy Ġmeeting Ġalert Ġwith Ġk im Ġto ĠLisa	[IN:UPDATE_REMINDER @ptr_0 [SL:PERSON_REMINDED @ptr_1 SL:PERSON_REMINDED] [SL:TODO @ptr_2 SL:TODO] @ptr_3 @ptr_4 [SL:ATTENDEE_REMOVED @ptr_5 @ptr_6 SL:ATTENDEE_REMOVED] @ptr_7 [SL:ATTENDEE_ADDED @ptr_8 SL:ATTENDEE_ADDED] IN:UPDATE_REMINDER]
change my meeting alert with kim to Lisa	change Ġmy Ġmeeting Ġalert Ġwith Ġk im Ġto ĠLisa	[IN:UPDATE_REMINDER @ptr_0 [SL:PERSON_REMINDED @ptr_1 SL:PERSON_REMINDED] [SL:TODO @ptr_2 SL:TODO] @ptr_3 @ptr_4 [SL:ATTENDEE_REMOVED @ptr_5 @ptr_6 SL:ATTENDEE_REMOVED] @ptr_7 [SL:ATTENDEE_ADDED @ptr_8 SL:ATTENDEE_ADDED] IN:UPDATE_REMINDER]
show me the reminder for the theater night with co - workers next month	show Ġme Ġthe Ġreminder Ġfor Ġthe Ġtheater Ġnight Ġwith Ġco Ġ- Ġworkers Ġnext Ġmonth	[IN:GET_REMINDER [SL:METHOD_RETRIEVAL_REMINDER @ptr_0 SL:METHOD_RETRIEVAL_REMINDER] [SL:PERSON_REMINDED @ptr_1 SL:PERSON_REMINDED] @ptr_2 @ptr_3 @ptr_4 [SL:TODO [IN:GET_TODO [SL:TODO @ptr_5 @ptr_6 @ptr_7 SL:TODO] @ptr_8 [SL:ATTENDEE [IN:GET_CONTACT [SL:MUTUAL_EMPLOYER @ptr_9 @ptr_10 @ptr_11 SL:MUTUAL_EMPLOYER] IN:GET_CONTACT] SL:ATTENDEE] IN:GET_TODO] SL:TODO] [SL:DATE_TIME @ptr_12 @ptr_13 SL:DATE_TIME] IN:GET_REMINDER]
Remind me to send Enrichment emails to teachers on Monday	Rem ind Ġme Ġto Ġsend ĠEn rich ment Ġemails Ġto Ġteachers Ġon ĠMonday	[IN:CREATE_REMINDER @ptr_0 @ptr_1 [SL:PERSON_REMINDED @ptr_2 SL:PERSON_REMINDED] @ptr_3 [SL:TODO [IN:SEND_MESSAGE @ptr_4 [SL:CONTENT_EXACT @ptr_5 @ptr_6 @ptr_7 SL:CONTENT_EXACT] @ptr_8 @ptr_9 [SL:RECIPIENT [IN:GET_CONTACT [SL:JOB @ptr_10 SL:JOB] IN:GET_CONTACT] SL:RECIPIENT] IN:SEND_MESSAGE] SL:TODO] [SL:DATE_TIME @ptr_11 @ptr_12 SL:DATE_TIME] IN:CREATE_REMINDER]
Remind me to send flowers to my wife on her birthday .	Rem ind Ġme Ġto Ġsend Ġflowers Ġto Ġmy Ġwife Ġon Ġher Ġbirthday Ġ.	[IN:CREATE_REMINDER @ptr_0 @ptr_1 [SL:PERSON_REMINDED @ptr_2 SL:PERSON_REMINDED] @ptr_3 [SL:TODO @ptr_4 @ptr_5 @ptr_6 @ptr_7 @ptr_8 SL:TODO] [SL:DATE_TIME [IN:GET_BIRTHDAY @ptr_9 [SL:CONTACT @ptr_10 SL:CONTACT] @ptr_11 IN:GET_BIRTHDAY] SL:DATE_TIME] @ptr_12 IN:CREATE_REMINDER]
