Will I dress in jeans today ?	Will ĠI Ġdress Ġin Ġjeans Ġtoday Ġ?	[IN:GET_WEATHER @ptr_0 @ptr_1 @ptr_2 @ptr_3 [SL:WEATHER_ATTRIBUTE @ptr_4 SL:WEATHER_ATTRIBUTE] [SL:DATE_TIME @ptr_5 SL:DATE_TIME] @ptr_6 IN:GET_WEATHER]
is it going to be hot today ?	is Ġit Ġgoing Ġto Ġbe Ġhot Ġtoday Ġ?	[IN:GET_WEATHER @ptr_0 @ptr_1 @ptr_2 @ptr_3 @ptr_4 [SL:WEATHER_ATTRIBUTE @ptr_5 SL:WEATHER_ATTRIBUTE] [SL:DATE_TIME @ptr_6 SL:DATE_TIME] @ptr_7 IN:GET_WEATHER]
what is the next two weeks forecast	what Ġis Ġthe Ġnext Ġtwo Ġweeks Ġforecast	[IN:GET_WEATHER @ptr_0 @ptr_1 @ptr_2 [SL:DATE_TIME @ptr_3 @ptr_4 @ptr_5 SL:DATE_TIME] @ptr_6 IN:GET_WEATHER]
How cold will it be at 6 pm tonight ?	How Ġcold Ġwill Ġit Ġbe Ġat Ġ6 Ġpm Ġtonight Ġ?	[IN:GET_WEATHER @ptr_0 [SL:WEATHER_ATTRIBUTE @ptr_1 SL:WEATHER_ATTRIBUTE] @ptr_2 @ptr_3 @ptr_4 [SL:DATE_TIME @ptr_5 @ptr_6 @ptr_7 @ptr_8 SL:DATE_TIME] @ptr_9 IN:GET_WEATHER]
will is rain today at 12 pm ?	will Ġis Ġrain Ġtoday Ġat Ġ12 Ġpm Ġ?	[IN:GET_WEATHER @ptr_0 @ptr_1 [SL:WEATHER_ATTRIBUTE @ptr_2 SL:WEATHER_ATTRIBUTE] [SL:DATE_TIME @ptr_3 SL:DATE_TIME] @ptr_4 @ptr_5 @ptr_6 @ptr_7 IN:GET_WEATHER]
Give me the weather forecast for Friday 3rd of April 2 pm	Give Ġme Ġthe Ġweather Ġforecast Ġfor ĠFriday Ġ3 rd Ġof ĠApril Ġ2 Ġpm	[IN:GET_WEATHER @ptr_0 @ptr_1 @ptr_2 @ptr_3 @ptr_4 [SL:DATE_TIME @ptr_5 @ptr_6 @ptr_7 @ptr_8 @ptr_9 @ptr_10 @ptr_11 @ptr_12 SL:DATE_TIME] IN:GET_WEATHER]
How many inches of rain	How Ġmany Ġinches Ġof Ġrain	[IN:GET_WEATHER @ptr_0 @ptr_1 @ptr_2 @ptr_3 [SL:WEATHER_ATTRIBUTE @ptr_4 SL:WEATHER_ATTRIBUTE] IN:GET_WEATHER]
Hows the weather looking this week	H ows Ġthe Ġweather Ġlooking Ġthis Ġweek	[IN:GET_WEATHER @ptr_0 @ptr_1 @ptr_2 @ptr_3 @ptr_4 [SL:DATE_TIME @ptr_5 @ptr_6 SL:DATE_TIME] IN:GET_WEATHER]
What is the low temperature today	What Ġis Ġthe Ġlow Ġtemperature Ġtoday	[IN:GET_WEATHER @ptr_0 @ptr_1 @ptr_2 @ptr_3 @ptr_4 [SL:DATE_TIME @ptr_5 SL:DATE_TIME] IN:GET_WEATHER]
What 's the sky doing ?	What Ġ' s Ġthe Ġsky Ġdoing Ġ?	[IN:GET_WEATHER @ptr_0 @ptr_1 @ptr_2 @ptr_3 @ptr_4 @ptr_5 @ptr_6 IN:GET_WEATHER]
are there any warnings today	are Ġthere Ġany Ġwarnings Ġtoday	[IN:GET_WEATHER @ptr_0 @ptr_1 @ptr_2 @ptr_3 [SL:DATE_TIME @ptr_4 SL:DATE_TIME] IN:GET_WEATHER]
When are we expecting rain	When Ġare Ġwe Ġexpecting Ġrain	[IN:GET_WEATHER @ptr_0 @ptr_1 @ptr_2 @ptr_3 [SL:WEATHER_ATTRIBUTE @ptr_4 SL:WEATHER_ATTRIBUTE] IN:GET_WEATHER]
Will it be hot tomorrow ?	Will Ġit Ġbe Ġhot Ġtomorrow Ġ?	[IN:GET_WEATHER @ptr_0 @ptr_1 @ptr_2 [SL:WEATHER_ATTRIBUTE @ptr_3 SL:WEATHER_ATTRIBUTE] [SL:DATE_TIME @ptr_4 SL:DATE_TIME] @ptr_5 IN:GET_WEATHER]
Tell me about the weather	Tell Ġme Ġabout Ġthe Ġweather	[IN:GET_WEATHER @ptr_0 @ptr_1 @ptr_2 @ptr_3 @ptr_4 IN:GET_WEATHER]
Is it snowing in Atlanta ?	Is Ġit Ġsnow ing Ġin ĠAtlanta Ġ?	[IN:GET_WEATHER @ptr_0 @ptr_1 [SL:WEATHER_ATTRIBUTE @ptr_2 @ptr_3 SL:WEATHER_ATTRIBUTE] @ptr_4 [SL:LOCATION @ptr_5 SL:LOCATION] @ptr_6 IN:GET_WEATHER]
weather forecast for the next 10 days	weather Ġforecast Ġfor Ġthe Ġnext Ġ10 Ġdays	[IN:GET_WEATHER @ptr_0 @ptr_1 [SL:DATE_TIME @ptr_2 @ptr_3 @ptr_4 @ptr_5 @ptr_6 SL:DATE_TIME] IN:GET_WEATHER]
weather celsius	weather Ġc elsius	[IN:GET_WEATHER @ptr_0 [SL:WEATHER_TEMPERATURE_UNIT @ptr_1 @ptr_2 SL:WEATHER_TEMPERATURE_UNIT] IN:GET_WEATHER]
Is there snow in the forecast for today ?	Is Ġthere Ġsnow Ġin Ġthe Ġforecast Ġfor Ġtoday Ġ?	[IN:GET_WEATHER @ptr_0 @ptr_1 [SL:WEATHER_ATTRIBUTE @ptr_2 SL:WEATHER_ATTRIBUTE] @ptr_3 @ptr_4 @ptr_5 [SL:DATE_TIME @ptr_6 @ptr_7 SL:DATE_TIME] @ptr_8 IN:GET_WEATHER]
Tell me the weather outlook for next weekend in New York City	Tell Ġme Ġthe Ġweather Ġoutlook Ġfor Ġnext Ġweekend Ġin ĠNew ĠYork ĠCity	[IN:GET_WEATHER @ptr_0 @ptr_1 @ptr_2 @ptr_3 @ptr_4 [SL:DATE_TIME @ptr_5 @ptr_6 @ptr_7 SL:DATE_TIME] @ptr_8 [SL:LOCATION @ptr_9 @ptr_10 @ptr_11 SL:LOCATION] IN:GET_WEATHER]
Is it going to rain tomorrow ?	Is Ġit Ġgoing Ġto Ġrain Ġtomorrow Ġ?	[IN:GET_WEATHER @ptr_0 @ptr_1 @ptr_2 @ptr_3 [SL:WEATHER_ATTRIBUTE @ptr_4 SL:WEATHER_ATTRIBUTE] [SL:DATE_TIME @ptr_5 SL:DATE_TIME] @ptr_6 IN:GET_WEATHER]
What will the weather be in like in New York on Friday 16th May ?	What Ġwill Ġthe Ġweather Ġbe Ġin Ġlike Ġin ĠNew ĠYork Ġon ĠFriday Ġ16 th ĠMay Ġ?	[IN:GET_WEATHER @ptr_0 @ptr_1 @ptr_2 @ptr_3 @ptr_4 @ptr_5 @ptr_6 @ptr_7 [SL:LOCATION @ptr_8 @ptr_9 SL:LOCATION] [SL:DATE_TIME @ptr_10 @ptr_11 @ptr_12 @ptr_13 @ptr_14 SL:DATE_TIME] @ptr_15 IN:GET_WEATHER]
How do I need to dress tomorrow to be outside ?	How Ġdo ĠI Ġneed Ġto Ġdress Ġtomorrow Ġto Ġbe Ġoutside Ġ?	[IN:GET_WEATHER @ptr_0 @ptr_1 @ptr_2 @ptr_3 @ptr_4 @ptr_5 [SL:DATE_TIME @ptr_6 SL:DATE_TIME] @ptr_7 @ptr_8 @ptr_9 @ptr_10 IN:GET_WEATHER]
How is the weather conditions in Thailand now ?	How Ġis Ġthe Ġweather Ġconditions Ġin ĠThailand Ġnow Ġ?	[IN:GET_WEATHER @ptr_0 @ptr_1 @ptr_2 @ptr_3 @ptr_4 @ptr_5 [SL:LOCATION @ptr_6 SL:LOCATION] @ptr_7 @ptr_8 IN:GET_WEATHER]
What is the weekly forecast ?	What Ġis Ġthe Ġweekly Ġforecast Ġ?	[IN:GET_WEATHER @ptr_0 @ptr_1 @ptr_2 [SL:DATE_TIME @ptr_3 SL:DATE_TIME] @ptr_4 @ptr_5 IN:GET_WEATHER]
Will is snow in Omaha on Monday ?	Will Ġis Ġsnow Ġin ĠOmaha Ġon ĠMonday Ġ?	[IN:GET_WEATHER @ptr_0 @ptr_1 [SL:WEATHER_ATTRIBUTE @ptr_2 SL:WEATHER_ATTRIBUTE] @ptr_3 [SL:LOCATION @ptr_4 SL:LOCATION] [SL:DATE_TIME @ptr_5 @ptr_6 SL:DATE_TIME] @ptr_7 IN:GET_WEATHER]
Do I need a coat today ?	Do ĠI Ġneed Ġa Ġcoat Ġtoday Ġ?	[IN:GET_WEATHER @ptr_0 @ptr_1 @ptr_2 @ptr_3 [SL:WEATHER_ATTRIBUTE @ptr_4 SL:WEATHER_ATTRIBUTE] [SL:DATE_TIME @ptr_5 SL:DATE_TIME] @ptr_6 IN:GET_WEATHER]
What direction will today 's wind be	What Ġdirection Ġwill Ġtoday Ġ' s Ġwind Ġbe	[IN:GET_WEATHER @ptr_0 @ptr_1 @ptr_2 [SL:DATE_TIME @ptr_3 SL:DATE_TIME] @ptr_4 @ptr_5 [SL:WEATHER_ATTRIBUTE @ptr_6 SL:WEATHER_ATTRIBUTE] @ptr_7 IN:GET_WEATHER]
Will it be sunny today ?	Will Ġit Ġbe Ġsunny Ġtoday Ġ?	[IN:GET_WEATHER @ptr_0 @ptr_1 @ptr_2 [SL:WEATHER_ATTRIBUTE @ptr_3 SL:WEATHER_ATTRIBUTE] [SL:DATE_TIME @ptr_4 SL:DATE_TIME] @ptr_5 IN:GET_WEATHER]
Temperature here tomorrow morning C	Temperature Ġhere Ġtomorrow Ġmorning ĠC	[IN:GET_WEATHER @ptr_0 [SL:LOCATION @ptr_1 SL:LOCATION] [SL:DATE_TIME @ptr_2 @ptr_3 SL:DATE_TIME] [SL:WEATHER_TEMPERATURE_UNIT @ptr_4 SL:WEATHER_TEMPERATURE_UNIT] IN:GET_WEATHER]
Will it be fine at 5 pm	Will Ġit Ġbe Ġfine Ġat Ġ5 Ġpm	[IN:GET_WEATHER @ptr_0 @ptr_1 @ptr_2 @ptr_3 [SL:DATE_TIME @ptr_4 @ptr_5 @ptr_6 SL:DATE_TIME] IN:GET_WEATHER]
How hot will it be in Celsius this afternoon ?	How Ġhot Ġwill Ġit Ġbe Ġin ĠCelsius Ġthis Ġafternoon Ġ?	[IN:GET_WEATHER @ptr_0 @ptr_1 @ptr_2 @ptr_3 @ptr_4 @ptr_5 [SL:WEATHER_TEMPERATURE_UNIT @ptr_6 SL:WEATHER_TEMPERATURE_UNIT] [SL:DATE_TIME @ptr_7 @ptr_8 SL:DATE_TIME] @ptr_9 IN:GET_WEATHER]
How cold is Canada in the winter	How Ġcold Ġis ĠCanada Ġin Ġthe Ġwinter	[IN:GET_WEATHER @ptr_0 [SL:WEATHER_ATTRIBUTE @ptr_1 SL:WEATHER_ATTRIBUTE] @ptr_2 [SL:LOCATION @ptr_3 SL:LOCATION] [SL:DATE_TIME @ptr_4 @ptr_5 @ptr_6 SL:DATE_TIME] IN:GET_WEATHER]
Will it rain on Friday ?	Will Ġit Ġrain Ġon ĠFriday Ġ?	[IN:GET_WEATHER @ptr_0 @ptr_1 [SL:WEATHER_ATTRIBUTE @ptr_2 SL:WEATHER_ATTRIBUTE] [SL:DATE_TIME @ptr_3 @ptr_4 SL:DATE_TIME] @ptr_5 IN:GET_WEATHER]
Did it rain last night	Did Ġit Ġrain Ġlast Ġnight	[IN:GET_WEATHER @ptr_0 @ptr_1 [SL:WEATHER_ATTRIBUTE @ptr_2 SL:WEATHER_ATTRIBUTE] [SL:DATE_TIME @ptr_3 @ptr_4 SL:DATE_TIME] IN:GET_WEATHER]
is it going to rain this morning	is Ġit Ġgoing Ġto Ġrain Ġthis Ġmorning	[IN:GET_WEATHER @ptr_0 @ptr_1 @ptr_2 @ptr_3 [SL:WEATHER_ATTRIBUTE @ptr_4 SL:WEATHER_ATTRIBUTE] [SL:DATE_TIME @ptr_5 @ptr_6 SL:DATE_TIME] IN:GET_WEATHER]
What 's today 's temperature	What Ġ' s Ġtoday Ġ' s Ġtemperature	[IN:GET_WEATHER @ptr_0 @ptr_1 @ptr_2 [SL:DATE_TIME @ptr_3 SL:DATE_TIME] @ptr_4 @ptr_5 @ptr_6 IN:GET_WEATHER]
Is it warm enough for me to wear shorts today ?	Is Ġit Ġwarm Ġenough Ġfor Ġme Ġto Ġwear Ġshorts Ġtoday Ġ?	[IN:GET_WEATHER @ptr_0 @ptr_1 [SL:WEATHER_ATTRIBUTE @ptr_2 SL:WEATHER_ATTRIBUTE] @ptr_3 @ptr_4 @ptr_5 @ptr_6 @ptr_7 [SL:WEATHER_ATTRIBUTE @ptr_8 SL:WEATHER_ATTRIBUTE] [SL:DATE_TIME @ptr_9 SL:DATE_TIME] @ptr_10 IN:GET_WEATHER]
will it rain on Sunday	will Ġit Ġrain Ġon ĠSunday	[IN:GET_WEATHER @ptr_0 @ptr_1 [SL:WEATHER_ATTRIBUTE @ptr_2 SL:WEATHER_ATTRIBUTE] [SL:DATE_TIME @ptr_3 @ptr_4 SL:DATE_TIME] IN:GET_WEATHER]
how many inches of rain did we get this weekend	how Ġmany Ġinches Ġof Ġrain Ġdid Ġwe Ġget Ġthis Ġweekend	[IN:GET_WEATHER @ptr_0 @ptr_1 @ptr_2 @ptr_3 [SL:WEATHER_ATTRIBUTE @ptr_4 SL:WEATHER_ATTRIBUTE] @ptr_5 @ptr_6 @ptr_7 [SL:DATE_TIME @ptr_8 @ptr_9 SL:DATE_TIME] IN:GET_WEATHER]
What 's the weather like this afternoon ?	What Ġ' s Ġthe Ġweather Ġlike Ġthis Ġafternoon Ġ?	[IN:GET_WEATHER @ptr_0 @ptr_1 @ptr_2 @ptr_3 @ptr_4 @ptr_5 [SL:DATE_TIME @ptr_6 @ptr_7 SL:DATE_TIME] @ptr_8 IN:GET_WEATHER]
did it rain last night	did Ġit Ġrain Ġlast Ġnight	[IN:GET_WEATHER @ptr_0 @ptr_1 [SL:WEATHER_ATTRIBUTE @ptr_2 SL:WEATHER_ATTRIBUTE] [SL:DATE_TIME @ptr_3 @ptr_4 SL:DATE_TIME] IN:GET_WEATHER]
What was the coldest day last week	What Ġwas Ġthe Ġcold est Ġday Ġlast Ġweek	[IN:GET_WEATHER @ptr_0 @ptr_1 @ptr_2 [SL:WEATHER_ATTRIBUTE @ptr_3 @ptr_4 SL:WEATHER_ATTRIBUTE] @ptr_5 [SL:DATE_TIME @ptr_6 @ptr_7 SL:DATE_TIME] IN:GET_WEATHER]
What is the weather like on Friday	What Ġis Ġthe Ġweather Ġlike Ġon ĠFriday	[IN:GET_WEATHER @ptr_0 @ptr_1 @ptr_2 @ptr_3 @ptr_4 [SL:DATE_TIME @ptr_5 @ptr_6 SL:DATE_TIME] IN:GET_WEATHER]
SHOULD I BRING SUNSCREEN TO THE BEACH TOMORROW ?	SH OULD ĠI ĠBR ING ĠSUN SC RE EN ĠTO ĠTHE ĠBE ACH ĠTOM OR R OW Ġ?	[IN:GET_WEATHER @ptr_0 @ptr_1 @ptr_2 @ptr_3 @ptr_4 [SL:WEATHER_ATTRIBUTE @ptr_5 @ptr_6 @ptr_7 @ptr_8 SL:WEATHER_ATTRIBUTE] @ptr_9 @ptr_10 [SL:LOCATION @ptr_11 @ptr_12 SL:LOCATION] [SL:DATE_TIME @ptr_13 @ptr_14 @ptr_15 @ptr_16 SL:DATE_TIME] @ptr_17 IN:GET_WEATHER]
Temperature next week near Shanghai celsius	Temperature Ġnext Ġweek Ġnear ĠShanghai Ġc elsius	[IN:GET_WEATHER @ptr_0 [SL:DATE_TIME @ptr_1 @ptr_2 SL:DATE_TIME] @ptr_3 [SL:LOCATION @ptr_4 SL:LOCATION] [SL:WEATHER_TEMPERATURE_UNIT @ptr_5 @ptr_6 SL:WEATHER_TEMPERATURE_UNIT] IN:GET_WEATHER]
What 's the weather like in Hawaii tomorrow ?	What Ġ' s Ġthe Ġweather Ġlike Ġin ĠHawaii Ġtomorrow Ġ?	[IN:GET_WEATHER @ptr_0 @ptr_1 @ptr_2 @ptr_3 @ptr_4 @ptr_5 @ptr_6 [SL:LOCATION @ptr_7 SL:LOCATION] [SL:DATE_TIME @ptr_8 SL:DATE_TIME] @ptr_9 IN:GET_WEATHER]
what is the weather in Florida for the next 5 days	what Ġis Ġthe Ġweather Ġin ĠFlorida Ġfor Ġthe Ġnext Ġ5 Ġdays	[IN:GET_WEATHER @ptr_0 @ptr_1 @ptr_2 @ptr_3 @ptr_4 [SL:LOCATION @ptr_5 SL:LOCATION] [SL:DATE_TIME @ptr_6 @ptr_7 @ptr_8 @ptr_9 @ptr_10 SL:DATE_TIME] IN:GET_WEATHER]
weather 17 july	weather Ġ17 Ġj uly	[IN:GET_WEATHER @ptr_0 [SL:DATE_TIME @ptr_1 @ptr_2 @ptr_3 SL:DATE_TIME] IN:GET_WEATHER]
does London have any sun today	does ĠLondon Ġhave Ġany Ġsun Ġtoday	[IN:GET_WEATHER @ptr_0 [SL:LOCATION @ptr_1 SL:LOCATION] @ptr_2 @ptr_3 @ptr_4 [SL:DATE_TIME @ptr_5 SL:DATE_TIME] IN:GET_WEATHER]
please tell me today 's weather	please Ġtell Ġme Ġtoday Ġ' s Ġweather	[IN:GET_WEATHER @ptr_0 @ptr_1 @ptr_2 [SL:DATE_TIME @ptr_3 SL:DATE_TIME] @ptr_4 @ptr_5 @ptr_6 IN:GET_WEATHER]
Is it raining right now ?	Is Ġit Ġraining Ġright Ġnow Ġ?	[IN:GET_WEATHER @ptr_0 @ptr_1 [SL:WEATHER_ATTRIBUTE @ptr_2 SL:WEATHER_ATTRIBUTE] @ptr_3 @ptr_4 @ptr_5 IN:GET_WEATHER]
are any walking trails flooded	are Ġany Ġwalking Ġtrails Ġflooded	[IN:GET_WEATHER @ptr_0 @ptr_1 @ptr_2 @ptr_3 [SL:WEATHER_ATTRIBUTE @ptr_4 SL:WEATHER_ATTRIBUTE] IN:GET_WEATHER]
Is it sunny today ?	Is Ġit Ġsunny Ġtoday Ġ?	[IN:GET_WEATHER @ptr_0 @ptr_1 [SL:WEATHER_ATTRIBUTE @ptr_2 SL:WEATHER_ATTRIBUTE] [SL:DATE_TIME @ptr_3 SL:DATE_TIME] @ptr_4 IN:GET_WEATHER]
Is it going to be really cold out today ?	Is Ġit Ġgoing Ġto Ġbe Ġreally Ġcold Ġout Ġtoday Ġ?	[IN:GET_WEATHER @ptr_0 @ptr_1 @ptr_2 @ptr_3 @ptr_4 @ptr_5 [SL:WEATHER_ATTRIBUTE @ptr_6 SL:WEATHER_ATTRIBUTE] @ptr_7 [SL:DATE_TIME @ptr_8 SL:DATE_TIME] @ptr_9 IN:GET_WEATHER]
How hot is it right now ?	How Ġhot Ġis Ġit Ġright Ġnow Ġ?	[IN:GET_WEATHER @ptr_0 [SL:WEATHER_ATTRIBUTE @ptr_1 SL:WEATHER_ATTRIBUTE] @ptr_2 @ptr_3 @ptr_4 @ptr_5 @ptr_6 IN:GET_WEATHER]
is it snowing in Breckenridge Colorado ?	is Ġit Ġsnow ing Ġin ĠBre ck en ridge ĠColorado Ġ?	[IN:GET_WEATHER @ptr_0 @ptr_1 [SL:WEATHER_ATTRIBUTE @ptr_2 @ptr_3 SL:WEATHER_ATTRIBUTE] @ptr_4 [SL:LOCATION @ptr_5 @ptr_6 @ptr_7 @ptr_8 @ptr_9 SL:LOCATION] @ptr_10 IN:GET_WEATHER]
How much sun will we get tomorrow afternoon ?	How Ġmuch Ġsun Ġwill Ġwe Ġget Ġtomorrow Ġafternoon Ġ?	[IN:GET_WEATHER @ptr_0 @ptr_1 [SL:WEATHER_ATTRIBUTE @ptr_2 SL:WEATHER_ATTRIBUTE] @ptr_3 @ptr_4 @ptr_5 [SL:DATE_TIME @ptr_6 @ptr_7 SL:DATE_TIME] @ptr_8 IN:GET_WEATHER]
Is it above 15 in degrees F inside	Is Ġit Ġabove Ġ15 Ġin Ġdegrees ĠF Ġinside	[IN:GET_WEATHER @ptr_0 @ptr_1 [SL:WEATHER_ATTRIBUTE @ptr_2 SL:WEATHER_ATTRIBUTE] [SL:WEATHER_ATTRIBUTE @ptr_3 SL:WEATHER_ATTRIBUTE] @ptr_4 @ptr_5 [SL:WEATHER_TEMPERATURE_UNIT @ptr_6 SL:WEATHER_TEMPERATURE_UNIT] [SL:LOCATION @ptr_7 SL:LOCATION] IN:GET_WEATHER]
when is it going to snow	when Ġis Ġit Ġgoing Ġto Ġsnow	[IN:GET_WEATHER @ptr_0 @ptr_1 @ptr_2 @ptr_3 @ptr_4 [SL:WEATHER_ATTRIBUTE @ptr_5 SL:WEATHER_ATTRIBUTE] IN:GET_WEATHER]
what are clouds made of	what Ġare Ġclouds Ġmade Ġof	[IN:UNSUPPORTED_WEATHER @ptr_0 @ptr_1 [SL:WEATHER_ATTRIBUTE @ptr_2 SL:WEATHER_ATTRIBUTE] @ptr_3 @ptr_4 IN:UNSUPPORTED_WEATHER]
will it frost in the morning ?	will Ġit Ġfrost Ġin Ġthe Ġmorning Ġ?	[IN:GET_WEATHER @ptr_0 @ptr_1 [SL:WEATHER_ATTRIBUTE @ptr_2 SL:WEATHER_ATTRIBUTE] [SL:DATE_TIME @ptr_3 @ptr_4 @ptr_5 SL:DATE_TIME] @ptr_6 IN:GET_WEATHER]
How cold will it get tonight ?	How Ġcold Ġwill Ġit Ġget Ġtonight Ġ?	[IN:GET_WEATHER @ptr_0 [SL:WEATHER_ATTRIBUTE @ptr_1 SL:WEATHER_ATTRIBUTE] @ptr_2 @ptr_3 @ptr_4 [SL:DATE_TIME @ptr_5 SL:DATE_TIME] @ptr_6 IN:GET_WEATHER]
what category hurricane was Katrina	what Ġcategory Ġhurricane Ġwas ĠKatrina	[IN:UNSUPPORTED_WEATHER @ptr_0 @ptr_1 [SL:WEATHER_ATTRIBUTE @ptr_2 SL:WEATHER_ATTRIBUTE] @ptr_3 @ptr_4 IN:UNSUPPORTED_WEATHER]
What is the pollen count	What Ġis Ġthe Ġpollen Ġcount	[IN:UNSUPPORTED_WEATHER @ptr_0 @ptr_1 @ptr_2 [SL:WEATHER_ATTRIBUTE @ptr_3 @ptr_4 SL:WEATHER_ATTRIBUTE] IN:UNSUPPORTED_WEATHER]
How hot is it going to be today	How Ġhot Ġis Ġit Ġgoing Ġto Ġbe Ġtoday	[IN:GET_WEATHER @ptr_0 [SL:WEATHER_ATTRIBUTE @ptr_1 SL:WEATHER_ATTRIBUTE] @ptr_2 @ptr_3 @ptr_4 @ptr_5 @ptr_6 [SL:DATE_TIME @ptr_7 SL:DATE_TIME] IN:GET_WEATHER]
Do I need to take an umbrella if I go to church this morning	Do ĠI Ġneed Ġto Ġtake Ġan Ġumbrella Ġif ĠI Ġgo Ġto Ġchurch Ġthis Ġmorning	[IN:GET_WEATHER @ptr_0 @ptr_1 @ptr_2 @ptr_3 @ptr_4 @ptr_5 [SL:WEATHER_ATTRIBUTE @ptr_6 SL:WEATHER_ATTRIBUTE] @ptr_7 @ptr_8 @ptr_9 @ptr_10 @ptr_11 [SL:DATE_TIME @ptr_12 @ptr_13 SL:DATE_TIME] IN:GET_WEATHER]
Am I okay to go out in shorts and sandals ?	Am ĠI Ġokay Ġto Ġgo Ġout Ġin Ġshorts Ġand Ġsand als Ġ?	[IN:GET_WEATHER @ptr_0 @ptr_1 @ptr_2 @ptr_3 @ptr_4 [SL:LOCATION @ptr_5 SL:LOCATION] @ptr_6 [SL:WEATHER_ATTRIBUTE @ptr_7 SL:WEATHER_ATTRIBUTE] @ptr_8 [SL:WEATHER_ATTRIBUTE @ptr_9 @ptr_10 SL:WEATHER_ATTRIBUTE] @ptr_11 IN:GET_WEATHER]
What time will it storm today ?	What Ġtime Ġwill Ġit Ġstorm Ġtoday Ġ?	[IN:GET_WEATHER @ptr_0 @ptr_1 @ptr_2 @ptr_3 [SL:WEATHER_ATTRIBUTE @ptr_4 SL:WEATHER_ATTRIBUTE] [SL:DATE_TIME @ptr_5 SL:DATE_TIME] @ptr_6 IN:GET_WEATHER]
Is rain expected over the next 4 days ?	Is Ġrain Ġexpected Ġover Ġthe Ġnext Ġ4 Ġdays Ġ?	[IN:GET_WEATHER @ptr_0 [SL:WEATHER_ATTRIBUTE @ptr_1 SL:WEATHER_ATTRIBUTE] @ptr_2 [SL:DATE_TIME @ptr_3 @ptr_4 @ptr_5 @ptr_6 @ptr_7 SL:DATE_TIME] @ptr_8 IN:GET_WEATHER]
What time is it going to rain ?	What Ġtime Ġis Ġit Ġgoing Ġto Ġrain Ġ?	[IN:GET_WEATHER @ptr_0 @ptr_1 @ptr_2 @ptr_3 @ptr_4 @ptr_5 [SL:WEATHER_ATTRIBUTE @ptr_6 SL:WEATHER_ATTRIBUTE] @ptr_7 IN:GET_WEATHER]
do i need umbrella today ?	do Ġi Ġneed Ġumbrella Ġtoday Ġ?	[IN:GET_WEATHER @ptr_0 @ptr_1 @ptr_2 [SL:WEATHER_ATTRIBUTE @ptr_3 SL:WEATHER_ATTRIBUTE] [SL:DATE_TIME @ptr_4 SL:DATE_TIME] @ptr_5 IN:GET_WEATHER]
how many inches of snow is forecast ?	how Ġmany Ġinches Ġof Ġsnow Ġis Ġforecast Ġ?	[IN:GET_WEATHER @ptr_0 @ptr_1 @ptr_2 @ptr_3 [SL:WEATHER_ATTRIBUTE @ptr_4 SL:WEATHER_ATTRIBUTE] @ptr_5 @ptr_6 @ptr_7 IN:GET_WEATHER]
should I use sunscreen today ?	should ĠI Ġuse Ġsunscreen Ġtoday Ġ?	[IN:GET_WEATHER @ptr_0 @ptr_1 @ptr_2 [SL:WEATHER_ATTRIBUTE @ptr_3 SL:WEATHER_ATTRIBUTE] [SL:DATE_TIME @ptr_4 SL:DATE_TIME] @ptr_5 IN:GET_WEATHER]
How hot is it today	How Ġhot Ġis Ġit Ġtoday	[IN:GET_WEATHER @ptr_0 [SL:WEATHER_ATTRIBUTE @ptr_1 SL:WEATHER_ATTRIBUTE] @ptr_2 @ptr_3 [SL:DATE_TIME @ptr_4 SL:DATE_TIME] IN:GET_WEATHER]
Is it below 64 in degree C around London this weekend	Is Ġit Ġbelow Ġ64 Ġin Ġdegree ĠC Ġaround ĠLondon Ġthis Ġweekend	[IN:GET_WEATHER @ptr_0 @ptr_1 [SL:WEATHER_ATTRIBUTE @ptr_2 SL:WEATHER_ATTRIBUTE] [SL:WEATHER_ATTRIBUTE @ptr_3 SL:WEATHER_ATTRIBUTE] @ptr_4 @ptr_5 [SL:WEATHER_TEMPERATURE_UNIT @ptr_6 SL:WEATHER_TEMPERATURE_UNIT] @ptr_7 [SL:LOCATION @ptr_8 SL:LOCATION] [SL:DATE_TIME @ptr_9 @ptr_10 SL:DATE_TIME] IN:GET_WEATHER]
Is it going to be around 100 in degrees celsius near Manila tomorrow morning	Is Ġit Ġgoing Ġto Ġbe Ġaround Ġ100 Ġin Ġdegrees Ġc elsius Ġnear ĠManila Ġtomorrow Ġmorning	[IN:GET_WEATHER @ptr_0 @ptr_1 @ptr_2 @ptr_3 @ptr_4 [SL:WEATHER_ATTRIBUTE @ptr_5 SL:WEATHER_ATTRIBUTE] [SL:WEATHER_ATTRIBUTE @ptr_6 SL:WEATHER_ATTRIBUTE] @ptr_7 @ptr_8 [SL:WEATHER_TEMPERATURE_UNIT @ptr_9 @ptr_10 SL:WEATHER_TEMPERATURE_UNIT] @ptr_11 [SL:LOCATION @ptr_12 SL:LOCATION] [SL:DATE_TIME @ptr_13 @ptr_14 SL:DATE_TIME] IN:GET_WEATHER]
What will the weather be like in Philadelphia next week ?	What Ġwill Ġthe Ġweather Ġbe Ġlike Ġin ĠPhiladelphia Ġnext Ġweek Ġ?	[IN:GET_WEATHER @ptr_0 @ptr_1 @ptr_2 @ptr_3 @ptr_4 @ptr_5 @ptr_6 [SL:LOCATION @ptr_7 SL:LOCATION] [SL:DATE_TIME @ptr_8 @ptr_9 SL:DATE_TIME] @ptr_10 IN:GET_WEATHER]
What is the weather in Serbia	What Ġis Ġthe Ġweather Ġin ĠSerbia	[IN:GET_WEATHER @ptr_0 @ptr_1 @ptr_2 @ptr_3 @ptr_4 [SL:LOCATION @ptr_5 SL:LOCATION] IN:GET_WEATHER]
Is it around 40 degree f in Dublin tomorrow	Is Ġit Ġaround Ġ40 Ġdegree Ġf Ġin ĠDublin Ġtomorrow	[IN:GET_WEATHER @ptr_0 @ptr_1 [SL:WEATHER_ATTRIBUTE @ptr_2 SL:WEATHER_ATTRIBUTE] [SL:WEATHER_ATTRIBUTE @ptr_3 SL:WEATHER_ATTRIBUTE] @ptr_4 [SL:WEATHER_TEMPERATURE_UNIT @ptr_5 SL:WEATHER_TEMPERATURE_UNIT] @ptr_6 [SL:LOCATION @ptr_7 SL:LOCATION] [SL:DATE_TIME @ptr_8 SL:DATE_TIME] IN:GET_WEATHER]
what temp will is be in washington dc this week	what Ġtemp Ġwill Ġis Ġbe Ġin Ġwashing ton Ġdc Ġthis Ġweek	[IN:GET_WEATHER @ptr_0 @ptr_1 @ptr_2 @ptr_3 @ptr_4 @ptr_5 [SL:LOCATION @ptr_6 @ptr_7 @ptr_8 SL:LOCATION] [SL:DATE_TIME @ptr_9 @ptr_10 SL:DATE_TIME] IN:GET_WEATHER]
How much rain will North Branch have today	How Ġmuch Ġrain Ġwill ĠNorth ĠBranch Ġhave Ġtoday	[IN:GET_WEATHER @ptr_0 @ptr_1 [SL:WEATHER_ATTRIBUTE @ptr_2 SL:WEATHER_ATTRIBUTE] @ptr_3 [SL:LOCATION @ptr_4 @ptr_5 SL:LOCATION] @ptr_6 [SL:DATE_TIME @ptr_7 SL:DATE_TIME] IN:GET_WEATHER]
Temperature sao paulo today Celcius	Temperature Ġsa o Ġp aul o Ġtoday ĠCel cius	[IN:GET_WEATHER @ptr_0 [SL:LOCATION @ptr_1 @ptr_2 @ptr_3 @ptr_4 @ptr_5 SL:LOCATION] [SL:DATE_TIME @ptr_6 SL:DATE_TIME] [SL:WEATHER_TEMPERATURE_UNIT @ptr_7 @ptr_8 SL:WEATHER_TEMPERATURE_UNIT] IN:GET_WEATHER]
Are there any weather alerts in my area	Are Ġthere Ġany Ġweather Ġalerts Ġin Ġmy Ġarea	[IN:GET_WEATHER @ptr_0 @ptr_1 @ptr_2 @ptr_3 @ptr_4 @ptr_5 [SL:LOCATION @ptr_6 @ptr_7 SL:LOCATION] IN:GET_WEATHER]
How many inches of snow is Chicago getting on Wednesday ?	How Ġmany Ġinches Ġof Ġsnow Ġis ĠChicago Ġgetting Ġon ĠWednesday Ġ?	[IN:GET_WEATHER @ptr_0 @ptr_1 @ptr_2 @ptr_3 [SL:WEATHER_ATTRIBUTE @ptr_4 SL:WEATHER_ATTRIBUTE] @ptr_5 [SL:LOCATION @ptr_6 SL:LOCATION] @ptr_7 [SL:DATE_TIME @ptr_8 @ptr_9 SL:DATE_TIME] @ptr_10 IN:GET_WEATHER]
will it rain in florida today	will Ġit Ġrain Ġin Ġfl or ida Ġtoday	[IN:GET_WEATHER @ptr_0 @ptr_1 [SL:WEATHER_ATTRIBUTE @ptr_2 SL:WEATHER_ATTRIBUTE] @ptr_3 [SL:LOCATION @ptr_4 @ptr_5 @ptr_6 SL:LOCATION] [SL:DATE_TIME @ptr_7 SL:DATE_TIME] IN:GET_WEATHER]
How warm is it tonight mumbai in degree C	How Ġwarm Ġis Ġit Ġtonight Ġm umbai Ġin Ġdegree ĠC	[IN:GET_WEATHER @ptr_0 [SL:WEATHER_ATTRIBUTE @ptr_1 SL:WEATHER_ATTRIBUTE] @ptr_2 @ptr_3 [SL:DATE_TIME @ptr_4 SL:DATE_TIME] [SL:LOCATION @ptr_5 @ptr_6 SL:LOCATION] @ptr_7 @ptr_8 [SL:WEATHER_TEMPERATURE_UNIT @ptr_9 SL:WEATHER_TEMPERATURE_UNIT] IN:GET_WEATHER]
Is it raining in Perth ?	Is Ġit Ġraining Ġin ĠPerth Ġ?	[IN:GET_WEATHER @ptr_0 @ptr_1 [SL:WEATHER_ATTRIBUTE @ptr_2 SL:WEATHER_ATTRIBUTE] @ptr_3 [SL:LOCATION @ptr_4 SL:LOCATION] @ptr_5 IN:GET_WEATHER]
what is record high for orlando on this date	what Ġis Ġrecord Ġhigh Ġfor Ġor lando Ġon Ġthis Ġdate	[IN:UNSUPPORTED_WEATHER @ptr_0 @ptr_1 @ptr_2 @ptr_3 @ptr_4 [SL:LOCATION @ptr_5 @ptr_6 SL:LOCATION] @ptr_7 @ptr_8 @ptr_9 IN:UNSUPPORTED_WEATHER]
Is it cold in Georgia today ?	Is Ġit Ġcold Ġin ĠGeorgia Ġtoday Ġ?	[IN:GET_WEATHER @ptr_0 @ptr_1 [SL:WEATHER_ATTRIBUTE @ptr_2 SL:WEATHER_ATTRIBUTE] @ptr_3 [SL:LOCATION @ptr_4 SL:LOCATION] [SL:DATE_TIME @ptr_5 SL:DATE_TIME] @ptr_6 IN:GET_WEATHER]
What is the weather going to be like for Boise next week ?	What Ġis Ġthe Ġweather Ġgoing Ġto Ġbe Ġlike Ġfor ĠBoise Ġnext Ġweek Ġ?	[IN:GET_WEATHER @ptr_0 @ptr_1 @ptr_2 @ptr_3 @ptr_4 @ptr_5 @ptr_6 @ptr_7 @ptr_8 [SL:LOCATION @ptr_9 SL:LOCATION] [SL:DATE_TIME @ptr_10 @ptr_11 SL:DATE_TIME] @ptr_12 IN:GET_WEATHER]
Please tell me the weather for Canada	Please Ġtell Ġme Ġthe Ġweather Ġfor ĠCanada	[IN:GET_WEATHER @ptr_0 @ptr_1 @ptr_2 @ptr_3 @ptr_4 @ptr_5 [SL:LOCATION @ptr_6 SL:LOCATION] IN:GET_WEATHER]
What 's the weather forecast for Seattle this weekend ?	What Ġ' s Ġthe Ġweather Ġforecast Ġfor ĠSeattle Ġthis Ġweekend Ġ?	[IN:GET_WEATHER @ptr_0 @ptr_1 @ptr_2 @ptr_3 @ptr_4 @ptr_5 @ptr_6 [SL:LOCATION @ptr_7 SL:LOCATION] [SL:DATE_TIME @ptr_8 @ptr_9 SL:DATE_TIME] @ptr_10 IN:GET_WEATHER]
Current weather in San Diego	Current Ġweather Ġin ĠSan ĠDiego	[IN:GET_WEATHER @ptr_0 @ptr_1 @ptr_2 [SL:LOCATION @ptr_3 @ptr_4 SL:LOCATION] IN:GET_WEATHER]
Tell me the weather forecast for next week in western Ukraine	Tell Ġme Ġthe Ġweather Ġforecast Ġfor Ġnext Ġweek Ġin Ġwestern ĠUkraine	[IN:GET_WEATHER @ptr_0 @ptr_1 @ptr_2 @ptr_3 @ptr_4 [SL:DATE_TIME @ptr_5 @ptr_6 @ptr_7 SL:DATE_TIME] @ptr_8 [SL:LOCATION @ptr_9 @ptr_10 SL:LOCATION] IN:GET_WEATHER]
How 's the weather in Victoria ?	How Ġ' s Ġthe Ġweather Ġin ĠVictoria Ġ?	[IN:GET_WEATHER @ptr_0 @ptr_1 @ptr_2 @ptr_3 @ptr_4 @ptr_5 [SL:LOCATION @ptr_6 SL:LOCATION] @ptr_7 IN:GET_WEATHER]
whats the weather like in paris next week	wh ats Ġthe Ġweather Ġlike Ġin Ġpar is Ġnext Ġweek	[IN:GET_WEATHER @ptr_0 @ptr_1 @ptr_2 @ptr_3 @ptr_4 @ptr_5 [SL:LOCATION @ptr_6 @ptr_7 SL:LOCATION] [SL:DATE_TIME @ptr_8 @ptr_9 SL:DATE_TIME] IN:GET_WEATHER]
What 's the weather looking like for the Algarve next week ?	What Ġ' s Ġthe Ġweather Ġlooking Ġlike Ġfor Ġthe ĠAl gar ve Ġnext Ġweek Ġ?	[IN:GET_WEATHER @ptr_0 @ptr_1 @ptr_2 @ptr_3 @ptr_4 @ptr_5 @ptr_6 @ptr_7 @ptr_8 [SL:LOCATION @ptr_9 @ptr_10 @ptr_11 SL:LOCATION] [SL:DATE_TIME @ptr_12 @ptr_13 SL:DATE_TIME] @ptr_14 IN:GET_WEATHER]
what 's the temperature today in Raleigh ?	what Ġ' s Ġthe Ġtemperature Ġtoday Ġin ĠRaleigh Ġ?	[IN:GET_WEATHER @ptr_0 @ptr_1 @ptr_2 @ptr_3 @ptr_4 [SL:DATE_TIME @ptr_5 SL:DATE_TIME] @ptr_6 [SL:LOCATION @ptr_7 SL:LOCATION] @ptr_8 IN:GET_WEATHER]
Temperature shanghai today C	Temperature Ġsh an ghai Ġtoday ĠC	[IN:GET_WEATHER @ptr_0 [SL:LOCATION @ptr_1 @ptr_2 @ptr_3 SL:LOCATION] [SL:DATE_TIME @ptr_4 SL:DATE_TIME] [SL:WEATHER_TEMPERATURE_UNIT @ptr_5 SL:WEATHER_TEMPERATURE_UNIT] IN:GET_WEATHER]
How cold is it tonight at Madrid in degree fahrenheit	How Ġcold Ġis Ġit Ġtonight Ġat ĠMadrid Ġin Ġdegree Ġf ah renheit	[IN:GET_WEATHER @ptr_0 [SL:WEATHER_ATTRIBUTE @ptr_1 SL:WEATHER_ATTRIBUTE] @ptr_2 @ptr_3 [SL:DATE_TIME @ptr_4 SL:DATE_TIME] @ptr_5 [SL:LOCATION @ptr_6 SL:LOCATION] @ptr_7 @ptr_8 [SL:WEATHER_TEMPERATURE_UNIT @ptr_9 @ptr_10 @ptr_11 SL:WEATHER_TEMPERATURE_UNIT] IN:GET_WEATHER]
what time is sunset	what Ġtime Ġis Ġsunset	[IN:GET_SUNSET @ptr_0 @ptr_1 @ptr_2 @ptr_3 IN:GET_SUNSET]
When does the sun set this afternoon	When Ġdoes Ġthe Ġsun Ġset Ġthis Ġafternoon	[IN:GET_SUNSET @ptr_0 @ptr_1 @ptr_2 @ptr_3 @ptr_4 [SL:DATE_TIME @ptr_5 @ptr_6 SL:DATE_TIME] IN:GET_SUNSET]
when does it start getting dark out	when Ġdoes Ġit Ġstart Ġgetting Ġdark Ġout	[IN:GET_SUNSET @ptr_0 @ptr_1 @ptr_2 @ptr_3 @ptr_4 @ptr_5 @ptr_6 IN:GET_SUNSET]
what time does it start getting dark out	what Ġtime Ġdoes Ġit Ġstart Ġgetting Ġdark Ġout	[IN:GET_SUNSET @ptr_0 @ptr_1 @ptr_2 @ptr_3 @ptr_4 @ptr_5 @ptr_6 @ptr_7 IN:GET_SUNSET]
What time is the sunset today ?	What Ġtime Ġis Ġthe Ġsunset Ġtoday Ġ?	[IN:GET_SUNSET @ptr_0 @ptr_1 @ptr_2 @ptr_3 @ptr_4 [SL:DATE_TIME @ptr_5 SL:DATE_TIME] @ptr_6 IN:GET_SUNSET]
what time will the sun set in august	what Ġtime Ġwill Ġthe Ġsun Ġset Ġin Ġaug ust	[IN:GET_SUNSET @ptr_0 @ptr_1 @ptr_2 @ptr_3 @ptr_4 @ptr_5 [SL:DATE_TIME @ptr_6 @ptr_7 @ptr_8 SL:DATE_TIME] IN:GET_SUNSET]
What time does the sun set in Houston today	What Ġtime Ġdoes Ġthe Ġsun Ġset Ġin ĠHouston Ġtoday	[IN:GET_SUNSET @ptr_0 @ptr_1 @ptr_2 @ptr_3 @ptr_4 @ptr_5 @ptr_6 [SL:LOCATION @ptr_7 SL:LOCATION] [SL:DATE_TIME @ptr_8 SL:DATE_TIME] IN:GET_SUNSET]
what time is sunset	what Ġtime Ġis Ġsunset	[IN:GET_SUNSET @ptr_0 @ptr_1 @ptr_2 @ptr_3 IN:GET_SUNSET]
What time is the sunset today	What Ġtime Ġis Ġthe Ġsunset Ġtoday	[IN:GET_SUNSET @ptr_0 @ptr_1 @ptr_2 @ptr_3 @ptr_4 [SL:DATE_TIME @ptr_5 SL:DATE_TIME] IN:GET_SUNSET]
what time is the sunset in Miami	what Ġtime Ġis Ġthe Ġsunset Ġin ĠMiami	[IN:GET_SUNSET @ptr_0 @ptr_1 @ptr_2 @ptr_3 @ptr_4 @ptr_5 [SL:LOCATION @ptr_6 SL:LOCATION] IN:GET_SUNSET]
what time is tomorrows sunset	what Ġtime Ġis Ġto mor rows Ġsunset	[IN:GET_SUNSET @ptr_0 @ptr_1 @ptr_2 [SL:DATE_TIME @ptr_3 @ptr_4 @ptr_5 SL:DATE_TIME] @ptr_6 IN:GET_SUNSET]
when is sunset today ?	when Ġis Ġsunset Ġtoday Ġ?	[IN:GET_SUNSET @ptr_0 @ptr_1 @ptr_2 [SL:DATE_TIME @ptr_3 SL:DATE_TIME] @ptr_4 IN:GET_SUNSET]
When does the sunset	When Ġdoes Ġthe Ġsunset	[IN:GET_SUNSET @ptr_0 @ptr_1 @ptr_2 @ptr_3 IN:GET_SUNSET]
What time does the sunset next Monday	What Ġtime Ġdoes Ġthe Ġsunset Ġnext ĠMonday	[IN:GET_SUNSET @ptr_0 @ptr_1 @ptr_2 @ptr_3 @ptr_4 [SL:DATE_TIME @ptr_5 @ptr_6 SL:DATE_TIME] IN:GET_SUNSET]
Do you know when sundown is tonight ?	Do Ġyou Ġknow Ġwhen Ġsund own Ġis Ġtonight Ġ?	[IN:GET_SUNSET @ptr_0 @ptr_1 @ptr_2 @ptr_3 @ptr_4 @ptr_5 @ptr_6 [SL:DATE_TIME @ptr_7 SL:DATE_TIME] @ptr_8 IN:GET_SUNSET]
how long until the sun sets	how Ġlong Ġuntil Ġthe Ġsun Ġsets	[IN:GET_SUNSET @ptr_0 @ptr_1 @ptr_2 @ptr_3 @ptr_4 @ptr_5 IN:GET_SUNSET]
what time does the sun set in Cape Cod	what Ġtime Ġdoes Ġthe Ġsun Ġset Ġin ĠCape ĠCod	[IN:GET_SUNSET @ptr_0 @ptr_1 @ptr_2 @ptr_3 @ptr_4 @ptr_5 @ptr_6 [SL:LOCATION @ptr_7 @ptr_8 SL:LOCATION] IN:GET_SUNSET]
Tell me what time sundown happens .	Tell Ġme Ġwhat Ġtime Ġsund own Ġhappens Ġ.	[IN:GET_SUNSET @ptr_0 @ptr_1 @ptr_2 @ptr_3 @ptr_4 @ptr_5 @ptr_6 @ptr_7 IN:GET_SUNSET]
What time does the sun set today	What Ġtime Ġdoes Ġthe Ġsun Ġset Ġtoday	[IN:GET_SUNSET @ptr_0 @ptr_1 @ptr_2 @ptr_3 @ptr_4 @ptr_5 [SL:DATE_TIME @ptr_6 SL:DATE_TIME] IN:GET_SUNSET]
What 's the exact time of sundown ?	What Ġ' s Ġthe Ġexact Ġtime Ġof Ġsund own Ġ?	[IN:GET_SUNSET @ptr_0 @ptr_1 @ptr_2 @ptr_3 @ptr_4 @ptr_5 @ptr_6 @ptr_7 @ptr_8 @ptr_9 IN:GET_SUNSET]
what time is sunset in New York	what Ġtime Ġis Ġsunset Ġin ĠNew ĠYork	[IN:GET_SUNSET @ptr_0 @ptr_1 @ptr_2 @ptr_3 @ptr_4 [SL:LOCATION @ptr_5 @ptr_6 SL:LOCATION] IN:GET_SUNSET]
When does the sunset	When Ġdoes Ġthe Ġsunset	[IN:GET_SUNSET @ptr_0 @ptr_1 @ptr_2 @ptr_3 IN:GET_SUNSET]
When 's sunset in LA	When Ġ' s Ġsunset Ġin ĠLA	[IN:GET_SUNSET @ptr_0 @ptr_1 @ptr_2 @ptr_3 @ptr_4 [SL:LOCATION @ptr_5 SL:LOCATION] IN:GET_SUNSET]
What time is the sunset today	What Ġtime Ġis Ġthe Ġsunset Ġtoday	[IN:GET_SUNSET @ptr_0 @ptr_1 @ptr_2 @ptr_3 @ptr_4 [SL:DATE_TIME @ptr_5 SL:DATE_TIME] IN:GET_SUNSET]
When is the sunset tonight in Truckee ?	When Ġis Ġthe Ġsunset Ġtonight Ġin ĠTru c kee Ġ?	[IN:GET_SUNSET @ptr_0 @ptr_1 @ptr_2 @ptr_3 [SL:DATE_TIME @ptr_4 SL:DATE_TIME] @ptr_5 [SL:LOCATION @ptr_6 @ptr_7 @ptr_8 SL:LOCATION] @ptr_9 IN:GET_SUNSET]
What are the conditions like for skiing at Sugar Mountain resort	What Ġare Ġthe Ġconditions Ġlike Ġfor Ġskiing Ġat ĠSugar ĠMountain Ġresort	[IN:UNSUPPORTED_WEATHER @ptr_0 @ptr_1 @ptr_2 @ptr_3 @ptr_4 @ptr_5 @ptr_6 @ptr_7 @ptr_8 @ptr_9 @ptr_10 IN:UNSUPPORTED_WEATHER]
Is it hurricane season	Is Ġit Ġhurricane Ġseason	[IN:UNSUPPORTED_WEATHER @ptr_0 @ptr_1 [SL:WEATHER_ATTRIBUTE @ptr_2 SL:WEATHER_ATTRIBUTE] @ptr_3 IN:UNSUPPORTED_WEATHER]
How cold can it get in Arizona during winter time	How Ġcold Ġcan Ġit Ġget Ġin ĠArizona Ġduring Ġwinter Ġtime	[IN:UNSUPPORTED_WEATHER @ptr_0 [SL:WEATHER_ATTRIBUTE @ptr_1 SL:WEATHER_ATTRIBUTE] @ptr_2 @ptr_3 @ptr_4 @ptr_5 @ptr_6 [SL:DATE_TIME @ptr_7 @ptr_8 SL:DATE_TIME] @ptr_9 IN:UNSUPPORTED_WEATHER]
Where are the active tornado warnings	Where Ġare Ġthe Ġactive Ġtornado Ġwarnings	[IN:UNSUPPORTED_WEATHER @ptr_0 @ptr_1 @ptr_2 @ptr_3 @ptr_4 @ptr_5 IN:UNSUPPORTED_WEATHER]
What is the average rainfall for this month	What Ġis Ġthe Ġaverage Ġrainfall Ġfor Ġthis Ġmonth	[IN:UNSUPPORTED_WEATHER @ptr_0 @ptr_1 @ptr_2 @ptr_3 [SL:WEATHER_ATTRIBUTE @ptr_4 SL:WEATHER_ATTRIBUTE] [SL:DATE_TIME @ptr_5 @ptr_6 @ptr_7 SL:DATE_TIME] IN:UNSUPPORTED_WEATHER]
What year did Hurricaine Rita take place	What Ġyear Ġdid ĠHur ric aine ĠRita Ġtake Ġplace	[IN:UNSUPPORTED_WEATHER @ptr_0 @ptr_1 @ptr_2 @ptr_3 @ptr_4 @ptr_5 @ptr_6 @ptr_7 @ptr_8 IN:UNSUPPORTED_WEATHER]
What is the status of the tornado warning	What Ġis Ġthe Ġstatus Ġof Ġthe Ġtornado Ġwarning	[IN:UNSUPPORTED_WEATHER @ptr_0 @ptr_1 @ptr_2 @ptr_3 @ptr_4 @ptr_5 @ptr_6 @ptr_7 IN:UNSUPPORTED_WEATHER]
how many miles will it be out of the way	how Ġmany Ġmiles Ġwill Ġit Ġbe Ġout Ġof Ġthe Ġway	[IN:UNSUPPORTED_WEATHER @ptr_0 @ptr_1 @ptr_2 @ptr_3 @ptr_4 @ptr_5 [SL:LOCATION @ptr_6 SL:LOCATION] @ptr_7 @ptr_8 @ptr_9 IN:UNSUPPORTED_WEATHER]
What is the average temperature in San Diego during the winter	What Ġis Ġthe Ġaverage Ġtemperature Ġin ĠSan ĠDiego Ġduring Ġthe Ġwinter	[IN:UNSUPPORTED_WEATHER @ptr_0 @ptr_1 @ptr_2 @ptr_3 @ptr_4 @ptr_5 @ptr_6 @ptr_7 [SL:DATE_TIME @ptr_8 @ptr_9 @ptr_10 SL:DATE_TIME] IN:UNSUPPORTED_WEATHER]
tee or long sleeve	te e Ġor Ġlong Ġsleeve	[IN:UNSUPPORTED_WEATHER @ptr_0 @ptr_1 @ptr_2 @ptr_3 @ptr_4 IN:UNSUPPORTED_WEATHER]
Any hurricane stories	Any Ġhurricane Ġstories	[IN:UNSUPPORTED_WEATHER @ptr_0 [SL:WEATHER_ATTRIBUTE @ptr_1 SL:WEATHER_ATTRIBUTE] @ptr_2 IN:UNSUPPORTED_WEATHER]
How many sunny days has Rochester , NY had in 2017	How Ġmany Ġsunny Ġdays Ġhas ĠRochester Ġ, ĠNY Ġhad Ġin Ġ2017	[IN:UNSUPPORTED_WEATHER @ptr_0 @ptr_1 [SL:WEATHER_ATTRIBUTE @ptr_2 SL:WEATHER_ATTRIBUTE] @ptr_3 @ptr_4 @ptr_5 @ptr_6 @ptr_7 @ptr_8 @ptr_9 @ptr_10 IN:UNSUPPORTED_WEATHER]
What is the typical rain fall per year in Washington	What Ġis Ġthe Ġtypical Ġrain Ġfall Ġper Ġyear Ġin ĠWashington	[IN:UNSUPPORTED_WEATHER @ptr_0 @ptr_1 @ptr_2 @ptr_3 [SL:WEATHER_ATTRIBUTE @ptr_4 SL:WEATHER_ATTRIBUTE] @ptr_5 @ptr_6 @ptr_7 @ptr_8 [SL:LOCATION @ptr_9 SL:LOCATION] IN:UNSUPPORTED_WEATHER]
What was the hottest day of the year	What Ġwas Ġthe Ġhottest Ġday Ġof Ġthe Ġyear	[IN:UNSUPPORTED_WEATHER @ptr_0 @ptr_1 @ptr_2 [SL:WEATHER_ATTRIBUTE @ptr_3 SL:WEATHER_ATTRIBUTE] @ptr_4 @ptr_5 @ptr_6 @ptr_7 IN:UNSUPPORTED_WEATHER]
When does Typhoon season end in Japan	When Ġdoes ĠTyphoon Ġseason Ġend Ġin ĠJapan	[IN:UNSUPPORTED_WEATHER @ptr_0 @ptr_1 @ptr_2 @ptr_3 @ptr_4 @ptr_5 [SL:LOCATION @ptr_6 SL:LOCATION] IN:UNSUPPORTED_WEATHER]
Where did the tornado touch down in Johnson County	Where Ġdid Ġthe Ġtornado Ġtouch Ġdown Ġin ĠJohnson ĠCounty	[IN:UNSUPPORTED_WEATHER @ptr_0 @ptr_1 @ptr_2 [SL:WEATHER_ATTRIBUTE @ptr_3 SL:WEATHER_ATTRIBUTE] @ptr_4 @ptr_5 @ptr_6 @ptr_7 @ptr_8 IN:UNSUPPORTED_WEATHER]
What is the best season to visit Orlando	What Ġis Ġthe Ġbest Ġseason Ġto Ġvisit ĠOrlando	[IN:UNSUPPORTED_WEATHER @ptr_0 @ptr_1 @ptr_2 @ptr_3 @ptr_4 @ptr_5 @ptr_6 [SL:LOCATION @ptr_7 SL:LOCATION] IN:UNSUPPORTED_WEATHER]
what is the barometric pressure	what Ġis Ġthe Ġbar ometric Ġpressure	[IN:UNSUPPORTED_WEATHER @ptr_0 @ptr_1 @ptr_2 @ptr_3 @ptr_4 @ptr_5 IN:UNSUPPORTED_WEATHER]
How much rain have we gotten this year	How Ġmuch Ġrain Ġhave Ġwe Ġgotten Ġthis Ġyear	[IN:UNSUPPORTED_WEATHER @ptr_0 @ptr_1 [SL:WEATHER_ATTRIBUTE @ptr_2 SL:WEATHER_ATTRIBUTE] @ptr_3 @ptr_4 @ptr_5 [SL:DATE_TIME @ptr_6 @ptr_7 SL:DATE_TIME] IN:UNSUPPORTED_WEATHER]
what is record high for orlando on this date	what Ġis Ġrecord Ġhigh Ġfor Ġor lando Ġon Ġthis Ġdate	[IN:UNSUPPORTED_WEATHER @ptr_0 @ptr_1 @ptr_2 @ptr_3 @ptr_4 [SL:LOCATION @ptr_5 @ptr_6 SL:LOCATION] @ptr_7 @ptr_8 @ptr_9 IN:UNSUPPORTED_WEATHER]
how are the waves on the beach	how Ġare Ġthe Ġwaves Ġon Ġthe Ġbeach	[IN:UNSUPPORTED_WEATHER @ptr_0 @ptr_1 @ptr_2 @ptr_3 @ptr_4 @ptr_5 [SL:LOCATION @ptr_6 SL:LOCATION] IN:UNSUPPORTED_WEATHER]
what is the record high temp for my area	what Ġis Ġthe Ġrecord Ġhigh Ġtemp Ġfor Ġmy Ġarea	[IN:UNSUPPORTED_WEATHER @ptr_0 @ptr_1 @ptr_2 @ptr_3 @ptr_4 @ptr_5 @ptr_6 [SL:LOCATION @ptr_7 @ptr_8 SL:LOCATION] IN:UNSUPPORTED_WEATHER]
What is the hottest temperature on earth right now	What Ġis Ġthe Ġhottest Ġtemperature Ġon Ġearth Ġright Ġnow	[IN:UNSUPPORTED_WEATHER @ptr_0 @ptr_1 @ptr_2 [SL:WEATHER_ATTRIBUTE @ptr_3 SL:WEATHER_ATTRIBUTE] @ptr_4 @ptr_5 @ptr_6 @ptr_7 @ptr_8 IN:UNSUPPORTED_WEATHER]
when was the last time we got 4 in of snow	when Ġwas Ġthe Ġlast Ġtime Ġwe Ġgot Ġ4 Ġin Ġof Ġsnow	[IN:UNSUPPORTED_WEATHER @ptr_0 @ptr_1 @ptr_2 @ptr_3 @ptr_4 @ptr_5 @ptr_6 @ptr_7 @ptr_8 @ptr_9 [SL:WEATHER_ATTRIBUTE @ptr_10 SL:WEATHER_ATTRIBUTE] IN:UNSUPPORTED_WEATHER]
Is it going to be swimming weather ?	Is Ġit Ġgoing Ġto Ġbe Ġswimming Ġweather Ġ?	[IN:UNSUPPORTED_WEATHER @ptr_0 @ptr_1 @ptr_2 @ptr_3 @ptr_4 @ptr_5 @ptr_6 @ptr_7 IN:UNSUPPORTED_WEATHER]
Weather here 10th June	Weather Ġhere Ġ10 th ĠJune	[IN:GET_WEATHER @ptr_0 [SL:LOCATION [IN:GET_LOCATION [SL:LOCATION_USER @ptr_1 SL:LOCATION_USER] IN:GET_LOCATION] SL:LOCATION] [SL:DATE_TIME @ptr_2 @ptr_3 @ptr_4 SL:DATE_TIME] IN:GET_WEATHER]
what is the weather here ?	what Ġis Ġthe Ġweather Ġhere Ġ?	[IN:GET_WEATHER @ptr_0 @ptr_1 @ptr_2 @ptr_3 [SL:LOCATION [IN:GET_LOCATION [SL:LOCATION_USER @ptr_4 SL:LOCATION_USER] IN:GET_LOCATION] SL:LOCATION] @ptr_5 IN:GET_WEATHER]
radar for my region	rad ar Ġfor Ġmy Ġregion	[IN:GET_WEATHER @ptr_0 @ptr_1 @ptr_2 [SL:LOCATION [IN:GET_LOCATION [SL:LOCATION_USER @ptr_3 @ptr_4 SL:LOCATION_USER] IN:GET_LOCATION] SL:LOCATION] IN:GET_WEATHER]
what 's the radar look like in my area	what Ġ' s Ġthe Ġradar Ġlook Ġlike Ġin Ġmy Ġarea	[IN:GET_WEATHER @ptr_0 @ptr_1 @ptr_2 @ptr_3 @ptr_4 @ptr_5 @ptr_6 @ptr_7 [SL:LOCATION [IN:GET_LOCATION [SL:LOCATION_USER @ptr_8 @ptr_9 SL:LOCATION_USER] IN:GET_LOCATION] SL:LOCATION] IN:GET_WEATHER]
Pull up the radar for my current area	Pull Ġup Ġthe Ġradar Ġfor Ġmy Ġcurrent Ġarea	[IN:GET_WEATHER @ptr_0 @ptr_1 @ptr_2 @ptr_3 @ptr_4 [SL:LOCATION [IN:GET_LOCATION [SL:LOCATION_USER @ptr_5 @ptr_6 @ptr_7 SL:LOCATION_USER] IN:GET_LOCATION] SL:LOCATION] IN:GET_WEATHER]
what 's the local radar	what Ġ' s Ġthe Ġlocal Ġradar	[IN:GET_WEATHER @ptr_0 @ptr_1 @ptr_2 @ptr_3 [SL:LOCATION [IN:GET_LOCATION [SL:LOCATION_MODIFIER @ptr_4 SL:LOCATION_MODIFIER] IN:GET_LOCATION] SL:LOCATION] @ptr_5 IN:GET_WEATHER]
tell me local radar for today	tell Ġme Ġlocal Ġradar Ġfor Ġtoday	[IN:GET_WEATHER @ptr_0 @ptr_1 [SL:LOCATION [IN:GET_LOCATION [SL:LOCATION_MODIFIER @ptr_2 SL:LOCATION_MODIFIER] IN:GET_LOCATION] SL:LOCATION] @ptr_3 [SL:DATE_TIME @ptr_4 @ptr_5 SL:DATE_TIME] IN:GET_WEATHER]
Weather in current location	Weather Ġin Ġcurrent Ġlocation	[IN:GET_WEATHER @ptr_0 @ptr_1 [SL:LOCATION [IN:GET_LOCATION [SL:LOCATION_USER @ptr_2 @ptr_3 SL:LOCATION_USER] IN:GET_LOCATION] SL:LOCATION] IN:GET_WEATHER]
SHOW ME THE RADAR FOR MY AREA	SH OW ĠME ĠTHE ĠRAD AR ĠFOR ĠMY ĠARE A	[IN:GET_WEATHER @ptr_0 @ptr_1 @ptr_2 @ptr_3 @ptr_4 @ptr_5 @ptr_6 [SL:LOCATION [IN:GET_LOCATION [SL:LOCATION_USER @ptr_7 @ptr_8 @ptr_9 SL:LOCATION_USER] IN:GET_LOCATION] SL:LOCATION] IN:GET_WEATHER]
Can you guess the climate for next week here ?	Can Ġyou Ġguess Ġthe Ġclimate Ġfor Ġnext Ġweek Ġhere Ġ?	[IN:GET_WEATHER @ptr_0 @ptr_1 @ptr_2 @ptr_3 @ptr_4 [SL:DATE_TIME @ptr_5 @ptr_6 @ptr_7 SL:DATE_TIME] [SL:LOCATION [IN:GET_LOCATION [SL:LOCATION_USER @ptr_8 SL:LOCATION_USER] IN:GET_LOCATION] SL:LOCATION] @ptr_9 IN:GET_WEATHER]
what 's the local radar like tomorrow	what Ġ' s Ġthe Ġlocal Ġradar Ġlike Ġtomorrow	[IN:GET_WEATHER @ptr_0 @ptr_1 @ptr_2 @ptr_3 [SL:LOCATION [IN:GET_LOCATION [SL:LOCATION_MODIFIER @ptr_4 SL:LOCATION_MODIFIER] IN:GET_LOCATION] SL:LOCATION] @ptr_5 @ptr_6 [SL:DATE_TIME @ptr_7 SL:DATE_TIME] IN:GET_WEATHER]
tell me the local radar for tomorrow	tell Ġme Ġthe Ġlocal Ġradar Ġfor Ġtomorrow	[IN:GET_WEATHER @ptr_0 @ptr_1 @ptr_2 [SL:LOCATION [IN:GET_LOCATION [SL:LOCATION_MODIFIER @ptr_3 SL:LOCATION_MODIFIER] IN:GET_LOCATION] SL:LOCATION] @ptr_4 [SL:DATE_TIME @ptr_5 @ptr_6 SL:DATE_TIME] IN:GET_WEATHER]
What time does the sun set this time of year in my city	What Ġtime Ġdoes Ġthe Ġsun Ġset Ġthis Ġtime Ġof Ġyear Ġin Ġmy Ġcity	[IN:GET_SUNSET @ptr_0 @ptr_1 @ptr_2 @ptr_3 @ptr_4 @ptr_5 @ptr_6 @ptr_7 @ptr_8 @ptr_9 @ptr_10 [SL:LOCATION [IN:GET_LOCATION [SL:LOCATION_USER @ptr_11 @ptr_12 SL:LOCATION_USER] IN:GET_LOCATION] SL:LOCATION] IN:GET_SUNSET]
tell me local radar	tell Ġme Ġlocal Ġradar	[IN:GET_WEATHER @ptr_0 @ptr_1 [SL:LOCATION [IN:GET_LOCATION [SL:LOCATION_MODIFIER @ptr_2 SL:LOCATION_MODIFIER] IN:GET_LOCATION] SL:LOCATION] @ptr_3 IN:GET_WEATHER]
gimmie that local radar readout	g imm ie Ġthat Ġlocal Ġradar Ġread out	[IN:GET_WEATHER @ptr_0 @ptr_1 @ptr_2 @ptr_3 [SL:LOCATION [IN:GET_LOCATION [SL:LOCATION_MODIFIER @ptr_4 SL:LOCATION_MODIFIER] IN:GET_LOCATION] SL:LOCATION] @ptr_5 @ptr_6 @ptr_7 IN:GET_WEATHER]
What time is dusk in my town	What Ġtime Ġis Ġdusk Ġin Ġmy Ġtown	[IN:GET_SUNSET @ptr_0 @ptr_1 @ptr_2 @ptr_3 @ptr_4 [SL:LOCATION [IN:GET_LOCATION [SL:LOCATION_USER @ptr_5 @ptr_6 SL:LOCATION_USER] IN:GET_LOCATION] SL:LOCATION] IN:GET_SUNSET]
can you tell me the local radar prediction	can Ġyou Ġtell Ġme Ġthe Ġlocal Ġradar Ġprediction	[IN:GET_WEATHER @ptr_0 @ptr_1 @ptr_2 @ptr_3 @ptr_4 [SL:LOCATION [IN:GET_LOCATION [SL:LOCATION_MODIFIER @ptr_5 SL:LOCATION_MODIFIER] IN:GET_LOCATION] SL:LOCATION] @ptr_6 @ptr_7 IN:GET_WEATHER]
whats the weather radar look like near me	wh ats Ġthe Ġweather Ġradar Ġlook Ġlike Ġnear Ġme	[IN:GET_WEATHER @ptr_0 @ptr_1 @ptr_2 @ptr_3 @ptr_4 @ptr_5 @ptr_6 [SL:LOCATION [IN:GET_LOCATION [SL:SEARCH_RADIUS @ptr_7 SL:SEARCH_RADIUS] [SL:LOCATION_USER @ptr_8 SL:LOCATION_USER] IN:GET_LOCATION] SL:LOCATION] IN:GET_WEATHER]
what is the local radar forecast	what Ġis Ġthe Ġlocal Ġradar Ġforecast	[IN:GET_WEATHER @ptr_0 @ptr_1 @ptr_2 [SL:LOCATION [IN:GET_LOCATION [SL:LOCATION_MODIFIER @ptr_3 SL:LOCATION_MODIFIER] IN:GET_LOCATION] SL:LOCATION] @ptr_4 @ptr_5 IN:GET_WEATHER]
I need the local radar	I Ġneed Ġthe Ġlocal Ġradar	[IN:GET_WEATHER @ptr_0 @ptr_1 @ptr_2 [SL:LOCATION [IN:GET_LOCATION [SL:LOCATION_MODIFIER @ptr_3 SL:LOCATION_MODIFIER] IN:GET_LOCATION] SL:LOCATION] @ptr_4 IN:GET_WEATHER]
show me weather radar in my area	show Ġme Ġweather Ġradar Ġin Ġmy Ġarea	[IN:GET_WEATHER @ptr_0 @ptr_1 @ptr_2 @ptr_3 @ptr_4 [SL:LOCATION [IN:GET_LOCATION [SL:LOCATION_USER @ptr_5 @ptr_6 SL:LOCATION_USER] IN:GET_LOCATION] SL:LOCATION] IN:GET_WEATHER]
Can you guess the climate for next week here ?	Can Ġyou Ġguess Ġthe Ġclimate Ġfor Ġnext Ġweek Ġhere Ġ?	[IN:GET_WEATHER @ptr_0 @ptr_1 @ptr_2 @ptr_3 @ptr_4 [SL:DATE_TIME @ptr_5 @ptr_6 @ptr_7 SL:DATE_TIME] [SL:LOCATION [IN:GET_LOCATION [SL:LOCATION_USER @ptr_8 SL:LOCATION_USER] IN:GET_LOCATION] SL:LOCATION] @ptr_9 IN:GET_WEATHER]
SHOW ME THE RADAR FOR MY AREA	SH OW ĠME ĠTHE ĠRAD AR ĠFOR ĠMY ĠARE A	[IN:GET_WEATHER @ptr_0 @ptr_1 @ptr_2 @ptr_3 @ptr_4 @ptr_5 @ptr_6 [SL:LOCATION [IN:GET_LOCATION [SL:LOCATION_USER @ptr_7 @ptr_8 @ptr_9 SL:LOCATION_USER] IN:GET_LOCATION] SL:LOCATION] IN:GET_WEATHER]
radar for my region	rad ar Ġfor Ġmy Ġregion	[IN:GET_WEATHER @ptr_0 @ptr_1 @ptr_2 [SL:LOCATION [IN:GET_LOCATION [SL:LOCATION_USER @ptr_3 @ptr_4 SL:LOCATION_USER] IN:GET_LOCATION] SL:LOCATION] IN:GET_WEATHER]
whats the weather radar look like near me	wh ats Ġthe Ġweather Ġradar Ġlook Ġlike Ġnear Ġme	[IN:GET_WEATHER @ptr_0 @ptr_1 @ptr_2 @ptr_3 @ptr_4 @ptr_5 @ptr_6 [SL:LOCATION [IN:GET_LOCATION [SL:SEARCH_RADIUS @ptr_7 SL:SEARCH_RADIUS] [SL:LOCATION_USER @ptr_8 SL:LOCATION_USER] IN:GET_LOCATION] SL:LOCATION] IN:GET_WEATHER]
Pull up the radar for my current area	Pull Ġup Ġthe Ġradar Ġfor Ġmy Ġcurrent Ġarea	[IN:GET_WEATHER @ptr_0 @ptr_1 @ptr_2 @ptr_3 @ptr_4 [SL:LOCATION [IN:GET_LOCATION [SL:LOCATION_USER @ptr_5 @ptr_6 @ptr_7 SL:LOCATION_USER] IN:GET_LOCATION] SL:LOCATION] IN:GET_WEATHER]
show me weather radar in my area	show Ġme Ġweather Ġradar Ġin Ġmy Ġarea	[IN:GET_WEATHER @ptr_0 @ptr_1 @ptr_2 @ptr_3 @ptr_4 [SL:LOCATION [IN:GET_LOCATION [SL:LOCATION_USER @ptr_5 @ptr_6 SL:LOCATION_USER] IN:GET_LOCATION] SL:LOCATION] IN:GET_WEATHER]
what is the weather here ?	what Ġis Ġthe Ġweather Ġhere Ġ?	[IN:GET_WEATHER @ptr_0 @ptr_1 @ptr_2 @ptr_3 [SL:LOCATION [IN:GET_LOCATION [SL:LOCATION_USER @ptr_4 SL:LOCATION_USER] IN:GET_LOCATION] SL:LOCATION] @ptr_5 IN:GET_WEATHER]
Weather in current location	Weather Ġin Ġcurrent Ġlocation	[IN:GET_WEATHER @ptr_0 @ptr_1 [SL:LOCATION [IN:GET_LOCATION [SL:LOCATION_USER @ptr_2 @ptr_3 SL:LOCATION_USER] IN:GET_LOCATION] SL:LOCATION] IN:GET_WEATHER]
Weather here 10th June	Weather Ġhere Ġ10 th ĠJune	[IN:GET_WEATHER @ptr_0 [SL:LOCATION [IN:GET_LOCATION [SL:LOCATION_USER @ptr_1 SL:LOCATION_USER] IN:GET_LOCATION] SL:LOCATION] [SL:DATE_TIME @ptr_2 @ptr_3 @ptr_4 SL:DATE_TIME] IN:GET_WEATHER]
what 's the radar look like in my area	what Ġ' s Ġthe Ġradar Ġlook Ġlike Ġin Ġmy Ġarea	[IN:GET_WEATHER @ptr_0 @ptr_1 @ptr_2 @ptr_3 @ptr_4 @ptr_5 @ptr_6 @ptr_7 [SL:LOCATION [IN:GET_LOCATION [SL:LOCATION_USER @ptr_8 @ptr_9 SL:LOCATION_USER] IN:GET_LOCATION] SL:LOCATION] IN:GET_WEATHER]
What time is dusk in my town	What Ġtime Ġis Ġdusk Ġin Ġmy Ġtown	[IN:GET_SUNSET @ptr_0 @ptr_1 @ptr_2 @ptr_3 @ptr_4 [SL:LOCATION [IN:GET_LOCATION [SL:LOCATION_USER @ptr_5 @ptr_6 SL:LOCATION_USER] IN:GET_LOCATION] SL:LOCATION] IN:GET_SUNSET]
What time does the sun set this time of year in my city	What Ġtime Ġdoes Ġthe Ġsun Ġset Ġthis Ġtime Ġof Ġyear Ġin Ġmy Ġcity	[IN:GET_SUNSET @ptr_0 @ptr_1 @ptr_2 @ptr_3 @ptr_4 @ptr_5 @ptr_6 @ptr_7 @ptr_8 @ptr_9 @ptr_10 [SL:LOCATION [IN:GET_LOCATION [SL:LOCATION_USER @ptr_11 @ptr_12 SL:LOCATION_USER] IN:GET_LOCATION] SL:LOCATION] IN:GET_SUNSET]
What time does the sun rise in Boston , MA	What Ġtime Ġdoes Ġthe Ġsun Ġrise Ġin ĠBoston Ġ, ĠMA	[IN:GET_SUNRISE @ptr_0 @ptr_1 @ptr_2 @ptr_3 @ptr_4 @ptr_5 @ptr_6 [SL:LOCATION @ptr_7 SL:LOCATION] @ptr_8 @ptr_9 IN:GET_SUNRISE]
when is the sun rising	when Ġis Ġthe Ġsun Ġrising	[IN:GET_SUNRISE @ptr_0 @ptr_1 @ptr_2 @ptr_3 @ptr_4 IN:GET_SUNRISE]
What time is the sunrise ?	What Ġtime Ġis Ġthe Ġsunrise Ġ?	[IN:GET_SUNRISE @ptr_0 @ptr_1 @ptr_2 @ptr_3 @ptr_4 @ptr_5 IN:GET_SUNRISE]
when does the sun come out	when Ġdoes Ġthe Ġsun Ġcome Ġout	[IN:GET_SUNRISE @ptr_0 @ptr_1 @ptr_2 @ptr_3 @ptr_4 @ptr_5 IN:GET_SUNRISE]
When will we see the sun again ?	When Ġwill Ġwe Ġsee Ġthe Ġsun Ġagain Ġ?	[IN:GET_SUNRISE @ptr_0 @ptr_1 @ptr_2 @ptr_3 @ptr_4 @ptr_5 @ptr_6 @ptr_7 IN:GET_SUNRISE]
What time does the sun rise	What Ġtime Ġdoes Ġthe Ġsun Ġrise	[IN:GET_SUNRISE @ptr_0 @ptr_1 @ptr_2 @ptr_3 @ptr_4 @ptr_5 IN:GET_SUNRISE]
WHAT TIME IS SUNRISE TOMORROW	WHAT ĠTIME ĠIS ĠSUN R ISE ĠTOM OR R OW	[IN:GET_SUNRISE @ptr_0 @ptr_1 @ptr_2 @ptr_3 @ptr_4 @ptr_5 [SL:DATE_TIME @ptr_6 @ptr_7 @ptr_8 @ptr_9 SL:DATE_TIME] IN:GET_SUNRISE]
what time will the sunrise	what Ġtime Ġwill Ġthe Ġsunrise	[IN:GET_SUNRISE @ptr_0 @ptr_1 @ptr_2 @ptr_3 @ptr_4 IN:GET_SUNRISE]
when is the dawn	when Ġis Ġthe Ġdawn	[IN:GET_SUNRISE @ptr_0 @ptr_1 @ptr_2 @ptr_3 IN:GET_SUNRISE]
What time did the sun rise today	What Ġtime Ġdid Ġthe Ġsun Ġrise Ġtoday	[IN:GET_SUNRISE @ptr_0 @ptr_1 @ptr_2 @ptr_3 @ptr_4 @ptr_5 [SL:DATE_TIME @ptr_6 SL:DATE_TIME] IN:GET_SUNRISE]
What time is the sunrise tomorrow	What Ġtime Ġis Ġthe Ġsunrise Ġtomorrow	[IN:GET_SUNRISE @ptr_0 @ptr_1 @ptr_2 @ptr_3 @ptr_4 [SL:DATE_TIME @ptr_5 SL:DATE_TIME] IN:GET_SUNRISE]
What time does the sun rise	What Ġtime Ġdoes Ġthe Ġsun Ġrise	[IN:GET_SUNRISE @ptr_0 @ptr_1 @ptr_2 @ptr_3 @ptr_4 @ptr_5 IN:GET_SUNRISE]
what time does the sun rise tomorrow	what Ġtime Ġdoes Ġthe Ġsun Ġrise Ġtomorrow	[IN:GET_SUNRISE @ptr_0 @ptr_1 @ptr_2 @ptr_3 @ptr_4 @ptr_5 [SL:DATE_TIME @ptr_6 SL:DATE_TIME] IN:GET_SUNRISE]
WHAT TIME IS SUNRISE TOMORROW	WHAT ĠTIME ĠIS ĠSUN R ISE ĠTOM OR R OW	[IN:GET_SUNRISE @ptr_0 @ptr_1 @ptr_2 @ptr_3 @ptr_4 @ptr_5 [SL:DATE_TIME @ptr_6 @ptr_7 @ptr_8 @ptr_9 SL:DATE_TIME] IN:GET_SUNRISE]
What time is sunrise	What Ġtime Ġis Ġsunrise	[IN:GET_SUNRISE @ptr_0 @ptr_1 @ptr_2 @ptr_3 IN:GET_SUNRISE]
When will the sunrise in Bristol	When Ġwill Ġthe Ġsunrise Ġin ĠBristol	[IN:GET_SUNRISE @ptr_0 @ptr_1 @ptr_2 @ptr_3 @ptr_4 [SL:LOCATION @ptr_5 SL:LOCATION] IN:GET_SUNRISE]
when will sunrise be	when Ġwill Ġsunrise Ġbe	[IN:GET_SUNRISE @ptr_0 @ptr_1 @ptr_2 @ptr_3 IN:GET_SUNRISE]
can you see the sun rise this Saturday ?	can Ġyou Ġsee Ġthe Ġsun Ġrise Ġthis ĠSaturday Ġ?	[IN:GET_SUNRISE @ptr_0 @ptr_1 @ptr_2 @ptr_3 @ptr_4 @ptr_5 [SL:DATE_TIME @ptr_6 @ptr_7 SL:DATE_TIME] @ptr_8 IN:GET_SUNRISE]
when is sunrise tomorrow	when Ġis Ġsunrise Ġtomorrow	[IN:GET_SUNRISE @ptr_0 @ptr_1 @ptr_2 [SL:DATE_TIME @ptr_3 SL:DATE_TIME] IN:GET_SUNRISE]
What time is the sunrise tomorrow	What Ġtime Ġis Ġthe Ġsunrise Ġtomorrow	[IN:GET_SUNRISE @ptr_0 @ptr_1 @ptr_2 @ptr_3 @ptr_4 [SL:DATE_TIME @ptr_5 SL:DATE_TIME] IN:GET_SUNRISE]
What time is dawn tomorrow	What Ġtime Ġis Ġdawn Ġtomorrow	[IN:GET_SUNRISE @ptr_0 @ptr_1 @ptr_2 @ptr_3 [SL:DATE_TIME @ptr_4 SL:DATE_TIME] IN:GET_SUNRISE]
What time is sunrise tomorrow	What Ġtime Ġis Ġsunrise Ġtomorrow	[IN:GET_SUNRISE @ptr_0 @ptr_1 @ptr_2 @ptr_3 [SL:DATE_TIME @ptr_4 SL:DATE_TIME] IN:GET_SUNRISE]
What time is sun rise tomorrow	What Ġtime Ġis Ġsun Ġrise Ġtomorrow	[IN:GET_SUNRISE @ptr_0 @ptr_1 @ptr_2 @ptr_3 @ptr_4 [SL:DATE_TIME @ptr_5 SL:DATE_TIME] IN:GET_SUNRISE]
when is sunrise today ?	when Ġis Ġsunrise Ġtoday Ġ?	[IN:GET_SUNRISE @ptr_0 @ptr_1 @ptr_2 [SL:DATE_TIME @ptr_3 SL:DATE_TIME] @ptr_4 IN:GET_SUNRISE]
When does the sun rise	When Ġdoes Ġthe Ġsun Ġrise	[IN:GET_SUNRISE @ptr_0 @ptr_1 @ptr_2 @ptr_3 @ptr_4 IN:GET_SUNRISE]
How warm is it near Sao Paulo tonight degree F	How Ġwarm Ġis Ġit Ġnear ĠSao ĠPaulo Ġtonight Ġdegree ĠF	[IN:GET_WEATHER @ptr_0 [SL:WEATHER_ATTRIBUTE @ptr_1 SL:WEATHER_ATTRIBUTE] @ptr_2 @ptr_3 @ptr_4 [SL:LOCATION @ptr_5 @ptr_6 SL:LOCATION] [SL:DATE_TIME @ptr_7 SL:DATE_TIME] @ptr_8 [SL:WEATHER_TEMPERATURE_UNIT @ptr_9 SL:WEATHER_TEMPERATURE_UNIT] IN:GET_WEATHER]
How hot will it be in Celsius ?	How Ġhot Ġwill Ġit Ġbe Ġin ĠCelsius Ġ?	[IN:GET_WEATHER @ptr_0 [SL:WEATHER_ATTRIBUTE @ptr_1 SL:WEATHER_ATTRIBUTE] @ptr_2 @ptr_3 @ptr_4 @ptr_5 [SL:WEATHER_TEMPERATURE_UNIT @ptr_6 SL:WEATHER_TEMPERATURE_UNIT] @ptr_7 IN:GET_WEATHER]
How warm is it tomorrow near Dehli in degrees celsius	How Ġwarm Ġis Ġit Ġtomorrow Ġnear ĠDe h li Ġin Ġdegrees Ġc elsius	[IN:GET_WEATHER @ptr_0 [SL:WEATHER_ATTRIBUTE @ptr_1 SL:WEATHER_ATTRIBUTE] @ptr_2 @ptr_3 [SL:DATE_TIME @ptr_4 SL:DATE_TIME] @ptr_5 [SL:LOCATION @ptr_6 @ptr_7 @ptr_8 SL:LOCATION] @ptr_9 @ptr_10 [SL:WEATHER_TEMPERATURE_UNIT @ptr_11 @ptr_12 SL:WEATHER_TEMPERATURE_UNIT] IN:GET_WEATHER]
Is it around 100 in F around Boston next week	Is Ġit Ġaround Ġ100 Ġin ĠF Ġaround ĠBoston Ġnext Ġweek	[IN:GET_WEATHER @ptr_0 @ptr_1 [SL:WEATHER_ATTRIBUTE @ptr_2 SL:WEATHER_ATTRIBUTE] [SL:WEATHER_ATTRIBUTE @ptr_3 SL:WEATHER_ATTRIBUTE] @ptr_4 [SL:WEATHER_TEMPERATURE_UNIT @ptr_5 SL:WEATHER_TEMPERATURE_UNIT] @ptr_6 [SL:LOCATION @ptr_7 SL:LOCATION] [SL:DATE_TIME @ptr_8 @ptr_9 SL:DATE_TIME] IN:GET_WEATHER]
Is it going to be around 33 in C around Paris next week	Is Ġit Ġgoing Ġto Ġbe Ġaround Ġ33 Ġin ĠC Ġaround ĠParis Ġnext Ġweek	[IN:GET_WEATHER @ptr_0 @ptr_1 @ptr_2 @ptr_3 @ptr_4 [SL:WEATHER_ATTRIBUTE @ptr_5 SL:WEATHER_ATTRIBUTE] [SL:WEATHER_ATTRIBUTE @ptr_6 SL:WEATHER_ATTRIBUTE] @ptr_7 [SL:WEATHER_TEMPERATURE_UNIT @ptr_8 SL:WEATHER_TEMPERATURE_UNIT] @ptr_9 [SL:LOCATION @ptr_10 SL:LOCATION] [SL:DATE_TIME @ptr_11 @ptr_12 SL:DATE_TIME] IN:GET_WEATHER]
Temperature near Mumbai next week F	Temperature Ġnear ĠMumbai Ġnext Ġweek ĠF	[IN:GET_WEATHER @ptr_0 @ptr_1 [SL:LOCATION @ptr_2 SL:LOCATION] [SL:DATE_TIME @ptr_3 @ptr_4 SL:DATE_TIME] [SL:WEATHER_TEMPERATURE_UNIT @ptr_5 SL:WEATHER_TEMPERATURE_UNIT] IN:GET_WEATHER]
Is it going to be above 4 in c chicago tomorrow morning	Is Ġit Ġgoing Ġto Ġbe Ġabove Ġ4 Ġin Ġc Ġch icago Ġtomorrow Ġmorning	[IN:GET_WEATHER @ptr_0 @ptr_1 @ptr_2 @ptr_3 @ptr_4 [SL:WEATHER_ATTRIBUTE @ptr_5 SL:WEATHER_ATTRIBUTE] [SL:WEATHER_ATTRIBUTE @ptr_6 SL:WEATHER_ATTRIBUTE] @ptr_7 [SL:WEATHER_TEMPERATURE_UNIT @ptr_8 SL:WEATHER_TEMPERATURE_UNIT] [SL:LOCATION @ptr_9 @ptr_10 SL:LOCATION] [SL:DATE_TIME @ptr_11 @ptr_12 SL:DATE_TIME] IN:GET_WEATHER]
How cold is it boston tonight in degree celcius	How Ġcold Ġis Ġit Ġb oston Ġtonight Ġin Ġdegree Ġcel cius	[IN:GET_WEATHER @ptr_0 [SL:WEATHER_ATTRIBUTE @ptr_1 SL:WEATHER_ATTRIBUTE] @ptr_2 @ptr_3 [SL:LOCATION @ptr_4 @ptr_5 SL:LOCATION] [SL:DATE_TIME @ptr_6 SL:DATE_TIME] @ptr_7 @ptr_8 [SL:WEATHER_TEMPERATURE_UNIT @ptr_9 @ptr_10 SL:WEATHER_TEMPERATURE_UNIT] IN:GET_WEATHER]
How warm is it tonight for Beijing in degrees C	How Ġwarm Ġis Ġit Ġtonight Ġfor ĠBeijing Ġin Ġdegrees ĠC	[IN:GET_WEATHER @ptr_0 [SL:WEATHER_ATTRIBUTE @ptr_1 SL:WEATHER_ATTRIBUTE] @ptr_2 @ptr_3 [SL:DATE_TIME @ptr_4 SL:DATE_TIME] @ptr_5 [SL:LOCATION @ptr_6 SL:LOCATION] @ptr_7 @ptr_8 [SL:WEATHER_TEMPERATURE_UNIT @ptr_9 SL:WEATHER_TEMPERATURE_UNIT] IN:GET_WEATHER]
Is it around 71 f at Palo Alto	Is Ġit Ġaround Ġ71 Ġf Ġat ĠPalo ĠAlto	[IN:GET_WEATHER @ptr_0 @ptr_1 [SL:WEATHER_ATTRIBUTE @ptr_2 SL:WEATHER_ATTRIBUTE] [SL:WEATHER_ATTRIBUTE @ptr_3 SL:WEATHER_ATTRIBUTE] [SL:WEATHER_TEMPERATURE_UNIT @ptr_4 SL:WEATHER_TEMPERATURE_UNIT] @ptr_5 [SL:LOCATION @ptr_6 @ptr_7 SL:LOCATION] IN:GET_WEATHER]
How cold is it this weekend dehli degrees F	How Ġcold Ġis Ġit Ġthis Ġweekend Ġde h li Ġdegrees ĠF	[IN:GET_WEATHER @ptr_0 [SL:WEATHER_ATTRIBUTE @ptr_1 SL:WEATHER_ATTRIBUTE] @ptr_2 @ptr_3 [SL:DATE_TIME @ptr_4 @ptr_5 SL:DATE_TIME] [SL:LOCATION @ptr_6 @ptr_7 @ptr_8 SL:LOCATION] @ptr_9 [SL:WEATHER_TEMPERATURE_UNIT @ptr_10 SL:WEATHER_TEMPERATURE_UNIT] IN:GET_WEATHER]
Is it around 25 in degrees C near Boston	Is Ġit Ġaround Ġ25 Ġin Ġdegrees ĠC Ġnear ĠBoston	[IN:GET_WEATHER @ptr_0 @ptr_1 [SL:WEATHER_ATTRIBUTE @ptr_2 SL:WEATHER_ATTRIBUTE] [SL:WEATHER_ATTRIBUTE @ptr_3 SL:WEATHER_ATTRIBUTE] @ptr_4 @ptr_5 [SL:WEATHER_TEMPERATURE_UNIT @ptr_6 SL:WEATHER_TEMPERATURE_UNIT] @ptr_7 [SL:LOCATION @ptr_8 SL:LOCATION] IN:GET_WEATHER]
Is it going to be around 82 in Fahrenheit for Boston tonight	Is Ġit Ġgoing Ġto Ġbe Ġaround Ġ82 Ġin ĠFahrenheit Ġfor ĠBoston Ġtonight	[IN:GET_WEATHER @ptr_0 @ptr_1 @ptr_2 @ptr_3 @ptr_4 [SL:WEATHER_ATTRIBUTE @ptr_5 SL:WEATHER_ATTRIBUTE] [SL:WEATHER_ATTRIBUTE @ptr_6 SL:WEATHER_ATTRIBUTE] @ptr_7 [SL:WEATHER_TEMPERATURE_UNIT @ptr_8 SL:WEATHER_TEMPERATURE_UNIT] @ptr_9 [SL:LOCATION @ptr_10 SL:LOCATION] [SL:DATE_TIME @ptr_11 SL:DATE_TIME] IN:GET_WEATHER]
Is it around 7 in C around New York tonight	Is Ġit Ġaround Ġ7 Ġin ĠC Ġaround ĠNew ĠYork Ġtonight	[IN:GET_WEATHER @ptr_0 @ptr_1 [SL:WEATHER_ATTRIBUTE @ptr_2 SL:WEATHER_ATTRIBUTE] [SL:WEATHER_ATTRIBUTE @ptr_3 SL:WEATHER_ATTRIBUTE] @ptr_4 [SL:WEATHER_TEMPERATURE_UNIT @ptr_5 SL:WEATHER_TEMPERATURE_UNIT] @ptr_6 [SL:LOCATION @ptr_7 @ptr_8 SL:LOCATION] [SL:DATE_TIME @ptr_9 SL:DATE_TIME] IN:GET_WEATHER]
Will it be below 9 in degrees F for Palo Alto tonight	Will Ġit Ġbe Ġbelow Ġ9 Ġin Ġdegrees ĠF Ġfor ĠPalo ĠAlto Ġtonight	[IN:GET_WEATHER @ptr_0 @ptr_1 @ptr_2 [SL:WEATHER_ATTRIBUTE @ptr_3 SL:WEATHER_ATTRIBUTE] [SL:WEATHER_ATTRIBUTE @ptr_4 SL:WEATHER_ATTRIBUTE] @ptr_5 @ptr_6 [SL:WEATHER_TEMPERATURE_UNIT @ptr_7 SL:WEATHER_TEMPERATURE_UNIT] @ptr_8 [SL:LOCATION @ptr_9 @ptr_10 SL:LOCATION] [SL:DATE_TIME @ptr_11 SL:DATE_TIME] IN:GET_WEATHER]
How cold is it near Tokyo in degrees F	How Ġcold Ġis Ġit Ġnear ĠTokyo Ġin Ġdegrees ĠF	[IN:GET_WEATHER @ptr_0 [SL:WEATHER_ATTRIBUTE @ptr_1 SL:WEATHER_ATTRIBUTE] @ptr_2 @ptr_3 @ptr_4 [SL:LOCATION @ptr_5 SL:LOCATION] @ptr_6 @ptr_7 [SL:WEATHER_TEMPERATURE_UNIT @ptr_8 SL:WEATHER_TEMPERATURE_UNIT] IN:GET_WEATHER]
How cold is it tonight tokyo degree F	How Ġcold Ġis Ġit Ġtonight Ġto ky o Ġdegree ĠF	[IN:GET_WEATHER @ptr_0 [SL:WEATHER_ATTRIBUTE @ptr_1 SL:WEATHER_ATTRIBUTE] @ptr_2 @ptr_3 [SL:DATE_TIME @ptr_4 SL:DATE_TIME] [SL:LOCATION @ptr_5 @ptr_6 @ptr_7 SL:LOCATION] @ptr_8 [SL:WEATHER_TEMPERATURE_UNIT @ptr_9 SL:WEATHER_TEMPERATURE_UNIT] IN:GET_WEATHER]
How cold is it around Beijing degree Celsius	How Ġcold Ġis Ġit Ġaround ĠBeijing Ġdegree ĠCelsius	[IN:GET_WEATHER @ptr_0 [SL:WEATHER_ATTRIBUTE @ptr_1 SL:WEATHER_ATTRIBUTE] @ptr_2 @ptr_3 @ptr_4 [SL:LOCATION @ptr_5 SL:LOCATION] @ptr_6 [SL:WEATHER_TEMPERATURE_UNIT @ptr_7 SL:WEATHER_TEMPERATURE_UNIT] IN:GET_WEATHER]
How cold is it tomorrow at New York in degrees C	How Ġcold Ġis Ġit Ġtomorrow Ġat ĠNew ĠYork Ġin Ġdegrees ĠC	[IN:GET_WEATHER @ptr_0 [SL:WEATHER_ATTRIBUTE @ptr_1 SL:WEATHER_ATTRIBUTE] @ptr_2 @ptr_3 [SL:DATE_TIME @ptr_4 SL:DATE_TIME] @ptr_5 [SL:LOCATION @ptr_6 @ptr_7 SL:LOCATION] @ptr_8 @ptr_9 [SL:WEATHER_TEMPERATURE_UNIT @ptr_10 SL:WEATHER_TEMPERATURE_UNIT] IN:GET_WEATHER]
Is it going to be below 16 in degree c near Dublin tomorrow morning	Is Ġit Ġgoing Ġto Ġbe Ġbelow Ġ16 Ġin Ġdegree Ġc Ġnear ĠDublin Ġtomorrow Ġmorning	[IN:GET_WEATHER @ptr_0 @ptr_1 @ptr_2 @ptr_3 @ptr_4 [SL:WEATHER_ATTRIBUTE @ptr_5 SL:WEATHER_ATTRIBUTE] [SL:WEATHER_ATTRIBUTE @ptr_6 SL:WEATHER_ATTRIBUTE] @ptr_7 @ptr_8 [SL:WEATHER_TEMPERATURE_UNIT @ptr_9 SL:WEATHER_TEMPERATURE_UNIT] @ptr_10 [SL:LOCATION @ptr_11 SL:LOCATION] [SL:DATE_TIME @ptr_12 @ptr_13 SL:DATE_TIME] IN:GET_WEATHER]
Is it going to be above 59 in degrees Celsius outside this weekend	Is Ġit Ġgoing Ġto Ġbe Ġabove Ġ59 Ġin Ġdegrees ĠCelsius Ġoutside Ġthis Ġweekend	[IN:GET_WEATHER @ptr_0 @ptr_1 @ptr_2 @ptr_3 @ptr_4 [SL:WEATHER_ATTRIBUTE @ptr_5 SL:WEATHER_ATTRIBUTE] [SL:WEATHER_ATTRIBUTE @ptr_6 SL:WEATHER_ATTRIBUTE] @ptr_7 @ptr_8 [SL:WEATHER_TEMPERATURE_UNIT @ptr_9 SL:WEATHER_TEMPERATURE_UNIT] @ptr_10 [SL:DATE_TIME @ptr_11 @ptr_12 SL:DATE_TIME] IN:GET_WEATHER]
Temperature tonight for Houston Fahrenheit	Temperature Ġtonight Ġfor ĠHouston ĠFahrenheit	[IN:GET_WEATHER @ptr_0 [SL:DATE_TIME @ptr_1 SL:DATE_TIME] @ptr_2 [SL:LOCATION @ptr_3 SL:LOCATION] [SL:WEATHER_TEMPERATURE_UNIT @ptr_4 SL:WEATHER_TEMPERATURE_UNIT] IN:GET_WEATHER]
Will it be below 94 in degree celcius palo alto this weekend	Will Ġit Ġbe Ġbelow Ġ94 Ġin Ġdegree Ġcel cius Ġpal o Ġal to Ġthis Ġweekend	[IN:GET_WEATHER @ptr_0 @ptr_1 @ptr_2 [SL:WEATHER_ATTRIBUTE @ptr_3 SL:WEATHER_ATTRIBUTE] [SL:WEATHER_ATTRIBUTE @ptr_4 SL:WEATHER_ATTRIBUTE] @ptr_5 @ptr_6 [SL:WEATHER_TEMPERATURE_UNIT @ptr_7 @ptr_8 SL:WEATHER_TEMPERATURE_UNIT] [SL:LOCATION @ptr_9 @ptr_10 @ptr_11 @ptr_12 SL:LOCATION] [SL:DATE_TIME @ptr_13 @ptr_14 SL:DATE_TIME] IN:GET_WEATHER]
Is it around 24 in degrees C in Mumbai this weekend	Is Ġit Ġaround Ġ24 Ġin Ġdegrees ĠC Ġin ĠMumbai Ġthis Ġweekend	[IN:GET_WEATHER @ptr_0 @ptr_1 [SL:WEATHER_ATTRIBUTE @ptr_2 SL:WEATHER_ATTRIBUTE] [SL:WEATHER_ATTRIBUTE @ptr_3 SL:WEATHER_ATTRIBUTE] @ptr_4 @ptr_5 [SL:WEATHER_TEMPERATURE_UNIT @ptr_6 SL:WEATHER_TEMPERATURE_UNIT] @ptr_7 [SL:LOCATION @ptr_8 SL:LOCATION] [SL:DATE_TIME @ptr_9 @ptr_10 SL:DATE_TIME] IN:GET_WEATHER]
Is it around 77 in Fahrenheit near Boston tomorrow morning	Is Ġit Ġaround Ġ77 Ġin ĠFahrenheit Ġnear ĠBoston Ġtomorrow Ġmorning	[IN:GET_WEATHER @ptr_0 @ptr_1 [SL:WEATHER_ATTRIBUTE @ptr_2 SL:WEATHER_ATTRIBUTE] [SL:WEATHER_ATTRIBUTE @ptr_3 SL:WEATHER_ATTRIBUTE] @ptr_4 [SL:WEATHER_TEMPERATURE_UNIT @ptr_5 SL:WEATHER_TEMPERATURE_UNIT] @ptr_6 [SL:LOCATION @ptr_7 SL:LOCATION] [SL:DATE_TIME @ptr_8 @ptr_9 SL:DATE_TIME] IN:GET_WEATHER]
whats the weather radar look like near me	wh ats Ġthe Ġweather Ġradar Ġlook Ġlike Ġnear Ġme	[IN:GET_WEATHER @ptr_0 @ptr_1 @ptr_2 @ptr_3 @ptr_4 @ptr_5 @ptr_6 [SL:LOCATION [IN:GET_LOCATION [SL:SEARCH_RADIUS @ptr_7 SL:SEARCH_RADIUS] [SL:LOCATION_USER @ptr_8 SL:LOCATION_USER] IN:GET_LOCATION] SL:LOCATION] IN:GET_WEATHER]
How many cm of snow are we expecting ?	How Ġmany Ġcm Ġof Ġsnow Ġare Ġwe Ġexpecting Ġ?	[IN:GET_WEATHER @ptr_0 @ptr_1 [SL:MEASUREMENT_UNIT @ptr_2 SL:MEASUREMENT_UNIT] @ptr_3 [SL:WEATHER_ATTRIBUTE @ptr_4 SL:WEATHER_ATTRIBUTE] @ptr_5 @ptr_6 @ptr_7 @ptr_8 IN:GET_WEATHER]
How many mm of rain are we expecting this evening .	How Ġmany Ġmm Ġof Ġrain Ġare Ġwe Ġexpecting Ġthis Ġevening Ġ.	[IN:GET_WEATHER @ptr_0 @ptr_1 [SL:MEASUREMENT_UNIT @ptr_2 SL:MEASUREMENT_UNIT] @ptr_3 [SL:WEATHER_ATTRIBUTE @ptr_4 SL:WEATHER_ATTRIBUTE] @ptr_5 @ptr_6 @ptr_7 [SL:DATE_TIME @ptr_8 @ptr_9 SL:DATE_TIME] @ptr_10 IN:GET_WEATHER]
advise me on how many cm of rain is due tomorrow	adv ise Ġme Ġon Ġhow Ġmany Ġcm Ġof Ġrain Ġis Ġdue Ġtomorrow	[IN:GET_WEATHER @ptr_0 @ptr_1 @ptr_2 @ptr_3 @ptr_4 @ptr_5 [SL:MEASUREMENT_UNIT @ptr_6 SL:MEASUREMENT_UNIT] @ptr_7 [SL:WEATHER_ATTRIBUTE @ptr_8 SL:WEATHER_ATTRIBUTE] @ptr_9 @ptr_10 [SL:DATE_TIME @ptr_11 SL:DATE_TIME] IN:GET_WEATHER]
how many millimetres of rain is expected ?	how Ġmany Ġmill imet res Ġof Ġrain Ġis Ġexpected Ġ?	[IN:GET_WEATHER @ptr_0 @ptr_1 [SL:MEASUREMENT_UNIT @ptr_2 @ptr_3 @ptr_4 SL:MEASUREMENT_UNIT] @ptr_5 [SL:WEATHER_ATTRIBUTE @ptr_6 SL:WEATHER_ATTRIBUTE] @ptr_7 @ptr_8 @ptr_9 IN:GET_WEATHER]
in centimeters , how much rain will we be getting tonight	in Ġcentimeters Ġ, Ġhow Ġmuch Ġrain Ġwill Ġwe Ġbe Ġgetting Ġtonight	[IN:GET_WEATHER @ptr_0 [SL:MEASUREMENT_UNIT @ptr_1 SL:MEASUREMENT_UNIT] @ptr_2 @ptr_3 @ptr_4 [SL:WEATHER_ATTRIBUTE @ptr_5 SL:WEATHER_ATTRIBUTE] @ptr_6 @ptr_7 @ptr_8 @ptr_9 [SL:DATE_TIME @ptr_10 SL:DATE_TIME] IN:GET_WEATHER]
What is the forecast for this weekend at my mums ?	What Ġis Ġthe Ġforecast Ġfor Ġthis Ġweekend Ġat Ġmy Ġm ums Ġ?	[IN:GET_WEATHER @ptr_0 @ptr_1 @ptr_2 @ptr_3 [SL:DATE_TIME @ptr_4 @ptr_5 @ptr_6 SL:DATE_TIME] @ptr_7 [SL:LOCATION [IN:GET_INFO_CONTACT [SL:CONTACT [IN:GET_CONTACT [SL:CONTACT_RELATED @ptr_8 SL:CONTACT_RELATED] [SL:TYPE_RELATION @ptr_9 @ptr_10 SL:TYPE_RELATION] IN:GET_CONTACT] SL:CONTACT] IN:GET_INFO_CONTACT] SL:LOCATION] @ptr_11 IN:GET_WEATHER]
What is the forecast for this weekend at my mums ?	What Ġis Ġthe Ġforecast Ġfor Ġthis Ġweekend Ġat Ġmy Ġm ums Ġ?	[IN:GET_WEATHER @ptr_0 @ptr_1 @ptr_2 @ptr_3 [SL:DATE_TIME @ptr_4 @ptr_5 @ptr_6 SL:DATE_TIME] @ptr_7 [SL:LOCATION [IN:GET_INFO_CONTACT [SL:CONTACT [IN:GET_CONTACT [SL:CONTACT_RELATED @ptr_8 SL:CONTACT_RELATED] [SL:TYPE_RELATION @ptr_9 @ptr_10 SL:TYPE_RELATION] IN:GET_CONTACT] SL:CONTACT] IN:GET_INFO_CONTACT] SL:LOCATION] @ptr_11 IN:GET_WEATHER]
What is the forecast for this weekend at my mums ?	What Ġis Ġthe Ġforecast Ġfor Ġthis Ġweekend Ġat Ġmy Ġm ums Ġ?	[IN:GET_WEATHER @ptr_0 @ptr_1 @ptr_2 @ptr_3 [SL:DATE_TIME @ptr_4 @ptr_5 @ptr_6 SL:DATE_TIME] @ptr_7 [SL:LOCATION [IN:GET_INFO_CONTACT [SL:CONTACT [IN:GET_CONTACT [SL:CONTACT_RELATED @ptr_8 SL:CONTACT_RELATED] [SL:TYPE_RELATION @ptr_9 @ptr_10 SL:TYPE_RELATION] IN:GET_CONTACT] SL:CONTACT] IN:GET_INFO_CONTACT] SL:LOCATION] @ptr_11 IN:GET_WEATHER]
What is the forecast for this weekend at my mums ?	What Ġis Ġthe Ġforecast Ġfor Ġthis Ġweekend Ġat Ġmy Ġm ums Ġ?	[IN:GET_WEATHER @ptr_0 @ptr_1 @ptr_2 @ptr_3 [SL:DATE_TIME @ptr_4 @ptr_5 @ptr_6 SL:DATE_TIME] @ptr_7 [SL:LOCATION [IN:GET_INFO_CONTACT [SL:CONTACT [IN:GET_CONTACT [SL:CONTACT_RELATED @ptr_8 SL:CONTACT_RELATED] [SL:TYPE_RELATION @ptr_9 @ptr_10 SL:TYPE_RELATION] IN:GET_CONTACT] SL:CONTACT] IN:GET_INFO_CONTACT] SL:LOCATION] @ptr_11 IN:GET_WEATHER]
What is the forecast for this weekend at my mums ?	What Ġis Ġthe Ġforecast Ġfor Ġthis Ġweekend Ġat Ġmy Ġm ums Ġ?	[IN:GET_WEATHER @ptr_0 @ptr_1 @ptr_2 @ptr_3 [SL:DATE_TIME @ptr_4 @ptr_5 @ptr_6 SL:DATE_TIME] @ptr_7 [SL:LOCATION [IN:GET_INFO_CONTACT [SL:CONTACT [IN:GET_CONTACT [SL:CONTACT_RELATED @ptr_8 SL:CONTACT_RELATED] [SL:TYPE_RELATION @ptr_9 @ptr_10 SL:TYPE_RELATION] IN:GET_CONTACT] SL:CONTACT] IN:GET_INFO_CONTACT] SL:LOCATION] @ptr_11 IN:GET_WEATHER]
gimmie that local radar readout	g imm ie Ġthat Ġlocal Ġradar Ġread out	[IN:GET_WEATHER @ptr_0 @ptr_1 @ptr_2 @ptr_3 [SL:LOCATION [IN:GET_LOCATION [SL:LOCATION_MODIFIER @ptr_4 SL:LOCATION_MODIFIER] IN:GET_LOCATION] SL:LOCATION] @ptr_5 @ptr_6 @ptr_7 IN:GET_WEATHER]
I need the local radar	I Ġneed Ġthe Ġlocal Ġradar	[IN:GET_WEATHER @ptr_0 @ptr_1 @ptr_2 [SL:LOCATION [IN:GET_LOCATION [SL:LOCATION_MODIFIER @ptr_3 SL:LOCATION_MODIFIER] IN:GET_LOCATION] SL:LOCATION] @ptr_4 IN:GET_WEATHER]
what is the local radar forecast	what Ġis Ġthe Ġlocal Ġradar Ġforecast	[IN:GET_WEATHER @ptr_0 @ptr_1 @ptr_2 [SL:LOCATION [IN:GET_LOCATION [SL:LOCATION_MODIFIER @ptr_3 SL:LOCATION_MODIFIER] IN:GET_LOCATION] SL:LOCATION] @ptr_4 @ptr_5 IN:GET_WEATHER]
what 's the local radar like tomorrow	what Ġ' s Ġthe Ġlocal Ġradar Ġlike Ġtomorrow	[IN:GET_WEATHER @ptr_0 @ptr_1 @ptr_2 @ptr_3 [SL:LOCATION [IN:GET_LOCATION [SL:LOCATION_MODIFIER @ptr_4 SL:LOCATION_MODIFIER] IN:GET_LOCATION] SL:LOCATION] @ptr_5 @ptr_6 [SL:DATE_TIME @ptr_7 SL:DATE_TIME] IN:GET_WEATHER]
tell me the local radar for tomorrow	tell Ġme Ġthe Ġlocal Ġradar Ġfor Ġtomorrow	[IN:GET_WEATHER @ptr_0 @ptr_1 @ptr_2 [SL:LOCATION [IN:GET_LOCATION [SL:LOCATION_MODIFIER @ptr_3 SL:LOCATION_MODIFIER] IN:GET_LOCATION] SL:LOCATION] @ptr_4 [SL:DATE_TIME @ptr_5 @ptr_6 SL:DATE_TIME] IN:GET_WEATHER]
tell me local radar	tell Ġme Ġlocal Ġradar	[IN:GET_WEATHER @ptr_0 @ptr_1 [SL:LOCATION [IN:GET_LOCATION [SL:LOCATION_MODIFIER @ptr_2 SL:LOCATION_MODIFIER] IN:GET_LOCATION] SL:LOCATION] @ptr_3 IN:GET_WEATHER]
can you tell me the local radar prediction	can Ġyou Ġtell Ġme Ġthe Ġlocal Ġradar Ġprediction	[IN:GET_WEATHER @ptr_0 @ptr_1 @ptr_2 @ptr_3 @ptr_4 [SL:LOCATION [IN:GET_LOCATION [SL:LOCATION_MODIFIER @ptr_5 SL:LOCATION_MODIFIER] IN:GET_LOCATION] SL:LOCATION] @ptr_6 @ptr_7 IN:GET_WEATHER]
what 's the local radar	what Ġ' s Ġthe Ġlocal Ġradar	[IN:GET_WEATHER @ptr_0 @ptr_1 @ptr_2 @ptr_3 [SL:LOCATION [IN:GET_LOCATION [SL:LOCATION_MODIFIER @ptr_4 SL:LOCATION_MODIFIER] IN:GET_LOCATION] SL:LOCATION] @ptr_5 IN:GET_WEATHER]
tell me local radar for today	tell Ġme Ġlocal Ġradar Ġfor Ġtoday	[IN:GET_WEATHER @ptr_0 @ptr_1 [SL:LOCATION [IN:GET_LOCATION [SL:LOCATION_MODIFIER @ptr_2 SL:LOCATION_MODIFIER] IN:GET_LOCATION] SL:LOCATION] @ptr_3 [SL:DATE_TIME @ptr_4 @ptr_5 SL:DATE_TIME] IN:GET_WEATHER]
