turn all alarms on	turn Ġall Ġalarms Ġon	[IN:CREATE_ALARM @ptr_0 [SL:AMOUNT @ptr_1 SL:AMOUNT] @ptr_2 @ptr_3 IN:CREATE_ALARM]
Set me an alarm for six pm	Set Ġme Ġan Ġalarm Ġfor Ġsix Ġpm	[IN:CREATE_ALARM @ptr_0 @ptr_1 @ptr_2 @ptr_3 [SL:DATE_TIME @ptr_4 @ptr_5 @ptr_6 SL:DATE_TIME] IN:CREATE_ALARM]
Next Saturday at 2 pm to mail letter	Next ĠSaturday Ġat Ġ2 Ġpm Ġto Ġmail Ġletter	[IN:CREATE_ALARM [SL:DATE_TIME @ptr_0 @ptr_1 @ptr_2 @ptr_3 @ptr_4 SL:DATE_TIME] @ptr_5 [SL:ALARM_NAME @ptr_6 @ptr_7 SL:ALARM_NAME] IN:CREATE_ALARM]
Set up a bedtime alarm for tonight	Set Ġup Ġa Ġbed time Ġalarm Ġfor Ġtonight	[IN:CREATE_ALARM @ptr_0 @ptr_1 @ptr_2 [SL:ALARM_NAME @ptr_3 @ptr_4 SL:ALARM_NAME] @ptr_5 [SL:DATE_TIME @ptr_6 @ptr_7 SL:DATE_TIME] IN:CREATE_ALARM]
set an alarm for Game of Thrones episode	set Ġan Ġalarm Ġfor ĠGame Ġof ĠThrones Ġepisode	[IN:CREATE_ALARM @ptr_0 @ptr_1 @ptr_2 @ptr_3 @ptr_4 @ptr_5 @ptr_6 @ptr_7 IN:CREATE_ALARM]
Set an alarm for 5 pm and 7 pm	Set Ġan Ġalarm Ġfor Ġ5 Ġpm Ġand Ġ7 Ġpm	[IN:CREATE_ALARM @ptr_0 @ptr_1 @ptr_2 [SL:DATE_TIME @ptr_3 @ptr_4 @ptr_5 @ptr_6 @ptr_7 @ptr_8 SL:DATE_TIME] IN:CREATE_ALARM]
Cancel the alarm I set for tomorrow morning	C ancel Ġthe Ġalarm ĠI Ġset Ġfor Ġtomorrow Ġmorning	[IN:DELETE_ALARM @ptr_0 @ptr_1 @ptr_2 @ptr_3 @ptr_4 @ptr_5 [SL:ALARM_NAME [IN:GET_TIME [SL:DATE_TIME @ptr_6 @ptr_7 @ptr_8 SL:DATE_TIME] IN:GET_TIME] SL:ALARM_NAME] IN:DELETE_ALARM]
Modify my Monday morning alarm to 9 am	Mod ify Ġmy ĠMonday Ġmorning Ġalarm Ġto Ġ9 Ġam	[IN:UPDATE_ALARM @ptr_0 @ptr_1 @ptr_2 [SL:ALARM_NAME [IN:GET_TIME [SL:DATE_TIME @ptr_3 @ptr_4 SL:DATE_TIME] IN:GET_TIME] SL:ALARM_NAME] @ptr_5 [SL:DATE_TIME @ptr_6 @ptr_7 @ptr_8 SL:DATE_TIME] IN:UPDATE_ALARM]
Make an alarm for every Tuesday	Make Ġan Ġalarm Ġfor Ġevery ĠTuesday	[IN:CREATE_ALARM @ptr_0 @ptr_1 @ptr_2 [SL:DATE_TIME_RECURRING @ptr_3 @ptr_4 @ptr_5 SL:DATE_TIME_RECURRING] IN:CREATE_ALARM]
Set an alarm for May 31st at 5.00pm .	Set Ġan Ġalarm Ġfor ĠMay Ġ31 st Ġat Ġ5 . 00 pm Ġ.	[IN:CREATE_ALARM @ptr_0 @ptr_1 @ptr_2 [SL:DATE_TIME @ptr_3 @ptr_4 @ptr_5 @ptr_6 @ptr_7 @ptr_8 @ptr_9 @ptr_10 @ptr_11 SL:DATE_TIME] @ptr_12 IN:CREATE_ALARM]
What alarms do I have set for today	What Ġalarms Ġdo ĠI Ġhave Ġset Ġfor Ġtoday	[IN:GET_ALARM @ptr_0 @ptr_1 @ptr_2 @ptr_3 @ptr_4 @ptr_5 [SL:ALARM_NAME [IN:GET_TIME [SL:DATE_TIME @ptr_6 @ptr_7 SL:DATE_TIME] IN:GET_TIME] SL:ALARM_NAME] IN:GET_ALARM]
how many alarms do I currently have ?	how Ġmany Ġalarms Ġdo ĠI Ġcurrently Ġhave Ġ?	[IN:GET_ALARM @ptr_0 @ptr_1 @ptr_2 @ptr_3 @ptr_4 @ptr_5 @ptr_6 @ptr_7 IN:GET_ALARM]
When 's my next alarm today ?	When Ġ' s Ġmy Ġnext Ġalarm Ġtoday Ġ?	[IN:GET_ALARM @ptr_0 @ptr_1 @ptr_2 @ptr_3 [SL:ORDINAL @ptr_4 SL:ORDINAL] @ptr_5 [SL:DATE_TIME @ptr_6 SL:DATE_TIME] @ptr_7 IN:GET_ALARM]
how much time is left on my alarm	how Ġmuch Ġtime Ġis Ġleft Ġon Ġmy Ġalarm	[IN:GET_ALARM @ptr_0 @ptr_1 @ptr_2 @ptr_3 @ptr_4 @ptr_5 @ptr_6 @ptr_7 IN:GET_ALARM]
show me my all alarms	show Ġme Ġmy Ġall Ġalarms	[IN:GET_ALARM @ptr_0 @ptr_1 @ptr_2 [SL:AMOUNT @ptr_3 SL:AMOUNT] @ptr_4 IN:GET_ALARM]
Cancel the alarm for tomorrow morning .	C ancel Ġthe Ġalarm Ġfor Ġtomorrow Ġmorning Ġ.	[IN:DELETE_ALARM @ptr_0 @ptr_1 @ptr_2 @ptr_3 [SL:ALARM_NAME [IN:GET_TIME [SL:DATE_TIME @ptr_4 @ptr_5 @ptr_6 SL:DATE_TIME] IN:GET_TIME] SL:ALARM_NAME] @ptr_7 IN:DELETE_ALARM]
Delete my Saturday alarm .	Delete Ġmy ĠSaturday Ġalarm Ġ.	[IN:DELETE_ALARM @ptr_0 @ptr_1 [SL:ALARM_NAME [IN:GET_TIME [SL:DATE_TIME @ptr_2 SL:DATE_TIME] IN:GET_TIME] SL:ALARM_NAME] @ptr_3 @ptr_4 IN:DELETE_ALARM]
delete alarm monthly 8 am	delete Ġalarm Ġmonthly Ġ8 Ġam	[IN:DELETE_ALARM @ptr_0 @ptr_1 [SL:ALARM_NAME [IN:GET_TIME [SL:DATE_TIME @ptr_2 @ptr_3 @ptr_4 SL:DATE_TIME] IN:GET_TIME] SL:ALARM_NAME] IN:DELETE_ALARM]
Cancel all of my alarms .	C ancel Ġall Ġof Ġmy Ġalarms Ġ.	[IN:DELETE_ALARM @ptr_0 @ptr_1 [SL:AMOUNT @ptr_2 SL:AMOUNT] @ptr_3 @ptr_4 @ptr_5 @ptr_6 IN:DELETE_ALARM]
Cancel all my alarms for today	C ancel Ġall Ġmy Ġalarms Ġfor Ġtoday	[IN:DELETE_ALARM @ptr_0 @ptr_1 [SL:AMOUNT @ptr_2 SL:AMOUNT] @ptr_3 @ptr_4 [SL:ALARM_NAME [IN:GET_TIME [SL:DATE_TIME @ptr_5 @ptr_6 SL:DATE_TIME] IN:GET_TIME] SL:ALARM_NAME] IN:DELETE_ALARM]
Change all Tuesday alarms to Friday	Change Ġall ĠTuesday Ġalarms Ġto ĠFriday	[IN:UPDATE_ALARM @ptr_0 [SL:AMOUNT @ptr_1 SL:AMOUNT] [SL:ALARM_NAME [IN:GET_TIME [SL:DATE_TIME @ptr_2 SL:DATE_TIME] IN:GET_TIME] SL:ALARM_NAME] @ptr_3 [SL:DATE_TIME @ptr_4 @ptr_5 SL:DATE_TIME] IN:UPDATE_ALARM]
Delete tommorow 's alarm	Delete Ġto mm or ow Ġ' s Ġalarm	[IN:DELETE_ALARM @ptr_0 [SL:ALARM_NAME [IN:GET_TIME [SL:DATE_TIME @ptr_1 @ptr_2 @ptr_3 @ptr_4 SL:DATE_TIME] IN:GET_TIME] SL:ALARM_NAME] @ptr_5 @ptr_6 @ptr_7 IN:DELETE_ALARM]
Set work alarm for 8 : 00 am tomorrow morning .	Set Ġwork Ġalarm Ġfor Ġ8 Ġ: Ġ00 Ġam Ġtomorrow Ġmorning Ġ.	[IN:CREATE_ALARM @ptr_0 [SL:ALARM_NAME @ptr_1 @ptr_2 SL:ALARM_NAME] [SL:DATE_TIME @ptr_3 @ptr_4 @ptr_5 @ptr_6 @ptr_7 @ptr_8 SL:DATE_TIME] @ptr_9 @ptr_10 IN:CREATE_ALARM]
Set an alarm for 7 : 55 AM everyday to punch in Sveta .	Set Ġan Ġalarm Ġfor Ġ7 Ġ: Ġ55 ĠAM Ġeveryday Ġto Ġpunch Ġin ĠS ve ta Ġ.	[IN:CREATE_ALARM @ptr_0 @ptr_1 @ptr_2 [SL:DATE_TIME_RECURRING @ptr_3 @ptr_4 @ptr_5 @ptr_6 @ptr_7 @ptr_8 SL:DATE_TIME_RECURRING] @ptr_9 [SL:ALARM_NAME @ptr_10 @ptr_11 @ptr_12 @ptr_13 @ptr_14 SL:ALARM_NAME] @ptr_15 IN:CREATE_ALARM]
New alarm for every 2nd Monday at 3 pm called dance class	New Ġalarm Ġfor Ġevery Ġ2 nd ĠMonday Ġat Ġ3 Ġpm Ġcalled Ġdance Ġclass	[IN:CREATE_ALARM @ptr_0 @ptr_1 [SL:DATE_TIME_RECURRING @ptr_2 @ptr_3 @ptr_4 @ptr_5 @ptr_6 @ptr_7 @ptr_8 @ptr_9 SL:DATE_TIME_RECURRING] @ptr_10 [SL:ALARM_NAME @ptr_11 @ptr_12 SL:ALARM_NAME] IN:CREATE_ALARM]
Show all alarms scheduled for this week .	Show Ġall Ġalarms Ġscheduled Ġfor Ġthis Ġweek Ġ.	[IN:GET_ALARM @ptr_0 [SL:AMOUNT @ptr_1 SL:AMOUNT] @ptr_2 @ptr_3 [SL:ALARM_NAME [IN:GET_TIME [SL:DATE_TIME @ptr_4 @ptr_5 @ptr_6 SL:DATE_TIME] IN:GET_TIME] SL:ALARM_NAME] @ptr_7 IN:GET_ALARM]
change my alarm on Tuesday from 8 : 30 pm to 8 : 50 pm	change Ġmy Ġalarm Ġon ĠTuesday Ġfrom Ġ8 Ġ: Ġ30 Ġpm Ġto Ġ8 Ġ: Ġ50 Ġpm	[IN:UPDATE_ALARM @ptr_0 @ptr_1 @ptr_2 [SL:ALARM_NAME [IN:GET_TIME [SL:DATE_TIME @ptr_3 @ptr_4 @ptr_5 @ptr_6 @ptr_7 @ptr_8 @ptr_9 SL:DATE_TIME] IN:GET_TIME] SL:ALARM_NAME] [SL:DATE_TIME @ptr_10 @ptr_11 @ptr_12 @ptr_13 @ptr_14 SL:DATE_TIME] IN:UPDATE_ALARM]
Cancel the alarm for tomorrow morning .	C ancel Ġthe Ġalarm Ġfor Ġtomorrow Ġmorning Ġ.	[IN:DELETE_ALARM @ptr_0 @ptr_1 @ptr_2 @ptr_3 [SL:ALARM_NAME [IN:GET_TIME [SL:DATE_TIME @ptr_4 @ptr_5 @ptr_6 SL:DATE_TIME] IN:GET_TIME] SL:ALARM_NAME] @ptr_7 IN:DELETE_ALARM]
Please delete my alarm on Saturday	Please Ġdelete Ġmy Ġalarm Ġon ĠSaturday	[IN:DELETE_ALARM @ptr_0 @ptr_1 @ptr_2 @ptr_3 [SL:ALARM_NAME [IN:GET_TIME [SL:DATE_TIME @ptr_4 @ptr_5 SL:DATE_TIME] IN:GET_TIME] SL:ALARM_NAME] IN:DELETE_ALARM]
Show all morning alarms for the week please	Show Ġall Ġmorning Ġalarms Ġfor Ġthe Ġweek Ġplease	[IN:GET_ALARM @ptr_0 [SL:AMOUNT @ptr_1 SL:AMOUNT] [SL:ALARM_NAME [IN:GET_TIME [SL:DATE_TIME @ptr_2 SL:DATE_TIME] IN:GET_TIME] SL:ALARM_NAME] @ptr_3 [SL:DATE_TIME @ptr_4 @ptr_5 @ptr_6 SL:DATE_TIME] @ptr_7 IN:GET_ALARM]
tell me when is my next alarm or reminder	tell Ġme Ġwhen Ġis Ġmy Ġnext Ġalarm Ġor Ġreminder	[IN:UNSUPPORTED_ALARM @ptr_0 @ptr_1 @ptr_2 @ptr_3 @ptr_4 [SL:ORDINAL @ptr_5 SL:ORDINAL] @ptr_6 @ptr_7 @ptr_8 IN:UNSUPPORTED_ALARM]
Silence all alarms for tomorrow	Sil ence Ġall Ġalarms Ġfor Ġtomorrow	[IN:UNSUPPORTED_ALARM @ptr_0 @ptr_1 [SL:AMOUNT @ptr_2 SL:AMOUNT] @ptr_3 [SL:DATE_TIME @ptr_4 @ptr_5 SL:DATE_TIME] IN:UNSUPPORTED_ALARM]
Change the tone on my Gym alarm to the Drum setting .	Change Ġthe Ġtone Ġon Ġmy ĠGym Ġalarm Ġto Ġthe ĠDrum Ġsetting Ġ.	[IN:UNSUPPORTED_ALARM @ptr_0 @ptr_1 @ptr_2 @ptr_3 @ptr_4 @ptr_5 @ptr_6 @ptr_7 @ptr_8 @ptr_9 @ptr_10 @ptr_11 IN:UNSUPPORTED_ALARM]
change alarm sound	change Ġalarm Ġsound	[IN:UNSUPPORTED_ALARM @ptr_0 @ptr_1 @ptr_2 IN:UNSUPPORTED_ALARM]
Can I change the sound of my alarm ?	Can ĠI Ġchange Ġthe Ġsound Ġof Ġmy Ġalarm Ġ?	[IN:UNSUPPORTED_ALARM @ptr_0 @ptr_1 @ptr_2 @ptr_3 @ptr_4 @ptr_5 @ptr_6 @ptr_7 @ptr_8 IN:UNSUPPORTED_ALARM]
Every Thursday at 8 pm set an alarm	Every ĠThursday Ġat Ġ8 Ġpm Ġset Ġan Ġalarm	[IN:CREATE_ALARM [SL:DATE_TIME_RECURRING @ptr_0 @ptr_1 @ptr_2 @ptr_3 @ptr_4 SL:DATE_TIME_RECURRING] @ptr_5 @ptr_6 @ptr_7 IN:CREATE_ALARM]
Set an alarm that repeats every fortnight on Tuesday at 11 am	Set Ġan Ġalarm Ġthat Ġrepeats Ġevery Ġfortnight Ġon ĠTuesday Ġat Ġ11 Ġam	[IN:CREATE_ALARM @ptr_0 @ptr_1 @ptr_2 @ptr_3 @ptr_4 [SL:DATE_TIME_RECURRING @ptr_5 @ptr_6 @ptr_7 @ptr_8 @ptr_9 @ptr_10 @ptr_11 SL:DATE_TIME_RECURRING] IN:CREATE_ALARM]
Set an alarm for 6 pm every Wednesday	Set Ġan Ġalarm Ġfor Ġ6 Ġpm Ġevery ĠWednesday	[IN:CREATE_ALARM @ptr_0 @ptr_1 @ptr_2 [SL:DATE_TIME_RECURRING @ptr_3 @ptr_4 @ptr_5 @ptr_6 @ptr_7 SL:DATE_TIME_RECURRING] IN:CREATE_ALARM]
Set alarm for 5 am weekdays	Set Ġalarm Ġfor Ġ5 Ġam Ġweek days	[IN:CREATE_ALARM @ptr_0 @ptr_1 [SL:DATE_TIME_RECURRING @ptr_2 @ptr_3 @ptr_4 @ptr_5 @ptr_6 SL:DATE_TIME_RECURRING] IN:CREATE_ALARM]
Set a daily alarm for 7 : 00 am .	Set Ġa Ġdaily Ġalarm Ġfor Ġ7 Ġ: Ġ00 Ġam Ġ.	[IN:CREATE_ALARM @ptr_0 @ptr_1 [SL:PERIOD @ptr_2 SL:PERIOD] @ptr_3 [SL:DATE_TIME_RECURRING @ptr_4 @ptr_5 @ptr_6 @ptr_7 @ptr_8 SL:DATE_TIME_RECURRING] @ptr_9 IN:CREATE_ALARM]
delete all my alarms that have been set	delete Ġall Ġmy Ġalarms Ġthat Ġhave Ġbeen Ġset	[IN:DELETE_ALARM @ptr_0 [SL:AMOUNT @ptr_1 SL:AMOUNT] @ptr_2 @ptr_3 @ptr_4 @ptr_5 @ptr_6 @ptr_7 IN:DELETE_ALARM]
All alarms will need to be deleted .	All Ġalarms Ġwill Ġneed Ġto Ġbe Ġdeleted Ġ.	[IN:DELETE_ALARM [SL:AMOUNT @ptr_0 SL:AMOUNT] @ptr_1 @ptr_2 @ptr_3 @ptr_4 @ptr_5 @ptr_6 @ptr_7 IN:DELETE_ALARM]
show all alarms	show Ġall Ġalarms	[IN:GET_ALARM @ptr_0 [SL:AMOUNT @ptr_1 SL:AMOUNT] @ptr_2 IN:GET_ALARM]
Show all alarms	Show Ġall Ġalarms	[IN:GET_ALARM @ptr_0 [SL:AMOUNT @ptr_1 SL:AMOUNT] @ptr_2 IN:GET_ALARM]
Cancel all alarms on the weekends	C ancel Ġall Ġalarms Ġon Ġthe Ġweekends	[IN:DELETE_ALARM @ptr_0 @ptr_1 [SL:AMOUNT @ptr_2 SL:AMOUNT] @ptr_3 [SL:ALARM_NAME [IN:GET_TIME [SL:DATE_TIME @ptr_4 @ptr_5 @ptr_6 SL:DATE_TIME] IN:GET_TIME] SL:ALARM_NAME] IN:DELETE_ALARM]
Set a recurring alarm for 5 : 30 Am only for weekdays for the next two months only	Set Ġa Ġrecurring Ġalarm Ġfor Ġ5 Ġ: Ġ30 ĠAm Ġonly Ġfor Ġweek days Ġfor Ġthe Ġnext Ġtwo Ġmonths Ġonly	[IN:CREATE_ALARM @ptr_0 @ptr_1 [SL:PERIOD @ptr_2 SL:PERIOD] @ptr_3 [SL:DATE_TIME_RECURRING @ptr_4 @ptr_5 @ptr_6 @ptr_7 @ptr_8 @ptr_9 @ptr_10 @ptr_11 @ptr_12 SL:DATE_TIME_RECURRING] [SL:DURATION @ptr_13 @ptr_14 @ptr_15 @ptr_16 @ptr_17 SL:DURATION] @ptr_18 IN:CREATE_ALARM]
set new alarm for 7 weeks , on thursdays and fridays at 6 pm , please	set Ġnew Ġalarm Ġfor Ġ7 Ġweeks Ġ, Ġon Ġth urs days Ġand Ġfr idays Ġat Ġ6 Ġpm Ġ, Ġplease	[IN:CREATE_ALARM @ptr_0 @ptr_1 @ptr_2 [SL:DURATION @ptr_3 @ptr_4 @ptr_5 SL:DURATION] @ptr_6 [SL:DATE_TIME_RECURRING @ptr_7 @ptr_8 @ptr_9 @ptr_10 @ptr_11 @ptr_12 @ptr_13 @ptr_14 @ptr_15 @ptr_16 SL:DATE_TIME_RECURRING] @ptr_17 @ptr_18 IN:CREATE_ALARM]
Set an alarm for every Thursday night at 6 : 30 pm until the end of September	Set Ġan Ġalarm Ġfor Ġevery ĠThursday Ġnight Ġat Ġ6 Ġ: Ġ30 Ġpm Ġuntil Ġthe Ġend Ġof ĠSeptember	[IN:CREATE_ALARM @ptr_0 @ptr_1 @ptr_2 [SL:DATE_TIME_RECURRING @ptr_3 @ptr_4 @ptr_5 @ptr_6 @ptr_7 @ptr_8 @ptr_9 @ptr_10 @ptr_11 SL:DATE_TIME_RECURRING] [SL:DURATION @ptr_12 @ptr_13 @ptr_14 @ptr_15 @ptr_16 SL:DURATION] IN:CREATE_ALARM]
Set alarm every 2 minutes for 30 minutes	Set Ġalarm Ġevery Ġ2 Ġminutes Ġfor Ġ30 Ġminutes	[IN:CREATE_ALARM @ptr_0 @ptr_1 [SL:PERIOD @ptr_2 @ptr_3 @ptr_4 SL:PERIOD] [SL:DURATION @ptr_5 @ptr_6 @ptr_7 SL:DURATION] IN:CREATE_ALARM]
set weekly alarm at 12 pm for three weeks	set Ġweekly Ġalarm Ġat Ġ12 Ġpm Ġfor Ġthree Ġweeks	[IN:CREATE_ALARM @ptr_0 [SL:PERIOD @ptr_1 SL:PERIOD] @ptr_2 [SL:DATE_TIME_RECURRING @ptr_3 @ptr_4 @ptr_5 SL:DATE_TIME_RECURRING] [SL:DURATION @ptr_6 @ptr_7 @ptr_8 SL:DURATION] IN:CREATE_ALARM]
Turn off my alarm	Turn Ġoff Ġmy Ġalarm	[IN:SILENCE_ALARM @ptr_0 @ptr_1 @ptr_2 @ptr_3 IN:SILENCE_ALARM]
turn alarm off	turn Ġalarm Ġoff	[IN:SILENCE_ALARM @ptr_0 @ptr_1 @ptr_2 IN:SILENCE_ALARM]
Turn off this alarm .	Turn Ġoff Ġthis Ġalarm Ġ.	[IN:SILENCE_ALARM @ptr_0 @ptr_1 @ptr_2 @ptr_3 @ptr_4 IN:SILENCE_ALARM]
Stop ringing	Stop Ġringing	[IN:SILENCE_ALARM @ptr_0 @ptr_1 IN:SILENCE_ALARM]
Turn off all alarms .	Turn Ġoff Ġall Ġalarms Ġ.	[IN:SILENCE_ALARM @ptr_0 @ptr_1 [SL:AMOUNT @ptr_2 SL:AMOUNT] @ptr_3 @ptr_4 IN:SILENCE_ALARM]
take off the last alarm	take Ġoff Ġthe Ġlast Ġalarm	[IN:SILENCE_ALARM @ptr_0 @ptr_1 @ptr_2 [SL:ORDINAL @ptr_3 SL:ORDINAL] @ptr_4 IN:SILENCE_ALARM]
how long until the next alarm goes off	how Ġlong Ġuntil Ġthe Ġnext Ġalarm Ġgoes Ġoff	[IN:GET_ALARM @ptr_0 @ptr_1 @ptr_2 @ptr_3 [SL:ORDINAL @ptr_4 SL:ORDINAL] @ptr_5 @ptr_6 @ptr_7 IN:GET_ALARM]
How much time do I have before my next alarm goes off	How Ġmuch Ġtime Ġdo ĠI Ġhave Ġbefore Ġmy Ġnext Ġalarm Ġgoes Ġoff	[IN:GET_ALARM @ptr_0 @ptr_1 @ptr_2 @ptr_3 @ptr_4 @ptr_5 @ptr_6 @ptr_7 [SL:ORDINAL @ptr_8 SL:ORDINAL] @ptr_9 @ptr_10 @ptr_11 IN:GET_ALARM]
Could you please tell me when my next alarm is .	Could Ġyou Ġplease Ġtell Ġme Ġwhen Ġmy Ġnext Ġalarm Ġis Ġ.	[IN:GET_ALARM @ptr_0 @ptr_1 @ptr_2 @ptr_3 @ptr_4 @ptr_5 @ptr_6 [SL:ORDINAL @ptr_7 SL:ORDINAL] @ptr_8 @ptr_9 @ptr_10 IN:GET_ALARM]
Remove that last alarm	Remove Ġthat Ġlast Ġalarm	[IN:DELETE_ALARM @ptr_0 @ptr_1 [SL:ORDINAL @ptr_2 SL:ORDINAL] @ptr_3 IN:DELETE_ALARM]
Snooze the alarm for 5 minutes	Sn oo ze Ġthe Ġalarm Ġfor Ġ5 Ġminutes	[IN:SNOOZE_ALARM @ptr_0 @ptr_1 @ptr_2 @ptr_3 @ptr_4 [SL:DATE_TIME @ptr_5 @ptr_6 @ptr_7 SL:DATE_TIME] IN:SNOOZE_ALARM]
snooze alarm for 10 minutes	sn oo ze Ġalarm Ġfor Ġ10 Ġminutes	[IN:SNOOZE_ALARM @ptr_0 @ptr_1 @ptr_2 @ptr_3 [SL:DATE_TIME @ptr_4 @ptr_5 @ptr_6 SL:DATE_TIME] IN:SNOOZE_ALARM]
Snooze the alarm now .	Sn oo ze Ġthe Ġalarm Ġnow Ġ.	[IN:SNOOZE_ALARM @ptr_0 @ptr_1 @ptr_2 @ptr_3 @ptr_4 @ptr_5 @ptr_6 IN:SNOOZE_ALARM]
I need to snooze for now	I Ġneed Ġto Ġsn oo ze Ġfor Ġnow	[IN:SNOOZE_ALARM @ptr_0 @ptr_1 @ptr_2 @ptr_3 @ptr_4 @ptr_5 @ptr_6 @ptr_7 IN:SNOOZE_ALARM]
Snooze the alarm	Sn oo ze Ġthe Ġalarm	[IN:SNOOZE_ALARM @ptr_0 @ptr_1 @ptr_2 @ptr_3 @ptr_4 IN:SNOOZE_ALARM]
Modify my alarm from 8 am to 9 am .	Mod ify Ġmy Ġalarm Ġfrom Ġ8 Ġam Ġto Ġ9 Ġam Ġ.	[IN:UPDATE_ALARM @ptr_0 @ptr_1 @ptr_2 @ptr_3 [SL:ALARM_NAME [IN:GET_TIME [SL:DATE_TIME @ptr_4 @ptr_5 @ptr_6 SL:DATE_TIME] IN:GET_TIME] SL:ALARM_NAME] [SL:DATE_TIME @ptr_7 @ptr_8 @ptr_9 SL:DATE_TIME] @ptr_10 IN:UPDATE_ALARM]
I want to change tomorrow 's alarm to 7 am .	I Ġwant Ġto Ġchange Ġtomorrow Ġ' s Ġalarm Ġto Ġ7 Ġam Ġ.	[IN:UPDATE_ALARM @ptr_0 @ptr_1 @ptr_2 @ptr_3 [SL:ALARM_NAME [IN:GET_TIME [SL:DATE_TIME @ptr_4 SL:DATE_TIME] IN:GET_TIME] SL:ALARM_NAME] @ptr_5 @ptr_6 @ptr_7 [SL:DATE_TIME @ptr_8 @ptr_9 @ptr_10 SL:DATE_TIME] @ptr_11 IN:UPDATE_ALARM]
update monday alarm for 2 pm	update Ġm onday Ġalarm Ġfor Ġ2 Ġpm	[IN:UPDATE_ALARM @ptr_0 [SL:ALARM_NAME [IN:GET_TIME [SL:DATE_TIME @ptr_1 @ptr_2 SL:DATE_TIME] IN:GET_TIME] SL:ALARM_NAME] @ptr_3 [SL:DATE_TIME @ptr_4 @ptr_5 @ptr_6 SL:DATE_TIME] IN:UPDATE_ALARM]
Update my Christmas alarm	Update Ġmy ĠChristmas Ġalarm	[IN:UPDATE_ALARM @ptr_0 @ptr_1 [SL:ALARM_NAME [IN:GET_TIME [SL:DATE_TIME @ptr_2 SL:DATE_TIME] IN:GET_TIME] SL:ALARM_NAME] @ptr_3 IN:UPDATE_ALARM]
Can you modify my night alarm ?	Can Ġyou Ġmodify Ġmy Ġnight Ġalarm Ġ?	[IN:UPDATE_ALARM @ptr_0 @ptr_1 @ptr_2 @ptr_3 [SL:ALARM_NAME [IN:GET_TIME [SL:DATE_TIME @ptr_4 SL:DATE_TIME] IN:GET_TIME] SL:ALARM_NAME] @ptr_5 @ptr_6 IN:UPDATE_ALARM]
Every Sunday for the next 4 months make an alarm for 8 am	Every ĠSunday Ġfor Ġthe Ġnext Ġ4 Ġmonths Ġmake Ġan Ġalarm Ġfor Ġ8 Ġam	[IN:CREATE_ALARM [SL:PERIOD @ptr_0 @ptr_1 SL:PERIOD] [SL:DURATION @ptr_2 @ptr_3 @ptr_4 @ptr_5 @ptr_6 SL:DURATION] @ptr_7 @ptr_8 @ptr_9 [SL:DATE_TIME_RECURRING @ptr_10 @ptr_11 @ptr_12 SL:DATE_TIME_RECURRING] IN:CREATE_ALARM]
set a repeating alarm for mondays at 7 am	set Ġa Ġrepeating Ġalarm Ġfor Ġm ond ays Ġat Ġ7 Ġam	[IN:CREATE_ALARM @ptr_0 @ptr_1 [SL:PERIOD @ptr_2 SL:PERIOD] @ptr_3 [SL:DATE_TIME_RECURRING @ptr_4 @ptr_5 @ptr_6 @ptr_7 @ptr_8 @ptr_9 @ptr_10 SL:DATE_TIME_RECURRING] IN:CREATE_ALARM]
Repeat 4 am alarm every day	Repeat Ġ4 Ġam Ġalarm Ġevery Ġday	[IN:CREATE_ALARM @ptr_0 [SL:DATE_TIME @ptr_1 @ptr_2 SL:DATE_TIME] @ptr_3 [SL:PERIOD @ptr_4 @ptr_5 SL:PERIOD] IN:CREATE_ALARM]
set alarm to every hour for today	set Ġalarm Ġto Ġevery Ġhour Ġfor Ġtoday	[IN:CREATE_ALARM @ptr_0 @ptr_1 @ptr_2 [SL:PERIOD @ptr_3 @ptr_4 SL:PERIOD] [SL:DURATION @ptr_5 @ptr_6 SL:DURATION] IN:CREATE_ALARM]
Create an alarm every other week for Tuesdays at 9 am .	Create Ġan Ġalarm Ġevery Ġother Ġweek Ġfor ĠTues days Ġat Ġ9 Ġam Ġ.	[IN:CREATE_ALARM @ptr_0 @ptr_1 @ptr_2 [SL:PERIOD @ptr_3 @ptr_4 @ptr_5 SL:PERIOD] [SL:DATE_TIME_RECURRING @ptr_6 @ptr_7 @ptr_8 @ptr_9 @ptr_10 @ptr_11 SL:DATE_TIME_RECURRING] @ptr_12 IN:CREATE_ALARM]
Change my alarm to 6 am from 7 am	Change Ġmy Ġalarm Ġto Ġ6 Ġam Ġfrom Ġ7 Ġam	[IN:UPDATE_ALARM @ptr_0 @ptr_1 @ptr_2 [SL:DATE_TIME @ptr_3 @ptr_4 @ptr_5 SL:DATE_TIME] [SL:ALARM_NAME [IN:GET_TIME [SL:TIME_ZONE @ptr_6 @ptr_7 @ptr_8 SL:TIME_ZONE] IN:GET_TIME] SL:ALARM_NAME] IN:UPDATE_ALARM]
I want two alarms set for Fridays at 2 pm and 4 pm	I Ġwant Ġtwo Ġalarms Ġset Ġfor ĠFridays Ġat Ġ2 Ġpm Ġand Ġ4 Ġpm	[IN:CREATE_ALARM @ptr_0 @ptr_1 [SL:AMOUNT @ptr_2 SL:AMOUNT] @ptr_3 @ptr_4 [SL:RECURRING_DATE_TIME @ptr_5 @ptr_6 @ptr_7 @ptr_8 @ptr_9 @ptr_10 @ptr_11 @ptr_12 SL:RECURRING_DATE_TIME] IN:CREATE_ALARM]
