Get latest message on Instagram	Get Ġlatest Ġmessage Ġon ĠInstagram	[IN:GET_MESSAGE @ptr_0 [SL:ORDINAL @ptr_1 SL:ORDINAL] @ptr_2 @ptr_3 [SL:RESOURCE @ptr_4 SL:RESOURCE] IN:GET_MESSAGE]
Has anyone texted me through Messenger ?	Has Ġanyone Ġtexted Ġme Ġthrough ĠMessenger Ġ?	[IN:GET_MESSAGE @ptr_0 @ptr_1 @ptr_2 @ptr_3 @ptr_4 [SL:RESOURCE @ptr_5 SL:RESOURCE] @ptr_6 IN:GET_MESSAGE]
Find out what Janis video messaged .	Find Ġout Ġwhat ĠJan is Ġvideo Ġmess aged Ġ.	[IN:GET_MESSAGE @ptr_0 @ptr_1 @ptr_2 [SL:SENDER @ptr_3 @ptr_4 SL:SENDER] [SL:TYPE_CONTENT @ptr_5 SL:TYPE_CONTENT] @ptr_6 @ptr_7 @ptr_8 IN:GET_MESSAGE]
Read me all messages received since 10 am	Read Ġme Ġall Ġmessages Ġreceived Ġsince Ġ10 Ġam	[IN:GET_MESSAGE @ptr_0 @ptr_1 [SL:AMOUNT @ptr_2 SL:AMOUNT] @ptr_3 @ptr_4 [SL:DATE_TIME @ptr_5 @ptr_6 @ptr_7 SL:DATE_TIME] IN:GET_MESSAGE]
What does the message sent on the 23rd of August say that was sent from Barbara ?	What Ġdoes Ġthe Ġmessage Ġsent Ġon Ġthe Ġ23 rd Ġof ĠAugust Ġsay Ġthat Ġwas Ġsent Ġfrom ĠBarbara Ġ?	[IN:GET_MESSAGE @ptr_0 @ptr_1 @ptr_2 @ptr_3 @ptr_4 [SL:DATE_TIME @ptr_5 @ptr_6 @ptr_7 @ptr_8 @ptr_9 @ptr_10 SL:DATE_TIME] @ptr_11 @ptr_12 @ptr_13 @ptr_14 @ptr_15 [SL:SENDER @ptr_16 SL:SENDER] @ptr_17 IN:GET_MESSAGE]
Tell Tessy I will be back at 7 pm to pick her up .	Tell ĠTess y ĠI Ġwill Ġbe Ġback Ġat Ġ7 Ġpm Ġto Ġpick Ġher Ġup Ġ.	[IN:SEND_MESSAGE @ptr_0 [SL:RECIPIENT @ptr_1 @ptr_2 SL:RECIPIENT] [SL:CONTENT_EXACT @ptr_3 @ptr_4 @ptr_5 @ptr_6 @ptr_7 @ptr_8 @ptr_9 @ptr_10 @ptr_11 @ptr_12 @ptr_13 SL:CONTENT_EXACT] @ptr_14 IN:SEND_MESSAGE]
Message Sandra and let her know the meeting is cancelled .	Message ĠSandra Ġand Ġlet Ġher Ġknow Ġthe Ġmeeting Ġis Ġcancelled Ġ.	[IN:SEND_MESSAGE @ptr_0 [SL:RECIPIENT @ptr_1 SL:RECIPIENT] @ptr_2 @ptr_3 @ptr_4 @ptr_5 [SL:CONTENT_EXACT @ptr_6 @ptr_7 @ptr_8 @ptr_9 SL:CONTENT_EXACT] @ptr_10 IN:SEND_MESSAGE]
message Carla , I'm stuck on ninety - five but I'm on my way to pick up the kids .	message ĠCar la Ġ, ĠI 'm Ġstuck Ġon Ġninety Ġ- Ġfive Ġbut ĠI 'm Ġon Ġmy Ġway Ġto Ġpick Ġup Ġthe Ġkids Ġ.	[IN:SEND_MESSAGE @ptr_0 [SL:RECIPIENT @ptr_1 @ptr_2 SL:RECIPIENT] @ptr_3 [SL:CONTENT_EXACT @ptr_4 @ptr_5 @ptr_6 @ptr_7 @ptr_8 @ptr_9 @ptr_10 @ptr_11 @ptr_12 @ptr_13 @ptr_14 @ptr_15 @ptr_16 @ptr_17 @ptr_18 @ptr_19 @ptr_20 @ptr_21 SL:CONTENT_EXACT] @ptr_22 IN:SEND_MESSAGE]
Let BBB know I will attend luncheon tomorrow .	Let ĠBB B Ġknow ĠI Ġwill Ġattend Ġlun cheon Ġtomorrow Ġ.	[IN:SEND_MESSAGE @ptr_0 [SL:RECIPIENT @ptr_1 @ptr_2 SL:RECIPIENT] @ptr_3 [SL:CONTENT_EXACT @ptr_4 @ptr_5 @ptr_6 @ptr_7 @ptr_8 @ptr_9 SL:CONTENT_EXACT] @ptr_10 IN:SEND_MESSAGE]
Send a message to Wiley that the service begins at 11 am	Send Ġa Ġmessage Ġto ĠWiley Ġthat Ġthe Ġservice Ġbegins Ġat Ġ11 Ġam	[IN:SEND_MESSAGE @ptr_0 @ptr_1 @ptr_2 @ptr_3 [SL:RECIPIENT @ptr_4 SL:RECIPIENT] @ptr_5 [SL:CONTENT_EXACT @ptr_6 @ptr_7 @ptr_8 @ptr_9 @ptr_10 @ptr_11 SL:CONTENT_EXACT] IN:SEND_MESSAGE]
Text dad no run tomorrow .	Text Ġdad Ġno Ġrun Ġtomorrow Ġ.	[IN:SEND_MESSAGE @ptr_0 [SL:RECIPIENT [IN:GET_CONTACT [SL:TYPE_RELATION @ptr_1 SL:TYPE_RELATION] IN:GET_CONTACT] SL:RECIPIENT] [SL:CONTENT_EXACT @ptr_2 @ptr_3 @ptr_4 SL:CONTENT_EXACT] @ptr_5 IN:SEND_MESSAGE]
Ask Tim what he 's doing for lunch .	Ask ĠTim Ġwhat Ġhe Ġ' s Ġdoing Ġfor Ġlunch Ġ.	[IN:SEND_MESSAGE @ptr_0 [SL:RECIPIENT @ptr_1 SL:RECIPIENT] [SL:CONTENT_EXACT @ptr_2 @ptr_3 @ptr_4 @ptr_5 @ptr_6 @ptr_7 @ptr_8 SL:CONTENT_EXACT] @ptr_9 IN:SEND_MESSAGE]
Message Ant and let him know that it is 5 miles between my house and his mom 's house , we will be there shortly .	Message ĠAnt Ġand Ġlet Ġhim Ġknow Ġthat Ġit Ġis Ġ5 Ġmiles Ġbetween Ġmy Ġhouse Ġand Ġhis Ġmom Ġ' s Ġhouse Ġ, Ġwe Ġwill Ġbe Ġthere Ġshortly Ġ.	[IN:SEND_MESSAGE @ptr_0 [SL:RECIPIENT @ptr_1 SL:RECIPIENT] @ptr_2 @ptr_3 @ptr_4 @ptr_5 @ptr_6 [SL:CONTENT_EXACT @ptr_7 @ptr_8 @ptr_9 @ptr_10 @ptr_11 @ptr_12 @ptr_13 @ptr_14 @ptr_15 @ptr_16 @ptr_17 @ptr_18 @ptr_19 @ptr_20 @ptr_21 @ptr_22 @ptr_23 @ptr_24 @ptr_25 SL:CONTENT_EXACT] @ptr_26 IN:SEND_MESSAGE]
Message car agency about the papers	Message Ġcar Ġagency Ġabout Ġthe Ġpapers	[IN:SEND_MESSAGE @ptr_0 [SL:RECIPIENT @ptr_1 @ptr_2 SL:RECIPIENT] @ptr_3 @ptr_4 [SL:CONTENT_EXACT @ptr_5 SL:CONTENT_EXACT] IN:SEND_MESSAGE]
Message Sue and tell her I'm right around the corner .	Message ĠSue Ġand Ġtell Ġher ĠI 'm Ġright Ġaround Ġthe Ġcorner Ġ.	[IN:SEND_MESSAGE @ptr_0 [SL:RECIPIENT @ptr_1 SL:RECIPIENT] @ptr_2 @ptr_3 @ptr_4 [SL:CONTENT_EXACT @ptr_5 @ptr_6 @ptr_7 @ptr_8 @ptr_9 @ptr_10 SL:CONTENT_EXACT] @ptr_11 IN:SEND_MESSAGE]
tell june it 's on July 17th @ 5 pm	tell Ġj une Ġit Ġ' s Ġon ĠJuly Ġ17 th Ġ@ Ġ5 Ġpm	[IN:SEND_MESSAGE @ptr_0 [SL:RECIPIENT @ptr_1 @ptr_2 SL:RECIPIENT] [SL:CONTENT_EXACT @ptr_3 @ptr_4 @ptr_5 @ptr_6 @ptr_7 @ptr_8 @ptr_9 @ptr_10 @ptr_11 @ptr_12 SL:CONTENT_EXACT] IN:SEND_MESSAGE]
Message Liam asking if he has my keys .	Message ĠLiam Ġasking Ġif Ġhe Ġhas Ġmy Ġkeys Ġ.	[IN:SEND_MESSAGE @ptr_0 [SL:RECIPIENT @ptr_1 SL:RECIPIENT] @ptr_2 @ptr_3 [SL:CONTENT_EXACT @ptr_4 @ptr_5 @ptr_6 @ptr_7 SL:CONTENT_EXACT] @ptr_8 IN:SEND_MESSAGE]
Would you message Seth and tell him I got us tickets to the 6 : 30 showing of Joy Koy next Wed . at the Comedy Club ?	Would Ġyou Ġmessage ĠSeth Ġand Ġtell Ġhim ĠI Ġgot Ġus Ġtickets Ġto Ġthe Ġ6 Ġ: Ġ30 Ġshowing Ġof ĠJoy ĠK oy Ġnext ĠWed Ġ. Ġat Ġthe ĠComedy ĠClub Ġ?	[IN:SEND_MESSAGE @ptr_0 @ptr_1 @ptr_2 [SL:RECIPIENT @ptr_3 SL:RECIPIENT] @ptr_4 @ptr_5 @ptr_6 [SL:CONTENT_EXACT @ptr_7 @ptr_8 @ptr_9 @ptr_10 @ptr_11 @ptr_12 @ptr_13 @ptr_14 @ptr_15 @ptr_16 @ptr_17 @ptr_18 @ptr_19 @ptr_20 @ptr_21 @ptr_22 @ptr_23 @ptr_24 @ptr_25 @ptr_26 @ptr_27 SL:CONTENT_EXACT] @ptr_28 IN:SEND_MESSAGE]
Send a message to Bob and find out if he 's coming tomorrow and what time	Send Ġa Ġmessage Ġto ĠBob Ġand Ġfind Ġout Ġif Ġhe Ġ' s Ġcoming Ġtomorrow Ġand Ġwhat Ġtime	[IN:SEND_MESSAGE @ptr_0 @ptr_1 @ptr_2 @ptr_3 [SL:RECIPIENT @ptr_4 SL:RECIPIENT] @ptr_5 @ptr_6 @ptr_7 @ptr_8 [SL:CONTENT_EXACT @ptr_9 @ptr_10 @ptr_11 @ptr_12 @ptr_13 @ptr_14 @ptr_15 @ptr_16 SL:CONTENT_EXACT] IN:SEND_MESSAGE]
Message Sarah to let her know the baby shower is at Megan 's house .	Message ĠSarah Ġto Ġlet Ġher Ġknow Ġthe Ġbaby Ġshower Ġis Ġat ĠMegan Ġ' s Ġhouse Ġ.	[IN:SEND_MESSAGE @ptr_0 [SL:RECIPIENT @ptr_1 SL:RECIPIENT] @ptr_2 @ptr_3 @ptr_4 @ptr_5 [SL:CONTENT_EXACT @ptr_6 @ptr_7 @ptr_8 @ptr_9 @ptr_10 @ptr_11 @ptr_12 @ptr_13 @ptr_14 SL:CONTENT_EXACT] @ptr_15 IN:SEND_MESSAGE]
Did I text my mom this morning ?	Did ĠI Ġtext Ġmy Ġmom Ġthis Ġmorning Ġ?	[IN:GET_MESSAGE @ptr_0 [SL:SENDER @ptr_1 SL:SENDER] @ptr_2 [SL:RECIPIENT [IN:GET_CONTACT [SL:CONTACT_RELATED @ptr_3 SL:CONTACT_RELATED] [SL:TYPE_RELATION @ptr_4 SL:TYPE_RELATION] IN:GET_CONTACT] SL:RECIPIENT] [SL:DATE_TIME @ptr_5 @ptr_6 SL:DATE_TIME] @ptr_7 IN:GET_MESSAGE]
Message my aunt and tell her I already picked up the dress	Message Ġmy Ġaunt Ġand Ġtell Ġher ĠI Ġalready Ġpicked Ġup Ġthe Ġdress	[IN:SEND_MESSAGE @ptr_0 [SL:RECIPIENT [IN:GET_CONTACT [SL:CONTACT_RELATED @ptr_1 SL:CONTACT_RELATED] [SL:TYPE_RELATION @ptr_2 SL:TYPE_RELATION] IN:GET_CONTACT] SL:RECIPIENT] @ptr_3 @ptr_4 @ptr_5 [SL:CONTENT_EXACT @ptr_6 @ptr_7 @ptr_8 @ptr_9 @ptr_10 @ptr_11 SL:CONTENT_EXACT] IN:SEND_MESSAGE]
Message Mom that I will meet her at the mall after work .	Message ĠMom Ġthat ĠI Ġwill Ġmeet Ġher Ġat Ġthe Ġmall Ġafter Ġwork Ġ.	[IN:SEND_MESSAGE @ptr_0 [SL:RECIPIENT [IN:GET_CONTACT [SL:TYPE_RELATION @ptr_1 SL:TYPE_RELATION] IN:GET_CONTACT] SL:RECIPIENT] @ptr_2 [SL:CONTENT_EXACT @ptr_3 @ptr_4 @ptr_5 @ptr_6 @ptr_7 @ptr_8 @ptr_9 @ptr_10 @ptr_11 SL:CONTENT_EXACT] @ptr_12 IN:SEND_MESSAGE]
Respond to Dad	Resp ond Ġto ĠDad	[IN:SEND_MESSAGE @ptr_0 @ptr_1 @ptr_2 [SL:RECIPIENT [IN:GET_CONTACT [SL:TYPE_RELATION @ptr_3 SL:TYPE_RELATION] IN:GET_CONTACT] SL:RECIPIENT] IN:SEND_MESSAGE]
Ask my coworkers what time the holiday party is at .	Ask Ġmy Ġcoworkers Ġwhat Ġtime Ġthe Ġholiday Ġparty Ġis Ġat Ġ.	[IN:SEND_MESSAGE @ptr_0 [SL:RECIPIENT [IN:GET_CONTACT [SL:CONTACT_RELATED @ptr_1 SL:CONTACT_RELATED] [SL:MUTUAL_EMPLOYER @ptr_2 SL:MUTUAL_EMPLOYER] IN:GET_CONTACT] SL:RECIPIENT] [SL:CONTENT_EXACT @ptr_3 @ptr_4 @ptr_5 @ptr_6 @ptr_7 @ptr_8 @ptr_9 SL:CONTENT_EXACT] @ptr_10 IN:SEND_MESSAGE]
Message to Fred 's wife , Esmeralda , asking if she remembered the fun we had at the last Alumni Weekend and if she wants to go with me this year since Fred is no longer a factor ?	Message Ġto ĠFred Ġ' s Ġwife Ġ, ĠEs mer ald a Ġ, Ġasking Ġif Ġshe Ġremembered Ġthe Ġfun Ġwe Ġhad Ġat Ġthe Ġlast ĠAl umni ĠWeekend Ġand Ġif Ġshe Ġwants Ġto Ġgo Ġwith Ġme Ġthis Ġyear Ġsince ĠFred Ġis Ġno Ġlonger Ġa Ġfactor Ġ?	[IN:SEND_MESSAGE @ptr_0 @ptr_1 [SL:RECIPIENT [IN:GET_CONTACT [SL:CONTACT_RELATED @ptr_2 SL:CONTACT_RELATED] @ptr_3 @ptr_4 [SL:TYPE_RELATION @ptr_5 SL:TYPE_RELATION] @ptr_6 [SL:CONTACT @ptr_7 @ptr_8 @ptr_9 @ptr_10 SL:CONTACT] IN:GET_CONTACT] SL:RECIPIENT] @ptr_11 @ptr_12 [SL:CONTENT_EXACT @ptr_13 @ptr_14 @ptr_15 @ptr_16 @ptr_17 @ptr_18 @ptr_19 @ptr_20 @ptr_21 @ptr_22 @ptr_23 @ptr_24 @ptr_25 @ptr_26 @ptr_27 @ptr_28 @ptr_29 @ptr_30 @ptr_31 @ptr_32 @ptr_33 @ptr_34 @ptr_35 @ptr_36 @ptr_37 @ptr_38 @ptr_39 @ptr_40 @ptr_41 @ptr_42 SL:CONTENT_EXACT] @ptr_43 IN:SEND_MESSAGE]
Send a message to my sisters that I need ideas for throwing our cousin a birthday celebration in September .	Send Ġa Ġmessage Ġto Ġmy Ġsisters Ġthat ĠI Ġneed Ġideas Ġfor Ġthrowing Ġour Ġcousin Ġa Ġbirthday Ġcelebration Ġin ĠSeptember Ġ.	[IN:SEND_MESSAGE @ptr_0 @ptr_1 @ptr_2 @ptr_3 [SL:RECIPIENT [IN:GET_CONTACT [SL:CONTACT_RELATED @ptr_4 SL:CONTACT_RELATED] [SL:TYPE_RELATION @ptr_5 SL:TYPE_RELATION] IN:GET_CONTACT] SL:RECIPIENT] @ptr_6 [SL:CONTENT_EXACT @ptr_7 @ptr_8 @ptr_9 @ptr_10 @ptr_11 @ptr_12 @ptr_13 @ptr_14 @ptr_15 @ptr_16 @ptr_17 @ptr_18 SL:CONTENT_EXACT] @ptr_19 IN:SEND_MESSAGE]
message my mother I picked up the flowers .	message Ġmy Ġmother ĠI Ġpicked Ġup Ġthe Ġflowers Ġ.	[IN:SEND_MESSAGE @ptr_0 [SL:RECIPIENT [IN:GET_CONTACT [SL:CONTACT_RELATED @ptr_1 SL:CONTACT_RELATED] [SL:TYPE_RELATION @ptr_2 SL:TYPE_RELATION] IN:GET_CONTACT] SL:RECIPIENT] [SL:CONTENT_EXACT @ptr_3 @ptr_4 @ptr_5 @ptr_6 @ptr_7 SL:CONTENT_EXACT] @ptr_8 IN:SEND_MESSAGE]
ask my father when he will get here .	ask Ġmy Ġfather Ġwhen Ġhe Ġwill Ġget Ġhere Ġ.	[IN:SEND_MESSAGE @ptr_0 [SL:RECIPIENT [IN:GET_CONTACT [SL:CONTACT_RELATED @ptr_1 SL:CONTACT_RELATED] [SL:TYPE_RELATION @ptr_2 SL:TYPE_RELATION] IN:GET_CONTACT] SL:RECIPIENT] [SL:CONTENT_EXACT @ptr_3 @ptr_4 @ptr_5 @ptr_6 @ptr_7 SL:CONTENT_EXACT] @ptr_8 IN:SEND_MESSAGE]
Message my sister and ask how many guests can I bring to the wedding .	Message Ġmy Ġsister Ġand Ġask Ġhow Ġmany Ġguests Ġcan ĠI Ġbring Ġto Ġthe Ġwedding Ġ.	[IN:SEND_MESSAGE @ptr_0 [SL:RECIPIENT [IN:GET_CONTACT [SL:CONTACT_RELATED @ptr_1 SL:CONTACT_RELATED] [SL:TYPE_RELATION @ptr_2 SL:TYPE_RELATION] IN:GET_CONTACT] SL:RECIPIENT] @ptr_3 @ptr_4 [SL:CONTENT_EXACT @ptr_5 @ptr_6 @ptr_7 @ptr_8 @ptr_9 @ptr_10 @ptr_11 @ptr_12 @ptr_13 SL:CONTENT_EXACT] @ptr_14 IN:SEND_MESSAGE]
Read me dads message from yesterday	Read Ġme Ġdads Ġmessage Ġfrom Ġyesterday	[IN:GET_MESSAGE @ptr_0 @ptr_1 [SL:SENDER [IN:GET_CONTACT [SL:TYPE_RELATION @ptr_2 SL:TYPE_RELATION] IN:GET_CONTACT] SL:SENDER] @ptr_3 [SL:DATE_TIME @ptr_4 @ptr_5 SL:DATE_TIME] IN:GET_MESSAGE]
tell my dad that I can't make it tonight	tell Ġmy Ġdad Ġthat ĠI Ġcan 't Ġmake Ġit Ġtonight	[IN:SEND_MESSAGE @ptr_0 [SL:RECIPIENT [IN:GET_CONTACT [SL:CONTACT_RELATED @ptr_1 SL:CONTACT_RELATED] [SL:TYPE_RELATION @ptr_2 SL:TYPE_RELATION] IN:GET_CONTACT] SL:RECIPIENT] @ptr_3 [SL:CONTENT_EXACT @ptr_4 @ptr_5 @ptr_6 @ptr_7 @ptr_8 @ptr_9 SL:CONTENT_EXACT] IN:SEND_MESSAGE]
Send a message to my brother and sister that Mom 's birthday dinner is at 7 .	Send Ġa Ġmessage Ġto Ġmy Ġbrother Ġand Ġsister Ġthat ĠMom Ġ' s Ġbirthday Ġdinner Ġis Ġat Ġ7 Ġ.	[IN:SEND_MESSAGE @ptr_0 @ptr_1 @ptr_2 @ptr_3 [SL:RECIPIENT [IN:GET_CONTACT [SL:CONTACT_RELATED @ptr_4 SL:CONTACT_RELATED] [SL:TYPE_RELATION @ptr_5 SL:TYPE_RELATION] IN:GET_CONTACT] SL:RECIPIENT] @ptr_6 [SL:RECIPIENT [IN:GET_CONTACT [SL:TYPE_RELATION @ptr_7 SL:TYPE_RELATION] IN:GET_CONTACT] SL:RECIPIENT] @ptr_8 [SL:CONTENT_EXACT @ptr_9 @ptr_10 @ptr_11 @ptr_12 @ptr_13 @ptr_14 @ptr_15 @ptr_16 SL:CONTENT_EXACT] @ptr_17 IN:SEND_MESSAGE]
message my brothers that we need to meet early for the concert on 7 / 11	message Ġmy Ġbrothers Ġthat Ġwe Ġneed Ġto Ġmeet Ġearly Ġfor Ġthe Ġconcert Ġon Ġ7 Ġ/ Ġ11	[IN:SEND_MESSAGE @ptr_0 [SL:RECIPIENT [IN:GET_CONTACT [SL:CONTACT_RELATED @ptr_1 SL:CONTACT_RELATED] [SL:TYPE_RELATION @ptr_2 SL:TYPE_RELATION] IN:GET_CONTACT] SL:RECIPIENT] @ptr_3 [SL:CONTENT_EXACT @ptr_4 @ptr_5 @ptr_6 @ptr_7 @ptr_8 @ptr_9 @ptr_10 @ptr_11 @ptr_12 @ptr_13 @ptr_14 @ptr_15 SL:CONTENT_EXACT] IN:SEND_MESSAGE]
Send a message to my brother to let him know that next Saturday looks like a good day for the beach	Send Ġa Ġmessage Ġto Ġmy Ġbrother Ġto Ġlet Ġhim Ġknow Ġthat Ġnext ĠSaturday Ġlooks Ġlike Ġa Ġgood Ġday Ġfor Ġthe Ġbeach	[IN:SEND_MESSAGE @ptr_0 @ptr_1 @ptr_2 @ptr_3 [SL:RECIPIENT [IN:GET_CONTACT [SL:CONTACT_RELATED @ptr_4 SL:CONTACT_RELATED] [SL:TYPE_RELATION @ptr_5 SL:TYPE_RELATION] IN:GET_CONTACT] SL:RECIPIENT] @ptr_6 @ptr_7 @ptr_8 @ptr_9 @ptr_10 [SL:CONTENT_EXACT @ptr_11 @ptr_12 @ptr_13 @ptr_14 @ptr_15 @ptr_16 @ptr_17 @ptr_18 @ptr_19 @ptr_20 SL:CONTENT_EXACT] IN:SEND_MESSAGE]
Laugh at message in Foodies Group chat	L augh Ġat Ġmessage Ġin ĠFood ies ĠGroup Ġchat	[IN:REACT_MESSAGE [SL:TYPE_REACTION @ptr_0 @ptr_1 SL:TYPE_REACTION] @ptr_2 @ptr_3 @ptr_4 [SL:GROUP @ptr_5 @ptr_6 SL:GROUP] @ptr_7 @ptr_8 IN:REACT_MESSAGE]
Wow to this message	Wow Ġto Ġthis Ġmessage	[IN:REACT_MESSAGE [SL:TYPE_REACTION @ptr_0 SL:TYPE_REACTION] @ptr_1 @ptr_2 @ptr_3 IN:REACT_MESSAGE]
Wow Sally facebook pic	Wow ĠSally Ġfacebook Ġpic	[IN:REACT_MESSAGE [SL:TYPE_REACTION @ptr_0 SL:TYPE_REACTION] [SL:RECIPIENT @ptr_1 SL:RECIPIENT] [SL:RESOURCE @ptr_2 SL:RESOURCE] [SL:TYPE_CONTENT @ptr_3 SL:TYPE_CONTENT] IN:REACT_MESSAGE]
Mad react to Penelope 's message on iMessage .	Mad Ġreact Ġto ĠPen elope Ġ' s Ġmessage Ġon Ġi Message Ġ.	[IN:REACT_MESSAGE [SL:TYPE_REACTION @ptr_0 SL:TYPE_REACTION] @ptr_1 @ptr_2 [SL:RECIPIENT @ptr_3 @ptr_4 SL:RECIPIENT] @ptr_5 @ptr_6 @ptr_7 @ptr_8 [SL:RESOURCE @ptr_9 @ptr_10 SL:RESOURCE] @ptr_11 IN:REACT_MESSAGE]
Thumbs up Morgan 's text	Th umbs Ġup ĠMorgan Ġ' s Ġtext	[IN:REACT_MESSAGE [SL:TYPE_REACTION @ptr_0 @ptr_1 @ptr_2 SL:TYPE_REACTION] [SL:RECIPIENT @ptr_3 SL:RECIPIENT] @ptr_4 @ptr_5 @ptr_6 IN:REACT_MESSAGE]
React with a heart to the class message thread .	Re act Ġwith Ġa Ġheart Ġto Ġthe Ġclass Ġmessage Ġthread Ġ.	[IN:REACT_MESSAGE @ptr_0 @ptr_1 @ptr_2 @ptr_3 [SL:TYPE_REACTION @ptr_4 SL:TYPE_REACTION] @ptr_5 @ptr_6 [SL:GROUP @ptr_7 SL:GROUP] @ptr_8 @ptr_9 @ptr_10 IN:REACT_MESSAGE]
Haha reacting to the BJJ thread message	H aha Ġreacting Ġto Ġthe ĠB JJ Ġthread Ġmessage	[IN:REACT_MESSAGE [SL:TYPE_REACTION @ptr_0 @ptr_1 SL:TYPE_REACTION] @ptr_2 @ptr_3 @ptr_4 [SL:GROUP @ptr_5 @ptr_6 SL:GROUP] @ptr_7 @ptr_8 IN:REACT_MESSAGE]
Reply with a sad face react to Daniel 's text	Reply Ġwith Ġa Ġsad Ġface Ġreact Ġto ĠDaniel Ġ' s Ġtext	[IN:REACT_MESSAGE @ptr_0 @ptr_1 @ptr_2 [SL:TYPE_REACTION @ptr_3 @ptr_4 SL:TYPE_REACTION] @ptr_5 @ptr_6 [SL:RECIPIENT @ptr_7 SL:RECIPIENT] @ptr_8 @ptr_9 @ptr_10 IN:REACT_MESSAGE]
Dislike the message that was sent last	Dis like Ġthe Ġmessage Ġthat Ġwas Ġsent Ġlast	[IN:REACT_MESSAGE [SL:TYPE_REACTION @ptr_0 @ptr_1 SL:TYPE_REACTION] @ptr_2 @ptr_3 @ptr_4 @ptr_5 @ptr_6 [SL:ORDINAL @ptr_7 SL:ORDINAL] IN:REACT_MESSAGE]
cry react to kahlil 's text	cry Ġreact Ġto Ġk ahl il Ġ' s Ġtext	[IN:REACT_MESSAGE [SL:TYPE_REACTION @ptr_0 SL:TYPE_REACTION] @ptr_1 @ptr_2 [SL:RECIPIENT @ptr_3 @ptr_4 @ptr_5 SL:RECIPIENT] @ptr_6 @ptr_7 @ptr_8 IN:REACT_MESSAGE]
show all the messages i received from Elaine today	show Ġall Ġthe Ġmessages Ġi Ġreceived Ġfrom ĠElaine Ġtoday	[IN:GET_MESSAGE @ptr_0 [SL:AMOUNT @ptr_1 SL:AMOUNT] @ptr_2 @ptr_3 [SL:RECIPIENT @ptr_4 SL:RECIPIENT] @ptr_5 @ptr_6 [SL:SENDER @ptr_7 SL:SENDER] [SL:DATE_TIME @ptr_8 SL:DATE_TIME] IN:GET_MESSAGE]
Did I talk to Lana on Hangouts last week ?	Did ĠI Ġtalk Ġto ĠLana Ġon ĠHang outs Ġlast Ġweek Ġ?	[IN:GET_MESSAGE @ptr_0 @ptr_1 @ptr_2 @ptr_3 [SL:SENDER @ptr_4 SL:SENDER] @ptr_5 [SL:RESOURCE @ptr_6 @ptr_7 SL:RESOURCE] [SL:DATE_TIME @ptr_8 @ptr_9 SL:DATE_TIME] @ptr_10 IN:GET_MESSAGE]
What Skype messages did I get yesterday ?	What ĠSkype Ġmessages Ġdid ĠI Ġget Ġyesterday Ġ?	[IN:GET_MESSAGE @ptr_0 [SL:RESOURCE @ptr_1 SL:RESOURCE] @ptr_2 @ptr_3 [SL:RECIPIENT @ptr_4 SL:RECIPIENT] @ptr_5 [SL:DATE_TIME @ptr_6 SL:DATE_TIME] @ptr_7 IN:GET_MESSAGE]
Hello Tony play my message from Aaron brown tiday .	Hello ĠTony Ġplay Ġmy Ġmessage Ġfrom ĠAaron Ġbrown Ġt iday Ġ.	[IN:GET_MESSAGE @ptr_0 @ptr_1 @ptr_2 @ptr_3 @ptr_4 @ptr_5 [SL:SENDER @ptr_6 @ptr_7 SL:SENDER] [SL:DATE_TIME @ptr_8 @ptr_9 SL:DATE_TIME] @ptr_10 IN:GET_MESSAGE]
did legolas video message be back last night	did Ġleg olas Ġvideo Ġmessage Ġbe Ġback Ġlast Ġnight	[IN:GET_MESSAGE @ptr_0 [SL:SENDER @ptr_1 @ptr_2 SL:SENDER] [SL:TYPE_CONTENT @ptr_3 SL:TYPE_CONTENT] @ptr_4 @ptr_5 @ptr_6 [SL:DATE_TIME @ptr_7 @ptr_8 SL:DATE_TIME] IN:GET_MESSAGE]
stop that video message	stop Ġthat Ġvideo Ġmessage	[IN:CANCEL_MESSAGE @ptr_0 @ptr_1 [SL:TYPE_CONTENT @ptr_2 SL:TYPE_CONTENT] @ptr_3 IN:CANCEL_MESSAGE]
I'd like send my husband a video message .	I 'd Ġlike Ġsend Ġmy Ġhusband Ġa Ġvideo Ġmessage Ġ.	[IN:SEND_MESSAGE @ptr_0 @ptr_1 @ptr_2 @ptr_3 [SL:RECIPIENT [IN:GET_CONTACT [SL:CONTACT_RELATED @ptr_4 SL:CONTACT_RELATED] [SL:TYPE_RELATION @ptr_5 SL:TYPE_RELATION] IN:GET_CONTACT] SL:RECIPIENT] @ptr_6 [SL:TYPE_CONTENT @ptr_7 SL:TYPE_CONTENT] @ptr_8 @ptr_9 IN:SEND_MESSAGE]
Video message Steve immediately please	Video Ġmessage ĠSteve Ġimmediately Ġplease	[IN:SEND_MESSAGE [SL:TYPE_CONTENT @ptr_0 SL:TYPE_CONTENT] @ptr_1 [SL:RECIPIENT @ptr_2 SL:RECIPIENT] @ptr_3 @ptr_4 IN:SEND_MESSAGE]
Video message my sister .	Video Ġmessage Ġmy Ġsister Ġ.	[IN:SEND_MESSAGE [SL:TYPE_CONTENT @ptr_0 SL:TYPE_CONTENT] @ptr_1 [SL:RECIPIENT [IN:GET_CONTACT [SL:CONTACT_RELATED @ptr_2 SL:CONTACT_RELATED] [SL:TYPE_RELATION @ptr_3 SL:TYPE_RELATION] IN:GET_CONTACT] SL:RECIPIENT] @ptr_4 IN:SEND_MESSAGE]
please send a voice message to ruby shaw baseball game at 3	please Ġsend Ġa Ġvoice Ġmessage Ġto Ġruby Ġsh aw Ġbaseball Ġgame Ġat Ġ3	[IN:SEND_MESSAGE @ptr_0 @ptr_1 @ptr_2 [SL:TYPE_CONTENT @ptr_3 SL:TYPE_CONTENT] @ptr_4 @ptr_5 [SL:RECIPIENT @ptr_6 @ptr_7 @ptr_8 SL:RECIPIENT] [SL:CONTENT_EXACT @ptr_9 @ptr_10 @ptr_11 @ptr_12 SL:CONTENT_EXACT] IN:SEND_MESSAGE]
cancel this message	c ancel Ġthis Ġmessage	[IN:CANCEL_MESSAGE @ptr_0 @ptr_1 @ptr_2 @ptr_3 IN:CANCEL_MESSAGE]
cancel video message	c ancel Ġvideo Ġmessage	[IN:CANCEL_MESSAGE @ptr_0 @ptr_1 [SL:TYPE_CONTENT @ptr_2 SL:TYPE_CONTENT] @ptr_3 IN:CANCEL_MESSAGE]
No , quit sending that	No Ġ, Ġquit Ġsending Ġthat	[IN:CANCEL_MESSAGE @ptr_0 @ptr_1 @ptr_2 @ptr_3 @ptr_4 IN:CANCEL_MESSAGE]
stop sending message	stop Ġsending Ġmessage	[IN:CANCEL_MESSAGE @ptr_0 @ptr_1 @ptr_2 IN:CANCEL_MESSAGE]
stop sending the video	stop Ġsending Ġthe Ġvideo	[IN:CANCEL_MESSAGE @ptr_0 @ptr_1 @ptr_2 [SL:TYPE_CONTENT @ptr_3 SL:TYPE_CONTENT] IN:CANCEL_MESSAGE]
answer last message . Are you sure we can go there .	answer Ġlast Ġmessage Ġ. ĠAre Ġyou Ġsure Ġwe Ġcan Ġgo Ġthere Ġ.	[IN:SEND_MESSAGE @ptr_0 [SL:ORDINAL @ptr_1 SL:ORDINAL] @ptr_2 @ptr_3 [SL:CONTENT_EXACT @ptr_4 @ptr_5 @ptr_6 @ptr_7 @ptr_8 @ptr_9 @ptr_10 SL:CONTENT_EXACT] @ptr_11 IN:SEND_MESSAGE]
Last texts Best Friends thread	Last Ġtexts ĠBest ĠFriends Ġthread	[IN:GET_MESSAGE [SL:ORDINAL @ptr_0 SL:ORDINAL] @ptr_1 [SL:GROUP @ptr_2 @ptr_3 SL:GROUP] @ptr_4 IN:GET_MESSAGE]
Like the last message from Ronnie	Like Ġthe Ġlast Ġmessage Ġfrom ĠRonnie	[IN:REACT_MESSAGE [SL:TYPE_REACTION @ptr_0 SL:TYPE_REACTION] @ptr_1 [SL:ORDINAL @ptr_2 SL:ORDINAL] @ptr_3 @ptr_4 [SL:RECIPIENT @ptr_5 SL:RECIPIENT] IN:REACT_MESSAGE]
Any recent SMS from Marcelo 's b - day thread ?	Any Ġrecent ĠSMS Ġfrom ĠMarcel o Ġ' s Ġb Ġ- Ġday Ġthread Ġ?	[IN:GET_MESSAGE @ptr_0 [SL:ORDINAL @ptr_1 SL:ORDINAL] [SL:RESOURCE @ptr_2 SL:RESOURCE] @ptr_3 [SL:CONTENT_EXACT @ptr_4 @ptr_5 @ptr_6 @ptr_7 @ptr_8 @ptr_9 @ptr_10 SL:CONTENT_EXACT] @ptr_11 @ptr_12 IN:GET_MESSAGE]
Angry face fot that last message	Ang ry Ġface Ġf ot Ġthat Ġlast Ġmessage	[IN:REACT_MESSAGE [SL:TYPE_REACTION @ptr_0 @ptr_1 @ptr_2 SL:TYPE_REACTION] @ptr_3 @ptr_4 @ptr_5 [SL:ORDINAL @ptr_6 SL:ORDINAL] @ptr_7 IN:REACT_MESSAGE]
Read chats from Squirrel Friends	Read Ġchats Ġfrom ĠSquirrel ĠFriends	[IN:GET_MESSAGE @ptr_0 @ptr_1 @ptr_2 [SL:GROUP @ptr_3 @ptr_4 SL:GROUP] IN:GET_MESSAGE]
Add a crying face reaction to the message in my running group	Add Ġa Ġcrying Ġface Ġreaction Ġto Ġthe Ġmessage Ġin Ġmy Ġrunning Ġgroup	[IN:REACT_MESSAGE @ptr_0 @ptr_1 [SL:TYPE_REACTION @ptr_2 @ptr_3 SL:TYPE_REACTION] @ptr_4 @ptr_5 @ptr_6 @ptr_7 @ptr_8 @ptr_9 [SL:GROUP @ptr_10 SL:GROUP] @ptr_11 IN:REACT_MESSAGE]
Any updates in the daycare group chat ?	Any Ġupdates Ġin Ġthe Ġday care Ġgroup Ġchat Ġ?	[IN:GET_MESSAGE @ptr_0 @ptr_1 @ptr_2 @ptr_3 [SL:GROUP @ptr_4 @ptr_5 SL:GROUP] @ptr_6 @ptr_7 @ptr_8 IN:GET_MESSAGE]
send a message through WhatsApp on the group with er my family , saying I’m , um , having fun today !	send Ġa Ġmessage Ġthrough ĠWhatsApp Ġon Ġthe Ġgroup Ġwith Ġer Ġmy Ġfamily Ġ, Ġsaying ĠI âĢ Ļ m Ġ, Ġum Ġ, Ġhaving Ġfun Ġtoday Ġ!	[IN:SEND_MESSAGE @ptr_0 @ptr_1 @ptr_2 @ptr_3 [SL:RESOURCE @ptr_4 SL:RESOURCE] @ptr_5 @ptr_6 @ptr_7 @ptr_8 @ptr_9 @ptr_10 [SL:GROUP @ptr_11 SL:GROUP] @ptr_12 @ptr_13 [SL:CONTENT_EXACT @ptr_14 @ptr_15 @ptr_16 @ptr_17 @ptr_18 @ptr_19 @ptr_20 @ptr_21 @ptr_22 @ptr_23 SL:CONTENT_EXACT] @ptr_24 IN:SEND_MESSAGE]
Message family chat	Message Ġfamily Ġchat	[IN:SEND_MESSAGE @ptr_0 [SL:GROUP @ptr_1 SL:GROUP] @ptr_2 IN:SEND_MESSAGE]
Message my friends that live in Mesa and see if they want to meet for lunch at Chuys .	Message Ġmy Ġfriends Ġthat Ġlive Ġin ĠMesa Ġand Ġsee Ġif Ġthey Ġwant Ġto Ġmeet Ġfor Ġlunch Ġat ĠChu ys Ġ.	[IN:SEND_MESSAGE @ptr_0 [SL:RECIPIENT [IN:GET_CONTACT [SL:CONTACT_RELATED @ptr_1 SL:CONTACT_RELATED] [SL:TYPE_RELATION @ptr_2 SL:TYPE_RELATION] @ptr_3 @ptr_4 @ptr_5 [SL:LOCATION_HOME @ptr_6 SL:LOCATION_HOME] IN:GET_CONTACT] SL:RECIPIENT] @ptr_7 @ptr_8 @ptr_9 [SL:CONTENT_EXACT @ptr_10 @ptr_11 @ptr_12 @ptr_13 @ptr_14 @ptr_15 @ptr_16 @ptr_17 @ptr_18 SL:CONTENT_EXACT] @ptr_19 IN:SEND_MESSAGE]
I need you to message my friends who live in Fletcher and ask who is going to the Fall Festival this weekend .	I Ġneed Ġyou Ġto Ġmessage Ġmy Ġfriends Ġwho Ġlive Ġin ĠFletcher Ġand Ġask Ġwho Ġis Ġgoing Ġto Ġthe ĠFall ĠFestival Ġthis Ġweekend Ġ.	[IN:SEND_MESSAGE @ptr_0 @ptr_1 @ptr_2 @ptr_3 @ptr_4 [SL:RECIPIENT [IN:GET_CONTACT [SL:CONTACT_RELATED @ptr_5 SL:CONTACT_RELATED] [SL:TYPE_RELATION @ptr_6 SL:TYPE_RELATION] @ptr_7 @ptr_8 @ptr_9 [SL:LOCATION_HOME @ptr_10 SL:LOCATION_HOME] IN:GET_CONTACT] SL:RECIPIENT] @ptr_11 @ptr_12 [SL:CONTENT_EXACT @ptr_13 @ptr_14 @ptr_15 @ptr_16 @ptr_17 @ptr_18 @ptr_19 @ptr_20 @ptr_21 SL:CONTENT_EXACT] @ptr_22 IN:SEND_MESSAGE]
send a message to my florida friends that the weather is going to be nice	send Ġa Ġmessage Ġto Ġmy Ġfl or ida Ġfriends Ġthat Ġthe Ġweather Ġis Ġgoing Ġto Ġbe Ġnice	[IN:SEND_MESSAGE @ptr_0 @ptr_1 @ptr_2 @ptr_3 [SL:RECIPIENT [IN:GET_CONTACT [SL:CONTACT_RELATED @ptr_4 SL:CONTACT_RELATED] [SL:LOCATION_HOME @ptr_5 @ptr_6 @ptr_7 SL:LOCATION_HOME] [SL:TYPE_RELATION @ptr_8 SL:TYPE_RELATION] IN:GET_CONTACT] SL:RECIPIENT] @ptr_9 [SL:CONTENT_EXACT @ptr_10 @ptr_11 @ptr_12 @ptr_13 @ptr_14 @ptr_15 @ptr_16 SL:CONTENT_EXACT] IN:SEND_MESSAGE]
send a message to my florida friends that the weather is going to be nice	send Ġa Ġmessage Ġto Ġmy Ġfl or ida Ġfriends Ġthat Ġthe Ġweather Ġis Ġgoing Ġto Ġbe Ġnice	[IN:SEND_MESSAGE @ptr_0 @ptr_1 @ptr_2 @ptr_3 [SL:RECIPIENT [IN:GET_CONTACT [SL:CONTACT_RELATED @ptr_4 SL:CONTACT_RELATED] [SL:LOCATION_HOME @ptr_5 @ptr_6 @ptr_7 SL:LOCATION_HOME] [SL:TYPE_RELATION @ptr_8 SL:TYPE_RELATION] IN:GET_CONTACT] SL:RECIPIENT] @ptr_9 [SL:CONTENT_EXACT @ptr_10 @ptr_11 @ptr_12 @ptr_13 @ptr_14 @ptr_15 @ptr_16 SL:CONTENT_EXACT] IN:SEND_MESSAGE]
Message my friends that live in Mesa and see if they want to meet for lunch at Chuys .	Message Ġmy Ġfriends Ġthat Ġlive Ġin ĠMesa Ġand Ġsee Ġif Ġthey Ġwant Ġto Ġmeet Ġfor Ġlunch Ġat ĠChu ys Ġ.	[IN:SEND_MESSAGE @ptr_0 [SL:RECIPIENT [IN:GET_CONTACT [SL:CONTACT_RELATED @ptr_1 SL:CONTACT_RELATED] [SL:TYPE_RELATION @ptr_2 SL:TYPE_RELATION] @ptr_3 @ptr_4 @ptr_5 [SL:LOCATION_HOME @ptr_6 SL:LOCATION_HOME] IN:GET_CONTACT] SL:RECIPIENT] @ptr_7 @ptr_8 @ptr_9 [SL:CONTENT_EXACT @ptr_10 @ptr_11 @ptr_12 @ptr_13 @ptr_14 @ptr_15 @ptr_16 @ptr_17 @ptr_18 SL:CONTENT_EXACT] @ptr_19 IN:SEND_MESSAGE]
Please text everyone coming tonight and say it is still on	Please Ġtext Ġeveryone Ġcoming Ġtonight Ġand Ġsay Ġit Ġis Ġstill Ġon	[IN:SEND_MESSAGE @ptr_0 @ptr_1 [SL:RECIPIENT [IN:GET_EVENT_ATTENDEE @ptr_2 @ptr_3 [SL:DATE_TIME @ptr_4 SL:DATE_TIME] IN:GET_EVENT_ATTENDEE] SL:RECIPIENT] @ptr_5 @ptr_6 [SL:CONTENT_EXACT @ptr_7 @ptr_8 @ptr_9 @ptr_10 SL:CONTENT_EXACT] IN:SEND_MESSAGE]
Send a smiley emoticon .	Send Ġa Ġsmile y Ġemot icon Ġ.	[IN:SEND_MESSAGE @ptr_0 [SL:CONTENT_EMOJI @ptr_1 @ptr_2 @ptr_3 @ptr_4 @ptr_5 SL:CONTENT_EMOJI] @ptr_6 IN:SEND_MESSAGE]
Send kissing face emoji to my husband and say I miss you	Send Ġkissing Ġface Ġemoji Ġto Ġmy Ġhusband Ġand Ġsay ĠI Ġmiss Ġyou	[IN:SEND_MESSAGE @ptr_0 [SL:CONTENT_EMOJI @ptr_1 @ptr_2 @ptr_3 SL:CONTENT_EMOJI] @ptr_4 [SL:RECIPIENT [IN:GET_CONTACT [SL:CONTACT_RELATED @ptr_5 SL:CONTACT_RELATED] [SL:TYPE_RELATION @ptr_6 SL:TYPE_RELATION] IN:GET_CONTACT] SL:RECIPIENT] @ptr_7 @ptr_8 [SL:CONTENT_EXACT @ptr_9 @ptr_10 @ptr_11 SL:CONTENT_EXACT] IN:SEND_MESSAGE]
Send a happy emoji to Amit welcoming him back home .	Send Ġa Ġhappy Ġemoji Ġto ĠAmit Ġwelcoming Ġhim Ġback Ġhome Ġ.	[IN:SEND_MESSAGE @ptr_0 @ptr_1 [SL:CONTENT_EMOJI @ptr_2 @ptr_3 SL:CONTENT_EMOJI] @ptr_4 [SL:RECIPIENT @ptr_5 SL:RECIPIENT] [SL:CONTENT_EXACT @ptr_6 @ptr_7 @ptr_8 @ptr_9 SL:CONTENT_EXACT] @ptr_10 IN:SEND_MESSAGE]
Send a happy emoji to Amit welcoming him back home .	Send Ġa Ġhappy Ġemoji Ġto ĠAmit Ġwelcoming Ġhim Ġback Ġhome Ġ.	[IN:SEND_MESSAGE @ptr_0 @ptr_1 [SL:CONTENT_EMOJI @ptr_2 @ptr_3 SL:CONTENT_EMOJI] @ptr_4 [SL:RECIPIENT @ptr_5 SL:RECIPIENT] [SL:CONTENT_EXACT @ptr_6 @ptr_7 @ptr_8 @ptr_9 SL:CONTENT_EXACT] @ptr_10 IN:SEND_MESSAGE]
Send kissing face emoji to my husband and say I miss you	Send Ġkissing Ġface Ġemoji Ġto Ġmy Ġhusband Ġand Ġsay ĠI Ġmiss Ġyou	[IN:SEND_MESSAGE @ptr_0 [SL:CONTENT_EMOJI @ptr_1 @ptr_2 @ptr_3 SL:CONTENT_EMOJI] @ptr_4 [SL:RECIPIENT [IN:GET_CONTACT [SL:CONTACT_RELATED @ptr_5 SL:CONTACT_RELATED] [SL:TYPE_RELATION @ptr_6 SL:TYPE_RELATION] IN:GET_CONTACT] SL:RECIPIENT] @ptr_7 @ptr_8 [SL:CONTENT_EXACT @ptr_9 @ptr_10 @ptr_11 SL:CONTENT_EXACT] IN:SEND_MESSAGE]
React with two thumbs down	Re act Ġwith Ġtwo Ġthumbs Ġdown	[IN:REACT_MESSAGE @ptr_0 @ptr_1 @ptr_2 [SL:AMOUNT @ptr_3 SL:AMOUNT] [SL:TYPE_REACTION @ptr_4 @ptr_5 SL:TYPE_REACTION] IN:REACT_MESSAGE]
play all messages from today .	play Ġall Ġmessages Ġfrom Ġtoday Ġ.	[IN:GET_MESSAGE @ptr_0 [SL:AMOUNT @ptr_1 SL:AMOUNT] @ptr_2 [SL:DATE_TIME @ptr_3 @ptr_4 SL:DATE_TIME] @ptr_5 IN:GET_MESSAGE]
Read me all messages received since 10 am	Read Ġme Ġall Ġmessages Ġreceived Ġsince Ġ10 Ġam	[IN:GET_MESSAGE @ptr_0 @ptr_1 [SL:AMOUNT @ptr_2 SL:AMOUNT] @ptr_3 @ptr_4 [SL:DATE_TIME @ptr_5 @ptr_6 @ptr_7 SL:DATE_TIME] IN:GET_MESSAGE]
message all the people who said happy birthday saying thank you it was a great day	message Ġall Ġthe Ġpeople Ġwho Ġsaid Ġhappy Ġbirthday Ġsaying Ġthank Ġyou Ġit Ġwas Ġa Ġgreat Ġday	[IN:SEND_MESSAGE @ptr_0 [SL:RECIPIENT [IN:GET_MESSAGE [SL:AMOUNT @ptr_1 SL:AMOUNT] @ptr_2 @ptr_3 @ptr_4 @ptr_5 [SL:CONTENT_EXACT @ptr_6 @ptr_7 SL:CONTENT_EXACT] IN:GET_MESSAGE] SL:RECIPIENT] @ptr_8 [SL:CONTENT_EXACT @ptr_9 @ptr_10 @ptr_11 @ptr_12 @ptr_13 @ptr_14 @ptr_15 SL:CONTENT_EXACT] IN:SEND_MESSAGE]
show all the messages i received from Elaine today	show Ġall Ġthe Ġmessages Ġi Ġreceived Ġfrom ĠElaine Ġtoday	[IN:GET_MESSAGE @ptr_0 [SL:AMOUNT @ptr_1 SL:AMOUNT] @ptr_2 @ptr_3 [SL:RECIPIENT @ptr_4 SL:RECIPIENT] @ptr_5 @ptr_6 [SL:SENDER @ptr_7 SL:SENDER] [SL:DATE_TIME @ptr_8 SL:DATE_TIME] IN:GET_MESSAGE]
Message the kids . Get the bus	Message Ġthe Ġkids Ġ. ĠGet Ġthe Ġbus	[IN:SEND_MESSAGE @ptr_0 @ptr_1 [SL:RECIPIENT [IN:GET_CONTACT [SL:TYPE_CONTACT @ptr_2 SL:TYPE_CONTACT] IN:GET_CONTACT] SL:RECIPIENT] @ptr_3 [SL:CONTENT_EXACT @ptr_4 @ptr_5 @ptr_6 SL:CONTENT_EXACT] IN:SEND_MESSAGE]
Message work asking what time my shift starts today	Message Ġwork Ġasking Ġwhat Ġtime Ġmy Ġshift Ġstarts Ġtoday	[IN:SEND_MESSAGE @ptr_0 [SL:RECIPIENT [IN:GET_CONTACT [SL:TYPE_CONTACT @ptr_1 SL:TYPE_CONTACT] IN:GET_CONTACT] SL:RECIPIENT] @ptr_2 [SL:CONTENT_EXACT @ptr_3 @ptr_4 @ptr_5 @ptr_6 @ptr_7 @ptr_8 SL:CONTENT_EXACT] IN:SEND_MESSAGE]
Message work asking what time my shift starts today	Message Ġwork Ġasking Ġwhat Ġtime Ġmy Ġshift Ġstarts Ġtoday	[IN:SEND_MESSAGE @ptr_0 [SL:RECIPIENT [IN:GET_CONTACT [SL:TYPE_CONTACT @ptr_1 SL:TYPE_CONTACT] IN:GET_CONTACT] SL:RECIPIENT] @ptr_2 [SL:CONTENT_EXACT @ptr_3 @ptr_4 @ptr_5 @ptr_6 @ptr_7 @ptr_8 SL:CONTENT_EXACT] IN:SEND_MESSAGE]
Send it to Aunt Lily	Send Ġit Ġto ĠAunt ĠLily	[IN:SEND_MESSAGE @ptr_0 @ptr_1 @ptr_2 [SL:RECIPIENT [IN:GET_CONTACT [SL:TYPE_RELATION @ptr_3 SL:TYPE_RELATION] [SL:CONTACT @ptr_4 SL:CONTACT] IN:GET_CONTACT] SL:RECIPIENT] IN:SEND_MESSAGE]
text my sister and ask her if I can call her right now	text Ġmy Ġsister Ġand Ġask Ġher Ġif ĠI Ġcan Ġcall Ġher Ġright Ġnow	[IN:SEND_MESSAGE @ptr_0 [SL:RECIPIENT [IN:GET_CONTACT [SL:CONTACT_RELATED @ptr_1 SL:CONTACT_RELATED] [SL:TYPE_RELATION @ptr_2 SL:TYPE_RELATION] IN:GET_CONTACT] SL:RECIPIENT] @ptr_3 @ptr_4 @ptr_5 @ptr_6 [SL:CONTENT_EXACT @ptr_7 @ptr_8 @ptr_9 @ptr_10 @ptr_11 @ptr_12 SL:CONTENT_EXACT] IN:SEND_MESSAGE]
message my mother to go to the nearest grocery .	message Ġmy Ġmother Ġto Ġgo Ġto Ġthe Ġnearest Ġgrocery Ġ.	[IN:SEND_MESSAGE @ptr_0 [SL:RECIPIENT [IN:GET_CONTACT [SL:CONTACT_RELATED @ptr_1 SL:CONTACT_RELATED] [SL:TYPE_RELATION @ptr_2 SL:TYPE_RELATION] IN:GET_CONTACT] SL:RECIPIENT] @ptr_3 [SL:CONTENT_EXACT @ptr_4 @ptr_5 @ptr_6 @ptr_7 @ptr_8 SL:CONTENT_EXACT] @ptr_9 IN:SEND_MESSAGE]
Send a message to my aunt , wishing her a Happy Birthday .	Send Ġa Ġmessage Ġto Ġmy Ġaunt Ġ, Ġwishing Ġher Ġa ĠHappy ĠBirthday Ġ.	[IN:SEND_MESSAGE @ptr_0 @ptr_1 @ptr_2 @ptr_3 [SL:RECIPIENT [IN:GET_CONTACT [SL:CONTACT_RELATED @ptr_4 SL:CONTACT_RELATED] [SL:TYPE_RELATION @ptr_5 SL:TYPE_RELATION] IN:GET_CONTACT] SL:RECIPIENT] @ptr_6 [SL:CONTENT_EXACT @ptr_7 @ptr_8 @ptr_9 @ptr_10 @ptr_11 SL:CONTENT_EXACT] @ptr_12 IN:SEND_MESSAGE]
Tell Uncle John .	Tell ĠUncle ĠJohn Ġ.	[IN:SEND_MESSAGE @ptr_0 [SL:RECIPIENT [IN:GET_CONTACT [SL:TYPE_RELATION @ptr_1 SL:TYPE_RELATION] [SL:CONTACT @ptr_2 SL:CONTACT] IN:GET_CONTACT] SL:RECIPIENT] @ptr_3 IN:SEND_MESSAGE]
Viviana Soler today 's messages	V iv iana ĠSol er Ġtoday Ġ' s Ġmessages	[IN:GET_MESSAGE [SL:SENDER @ptr_0 @ptr_1 @ptr_2 @ptr_3 @ptr_4 SL:SENDER] [SL:DATE_TIME @ptr_5 SL:DATE_TIME] @ptr_6 @ptr_7 @ptr_8 IN:GET_MESSAGE]
Can I see messages from my mama ?	Can ĠI Ġsee Ġmessages Ġfrom Ġmy Ġm ama Ġ?	[IN:GET_MESSAGE @ptr_0 @ptr_1 @ptr_2 @ptr_3 @ptr_4 [SL:SENDER [IN:GET_CONTACT [SL:CONTACT_RELATED @ptr_5 SL:CONTACT_RELATED] [SL:TYPE_RELATION @ptr_6 @ptr_7 SL:TYPE_RELATION] IN:GET_CONTACT] SL:SENDER] @ptr_8 IN:GET_MESSAGE]
What was the last message Mary sent me on facebook ?	What Ġwas Ġthe Ġlast Ġmessage ĠMary Ġsent Ġme Ġon Ġfacebook Ġ?	[IN:GET_MESSAGE @ptr_0 @ptr_1 @ptr_2 [SL:ORDINAL @ptr_3 SL:ORDINAL] @ptr_4 [SL:SENDER @ptr_5 SL:SENDER] @ptr_6 [SL:RECIPIENT @ptr_7 SL:RECIPIENT] @ptr_8 [SL:RESOURCE @ptr_9 SL:RESOURCE] @ptr_10 IN:GET_MESSAGE]
Call up Karen 's messages .	Call Ġup ĠKaren Ġ' s Ġmessages Ġ.	[IN:GET_MESSAGE @ptr_0 @ptr_1 [SL:SENDER @ptr_2 SL:SENDER] @ptr_3 @ptr_4 @ptr_5 @ptr_6 IN:GET_MESSAGE]
Did Lynn text me this week ?	Did ĠLynn Ġtext Ġme Ġthis Ġweek Ġ?	[IN:GET_MESSAGE @ptr_0 [SL:SENDER @ptr_1 SL:SENDER] @ptr_2 [SL:RECIPIENT @ptr_3 SL:RECIPIENT] [SL:DATE_TIME @ptr_4 @ptr_5 SL:DATE_TIME] @ptr_6 IN:GET_MESSAGE]
Send a message to all my work contacts that I am out of the office	Send Ġa Ġmessage Ġto Ġall Ġmy Ġwork Ġcontacts Ġthat ĠI Ġam Ġout Ġof Ġthe Ġoffice	[IN:SEND_MESSAGE @ptr_0 @ptr_1 @ptr_2 @ptr_3 [SL:RECIPIENT [IN:GET_CONTACT [SL:AMOUNT @ptr_4 SL:AMOUNT] [SL:CONTACT_RELATED @ptr_5 SL:CONTACT_RELATED] [SL:MUTUAL_EMPLOYER @ptr_6 SL:MUTUAL_EMPLOYER] @ptr_7 IN:GET_CONTACT] SL:RECIPIENT] @ptr_8 [SL:CONTENT_EXACT @ptr_9 @ptr_10 @ptr_11 @ptr_12 @ptr_13 @ptr_14 SL:CONTENT_EXACT] IN:SEND_MESSAGE]
Tell my co workers that there is an accident on the highway and to search for another route .	Tell Ġmy Ġco Ġworkers Ġthat Ġthere Ġis Ġan Ġaccident Ġon Ġthe Ġhighway Ġand Ġto Ġsearch Ġfor Ġanother Ġroute Ġ.	[IN:SEND_MESSAGE @ptr_0 [SL:RECIPIENT [IN:GET_CONTACT [SL:CONTACT_RELATED @ptr_1 SL:CONTACT_RELATED] [SL:MUTUAL_EMPLOYER @ptr_2 @ptr_3 SL:MUTUAL_EMPLOYER] IN:GET_CONTACT] SL:RECIPIENT] @ptr_4 [SL:CONTENT_EXACT @ptr_5 @ptr_6 @ptr_7 @ptr_8 @ptr_9 @ptr_10 @ptr_11 @ptr_12 @ptr_13 @ptr_14 @ptr_15 @ptr_16 @ptr_17 SL:CONTENT_EXACT] @ptr_18 IN:SEND_MESSAGE]
Ask my coworkers what time the holiday party is at .	Ask Ġmy Ġcoworkers Ġwhat Ġtime Ġthe Ġholiday Ġparty Ġis Ġat Ġ.	[IN:SEND_MESSAGE @ptr_0 [SL:RECIPIENT [IN:GET_CONTACT [SL:CONTACT_RELATED @ptr_1 SL:CONTACT_RELATED] [SL:MUTUAL_EMPLOYER @ptr_2 SL:MUTUAL_EMPLOYER] IN:GET_CONTACT] SL:RECIPIENT] [SL:CONTENT_EXACT @ptr_3 @ptr_4 @ptr_5 @ptr_6 @ptr_7 @ptr_8 @ptr_9 SL:CONTENT_EXACT] @ptr_10 IN:SEND_MESSAGE]
Send a message to all my work contacts that I am out of the office	Send Ġa Ġmessage Ġto Ġall Ġmy Ġwork Ġcontacts Ġthat ĠI Ġam Ġout Ġof Ġthe Ġoffice	[IN:SEND_MESSAGE @ptr_0 @ptr_1 @ptr_2 @ptr_3 [SL:RECIPIENT [IN:GET_CONTACT [SL:AMOUNT @ptr_4 SL:AMOUNT] [SL:CONTACT_RELATED @ptr_5 SL:CONTACT_RELATED] [SL:MUTUAL_EMPLOYER @ptr_6 SL:MUTUAL_EMPLOYER] @ptr_7 IN:GET_CONTACT] SL:RECIPIENT] @ptr_8 [SL:CONTENT_EXACT @ptr_9 @ptr_10 @ptr_11 @ptr_12 @ptr_13 @ptr_14 SL:CONTENT_EXACT] IN:SEND_MESSAGE]
Send message to my employees that the office will close an hour early due to daylight savings	Send Ġmessage Ġto Ġmy Ġemployees Ġthat Ġthe Ġoffice Ġwill Ġclose Ġan Ġhour Ġearly Ġdue Ġto Ġdaylight Ġsavings	[IN:SEND_MESSAGE @ptr_0 @ptr_1 @ptr_2 [SL:RECIPIENT [IN:GET_CONTACT [SL:CONTACT_RELATED @ptr_3 SL:CONTACT_RELATED] [SL:MUTUAL_EMPLOYER @ptr_4 SL:MUTUAL_EMPLOYER] IN:GET_CONTACT] SL:RECIPIENT] @ptr_5 [SL:CONTENT_EXACT @ptr_6 @ptr_7 @ptr_8 @ptr_9 @ptr_10 @ptr_11 @ptr_12 @ptr_13 @ptr_14 @ptr_15 @ptr_16 SL:CONTENT_EXACT] IN:SEND_MESSAGE]
Smile face the Facebook message from Johnny	Sm ile Ġface Ġthe ĠFacebook Ġmessage Ġfrom ĠJohnny	[IN:REACT_MESSAGE [SL:TYPE_REACTION @ptr_0 @ptr_1 @ptr_2 SL:TYPE_REACTION] @ptr_3 [SL:RESOURCE @ptr_4 SL:RESOURCE] @ptr_5 @ptr_6 [SL:RECIPIENT @ptr_7 SL:RECIPIENT] IN:REACT_MESSAGE]
Let ’s video message with Mom and Dad on Skype .	Let ĠâĢ Ļ s Ġvideo Ġmessage Ġwith ĠMom Ġand ĠDad Ġon ĠSkype Ġ.	[IN:SEND_MESSAGE @ptr_0 @ptr_1 @ptr_2 @ptr_3 [SL:TYPE_CONTENT @ptr_4 SL:TYPE_CONTENT] @ptr_5 @ptr_6 [SL:RECIPIENT [IN:GET_CONTACT [SL:TYPE_RELATION @ptr_7 SL:TYPE_RELATION] IN:GET_CONTACT] SL:RECIPIENT] @ptr_8 [SL:RECIPIENT [IN:GET_CONTACT [SL:TYPE_RELATION @ptr_9 SL:TYPE_RELATION] IN:GET_CONTACT] SL:RECIPIENT] @ptr_10 [SL:RESOURCE @ptr_11 SL:RESOURCE] @ptr_12 IN:SEND_MESSAGE]
Message my dad What 's App .	Message Ġmy Ġdad ĠWhat Ġ' s ĠApp Ġ.	[IN:SEND_MESSAGE @ptr_0 [SL:RECIPIENT [IN:GET_CONTACT [SL:CONTACT_RELATED @ptr_1 SL:CONTACT_RELATED] [SL:TYPE_RELATION @ptr_2 SL:TYPE_RELATION] IN:GET_CONTACT] SL:RECIPIENT] [SL:RESOURCE @ptr_3 @ptr_4 @ptr_5 @ptr_6 SL:RESOURCE] @ptr_7 IN:SEND_MESSAGE]
Any new messages on Steam today ?	Any Ġnew Ġmessages Ġon ĠSteam Ġtoday Ġ?	[IN:GET_MESSAGE @ptr_0 [SL:TAG_MESSAGE @ptr_1 SL:TAG_MESSAGE] @ptr_2 @ptr_3 [SL:RESOURCE @ptr_4 SL:RESOURCE] [SL:DATE_TIME @ptr_5 SL:DATE_TIME] @ptr_6 IN:GET_MESSAGE]
New SMS for my cousin Mark	New ĠSMS Ġfor Ġmy Ġcousin ĠMark	[IN:SEND_MESSAGE @ptr_0 [SL:RESOURCE @ptr_1 SL:RESOURCE] @ptr_2 [SL:RECIPIENT [IN:GET_CONTACT [SL:CONTACT_RELATED @ptr_3 SL:CONTACT_RELATED] [SL:TYPE_RELATION @ptr_4 SL:TYPE_RELATION] [SL:CONTACT @ptr_5 SL:CONTACT] IN:GET_CONTACT] SL:RECIPIENT] IN:SEND_MESSAGE]
Send message to my college alumni friends that the 1st few of them football game will be August 20 , want to know to be there	Send Ġmessage Ġto Ġmy Ġcollege Ġalumni Ġfriends Ġthat Ġthe Ġ1 st Ġfew Ġof Ġthem Ġfootball Ġgame Ġwill Ġbe ĠAugust Ġ20 Ġ, Ġwant Ġto Ġknow Ġto Ġbe Ġthere	[IN:SEND_MESSAGE @ptr_0 @ptr_1 @ptr_2 [SL:RECIPIENT [IN:GET_CONTACT [SL:CONTACT_RELATED @ptr_3 SL:CONTACT_RELATED] [SL:MUTUAL_SCHOOL @ptr_4 @ptr_5 SL:MUTUAL_SCHOOL] [SL:TYPE_RELATION @ptr_6 SL:TYPE_RELATION] IN:GET_CONTACT] SL:RECIPIENT] @ptr_7 [SL:CONTENT_EXACT @ptr_8 @ptr_9 @ptr_10 @ptr_11 @ptr_12 @ptr_13 @ptr_14 @ptr_15 @ptr_16 @ptr_17 @ptr_18 @ptr_19 @ptr_20 @ptr_21 @ptr_22 @ptr_23 @ptr_24 @ptr_25 @ptr_26 SL:CONTENT_EXACT] IN:SEND_MESSAGE]
Send message to my college alumni friends that the 1st few of them football game will be August 20 , want to know to be there	Send Ġmessage Ġto Ġmy Ġcollege Ġalumni Ġfriends Ġthat Ġthe Ġ1 st Ġfew Ġof Ġthem Ġfootball Ġgame Ġwill Ġbe ĠAugust Ġ20 Ġ, Ġwant Ġto Ġknow Ġto Ġbe Ġthere	[IN:SEND_MESSAGE @ptr_0 @ptr_1 @ptr_2 [SL:RECIPIENT [IN:GET_CONTACT [SL:CONTACT_RELATED @ptr_3 SL:CONTACT_RELATED] [SL:MUTUAL_SCHOOL @ptr_4 @ptr_5 SL:MUTUAL_SCHOOL] [SL:TYPE_RELATION @ptr_6 SL:TYPE_RELATION] IN:GET_CONTACT] SL:RECIPIENT] @ptr_7 [SL:CONTENT_EXACT @ptr_8 @ptr_9 @ptr_10 @ptr_11 @ptr_12 @ptr_13 @ptr_14 @ptr_15 @ptr_16 @ptr_17 @ptr_18 @ptr_19 @ptr_20 @ptr_21 @ptr_22 @ptr_23 @ptr_24 @ptr_25 @ptr_26 SL:CONTENT_EXACT] IN:SEND_MESSAGE]
Message my school friends to ask when our next reunion will be .	Message Ġmy Ġschool Ġfriends Ġto Ġask Ġwhen Ġour Ġnext Ġreunion Ġwill Ġbe Ġ.	[IN:SEND_MESSAGE @ptr_0 [SL:RECIPIENT [IN:GET_CONTACT [SL:CONTACT_RELATED @ptr_1 SL:CONTACT_RELATED] [SL:MUTUAL_SCHOOL @ptr_2 SL:MUTUAL_SCHOOL] [SL:TYPE_RELATION @ptr_3 SL:TYPE_RELATION] IN:GET_CONTACT] SL:RECIPIENT] @ptr_4 @ptr_5 [SL:CONTENT_EXACT @ptr_6 @ptr_7 @ptr_8 @ptr_9 @ptr_10 @ptr_11 SL:CONTENT_EXACT] @ptr_12 IN:SEND_MESSAGE]
Message my school friends to ask when our next reunion will be .	Message Ġmy Ġschool Ġfriends Ġto Ġask Ġwhen Ġour Ġnext Ġreunion Ġwill Ġbe Ġ.	[IN:SEND_MESSAGE @ptr_0 [SL:RECIPIENT [IN:GET_CONTACT [SL:CONTACT_RELATED @ptr_1 SL:CONTACT_RELATED] [SL:MUTUAL_SCHOOL @ptr_2 SL:MUTUAL_SCHOOL] [SL:TYPE_RELATION @ptr_3 SL:TYPE_RELATION] IN:GET_CONTACT] SL:RECIPIENT] @ptr_4 @ptr_5 [SL:CONTENT_EXACT @ptr_6 @ptr_7 @ptr_8 @ptr_9 @ptr_10 @ptr_11 SL:CONTENT_EXACT] @ptr_12 IN:SEND_MESSAGE]
Text all my lesbian friends that we are leaving for pride at 7 am	Text Ġall Ġmy Ġlesbian Ġfriends Ġthat Ġwe Ġare Ġleaving Ġfor Ġpride Ġat Ġ7 Ġam	[IN:SEND_MESSAGE @ptr_0 @ptr_1 [SL:RECIPIENT [IN:GET_CONTACT [SL:CONTACT_RELATED @ptr_2 SL:CONTACT_RELATED] [SL:TYPE_INFO @ptr_3 SL:TYPE_INFO] [SL:TYPE_RELATION @ptr_4 SL:TYPE_RELATION] IN:GET_CONTACT] SL:RECIPIENT] @ptr_5 [SL:CONTENT_EXACT @ptr_6 @ptr_7 @ptr_8 @ptr_9 @ptr_10 @ptr_11 @ptr_12 @ptr_13 SL:CONTENT_EXACT] IN:SEND_MESSAGE]
Text all my lesbian friends that we are leaving for pride at 7 am	Text Ġall Ġmy Ġlesbian Ġfriends Ġthat Ġwe Ġare Ġleaving Ġfor Ġpride Ġat Ġ7 Ġam	[IN:SEND_MESSAGE @ptr_0 @ptr_1 [SL:RECIPIENT [IN:GET_CONTACT [SL:CONTACT_RELATED @ptr_2 SL:CONTACT_RELATED] [SL:TYPE_INFO @ptr_3 SL:TYPE_INFO] [SL:TYPE_RELATION @ptr_4 SL:TYPE_RELATION] IN:GET_CONTACT] SL:RECIPIENT] @ptr_5 [SL:CONTENT_EXACT @ptr_6 @ptr_7 @ptr_8 @ptr_9 @ptr_10 @ptr_11 @ptr_12 @ptr_13 SL:CONTENT_EXACT] IN:SEND_MESSAGE]
Send both an e - mail and text to my local friends that Baskin Robbins is having a July 4th sale event .	Send Ġboth Ġan Ġe Ġ- Ġmail Ġand Ġtext Ġto Ġmy Ġlocal Ġfriends Ġthat ĠB ask in ĠRobbins Ġis Ġhaving Ġa ĠJuly Ġ4 th Ġsale Ġevent Ġ.	[IN:SEND_MESSAGE @ptr_0 @ptr_1 @ptr_2 @ptr_3 @ptr_4 @ptr_5 @ptr_6 @ptr_7 @ptr_8 [SL:RECIPIENT [IN:GET_CONTACT [SL:CONTACT_RELATED @ptr_9 SL:CONTACT_RELATED] [SL:MUTUAL_LOCATION @ptr_10 SL:MUTUAL_LOCATION] [SL:TYPE_RELATION @ptr_11 SL:TYPE_RELATION] IN:GET_CONTACT] SL:RECIPIENT] @ptr_12 [SL:CONTENT_EXACT @ptr_13 @ptr_14 @ptr_15 @ptr_16 @ptr_17 @ptr_18 @ptr_19 @ptr_20 @ptr_21 @ptr_22 @ptr_23 @ptr_24 SL:CONTENT_EXACT] @ptr_25 IN:SEND_MESSAGE]
Send both an e - mail and text to my local friends that Baskin Robbins is having a July 4th sale event .	Send Ġboth Ġan Ġe Ġ- Ġmail Ġand Ġtext Ġto Ġmy Ġlocal Ġfriends Ġthat ĠB ask in ĠRobbins Ġis Ġhaving Ġa ĠJuly Ġ4 th Ġsale Ġevent Ġ.	[IN:SEND_MESSAGE @ptr_0 @ptr_1 @ptr_2 @ptr_3 @ptr_4 @ptr_5 @ptr_6 @ptr_7 @ptr_8 [SL:RECIPIENT [IN:GET_CONTACT [SL:CONTACT_RELATED @ptr_9 SL:CONTACT_RELATED] [SL:MUTUAL_LOCATION @ptr_10 SL:MUTUAL_LOCATION] [SL:TYPE_RELATION @ptr_11 SL:TYPE_RELATION] IN:GET_CONTACT] SL:RECIPIENT] @ptr_12 [SL:CONTENT_EXACT @ptr_13 @ptr_14 @ptr_15 @ptr_16 @ptr_17 @ptr_18 @ptr_19 @ptr_20 @ptr_21 @ptr_22 @ptr_23 @ptr_24 SL:CONTENT_EXACT] @ptr_25 IN:SEND_MESSAGE]
I wanna see new messages from investment group	I Ġwanna Ġsee Ġnew Ġmessages Ġfrom Ġinvestment Ġgroup	[IN:GET_MESSAGE @ptr_0 @ptr_1 @ptr_2 [SL:TAG_MESSAGE @ptr_3 SL:TAG_MESSAGE] @ptr_4 @ptr_5 [SL:GROUP @ptr_6 SL:GROUP] @ptr_7 IN:GET_MESSAGE]
Open new message , please .	Open Ġnew Ġmessage Ġ, Ġplease Ġ.	[IN:GET_MESSAGE @ptr_0 [SL:TAG_MESSAGE @ptr_1 SL:TAG_MESSAGE] @ptr_2 @ptr_3 @ptr_4 @ptr_5 IN:GET_MESSAGE]
are there any new messages	are Ġthere Ġany Ġnew Ġmessages	[IN:GET_MESSAGE @ptr_0 @ptr_1 @ptr_2 [SL:TAG_MESSAGE @ptr_3 SL:TAG_MESSAGE] @ptr_4 IN:GET_MESSAGE]
Check my new messages on Line .	Check Ġmy Ġnew Ġmessages Ġon ĠLine Ġ.	[IN:GET_MESSAGE @ptr_0 @ptr_1 [SL:TAG_MESSAGE @ptr_2 SL:TAG_MESSAGE] @ptr_3 @ptr_4 [SL:RESOURCE @ptr_5 SL:RESOURCE] @ptr_6 IN:GET_MESSAGE]
Pull up all the new messages on Line .	Pull Ġup Ġall Ġthe Ġnew Ġmessages Ġon ĠLine Ġ.	[IN:GET_MESSAGE @ptr_0 @ptr_1 [SL:AMOUNT @ptr_2 SL:AMOUNT] @ptr_3 [SL:TAG_MESSAGE @ptr_4 SL:TAG_MESSAGE] @ptr_5 @ptr_6 [SL:RESOURCE @ptr_7 SL:RESOURCE] @ptr_8 IN:GET_MESSAGE]
Start Grandma 's video message	Start ĠGrand ma Ġ' s Ġvideo Ġmessage	[IN:UNSUPPORTED_MESSAGING @ptr_0 @ptr_1 @ptr_2 @ptr_3 @ptr_4 @ptr_5 @ptr_6 IN:UNSUPPORTED_MESSAGING]
Start making a video message for John .	Start Ġmaking Ġa Ġvideo Ġmessage Ġfor ĠJohn Ġ.	[IN:UNSUPPORTED_MESSAGING @ptr_0 @ptr_1 @ptr_2 @ptr_3 @ptr_4 @ptr_5 @ptr_6 @ptr_7 IN:UNSUPPORTED_MESSAGING]
I want to record a group video message for Anne Stanton , Kenna Haj and Nancy Karras .	I Ġwant Ġto Ġrecord Ġa Ġgroup Ġvideo Ġmessage Ġfor ĠAnne ĠStanton Ġ, ĠKenn a ĠHaj Ġand ĠNancy ĠK arr as Ġ.	[IN:UNSUPPORTED_MESSAGING @ptr_0 @ptr_1 @ptr_2 @ptr_3 @ptr_4 @ptr_5 @ptr_6 @ptr_7 @ptr_8 @ptr_9 @ptr_10 @ptr_11 @ptr_12 @ptr_13 @ptr_14 @ptr_15 @ptr_16 @ptr_17 @ptr_18 @ptr_19 @ptr_20 IN:UNSUPPORTED_MESSAGING]
Start setting up a video message	Start Ġsetting Ġup Ġa Ġvideo Ġmessage	[IN:UNSUPPORTED_MESSAGING @ptr_0 @ptr_1 @ptr_2 @ptr_3 @ptr_4 @ptr_5 IN:UNSUPPORTED_MESSAGING]
Get a video message for Amanda .	Get Ġa Ġvideo Ġmessage Ġfor ĠAmanda Ġ.	[IN:UNSUPPORTED_MESSAGING @ptr_0 @ptr_1 @ptr_2 @ptr_3 @ptr_4 @ptr_5 @ptr_6 IN:UNSUPPORTED_MESSAGING]
please ignore video messages	please Ġignore Ġvideo Ġmessages	[IN:IGNORE_MESSAGE @ptr_0 @ptr_1 [SL:TYPE_CONTENT @ptr_2 SL:TYPE_CONTENT] @ptr_3 IN:IGNORE_MESSAGE]
please ignore incoming messages	please Ġignore Ġincoming Ġmessages	[IN:IGNORE_MESSAGE @ptr_0 @ptr_1 @ptr_2 @ptr_3 IN:IGNORE_MESSAGE]
Ignore message	Ign ore Ġmessage	[IN:IGNORE_MESSAGE @ptr_0 @ptr_1 @ptr_2 IN:IGNORE_MESSAGE]
don't show me the message	don 't Ġshow Ġme Ġthe Ġmessage	[IN:IGNORE_MESSAGE @ptr_0 @ptr_1 @ptr_2 @ptr_3 @ptr_4 @ptr_5 IN:IGNORE_MESSAGE]
ignore incoming video message	ignore Ġincoming Ġvideo Ġmessage	[IN:IGNORE_MESSAGE @ptr_0 @ptr_1 [SL:TYPE_CONTENT @ptr_2 SL:TYPE_CONTENT] @ptr_3 IN:IGNORE_MESSAGE]
Can you send a WhatsApp to my grandpa asking him if he wants food ?	Can Ġyou Ġsend Ġa ĠWhatsApp Ġto Ġmy Ġgrand pa Ġasking Ġhim Ġif Ġhe Ġwants Ġfood Ġ?	[IN:SEND_TEXT_MESSAGE @ptr_0 @ptr_1 @ptr_2 @ptr_3 [SL:RESOURCE @ptr_4 SL:RESOURCE] @ptr_5 [SL:RECIPIENT [IN:GET_CONTACT [SL:CONTACT_RELATED @ptr_6 SL:CONTACT_RELATED] [SL:TYPE_RELATION @ptr_7 @ptr_8 SL:TYPE_RELATION] IN:GET_CONTACT] SL:RECIPIENT] @ptr_9 @ptr_10 @ptr_11 [SL:CONTENT_EXACT @ptr_12 @ptr_13 @ptr_14 SL:CONTENT_EXACT] @ptr_15 IN:SEND_TEXT_MESSAGE]
Text my current location to my little sister .	Text Ġmy Ġcurrent Ġlocation Ġto Ġmy Ġlittle Ġsister Ġ.	[IN:SEND_MESSAGE @ptr_0 [SL:CONTENT_EXACT @ptr_1 @ptr_2 @ptr_3 SL:CONTENT_EXACT] @ptr_4 [SL:RECIPIENT [IN:GET_CONTACT [SL:CONTACT_RELATED @ptr_5 SL:CONTACT_RELATED] [SL:AGE @ptr_6 SL:AGE] [SL:TYPE_RELATION @ptr_7 SL:TYPE_RELATION] IN:GET_CONTACT] SL:RECIPIENT] @ptr_8 IN:SEND_MESSAGE]
Send my younger sister a voice text	Send Ġmy Ġyounger Ġsister Ġa Ġvoice Ġtext	[IN:SEND_MESSAGE @ptr_0 [SL:RECIPIENT [IN:GET_CONTACT [SL:CONTACT_RELATED @ptr_1 SL:CONTACT_RELATED] [SL:AGE @ptr_2 SL:AGE] [SL:TYPE_RELATION @ptr_3 SL:TYPE_RELATION] IN:GET_CONTACT] SL:RECIPIENT] @ptr_4 [SL:TYPE_CONTENT @ptr_5 SL:TYPE_CONTENT] @ptr_6 IN:SEND_MESSAGE]
