Please put last song on repeat .	Please Ġput Ġlast Ġsong Ġon Ġrepeat Ġ.	[IN:LOOP_MUSIC @ptr_0 @ptr_1 @ptr_2 [SL:MUSIC_TYPE @ptr_3 SL:MUSIC_TYPE] @ptr_4 @ptr_5 @ptr_6 IN:LOOP_MUSIC]
turn on loop	turn Ġon Ġloop	[IN:LOOP_MUSIC @ptr_0 @ptr_1 @ptr_2 IN:LOOP_MUSIC]
Play the last song on repeat .	Play Ġthe Ġlast Ġsong Ġon Ġrepeat Ġ.	[IN:LOOP_MUSIC @ptr_0 @ptr_1 @ptr_2 [SL:MUSIC_TYPE @ptr_3 SL:MUSIC_TYPE] @ptr_4 @ptr_5 @ptr_6 IN:LOOP_MUSIC]
Play this song on repeat	Play Ġthis Ġsong Ġon Ġrepeat	[IN:LOOP_MUSIC @ptr_0 @ptr_1 [SL:MUSIC_TYPE @ptr_2 SL:MUSIC_TYPE] @ptr_3 @ptr_4 IN:LOOP_MUSIC]
keep repeating that song	keep Ġrepeating Ġthat Ġsong	[IN:LOOP_MUSIC @ptr_0 @ptr_1 @ptr_2 [SL:MUSIC_TYPE @ptr_3 SL:MUSIC_TYPE] IN:LOOP_MUSIC]
Skip this song	Skip Ġthis Ġsong	[IN:SKIP_TRACK_MUSIC @ptr_0 @ptr_1 [SL:MUSIC_TYPE @ptr_2 SL:MUSIC_TYPE] IN:SKIP_TRACK_MUSIC]
Play the current pop music	Play Ġthe Ġcurrent Ġpop Ġmusic	[IN:PLAY_MUSIC @ptr_0 @ptr_1 @ptr_2 [SL:MUSIC_GENRE @ptr_3 SL:MUSIC_GENRE] [SL:MUSIC_TYPE @ptr_4 SL:MUSIC_TYPE] IN:PLAY_MUSIC]
Please add this song to my favorites list	Please Ġadd Ġthis Ġsong Ġto Ġmy Ġfavorites Ġlist	[IN:ADD_TO_PLAYLIST_MUSIC @ptr_0 @ptr_1 @ptr_2 [SL:MUSIC_TYPE @ptr_3 SL:MUSIC_TYPE] @ptr_4 @ptr_5 [SL:MUSIC_PLAYLIST_TITLE @ptr_6 SL:MUSIC_PLAYLIST_TITLE] [SL:MUSIC_TYPE @ptr_7 SL:MUSIC_TYPE] IN:ADD_TO_PLAYLIST_MUSIC]
Start the Mood Shifter playlist .	Start Ġthe ĠMood ĠSh ifter Ġplaylist Ġ.	[IN:PLAY_MUSIC @ptr_0 @ptr_1 [SL:MUSIC_PLAYLIST_TITLE @ptr_2 @ptr_3 @ptr_4 SL:MUSIC_PLAYLIST_TITLE] [SL:MUSIC_TYPE @ptr_5 SL:MUSIC_TYPE] @ptr_6 IN:PLAY_MUSIC]
play my favorite 's song list	play Ġmy Ġfavorite Ġ' s Ġsong Ġlist	[IN:PLAY_MUSIC @ptr_0 [SL:MUSIC_PLAYLIST_TITLE @ptr_1 @ptr_2 SL:MUSIC_PLAYLIST_TITLE] @ptr_3 @ptr_4 [SL:MUSIC_TYPE @ptr_5 SL:MUSIC_TYPE] @ptr_6 IN:PLAY_MUSIC]
Play the first song again	Play Ġthe Ġfirst Ġsong Ġagain	[IN:REPLAY_MUSIC @ptr_0 @ptr_1 @ptr_2 [SL:MUSIC_TYPE @ptr_3 SL:MUSIC_TYPE] @ptr_4 IN:REPLAY_MUSIC]
Repeat song please	Repeat Ġsong Ġplease	[IN:REPLAY_MUSIC @ptr_0 [SL:MUSIC_TYPE @ptr_1 SL:MUSIC_TYPE] @ptr_2 IN:REPLAY_MUSIC]
Replay this song	Re play Ġthis Ġsong	[IN:REPLAY_MUSIC @ptr_0 @ptr_1 @ptr_2 [SL:MUSIC_TYPE @ptr_3 SL:MUSIC_TYPE] IN:REPLAY_MUSIC]
Play that song again .	Play Ġthat Ġsong Ġagain Ġ.	[IN:REPLAY_MUSIC @ptr_0 @ptr_1 [SL:MUSIC_TYPE @ptr_2 SL:MUSIC_TYPE] @ptr_3 @ptr_4 IN:REPLAY_MUSIC]
repeat justin bieber every time	repeat Ġjust in Ġb ie ber Ġevery Ġtime	[IN:REPLAY_MUSIC @ptr_0 [SL:MUSIC_ARTIST_NAME @ptr_1 @ptr_2 @ptr_3 @ptr_4 @ptr_5 SL:MUSIC_ARTIST_NAME] [SL:MUSIC_TRACK_TITLE @ptr_6 @ptr_7 SL:MUSIC_TRACK_TITLE] IN:REPLAY_MUSIC]
repeat last song	repeat Ġlast Ġsong	[IN:PREVIOUS_TRACK_MUSIC @ptr_0 [SL:ORDINAL @ptr_1 SL:ORDINAL] [SL:MUSIC_TYPE @ptr_2 SL:MUSIC_TYPE] IN:PREVIOUS_TRACK_MUSIC]
Repeat the last song	Repeat Ġthe Ġlast Ġsong	[IN:PREVIOUS_TRACK_MUSIC @ptr_0 @ptr_1 [SL:ORDINAL @ptr_2 SL:ORDINAL] [SL:MUSIC_TYPE @ptr_3 SL:MUSIC_TYPE] IN:PREVIOUS_TRACK_MUSIC]
replay last song	re play Ġlast Ġsong	[IN:PREVIOUS_TRACK_MUSIC @ptr_0 @ptr_1 [SL:ORDINAL @ptr_2 SL:ORDINAL] [SL:MUSIC_TYPE @ptr_3 SL:MUSIC_TYPE] IN:PREVIOUS_TRACK_MUSIC]
Replay the last 5 songs .	Re play Ġthe Ġlast Ġ5 Ġsongs Ġ.	[IN:PREVIOUS_TRACK_MUSIC @ptr_0 @ptr_1 @ptr_2 [SL:ORDINAL @ptr_3 SL:ORDINAL] @ptr_4 [SL:MUSIC_TYPE @ptr_5 SL:MUSIC_TYPE] @ptr_6 IN:PREVIOUS_TRACK_MUSIC]
I want to replay the previous track	I Ġwant Ġto Ġreplay Ġthe Ġprevious Ġtrack	[IN:PREVIOUS_TRACK_MUSIC @ptr_0 @ptr_1 @ptr_2 @ptr_3 @ptr_4 [SL:ORDINAL @ptr_5 SL:ORDINAL] [SL:MUSIC_TYPE @ptr_6 SL:MUSIC_TYPE] IN:PREVIOUS_TRACK_MUSIC]
I want the next track	I Ġwant Ġthe Ġnext Ġtrack	[IN:SKIP_TRACK_MUSIC @ptr_0 @ptr_1 @ptr_2 [SL:ORDINAL @ptr_3 SL:ORDINAL] [SL:MUSIC_TYPE @ptr_4 SL:MUSIC_TYPE] IN:SKIP_TRACK_MUSIC]
go to next song	go Ġto Ġnext Ġsong	[IN:SKIP_TRACK_MUSIC @ptr_0 @ptr_1 [SL:ORDINAL @ptr_2 SL:ORDINAL] [SL:MUSIC_TYPE @ptr_3 SL:MUSIC_TYPE] IN:SKIP_TRACK_MUSIC]
Skip the next two tracks	Skip Ġthe Ġnext Ġtwo Ġtracks	[IN:SKIP_TRACK_MUSIC @ptr_0 @ptr_1 [SL:ORDINAL @ptr_2 SL:ORDINAL] @ptr_3 [SL:MUSIC_TYPE @ptr_4 SL:MUSIC_TYPE] IN:SKIP_TRACK_MUSIC]
Can we listen to the last song again ?	Can Ġwe Ġlisten Ġto Ġthe Ġlast Ġsong Ġagain Ġ?	[IN:PREVIOUS_TRACK_MUSIC @ptr_0 @ptr_1 @ptr_2 @ptr_3 @ptr_4 [SL:ORDINAL @ptr_5 SL:ORDINAL] [SL:MUSIC_TYPE @ptr_6 SL:MUSIC_TYPE] @ptr_7 @ptr_8 IN:PREVIOUS_TRACK_MUSIC]
Go to the next track .	Go Ġto Ġthe Ġnext Ġtrack Ġ.	[IN:SKIP_TRACK_MUSIC @ptr_0 @ptr_1 @ptr_2 [SL:ORDINAL @ptr_3 SL:ORDINAL] [SL:MUSIC_TYPE @ptr_4 SL:MUSIC_TYPE] @ptr_5 IN:SKIP_TRACK_MUSIC]
Play Black Sabbath Fluff	Play ĠBlack ĠSabbath ĠFl uff	[IN:PLAY_MUSIC @ptr_0 [SL:MUSIC_ARTIST_NAME @ptr_1 @ptr_2 SL:MUSIC_ARTIST_NAME] [SL:MUSIC_TRACK_TITLE @ptr_3 @ptr_4 SL:MUSIC_TRACK_TITLE] IN:PLAY_MUSIC]
I want to listen to John Legends newest album	I Ġwant Ġto Ġlisten Ġto ĠJohn ĠLegends Ġnewest Ġalbum	[IN:PLAY_MUSIC @ptr_0 @ptr_1 @ptr_2 @ptr_3 @ptr_4 @ptr_5 @ptr_6 @ptr_7 [SL:MUSIC_TYPE @ptr_8 SL:MUSIC_TYPE] IN:PLAY_MUSIC]
I want to hear disco music	I Ġwant Ġto Ġhear Ġdisco Ġmusic	[IN:PLAY_MUSIC @ptr_0 @ptr_1 @ptr_2 @ptr_3 @ptr_4 [SL:MUSIC_TYPE @ptr_5 SL:MUSIC_TYPE] IN:PLAY_MUSIC]
Play some Eagles music	Play Ġsome ĠEagles Ġmusic	[IN:PLAY_MUSIC @ptr_0 @ptr_1 [SL:MUSIC_ARTIST_NAME @ptr_2 SL:MUSIC_ARTIST_NAME] [SL:MUSIC_TYPE @ptr_3 SL:MUSIC_TYPE] IN:PLAY_MUSIC]
play some soothing music	play Ġsome Ġsoothing Ġmusic	[IN:PLAY_MUSIC @ptr_0 @ptr_1 [SL:MUSIC_GENRE @ptr_2 SL:MUSIC_GENRE] [SL:MUSIC_TYPE @ptr_3 SL:MUSIC_TYPE] IN:PLAY_MUSIC]
play Words of Love	play ĠWords Ġof ĠLove	[IN:PLAY_MUSIC @ptr_0 [SL:MUSIC_TRACK_TITLE @ptr_1 @ptr_2 @ptr_3 SL:MUSIC_TRACK_TITLE] IN:PLAY_MUSIC]
lets play that one more time	lets Ġplay Ġthat Ġone Ġmore Ġtime	[IN:REPLAY_MUSIC @ptr_0 @ptr_1 @ptr_2 [SL:MUSIC_TRACK_TITLE @ptr_3 @ptr_4 @ptr_5 SL:MUSIC_TRACK_TITLE] IN:REPLAY_MUSIC]
find and play on Spotify the Beattles , Helter Skelter	find Ġand Ġplay Ġon ĠSpotify Ġthe ĠBe att les Ġ, ĠHel ter ĠS kel ter	[IN:PLAY_MUSIC @ptr_0 @ptr_1 @ptr_2 @ptr_3 [SL:MUSIC_PROVIDER_NAME @ptr_4 SL:MUSIC_PROVIDER_NAME] @ptr_5 [SL:MUSIC_ARTIST_NAME @ptr_6 @ptr_7 @ptr_8 SL:MUSIC_ARTIST_NAME] @ptr_9 [SL:MUSIC_TRACK_TITLE @ptr_10 @ptr_11 @ptr_12 @ptr_13 @ptr_14 SL:MUSIC_TRACK_TITLE] IN:PLAY_MUSIC]
play it 's a small world on spotify	play Ġit Ġ' s Ġa Ġsmall Ġworld Ġon Ġspot ify	[IN:PLAY_MUSIC @ptr_0 [SL:MUSIC_TRACK_TITLE @ptr_1 @ptr_2 @ptr_3 @ptr_4 @ptr_5 @ptr_6 SL:MUSIC_TRACK_TITLE] @ptr_7 [SL:MUSIC_PROVIDER_NAME @ptr_8 @ptr_9 SL:MUSIC_PROVIDER_NAME] IN:PLAY_MUSIC]
play Michael Jackson 's Thriller	play ĠMichael ĠJackson Ġ' s ĠThr iller	[IN:PLAY_MUSIC @ptr_0 [SL:MUSIC_ARTIST_NAME @ptr_1 @ptr_2 SL:MUSIC_ARTIST_NAME] @ptr_3 @ptr_4 [SL:MUSIC_TRACK_TITLE @ptr_5 @ptr_6 SL:MUSIC_TRACK_TITLE] IN:PLAY_MUSIC]
Pause the music	Pause Ġthe Ġmusic	[IN:PAUSE_MUSIC @ptr_0 @ptr_1 [SL:MUSIC_TYPE @ptr_2 SL:MUSIC_TYPE] IN:PAUSE_MUSIC]
Pause that song	Pause Ġthat Ġsong	[IN:PAUSE_MUSIC @ptr_0 @ptr_1 [SL:MUSIC_TYPE @ptr_2 SL:MUSIC_TYPE] IN:PAUSE_MUSIC]
pause this song	pause Ġthis Ġsong	[IN:PAUSE_MUSIC @ptr_0 @ptr_1 [SL:MUSIC_TYPE @ptr_2 SL:MUSIC_TYPE] IN:PAUSE_MUSIC]
pause the music	pause Ġthe Ġmusic	[IN:PAUSE_MUSIC @ptr_0 @ptr_1 [SL:MUSIC_TYPE @ptr_2 SL:MUSIC_TYPE] IN:PAUSE_MUSIC]
pause track	pause Ġtrack	[IN:PAUSE_MUSIC @ptr_0 [SL:MUSIC_TYPE @ptr_1 SL:MUSIC_TYPE] IN:PAUSE_MUSIC]
Play my car playlist	Play Ġmy Ġcar Ġplaylist	[IN:PLAY_MUSIC @ptr_0 @ptr_1 [SL:MUSIC_PLAYLIST_TITLE @ptr_2 SL:MUSIC_PLAYLIST_TITLE] [SL:MUSIC_TYPE @ptr_3 SL:MUSIC_TYPE] IN:PLAY_MUSIC]
Play top hits from 2013	Play Ġtop Ġhits Ġfrom Ġ2013	[IN:PLAY_MUSIC @ptr_0 [SL:MUSIC_PLAYLIST_TITLE @ptr_1 @ptr_2 @ptr_3 @ptr_4 SL:MUSIC_PLAYLIST_TITLE] IN:PLAY_MUSIC]
Play my favorite playlist	Play Ġmy Ġfavorite Ġplaylist	[IN:PLAY_MUSIC @ptr_0 @ptr_1 [SL:MUSIC_PLAYLIST_TITLE @ptr_2 SL:MUSIC_PLAYLIST_TITLE] [SL:MUSIC_TYPE @ptr_3 SL:MUSIC_TYPE] IN:PLAY_MUSIC]
Please save this Broadway playlist .	Please Ġsave Ġthis ĠBroadway Ġplaylist Ġ.	[IN:ADD_TO_PLAYLIST_MUSIC @ptr_0 @ptr_1 @ptr_2 [SL:MUSIC_PLAYLIST_TITLE @ptr_3 SL:MUSIC_PLAYLIST_TITLE] [SL:MUSIC_TYPE @ptr_4 SL:MUSIC_TYPE] @ptr_5 IN:ADD_TO_PLAYLIST_MUSIC]
Play the rock playlist	Play Ġthe Ġrock Ġplaylist	[IN:PLAY_MUSIC @ptr_0 @ptr_1 [SL:MUSIC_PLAYLIST_TITLE @ptr_2 SL:MUSIC_PLAYLIST_TITLE] [SL:MUSIC_TYPE @ptr_3 SL:MUSIC_TYPE] IN:PLAY_MUSIC]
Add Justin Bieber to my Pandora	Add ĠJustin ĠBieber Ġto Ġmy ĠPandora	[IN:ADD_TO_PLAYLIST_MUSIC @ptr_0 [SL:MUSIC_ARTIST_NAME @ptr_1 @ptr_2 SL:MUSIC_ARTIST_NAME] @ptr_3 @ptr_4 [SL:MUSIC_PROVIDER_NAME @ptr_5 SL:MUSIC_PROVIDER_NAME] IN:ADD_TO_PLAYLIST_MUSIC]
how about some elvis presley on pandora	how Ġabout Ġsome Ġel vis Ġpres ley Ġon Ġpand ora	[IN:PLAY_MUSIC @ptr_0 @ptr_1 @ptr_2 [SL:MUSIC_ARTIST_NAME @ptr_3 @ptr_4 @ptr_5 @ptr_6 SL:MUSIC_ARTIST_NAME] @ptr_7 [SL:MUSIC_PROVIDER_NAME @ptr_8 @ptr_9 SL:MUSIC_PROVIDER_NAME] IN:PLAY_MUSIC]
play my rock playlist on spotify	play Ġmy Ġrock Ġplaylist Ġon Ġspot ify	[IN:PLAY_MUSIC @ptr_0 @ptr_1 [SL:MUSIC_GENRE @ptr_2 SL:MUSIC_GENRE] [SL:MUSIC_TYPE @ptr_3 SL:MUSIC_TYPE] @ptr_4 [SL:MUSIC_PROVIDER_NAME @ptr_5 @ptr_6 SL:MUSIC_PROVIDER_NAME] IN:PLAY_MUSIC]
Please play Metallica 's newest song on Spotify .	Please Ġplay ĠMetall ica Ġ' s Ġnewest Ġsong Ġon ĠSpotify Ġ.	[IN:PLAY_MUSIC @ptr_0 @ptr_1 [SL:MUSIC_ARTIST_NAME @ptr_2 @ptr_3 SL:MUSIC_ARTIST_NAME] @ptr_4 @ptr_5 @ptr_6 [SL:MUSIC_TYPE @ptr_7 SL:MUSIC_TYPE] @ptr_8 [SL:MUSIC_PROVIDER_NAME @ptr_9 SL:MUSIC_PROVIDER_NAME] @ptr_10 IN:PLAY_MUSIC]
Open Spotify and select my driving playlist .	Open ĠSpotify Ġand Ġselect Ġmy Ġdriving Ġplaylist Ġ.	[IN:PLAY_MUSIC @ptr_0 [SL:MUSIC_PROVIDER_NAME @ptr_1 SL:MUSIC_PROVIDER_NAME] @ptr_2 @ptr_3 @ptr_4 [SL:MUSIC_PLAYLIST_TITLE @ptr_5 SL:MUSIC_PLAYLIST_TITLE] [SL:MUSIC_TYPE @ptr_6 SL:MUSIC_TYPE] @ptr_7 IN:PLAY_MUSIC]
Turn on the gospel playlist	Turn Ġon Ġthe Ġgospel Ġplaylist	[IN:PLAY_MUSIC @ptr_0 @ptr_1 @ptr_2 [SL:MUSIC_GENRE @ptr_3 SL:MUSIC_GENRE] [SL:MUSIC_TYPE @ptr_4 SL:MUSIC_TYPE] IN:PLAY_MUSIC]
Play some EDM please .	Play Ġsome ĠED M Ġplease Ġ.	[IN:PLAY_MUSIC @ptr_0 @ptr_1 [SL:MUSIC_GENRE @ptr_2 @ptr_3 SL:MUSIC_GENRE] @ptr_4 @ptr_5 IN:PLAY_MUSIC]
Play my 90s channel	Play Ġmy Ġ90 s Ġchannel	[IN:PLAY_MUSIC @ptr_0 @ptr_1 [SL:MUSIC_GENRE @ptr_2 @ptr_3 SL:MUSIC_GENRE] [SL:MUSIC_TYPE @ptr_4 SL:MUSIC_TYPE] IN:PLAY_MUSIC]
I don't like metal music .	I Ġdon 't Ġlike Ġmetal Ġmusic Ġ.	[IN:DISLIKE_MUSIC @ptr_0 @ptr_1 @ptr_2 @ptr_3 [SL:MUSIC_GENRE @ptr_4 SL:MUSIC_GENRE] [SL:MUSIC_TYPE @ptr_5 SL:MUSIC_TYPE] @ptr_6 IN:DISLIKE_MUSIC]
play new Japanese music	play Ġnew ĠJapanese Ġmusic	[IN:PLAY_MUSIC @ptr_0 @ptr_1 [SL:MUSIC_GENRE @ptr_2 SL:MUSIC_GENRE] [SL:MUSIC_TYPE @ptr_3 SL:MUSIC_TYPE] IN:PLAY_MUSIC]
Play the next song on my Ipod	Play Ġthe Ġnext Ġsong Ġon Ġmy ĠI pod	[IN:SKIP_TRACK_MUSIC @ptr_0 @ptr_1 [SL:ORDINAL @ptr_2 SL:ORDINAL] [SL:MUSIC_TYPE @ptr_3 SL:MUSIC_TYPE] @ptr_4 @ptr_5 @ptr_6 @ptr_7 IN:SKIP_TRACK_MUSIC]
SKIP TO NEXT SONG	SK IP ĠTO ĠNEXT ĠS ONG	[IN:SKIP_TRACK_MUSIC @ptr_0 @ptr_1 @ptr_2 [SL:ORDINAL @ptr_3 SL:ORDINAL] [SL:MUSIC_TYPE @ptr_4 @ptr_5 SL:MUSIC_TYPE] IN:SKIP_TRACK_MUSIC]
skip to the next song on the playlist	skip Ġto Ġthe Ġnext Ġsong Ġon Ġthe Ġplaylist	[IN:SKIP_TRACK_MUSIC @ptr_0 @ptr_1 @ptr_2 [SL:ORDINAL @ptr_3 SL:ORDINAL] [SL:MUSIC_TYPE @ptr_4 SL:MUSIC_TYPE] @ptr_5 @ptr_6 [SL:MUSIC_TYPE @ptr_7 SL:MUSIC_TYPE] IN:SKIP_TRACK_MUSIC]
Skip any classical music	Skip Ġany Ġclassical Ġmusic	[IN:SKIP_TRACK_MUSIC @ptr_0 @ptr_1 [SL:MUSIC_GENRE @ptr_2 SL:MUSIC_GENRE] [SL:MUSIC_TYPE @ptr_3 SL:MUSIC_TYPE] IN:SKIP_TRACK_MUSIC]
next song	next Ġsong	[IN:SKIP_TRACK_MUSIC [SL:ORDINAL @ptr_0 SL:ORDINAL] [SL:MUSIC_TYPE @ptr_1 SL:MUSIC_TYPE] IN:SKIP_TRACK_MUSIC]
Play Lady Gaga 's new song	Play ĠLady ĠGaga Ġ' s Ġnew Ġsong	[IN:PLAY_MUSIC @ptr_0 [SL:MUSIC_ARTIST_NAME @ptr_1 @ptr_2 SL:MUSIC_ARTIST_NAME] @ptr_3 @ptr_4 @ptr_5 [SL:MUSIC_TYPE @ptr_6 SL:MUSIC_TYPE] IN:PLAY_MUSIC]
Play Cher	Play ĠCher	[IN:PLAY_MUSIC @ptr_0 [SL:MUSIC_ARTIST_NAME @ptr_1 SL:MUSIC_ARTIST_NAME] IN:PLAY_MUSIC]
Play all Ed Sheeran songs on shuffle .	Play Ġall ĠEd ĠShe er an Ġsongs Ġon Ġshuffle Ġ.	[IN:START_SHUFFLE_MUSIC @ptr_0 @ptr_1 [SL:MUSIC_ARTIST_NAME @ptr_2 @ptr_3 @ptr_4 @ptr_5 SL:MUSIC_ARTIST_NAME] [SL:MUSIC_TYPE @ptr_6 SL:MUSIC_TYPE] @ptr_7 @ptr_8 @ptr_9 IN:START_SHUFFLE_MUSIC]
Please repeat the Shinedown playlist	Please Ġrepeat Ġthe ĠSh ined own Ġplaylist	[IN:REPLAY_MUSIC @ptr_0 @ptr_1 @ptr_2 [SL:MUSIC_ARTIST_NAME @ptr_3 @ptr_4 @ptr_5 SL:MUSIC_ARTIST_NAME] [SL:MUSIC_TYPE @ptr_6 SL:MUSIC_TYPE] IN:REPLAY_MUSIC]
play purple rain by prince	play Ġpurple Ġrain Ġby Ġprince	[IN:PLAY_MUSIC @ptr_0 [SL:MUSIC_TRACK_TITLE @ptr_1 @ptr_2 SL:MUSIC_TRACK_TITLE] @ptr_3 [SL:MUSIC_ARTIST_NAME @ptr_4 SL:MUSIC_ARTIST_NAME] IN:PLAY_MUSIC]
Play random current songs	Play Ġrandom Ġcurrent Ġsongs	[IN:START_SHUFFLE_MUSIC @ptr_0 @ptr_1 @ptr_2 [SL:MUSIC_TYPE @ptr_3 SL:MUSIC_TYPE] IN:START_SHUFFLE_MUSIC]
shuffle my google play music	sh uffle Ġmy Ġgoogle Ġplay Ġmusic	[IN:START_SHUFFLE_MUSIC @ptr_0 @ptr_1 @ptr_2 @ptr_3 @ptr_4 [SL:MUSIC_TYPE @ptr_5 SL:MUSIC_TYPE] IN:START_SHUFFLE_MUSIC]
shuffle music from all my stations on Pandora .	sh uffle Ġmusic Ġfrom Ġall Ġmy Ġstations Ġon ĠPandora Ġ.	[IN:START_SHUFFLE_MUSIC @ptr_0 @ptr_1 [SL:MUSIC_TYPE @ptr_2 SL:MUSIC_TYPE] @ptr_3 @ptr_4 @ptr_5 [SL:MUSIC_TYPE @ptr_6 SL:MUSIC_TYPE] @ptr_7 [SL:MUSIC_PROVIDER_NAME @ptr_8 SL:MUSIC_PROVIDER_NAME] @ptr_9 IN:START_SHUFFLE_MUSIC]
Shuffle playlist	Sh uffle Ġplaylist	[IN:START_SHUFFLE_MUSIC @ptr_0 @ptr_1 [SL:MUSIC_TYPE @ptr_2 SL:MUSIC_TYPE] IN:START_SHUFFLE_MUSIC]
Folk music shuffle	F olk Ġmusic Ġshuffle	[IN:START_SHUFFLE_MUSIC [SL:MUSIC_GENRE @ptr_0 @ptr_1 SL:MUSIC_GENRE] [SL:MUSIC_TYPE @ptr_2 SL:MUSIC_TYPE] @ptr_3 IN:START_SHUFFLE_MUSIC]
please unlike this song	please Ġunlike Ġthis Ġsong	[IN:DISLIKE_MUSIC @ptr_0 @ptr_1 @ptr_2 [SL:MUSIC_TYPE @ptr_3 SL:MUSIC_TYPE] IN:DISLIKE_MUSIC]
thumbs down on this song	th umbs Ġdown Ġon Ġthis Ġsong	[IN:DISLIKE_MUSIC @ptr_0 @ptr_1 @ptr_2 @ptr_3 @ptr_4 [SL:MUSIC_TYPE @ptr_5 SL:MUSIC_TYPE] IN:DISLIKE_MUSIC]
i hate this track	i Ġhate Ġthis Ġtrack	[IN:DISLIKE_MUSIC @ptr_0 @ptr_1 @ptr_2 [SL:MUSIC_TYPE @ptr_3 SL:MUSIC_TYPE] IN:DISLIKE_MUSIC]
don't play the last song again	don 't Ġplay Ġthe Ġlast Ġsong Ġagain	[IN:DISLIKE_MUSIC @ptr_0 @ptr_1 @ptr_2 @ptr_3 @ptr_4 [SL:MUSIC_TYPE @ptr_5 SL:MUSIC_TYPE] @ptr_6 IN:DISLIKE_MUSIC]
rate it 0 stars	rate Ġit Ġ0 Ġstars	[IN:DISLIKE_MUSIC @ptr_0 @ptr_1 @ptr_2 @ptr_3 IN:DISLIKE_MUSIC]
remove the last song i added	remove Ġthe Ġlast Ġsong Ġi Ġadded	[IN:REMOVE_FROM_PLAYLIST_MUSIC @ptr_0 @ptr_1 @ptr_2 [SL:MUSIC_TYPE @ptr_3 SL:MUSIC_TYPE] @ptr_4 @ptr_5 IN:REMOVE_FROM_PLAYLIST_MUSIC]
please do not play this song again	please Ġdo Ġnot Ġplay Ġthis Ġsong Ġagain	[IN:REMOVE_FROM_PLAYLIST_MUSIC @ptr_0 @ptr_1 @ptr_2 @ptr_3 @ptr_4 [SL:MUSIC_TYPE @ptr_5 SL:MUSIC_TYPE] @ptr_6 IN:REMOVE_FROM_PLAYLIST_MUSIC]
Don't play any songs with parental advisories	Don 't Ġplay Ġany Ġsongs Ġwith Ġparental Ġadvis ories	[IN:REMOVE_FROM_PLAYLIST_MUSIC @ptr_0 @ptr_1 @ptr_2 @ptr_3 [SL:MUSIC_TYPE @ptr_4 SL:MUSIC_TYPE] @ptr_5 @ptr_6 @ptr_7 @ptr_8 IN:REMOVE_FROM_PLAYLIST_MUSIC]
I don't want to hear this song .	I Ġdon 't Ġwant Ġto Ġhear Ġthis Ġsong Ġ.	[IN:REMOVE_FROM_PLAYLIST_MUSIC @ptr_0 @ptr_1 @ptr_2 @ptr_3 @ptr_4 @ptr_5 @ptr_6 [SL:MUSIC_TYPE @ptr_7 SL:MUSIC_TYPE] @ptr_8 IN:REMOVE_FROM_PLAYLIST_MUSIC]
Skip this song and please don't play it again	Skip Ġthis Ġsong Ġand Ġplease Ġdon 't Ġplay Ġit Ġagain	[IN:REMOVE_FROM_PLAYLIST_MUSIC @ptr_0 @ptr_1 [SL:MUSIC_TYPE @ptr_2 SL:MUSIC_TYPE] @ptr_3 @ptr_4 @ptr_5 @ptr_6 @ptr_7 @ptr_8 @ptr_9 IN:REMOVE_FROM_PLAYLIST_MUSIC]
mark this song as a favorite	mark Ġthis Ġsong Ġas Ġa Ġfavorite	[IN:LIKE_MUSIC @ptr_0 @ptr_1 [SL:MUSIC_TYPE @ptr_2 SL:MUSIC_TYPE] @ptr_3 @ptr_4 @ptr_5 IN:LIKE_MUSIC]
Bookmark current track	Book mark Ġcurrent Ġtrack	[IN:LIKE_MUSIC @ptr_0 @ptr_1 @ptr_2 [SL:MUSIC_TYPE @ptr_3 SL:MUSIC_TYPE] IN:LIKE_MUSIC]
Mark as a favorite	Mark Ġas Ġa Ġfavorite	[IN:LIKE_MUSIC @ptr_0 @ptr_1 @ptr_2 @ptr_3 IN:LIKE_MUSIC]
Thumb up	Th umb Ġup	[IN:LIKE_MUSIC @ptr_0 @ptr_1 @ptr_2 IN:LIKE_MUSIC]
Like this song on Pandora .	Like Ġthis Ġsong Ġon ĠPandora Ġ.	[IN:LIKE_MUSIC @ptr_0 @ptr_1 [SL:MUSIC_TYPE @ptr_2 SL:MUSIC_TYPE] @ptr_3 [SL:MUSIC_PROVIDER_NAME @ptr_4 SL:MUSIC_PROVIDER_NAME] @ptr_5 IN:LIKE_MUSIC]
play the soundtrack to Purple Rain	play Ġthe Ġsoundtrack Ġto ĠPurple ĠRain	[IN:PLAY_MUSIC @ptr_0 @ptr_1 [SL:MUSIC_TYPE @ptr_2 SL:MUSIC_TYPE] @ptr_3 [SL:MUSIC_ALBUM_TITLE @ptr_4 @ptr_5 SL:MUSIC_ALBUM_TITLE] IN:PLAY_MUSIC]
Play Moana soundtrack	Play ĠMo ana Ġsoundtrack	[IN:PLAY_MUSIC @ptr_0 [SL:MUSIC_ALBUM_TITLE @ptr_1 @ptr_2 SL:MUSIC_ALBUM_TITLE] [SL:MUSIC_TYPE @ptr_3 SL:MUSIC_TYPE] IN:PLAY_MUSIC]
play the album continuum	play Ġthe Ġalbum Ġcontinuum	[IN:PLAY_MUSIC @ptr_0 @ptr_1 [SL:MUSIC_TYPE @ptr_2 SL:MUSIC_TYPE] [SL:MUSIC_ALBUM_TITLE @ptr_3 SL:MUSIC_ALBUM_TITLE] IN:PLAY_MUSIC]
play dr dre 's the chronic album	play Ġdr Ġd re Ġ' s Ġthe Ġchronic Ġalbum	[IN:PLAY_MUSIC @ptr_0 [SL:MUSIC_ARTIST_NAME @ptr_1 @ptr_2 @ptr_3 SL:MUSIC_ARTIST_NAME] @ptr_4 @ptr_5 [SL:MUSIC_ALBUM_TITLE @ptr_6 @ptr_7 SL:MUSIC_ALBUM_TITLE] [SL:MUSIC_TYPE @ptr_8 SL:MUSIC_TYPE] IN:PLAY_MUSIC]
Play Emotionalism album on Spotify .	Play ĠEm otional ism Ġalbum Ġon ĠSpotify Ġ.	[IN:PLAY_MUSIC @ptr_0 [SL:MUSIC_ALBUM_TITLE @ptr_1 @ptr_2 @ptr_3 SL:MUSIC_ALBUM_TITLE] [SL:MUSIC_TYPE @ptr_4 SL:MUSIC_TYPE] @ptr_5 [SL:MUSIC_PROVIDER_NAME @ptr_6 SL:MUSIC_PROVIDER_NAME] @ptr_7 IN:PLAY_MUSIC]
Make a playlist of Usher songs	Make Ġa Ġplaylist Ġof ĠUs her Ġsongs	[IN:CREATE_PLAYLIST_MUSIC @ptr_0 @ptr_1 [SL:MUSIC_TYPE @ptr_2 SL:MUSIC_TYPE] @ptr_3 [SL:MUSIC_ARTIST_NAME @ptr_4 @ptr_5 SL:MUSIC_ARTIST_NAME] [SL:MUSIC_TYPE @ptr_6 SL:MUSIC_TYPE] IN:CREATE_PLAYLIST_MUSIC]
create a playlist	create Ġa Ġplaylist	[IN:CREATE_PLAYLIST_MUSIC @ptr_0 @ptr_1 [SL:MUSIC_TYPE @ptr_2 SL:MUSIC_TYPE] IN:CREATE_PLAYLIST_MUSIC]
make a list of my 50 most played songs for this weekends party	make Ġa Ġlist Ġof Ġmy Ġ50 Ġmost Ġplayed Ġsongs Ġfor Ġthis Ġweekends Ġparty	[IN:CREATE_PLAYLIST_MUSIC @ptr_0 @ptr_1 @ptr_2 @ptr_3 [SL:MUSIC_PLAYLIST_TITLE @ptr_4 @ptr_5 @ptr_6 @ptr_7 @ptr_8 SL:MUSIC_PLAYLIST_TITLE] @ptr_9 @ptr_10 @ptr_11 @ptr_12 IN:CREATE_PLAYLIST_MUSIC]
create new playlist from recently played songs	create Ġnew Ġplaylist Ġfrom Ġrecently Ġplayed Ġsongs	[IN:CREATE_PLAYLIST_MUSIC @ptr_0 @ptr_1 [SL:MUSIC_TYPE @ptr_2 SL:MUSIC_TYPE] @ptr_3 @ptr_4 @ptr_5 [SL:MUSIC_TYPE @ptr_6 SL:MUSIC_TYPE] IN:CREATE_PLAYLIST_MUSIC]
create a new play list	create Ġa Ġnew Ġplay Ġlist	[IN:CREATE_PLAYLIST_MUSIC @ptr_0 @ptr_1 @ptr_2 [SL:MUSIC_TYPE @ptr_3 @ptr_4 SL:MUSIC_TYPE] IN:CREATE_PLAYLIST_MUSIC]
stop the music	stop Ġthe Ġmusic	[IN:STOP_MUSIC @ptr_0 @ptr_1 [SL:MUSIC_TYPE @ptr_2 SL:MUSIC_TYPE] IN:STOP_MUSIC]
Stop repeat for this song	Stop Ġrepeat Ġfor Ġthis Ġsong	[IN:STOP_MUSIC @ptr_0 @ptr_1 @ptr_2 @ptr_3 [SL:MUSIC_TYPE @ptr_4 SL:MUSIC_TYPE] IN:STOP_MUSIC]
enough of the music	enough Ġof Ġthe Ġmusic	[IN:STOP_MUSIC @ptr_0 @ptr_1 @ptr_2 [SL:MUSIC_TYPE @ptr_3 SL:MUSIC_TYPE] IN:STOP_MUSIC]
Turn off music	Turn Ġoff Ġmusic	[IN:STOP_MUSIC @ptr_0 @ptr_1 [SL:MUSIC_TYPE @ptr_2 SL:MUSIC_TYPE] IN:STOP_MUSIC]
could you turn off the radio ?	could Ġyou Ġturn Ġoff Ġthe Ġradio Ġ?	[IN:STOP_MUSIC @ptr_0 @ptr_1 @ptr_2 @ptr_3 @ptr_4 [SL:MUSIC_TYPE @ptr_5 SL:MUSIC_TYPE] @ptr_6 IN:STOP_MUSIC]
download katy perry 's newest single .	download Ġk at y Ġper ry Ġ' s Ġnewest Ġsingle Ġ.	[IN:UNSUPPORTED_MUSIC @ptr_0 [SL:MUSIC_ARTIST_NAME @ptr_1 @ptr_2 @ptr_3 @ptr_4 @ptr_5 SL:MUSIC_ARTIST_NAME] @ptr_6 @ptr_7 @ptr_8 [SL:MUSIC_TYPE @ptr_9 SL:MUSIC_TYPE] @ptr_10 IN:UNSUPPORTED_MUSIC]
What channel is hip - hop on Sirrus ?	What Ġchannel Ġis Ġhip Ġ- Ġhop Ġon ĠSir rus Ġ?	[IN:UNSUPPORTED_MUSIC @ptr_0 [SL:MUSIC_TYPE @ptr_1 SL:MUSIC_TYPE] @ptr_2 [SL:MUSIC_GENRE @ptr_3 @ptr_4 @ptr_5 SL:MUSIC_GENRE] @ptr_6 [SL:MUSIC_PROVIDER_NAME @ptr_7 @ptr_8 SL:MUSIC_PROVIDER_NAME] @ptr_9 IN:UNSUPPORTED_MUSIC]
Repeat the last song 3 times	Repeat Ġthe Ġlast Ġsong Ġ3 Ġtimes	[IN:UNSUPPORTED_MUSIC @ptr_0 @ptr_1 @ptr_2 [SL:MUSIC_TYPE @ptr_3 SL:MUSIC_TYPE] @ptr_4 @ptr_5 IN:UNSUPPORTED_MUSIC]
Can you recommend me music ?	Can Ġyou Ġrecommend Ġme Ġmusic Ġ?	[IN:UNSUPPORTED_MUSIC @ptr_0 @ptr_1 @ptr_2 @ptr_3 [SL:MUSIC_TYPE @ptr_4 SL:MUSIC_TYPE] @ptr_5 IN:UNSUPPORTED_MUSIC]
Cancel my request on Pandora .	C ancel Ġmy Ġrequest Ġon ĠPandora Ġ.	[IN:UNSUPPORTED_MUSIC @ptr_0 @ptr_1 @ptr_2 @ptr_3 @ptr_4 [SL:MUSIC_PROVIDER_NAME @ptr_5 SL:MUSIC_PROVIDER_NAME] @ptr_6 IN:UNSUPPORTED_MUSIC]
Save this song to my library	Save Ġthis Ġsong Ġto Ġmy Ġlibrary	[IN:ADD_TO_PLAYLIST_MUSIC @ptr_0 @ptr_1 [SL:MUSIC_TYPE @ptr_2 SL:MUSIC_TYPE] @ptr_3 @ptr_4 [SL:MUSIC_TYPE @ptr_5 SL:MUSIC_TYPE] IN:ADD_TO_PLAYLIST_MUSIC]
Add this song to my favorites	Add Ġthis Ġsong Ġto Ġmy Ġfavorites	[IN:ADD_TO_PLAYLIST_MUSIC @ptr_0 @ptr_1 [SL:MUSIC_TYPE @ptr_2 SL:MUSIC_TYPE] @ptr_3 [SL:MUSIC_PLAYLIST_TITLE @ptr_4 @ptr_5 SL:MUSIC_PLAYLIST_TITLE] IN:ADD_TO_PLAYLIST_MUSIC]
Add the song waves by Kanye west to my playlist titled jams	Add Ġthe Ġsong Ġwaves Ġby ĠKanye Ġwest Ġto Ġmy Ġplaylist Ġtitled Ġjams	[IN:ADD_TO_PLAYLIST_MUSIC @ptr_0 @ptr_1 [SL:MUSIC_TYPE @ptr_2 SL:MUSIC_TYPE] [SL:MUSIC_TRACK_TITLE @ptr_3 SL:MUSIC_TRACK_TITLE] @ptr_4 [SL:MUSIC_ARTIST_NAME @ptr_5 @ptr_6 SL:MUSIC_ARTIST_NAME] @ptr_7 @ptr_8 [SL:MUSIC_TYPE @ptr_9 SL:MUSIC_TYPE] @ptr_10 [SL:MUSIC_PLAYLIST_TITLE @ptr_11 SL:MUSIC_PLAYLIST_TITLE] IN:ADD_TO_PLAYLIST_MUSIC]
add this song to my working out playlist	add Ġthis Ġsong Ġto Ġmy Ġworking Ġout Ġplaylist	[IN:ADD_TO_PLAYLIST_MUSIC @ptr_0 @ptr_1 [SL:MUSIC_TYPE @ptr_2 SL:MUSIC_TYPE] @ptr_3 @ptr_4 [SL:MUSIC_PLAYLIST_TITLE @ptr_5 @ptr_6 SL:MUSIC_PLAYLIST_TITLE] [SL:MUSIC_TYPE @ptr_7 SL:MUSIC_TYPE] IN:ADD_TO_PLAYLIST_MUSIC]
Add Janet Jackson 's Rhythm Nation to my playlist	Add ĠJanet ĠJackson Ġ' s ĠRhythm ĠNation Ġto Ġmy Ġplaylist	[IN:ADD_TO_PLAYLIST_MUSIC @ptr_0 [SL:MUSIC_ARTIST_NAME @ptr_1 @ptr_2 SL:MUSIC_ARTIST_NAME] @ptr_3 @ptr_4 [SL:MUSIC_TRACK_TITLE @ptr_5 @ptr_6 SL:MUSIC_TRACK_TITLE] @ptr_7 @ptr_8 [SL:MUSIC_TYPE @ptr_9 SL:MUSIC_TYPE] IN:ADD_TO_PLAYLIST_MUSIC]
play me 1370 on iheartradio	play Ġme Ġ13 70 Ġon Ġi heart radio	[IN:PLAY_MUSIC @ptr_0 @ptr_1 [SL:MUSIC_RADIO_ID @ptr_2 @ptr_3 SL:MUSIC_RADIO_ID] @ptr_4 [SL:MUSIC_PROVIDER_NAME @ptr_5 @ptr_6 @ptr_7 SL:MUSIC_PROVIDER_NAME] IN:PLAY_MUSIC]
start playing 95.1 on iheartradio	start Ġplaying Ġ95 . 1 Ġon Ġi heart radio	[IN:PLAY_MUSIC @ptr_0 @ptr_1 [SL:MUSIC_RADIO_ID @ptr_2 @ptr_3 @ptr_4 SL:MUSIC_RADIO_ID] @ptr_5 [SL:MUSIC_PROVIDER_NAME @ptr_6 @ptr_7 @ptr_8 SL:MUSIC_PROVIDER_NAME] IN:PLAY_MUSIC]
start playing KBEB on iheartradio	start Ġplaying ĠK BE B Ġon Ġi heart radio	[IN:PLAY_MUSIC @ptr_0 @ptr_1 [SL:MUSIC_RADIO_ID @ptr_2 @ptr_3 @ptr_4 SL:MUSIC_RADIO_ID] @ptr_5 [SL:MUSIC_PROVIDER_NAME @ptr_6 @ptr_7 @ptr_8 SL:MUSIC_PROVIDER_NAME] IN:PLAY_MUSIC]
iheartradio 981 K D D	i heart radio Ġ9 81 ĠK ĠD ĠD	[IN:PLAY_MUSIC [SL:MUSIC_PROVIDER_NAME @ptr_0 @ptr_1 @ptr_2 SL:MUSIC_PROVIDER_NAME] [SL:MUSIC_RADIO_ID @ptr_3 @ptr_4 @ptr_5 @ptr_6 @ptr_7 SL:MUSIC_RADIO_ID] IN:PLAY_MUSIC]
turn on 92.9 station on iheartradio	turn Ġon Ġ92 . 9 Ġstation Ġon Ġi heart radio	[IN:PLAY_MUSIC @ptr_0 @ptr_1 [SL:MUSIC_RADIO_ID @ptr_2 @ptr_3 @ptr_4 SL:MUSIC_RADIO_ID] [SL:MUSIC_TYPE @ptr_5 SL:MUSIC_TYPE] @ptr_6 [SL:MUSIC_PROVIDER_NAME @ptr_7 @ptr_8 @ptr_9 SL:MUSIC_PROVIDER_NAME] IN:PLAY_MUSIC]
