Set reminder for meeting on Wednesday at 2 : 00 pm	Set Ġreminder Ġfor Ġmeeting Ġon ĠWednesday Ġat Ġ2 Ġ: Ġ00 Ġpm	[IN:CREATE_REMINDER @ptr_0 @ptr_1 @ptr_2 [SL:TODO @ptr_3 SL:TODO] [SL:DATE_TIME @ptr_4 @ptr_5 @ptr_6 @ptr_7 @ptr_8 @ptr_9 @ptr_10 SL:DATE_TIME] IN:CREATE_REMINDER]
Remind Julie of meeting set for 8 am Tuesday .	Rem ind ĠJulie Ġof Ġmeeting Ġset Ġfor Ġ8 Ġam ĠTuesday Ġ.	[IN:CREATE_REMINDER @ptr_0 @ptr_1 [SL:PERSON_REMINDED @ptr_2 SL:PERSON_REMINDED] @ptr_3 [SL:TODO @ptr_4 @ptr_5 SL:TODO] [SL:DATE_TIME @ptr_6 @ptr_7 @ptr_8 @ptr_9 SL:DATE_TIME] @ptr_10 IN:CREATE_REMINDER]
Set a reminder to pick up milk .	Set Ġa Ġreminder Ġto Ġpick Ġup Ġmilk Ġ.	[IN:CREATE_REMINDER @ptr_0 @ptr_1 @ptr_2 @ptr_3 [SL:TODO @ptr_4 @ptr_5 @ptr_6 SL:TODO] @ptr_7 IN:CREATE_REMINDER]
Send a reminder 10 minutes before the even this evening	Send Ġa Ġreminder Ġ10 Ġminutes Ġbefore Ġthe Ġeven Ġthis Ġevening	[IN:CREATE_REMINDER @ptr_0 @ptr_1 @ptr_2 [SL:DATE_TIME @ptr_3 @ptr_4 @ptr_5 SL:DATE_TIME] [SL:TODO [IN:GET_TODO [SL:TODO @ptr_6 @ptr_7 SL:TODO] [SL:DATE_TIME @ptr_8 @ptr_9 SL:DATE_TIME] IN:GET_TODO] SL:TODO] IN:CREATE_REMINDER]
I'd like to remind myself that Tuesday we are having game night at 8	I 'd Ġlike Ġto Ġremind Ġmyself Ġthat ĠTuesday Ġwe Ġare Ġhaving Ġgame Ġnight Ġat Ġ8	[IN:CREATE_REMINDER @ptr_0 @ptr_1 @ptr_2 @ptr_3 @ptr_4 [SL:PERSON_REMINDED @ptr_5 SL:PERSON_REMINDED] @ptr_6 [SL:TODO [IN:GET_TODO [SL:DATE_TIME @ptr_7 SL:DATE_TIME] [SL:TODO @ptr_8 @ptr_9 @ptr_10 @ptr_11 @ptr_12 SL:TODO] IN:GET_TODO] SL:TODO] [SL:DATE_TIME @ptr_13 @ptr_14 SL:DATE_TIME] IN:CREATE_REMINDER]
remind me to renew my subscription	rem ind Ġme Ġto Ġrenew Ġmy Ġsubscription	[IN:CREATE_REMINDER @ptr_0 @ptr_1 [SL:PERSON_REMINDED @ptr_2 SL:PERSON_REMINDED] @ptr_3 [SL:TODO @ptr_4 @ptr_5 @ptr_6 SL:TODO] IN:CREATE_REMINDER]
I want to go ahead and erase this reminder .	I Ġwant Ġto Ġgo Ġahead Ġand Ġerase Ġthis Ġreminder Ġ.	[IN:DELETE_REMINDER [SL:PERSON_REMINDED @ptr_0 SL:PERSON_REMINDED] @ptr_1 @ptr_2 @ptr_3 @ptr_4 @ptr_5 @ptr_6 @ptr_7 @ptr_8 @ptr_9 IN:DELETE_REMINDER]
Remind me to send Elda an email about the details of job tonight .	Rem ind Ġme Ġto Ġsend ĠE lda Ġan Ġemail Ġabout Ġthe Ġdetails Ġof Ġjob Ġtonight Ġ.	[IN:CREATE_REMINDER @ptr_0 @ptr_1 [SL:PERSON_REMINDED @ptr_2 SL:PERSON_REMINDED] @ptr_3 [SL:TODO [IN:SEND_MESSAGE @ptr_4 [SL:RECIPIENT @ptr_5 @ptr_6 SL:RECIPIENT] @ptr_7 @ptr_8 @ptr_9 [SL:CONTENT_EXACT @ptr_10 @ptr_11 @ptr_12 @ptr_13 SL:CONTENT_EXACT] IN:SEND_MESSAGE] SL:TODO] [SL:DATE_TIME @ptr_14 SL:DATE_TIME] @ptr_15 IN:CREATE_REMINDER]
do i have a reminder for the party on saturday	do Ġi Ġhave Ġa Ġreminder Ġfor Ġthe Ġparty Ġon Ġs aturday	[IN:GET_REMINDER @ptr_0 [SL:PERSON_REMINDED @ptr_1 SL:PERSON_REMINDED] @ptr_2 @ptr_3 @ptr_4 @ptr_5 [SL:TODO @ptr_6 @ptr_7 SL:TODO] [SL:DATE_TIME @ptr_8 @ptr_9 @ptr_10 SL:DATE_TIME] IN:GET_REMINDER]
what reminders do i have today	what Ġreminders Ġdo Ġi Ġhave Ġtoday	[IN:GET_REMINDER @ptr_0 @ptr_1 @ptr_2 [SL:PERSON_REMINDED @ptr_3 SL:PERSON_REMINDED] @ptr_4 [SL:DATE_TIME @ptr_5 SL:DATE_TIME] IN:GET_REMINDER]
i cancelled the appointment for the doctor , so remove reminder	i Ġcancelled Ġthe Ġappointment Ġfor Ġthe Ġdoctor Ġ, Ġso Ġremove Ġreminder	[IN:DELETE_REMINDER @ptr_0 @ptr_1 [SL:TODO @ptr_2 @ptr_3 @ptr_4 @ptr_5 @ptr_6 SL:TODO] @ptr_7 @ptr_8 @ptr_9 @ptr_10 IN:DELETE_REMINDER]
Delete the reminder to pick up groceries tonight	Delete Ġthe Ġreminder Ġto Ġpick Ġup Ġgroceries Ġtonight	[IN:DELETE_REMINDER @ptr_0 @ptr_1 @ptr_2 @ptr_3 [SL:TODO @ptr_4 @ptr_5 @ptr_6 SL:TODO] [SL:DATE_TIME @ptr_7 SL:DATE_TIME] IN:DELETE_REMINDER]
remind me to send Cherise an email on sunday at 10p	rem ind Ġme Ġto Ġsend ĠCher ise Ġan Ġemail Ġon Ġsund ay Ġat Ġ10 p	[IN:CREATE_REMINDER @ptr_0 @ptr_1 [SL:PERSON_REMINDED @ptr_2 SL:PERSON_REMINDED] @ptr_3 [SL:TODO [IN:SEND_MESSAGE @ptr_4 [SL:RECIPIENT @ptr_5 @ptr_6 SL:RECIPIENT] @ptr_7 @ptr_8 IN:SEND_MESSAGE] SL:TODO] [SL:DATE_TIME @ptr_9 @ptr_10 @ptr_11 @ptr_12 @ptr_13 @ptr_14 SL:DATE_TIME] IN:CREATE_REMINDER]
Remind me to cancel my laser appointment for Friday .	Rem ind Ġme Ġto Ġcancel Ġmy Ġlaser Ġappointment Ġfor ĠFriday Ġ.	[IN:CREATE_REMINDER @ptr_0 @ptr_1 [SL:PERSON_REMINDED @ptr_2 SL:PERSON_REMINDED] @ptr_3 [SL:TODO @ptr_4 @ptr_5 @ptr_6 @ptr_7 SL:TODO] [SL:DATE_TIME @ptr_8 @ptr_9 SL:DATE_TIME] @ptr_10 IN:CREATE_REMINDER]
Remind me to place my Kroger Click list order every Friday morning .	Rem ind Ġme Ġto Ġplace Ġmy ĠKro ger ĠClick Ġlist Ġorder Ġevery ĠFriday Ġmorning Ġ.	[IN:CREATE_REMINDER @ptr_0 @ptr_1 [SL:PERSON_REMINDED @ptr_2 SL:PERSON_REMINDED] @ptr_3 [SL:TODO @ptr_4 @ptr_5 @ptr_6 @ptr_7 @ptr_8 @ptr_9 @ptr_10 SL:TODO] [SL:RECURRING_DATE_TIME [IN:GET_RECURRING_DATE_TIME [SL:FREQUENCY @ptr_11 @ptr_12 SL:FREQUENCY] [SL:DATE_TIME @ptr_13 SL:DATE_TIME] IN:GET_RECURRING_DATE_TIME] SL:RECURRING_DATE_TIME] @ptr_14 IN:CREATE_REMINDER]
Remind myself daily to lookup marketing courses	Rem ind Ġmyself Ġdaily Ġto Ġlookup Ġmarketing Ġcourses	[IN:CREATE_REMINDER @ptr_0 @ptr_1 [SL:PERSON_REMINDED @ptr_2 SL:PERSON_REMINDED] [SL:RECURRING_DATE_TIME [IN:GET_RECURRING_DATE_TIME [SL:FREQUENCY @ptr_3 SL:FREQUENCY] IN:GET_RECURRING_DATE_TIME] SL:RECURRING_DATE_TIME] @ptr_4 [SL:TODO @ptr_5 @ptr_6 @ptr_7 SL:TODO] IN:CREATE_REMINDER]
delete daily reminder to take antibiotics at 18 : 00	delete Ġdaily Ġreminder Ġto Ġtake Ġantibiotics Ġat Ġ18 Ġ: Ġ00	[IN:DELETE_REMINDER @ptr_0 [SL:RECURRING_DATE_TIME [IN:GET_RECURRING_DATE_TIME [SL:FREQUENCY @ptr_1 SL:FREQUENCY] IN:GET_RECURRING_DATE_TIME] SL:RECURRING_DATE_TIME] @ptr_2 @ptr_3 [SL:TODO [IN:GET_TODO [SL:TODO @ptr_4 @ptr_5 SL:TODO] [SL:DATE_TIME @ptr_6 @ptr_7 @ptr_8 @ptr_9 SL:DATE_TIME] IN:GET_TODO] SL:TODO] IN:DELETE_REMINDER]
Please set a reminder every Monday night at 7 pm to take out the trash .	Please Ġset Ġa Ġreminder Ġevery ĠMonday Ġnight Ġat Ġ7 Ġpm Ġto Ġtake Ġout Ġthe Ġtrash Ġ.	[IN:CREATE_REMINDER @ptr_0 @ptr_1 @ptr_2 @ptr_3 [SL:RECURRING_DATE_TIME [IN:GET_RECURRING_DATE_TIME [SL:FREQUENCY @ptr_4 @ptr_5 @ptr_6 SL:FREQUENCY] [SL:DATE_TIME @ptr_7 @ptr_8 @ptr_9 SL:DATE_TIME] IN:GET_RECURRING_DATE_TIME] SL:RECURRING_DATE_TIME] @ptr_10 [SL:TODO @ptr_11 @ptr_12 @ptr_13 @ptr_14 SL:TODO] @ptr_15 IN:CREATE_REMINDER]
Create a daily reminder for me to feed the fish everyday at 9 pm .	Create Ġa Ġdaily Ġreminder Ġfor Ġme Ġto Ġfeed Ġthe Ġfish Ġeveryday Ġat Ġ9 Ġpm Ġ.	[IN:CREATE_REMINDER @ptr_0 @ptr_1 [SL:RECURRING_DATE_TIME [IN:GET_RECURRING_DATE_TIME [SL:FREQUENCY @ptr_2 SL:FREQUENCY] IN:GET_RECURRING_DATE_TIME] SL:RECURRING_DATE_TIME] @ptr_3 @ptr_4 [SL:PERSON_REMINDED @ptr_5 SL:PERSON_REMINDED] @ptr_6 [SL:TODO [IN:GET_TODO [SL:TODO @ptr_7 @ptr_8 @ptr_9 SL:TODO] [SL:RECURRING_DATE_TIME [IN:GET_RECURRING_DATE_TIME [SL:FREQUENCY @ptr_10 SL:FREQUENCY] [SL:DATE_TIME @ptr_11 @ptr_12 @ptr_13 SL:DATE_TIME] IN:GET_RECURRING_DATE_TIME] SL:RECURRING_DATE_TIME] IN:GET_TODO] SL:TODO] @ptr_14 IN:CREATE_REMINDER]
set up daily reminder to workout at 7 am	set Ġup Ġdaily Ġreminder Ġto Ġworkout Ġat Ġ7 Ġam	[IN:CREATE_REMINDER @ptr_0 @ptr_1 [SL:RECURRING_DATE_TIME [IN:GET_RECURRING_DATE_TIME [SL:FREQUENCY @ptr_2 SL:FREQUENCY] IN:GET_RECURRING_DATE_TIME] SL:RECURRING_DATE_TIME] @ptr_3 @ptr_4 [SL:TODO [IN:GET_TODO [SL:TODO @ptr_5 SL:TODO] [SL:DATE_TIME @ptr_6 @ptr_7 @ptr_8 SL:DATE_TIME] IN:GET_TODO] SL:TODO] IN:CREATE_REMINDER]
remind me I have bowling practice at 3 pm on Monday and Wednesdays	rem ind Ġme ĠI Ġhave Ġbowling Ġpractice Ġat Ġ3 Ġpm Ġon ĠMonday Ġand ĠWed nes days	[IN:CREATE_REMINDER @ptr_0 @ptr_1 [SL:PERSON_REMINDED @ptr_2 SL:PERSON_REMINDED] @ptr_3 @ptr_4 [SL:TODO @ptr_5 @ptr_6 SL:TODO] [SL:RECURRING_DATE_TIME [IN:GET_RECURRING_DATE_TIME [SL:DATE_TIME @ptr_7 @ptr_8 @ptr_9 @ptr_10 @ptr_11 SL:DATE_TIME] @ptr_12 [SL:DATE_TIME @ptr_13 @ptr_14 @ptr_15 SL:DATE_TIME] IN:GET_RECURRING_DATE_TIME] SL:RECURRING_DATE_TIME] IN:CREATE_REMINDER]
I don't want to be a bother , remind me to not call Adam every other morning .	I Ġdon 't Ġwant Ġto Ġbe Ġa Ġbother Ġ, Ġremind Ġme Ġto Ġnot Ġcall ĠAdam Ġevery Ġother Ġmorning Ġ.	[IN:CREATE_REMINDER @ptr_0 @ptr_1 @ptr_2 @ptr_3 @ptr_4 @ptr_5 @ptr_6 @ptr_7 @ptr_8 @ptr_9 [SL:PERSON_REMINDED @ptr_10 SL:PERSON_REMINDED] @ptr_11 [SL:TODO @ptr_12 @ptr_13 @ptr_14 SL:TODO] [SL:RECURRING_DATE_TIME [IN:GET_RECURRING_DATE_TIME [SL:FREQUENCY @ptr_15 @ptr_16 @ptr_17 SL:FREQUENCY] IN:GET_RECURRING_DATE_TIME] SL:RECURRING_DATE_TIME] @ptr_18 IN:CREATE_REMINDER]
Remind me each week to look at craft ideas on Pinterest .	Rem ind Ġme Ġeach Ġweek Ġto Ġlook Ġat Ġcraft Ġideas Ġon ĠPinterest Ġ.	[IN:CREATE_REMINDER @ptr_0 @ptr_1 [SL:PERSON_REMINDED @ptr_2 SL:PERSON_REMINDED] [SL:RECURRING_DATE_TIME [IN:GET_RECURRING_DATE_TIME [SL:FREQUENCY @ptr_3 @ptr_4 SL:FREQUENCY] IN:GET_RECURRING_DATE_TIME] SL:RECURRING_DATE_TIME] @ptr_5 [SL:TODO @ptr_6 @ptr_7 @ptr_8 @ptr_9 @ptr_10 @ptr_11 SL:TODO] @ptr_12 IN:CREATE_REMINDER]
Set up a weekly reminder for Steve that he has a therapy appointment every Monday morning .	Set Ġup Ġa Ġweekly Ġreminder Ġfor ĠSteve Ġthat Ġhe Ġhas Ġa Ġtherapy Ġappointment Ġevery ĠMonday Ġmorning Ġ.	[IN:CREATE_REMINDER @ptr_0 @ptr_1 @ptr_2 [SL:RECURRING_DATE_TIME [IN:GET_RECURRING_DATE_TIME [SL:FREQUENCY @ptr_3 SL:FREQUENCY] IN:GET_RECURRING_DATE_TIME] SL:RECURRING_DATE_TIME] @ptr_4 @ptr_5 [SL:PERSON_REMINDED @ptr_6 SL:PERSON_REMINDED] @ptr_7 @ptr_8 @ptr_9 [SL:TODO [IN:GET_TODO [SL:TODO @ptr_10 @ptr_11 @ptr_12 SL:TODO] [SL:RECURRING_DATE_TIME [IN:GET_RECURRING_DATE_TIME [SL:FREQUENCY @ptr_13 @ptr_14 SL:FREQUENCY] [SL:DATE_TIME @ptr_15 SL:DATE_TIME] IN:GET_RECURRING_DATE_TIME] SL:RECURRING_DATE_TIME] IN:GET_TODO] SL:TODO] @ptr_16 IN:CREATE_REMINDER]
Remind me every six months to change my water filter .	Rem ind Ġme Ġevery Ġsix Ġmonths Ġto Ġchange Ġmy Ġwater Ġfilter Ġ.	[IN:CREATE_REMINDER @ptr_0 @ptr_1 [SL:PERSON_REMINDED @ptr_2 SL:PERSON_REMINDED] [SL:RECURRING_DATE_TIME [IN:GET_RECURRING_DATE_TIME [SL:FREQUENCY @ptr_3 @ptr_4 @ptr_5 SL:FREQUENCY] IN:GET_RECURRING_DATE_TIME] SL:RECURRING_DATE_TIME] @ptr_6 [SL:TODO @ptr_7 @ptr_8 @ptr_9 @ptr_10 SL:TODO] @ptr_11 IN:CREATE_REMINDER]
create a reminder for August 6 that says , store meeting	create Ġa Ġreminder Ġfor ĠAugust Ġ6 Ġthat Ġsays Ġ, Ġstore Ġmeeting	[IN:CREATE_REMINDER @ptr_0 @ptr_1 @ptr_2 [SL:DATE_TIME @ptr_3 @ptr_4 @ptr_5 SL:DATE_TIME] @ptr_6 @ptr_7 @ptr_8 [SL:TODO @ptr_9 @ptr_10 SL:TODO] IN:CREATE_REMINDER]
Remind me to go get cava tomorrow .	Rem ind Ġme Ġto Ġgo Ġget Ġc ava Ġtomorrow Ġ.	[IN:CREATE_REMINDER @ptr_0 @ptr_1 [SL:PERSON_REMINDED @ptr_2 SL:PERSON_REMINDED] @ptr_3 [SL:TODO @ptr_4 @ptr_5 @ptr_6 @ptr_7 SL:TODO] [SL:DATE_TIME @ptr_8 SL:DATE_TIME] @ptr_9 IN:CREATE_REMINDER]
move reminder about pot luck to thursday	move Ġreminder Ġabout Ġpot Ġluck Ġto Ġth ursday	[IN:UPDATE_REMINDER_DATE_TIME @ptr_0 @ptr_1 @ptr_2 [SL:TODO @ptr_3 @ptr_4 SL:TODO] [SL:DATE_TIME_NEW @ptr_5 @ptr_6 @ptr_7 SL:DATE_TIME_NEW] IN:UPDATE_REMINDER_DATE_TIME]
Remind Dad that he has a doctors appointment August 10th , at 3 pm .	Rem ind ĠDad Ġthat Ġhe Ġhas Ġa Ġdoctors Ġappointment ĠAugust Ġ10 th Ġ, Ġat Ġ3 Ġpm Ġ.	[IN:CREATE_REMINDER @ptr_0 @ptr_1 [SL:PERSON_REMINDED [IN:GET_CONTACT [SL:TYPE_RELATION @ptr_2 SL:TYPE_RELATION] IN:GET_CONTACT] SL:PERSON_REMINDED] @ptr_3 @ptr_4 @ptr_5 [SL:TODO @ptr_6 @ptr_7 @ptr_8 SL:TODO] [SL:DATE_TIME @ptr_9 @ptr_10 @ptr_11 @ptr_12 @ptr_13 @ptr_14 @ptr_15 SL:DATE_TIME] @ptr_16 IN:CREATE_REMINDER]
Set a reminder to pick up Dylan every Monday afternoon	Set Ġa Ġreminder Ġto Ġpick Ġup ĠDylan Ġevery ĠMonday Ġafternoon	[IN:CREATE_REMINDER @ptr_0 @ptr_1 @ptr_2 @ptr_3 [SL:TODO @ptr_4 @ptr_5 @ptr_6 SL:TODO] [SL:RECURRING_DATE_TIME [IN:GET_RECURRING_DATE_TIME [SL:FREQUENCY @ptr_7 @ptr_8 SL:FREQUENCY] [SL:DATE_TIME @ptr_9 SL:DATE_TIME] IN:GET_RECURRING_DATE_TIME] SL:RECURRING_DATE_TIME] IN:CREATE_REMINDER]
Remind me to give Rory his antibiotics at 8 am and again at 8 pm every day for the next 14 days .	Rem ind Ġme Ġto Ġgive ĠRory Ġhis Ġantibiotics Ġat Ġ8 Ġam Ġand Ġagain Ġat Ġ8 Ġpm Ġevery Ġday Ġfor Ġthe Ġnext Ġ14 Ġdays Ġ.	[IN:CREATE_REMINDER @ptr_0 @ptr_1 [SL:PERSON_REMINDED @ptr_2 SL:PERSON_REMINDED] @ptr_3 [SL:TODO @ptr_4 @ptr_5 @ptr_6 @ptr_7 SL:TODO] [SL:RECURRING_DATE_TIME [IN:GET_RECURRING_DATE_TIME [SL:DATE_TIME @ptr_8 @ptr_9 @ptr_10 SL:DATE_TIME] @ptr_11 @ptr_12 [SL:DATE_TIME @ptr_13 @ptr_14 @ptr_15 SL:DATE_TIME] [SL:FREQUENCY @ptr_16 @ptr_17 SL:FREQUENCY] [SL:DATE_TIME @ptr_18 @ptr_19 @ptr_20 @ptr_21 @ptr_22 SL:DATE_TIME] IN:GET_RECURRING_DATE_TIME] SL:RECURRING_DATE_TIME] @ptr_23 IN:CREATE_REMINDER]
Set a reminder to pay for the baseball team fees every month on the 15th .	Set Ġa Ġreminder Ġto Ġpay Ġfor Ġthe Ġbaseball Ġteam Ġfees Ġevery Ġmonth Ġon Ġthe Ġ15 th Ġ.	[IN:CREATE_REMINDER @ptr_0 @ptr_1 @ptr_2 @ptr_3 [SL:TODO @ptr_4 @ptr_5 @ptr_6 @ptr_7 @ptr_8 @ptr_9 SL:TODO] [SL:RECURRING_DATE_TIME [IN:GET_RECURRING_DATE_TIME [SL:FREQUENCY @ptr_10 @ptr_11 SL:FREQUENCY] [SL:DATE_TIME @ptr_12 @ptr_13 @ptr_14 @ptr_15 SL:DATE_TIME] IN:GET_RECURRING_DATE_TIME] SL:RECURRING_DATE_TIME] @ptr_16 IN:CREATE_REMINDER]
set a monthly reminder o make the car payment on the 3rd .	set Ġa Ġmonthly Ġreminder Ġo Ġmake Ġthe Ġcar Ġpayment Ġon Ġthe Ġ3 rd Ġ.	[IN:CREATE_REMINDER @ptr_0 @ptr_1 [SL:RECURRING_DATE_TIME [IN:GET_RECURRING_DATE_TIME [SL:FREQUENCY @ptr_2 SL:FREQUENCY] IN:GET_RECURRING_DATE_TIME] SL:RECURRING_DATE_TIME] @ptr_3 @ptr_4 [SL:TODO [IN:GET_TODO [SL:TODO @ptr_5 @ptr_6 @ptr_7 @ptr_8 SL:TODO] [SL:DATE_TIME @ptr_9 @ptr_10 @ptr_11 @ptr_12 SL:DATE_TIME] IN:GET_TODO] SL:TODO] @ptr_13 IN:CREATE_REMINDER]
Set up an alert to take pills daily at 8 am	Set Ġup Ġan Ġalert Ġto Ġtake Ġpills Ġdaily Ġat Ġ8 Ġam	[IN:CREATE_REMINDER @ptr_0 @ptr_1 @ptr_2 @ptr_3 @ptr_4 [SL:TODO @ptr_5 @ptr_6 SL:TODO] [SL:RECURRING_DATE_TIME [IN:GET_RECURRING_DATE_TIME [SL:FREQUENCY @ptr_7 SL:FREQUENCY] [SL:DATE_TIME @ptr_8 @ptr_9 @ptr_10 SL:DATE_TIME] IN:GET_RECURRING_DATE_TIME] SL:RECURRING_DATE_TIME] IN:CREATE_REMINDER]
Remind me every month on the 28th to pay the homeowner 's fee .	Rem ind Ġme Ġevery Ġmonth Ġon Ġthe Ġ28 th Ġto Ġpay Ġthe Ġhomeowner Ġ' s Ġfee Ġ.	[IN:CREATE_REMINDER @ptr_0 @ptr_1 [SL:PERSON_REMINDED @ptr_2 SL:PERSON_REMINDED] [SL:RECURRING_DATE_TIME [IN:GET_RECURRING_DATE_TIME [SL:FREQUENCY @ptr_3 @ptr_4 SL:FREQUENCY] [SL:DATE_TIME @ptr_5 @ptr_6 @ptr_7 @ptr_8 SL:DATE_TIME] IN:GET_RECURRING_DATE_TIME] SL:RECURRING_DATE_TIME] @ptr_9 [SL:TODO @ptr_10 @ptr_11 @ptr_12 @ptr_13 @ptr_14 @ptr_15 SL:TODO] @ptr_16 IN:CREATE_REMINDER]
Remind me to send an email to Jessie on Friday at 11 am .	Rem ind Ġme Ġto Ġsend Ġan Ġemail Ġto ĠJessie Ġon ĠFriday Ġat Ġ11 Ġam Ġ.	[IN:CREATE_REMINDER @ptr_0 @ptr_1 [SL:PERSON_REMINDED @ptr_2 SL:PERSON_REMINDED] @ptr_3 [SL:TODO [IN:SEND_MESSAGE @ptr_4 @ptr_5 @ptr_6 @ptr_7 [SL:RECIPIENT @ptr_8 SL:RECIPIENT] IN:SEND_MESSAGE] SL:TODO] [SL:DATE_TIME @ptr_9 @ptr_10 @ptr_11 @ptr_12 @ptr_13 SL:DATE_TIME] @ptr_14 IN:CREATE_REMINDER]
Delete the reminder about e - mailing Nick 's teacher .	Delete Ġthe Ġreminder Ġabout Ġe Ġ- Ġmailing ĠNick Ġ' s Ġteacher Ġ.	[IN:DELETE_REMINDER @ptr_0 @ptr_1 @ptr_2 @ptr_3 [SL:TODO [IN:SEND_MESSAGE @ptr_4 @ptr_5 @ptr_6 [SL:RECIPIENT @ptr_7 @ptr_8 @ptr_9 @ptr_10 SL:RECIPIENT] IN:SEND_MESSAGE] SL:TODO] @ptr_11 IN:DELETE_REMINDER]
Set up a reminder to message Mom about school details tonight at 7 PM .	Set Ġup Ġa Ġreminder Ġto Ġmessage ĠMom Ġabout Ġschool Ġdetails Ġtonight Ġat Ġ7 ĠPM Ġ.	[IN:CREATE_REMINDER @ptr_0 @ptr_1 @ptr_2 @ptr_3 @ptr_4 [SL:TODO [IN:SEND_MESSAGE @ptr_5 [SL:RECIPIENT [IN:GET_CONTACT [SL:TYPE_RELATION @ptr_6 SL:TYPE_RELATION] IN:GET_CONTACT] SL:RECIPIENT] @ptr_7 [SL:CONTENT_EXACT @ptr_8 @ptr_9 SL:CONTENT_EXACT] IN:SEND_MESSAGE] SL:TODO] [SL:DATE_TIME @ptr_10 @ptr_11 @ptr_12 @ptr_13 SL:DATE_TIME] @ptr_14 IN:CREATE_REMINDER]
Remind me to message Wilkerson , that I'm coming to visit in August .	Rem ind Ġme Ġto Ġmessage ĠWil k erson Ġ, Ġthat ĠI 'm Ġcoming Ġto Ġvisit Ġin ĠAugust Ġ.	[IN:CREATE_REMINDER @ptr_0 @ptr_1 [SL:PERSON_REMINDED @ptr_2 SL:PERSON_REMINDED] @ptr_3 [SL:TODO [IN:SEND_MESSAGE @ptr_4 [SL:RECIPIENT @ptr_5 @ptr_6 @ptr_7 SL:RECIPIENT] @ptr_8 @ptr_9 [SL:CONTENT_EXACT @ptr_10 @ptr_11 @ptr_12 @ptr_13 @ptr_14 @ptr_15 @ptr_16 SL:CONTENT_EXACT] IN:SEND_MESSAGE] SL:TODO] @ptr_17 IN:CREATE_REMINDER]
Change the reminder to send a Best of Luck email to Vrinda from the 20th to the 24th .	Change Ġthe Ġreminder Ġto Ġsend Ġa ĠBest Ġof ĠLuck Ġemail Ġto ĠV r inda Ġfrom Ġthe Ġ20 th Ġto Ġthe Ġ24 th Ġ.	[IN:UPDATE_REMINDER_DATE_TIME @ptr_0 @ptr_1 @ptr_2 @ptr_3 [SL:TODO [IN:SEND_MESSAGE @ptr_4 @ptr_5 [SL:CONTENT_EXACT @ptr_6 @ptr_7 @ptr_8 SL:CONTENT_EXACT] @ptr_9 @ptr_10 [SL:RECIPIENT @ptr_11 @ptr_12 @ptr_13 SL:RECIPIENT] IN:SEND_MESSAGE] SL:TODO] [SL:DATE_TIME @ptr_14 @ptr_15 @ptr_16 @ptr_17 SL:DATE_TIME] [SL:DATE_TIME_NEW @ptr_18 @ptr_19 @ptr_20 @ptr_21 SL:DATE_TIME_NEW] @ptr_22 IN:UPDATE_REMINDER_DATE_TIME]
Remind me to text husband to bring home dinner on his way home today .	Rem ind Ġme Ġto Ġtext Ġhusband Ġto Ġbring Ġhome Ġdinner Ġon Ġhis Ġway Ġhome Ġtoday Ġ.	[IN:CREATE_REMINDER @ptr_0 @ptr_1 [SL:PERSON_REMINDED @ptr_2 SL:PERSON_REMINDED] @ptr_3 [SL:TODO [IN:SEND_MESSAGE @ptr_4 [SL:RECIPIENT [IN:GET_CONTACT [SL:TYPE_RELATION @ptr_5 SL:TYPE_RELATION] IN:GET_CONTACT] SL:RECIPIENT] @ptr_6 [SL:CONTENT_EXACT @ptr_7 @ptr_8 @ptr_9 @ptr_10 @ptr_11 @ptr_12 @ptr_13 SL:CONTENT_EXACT] IN:SEND_MESSAGE] SL:TODO] [SL:DATE_TIME @ptr_14 SL:DATE_TIME] @ptr_15 IN:CREATE_REMINDER]
Remind me to send Susan an email about the meeting tonight	Rem ind Ġme Ġto Ġsend ĠSusan Ġan Ġemail Ġabout Ġthe Ġmeeting Ġtonight	[IN:CREATE_REMINDER @ptr_0 @ptr_1 [SL:PERSON_REMINDED @ptr_2 SL:PERSON_REMINDED] @ptr_3 [SL:TODO [IN:SEND_MESSAGE @ptr_4 [SL:RECIPIENT @ptr_5 SL:RECIPIENT] @ptr_6 @ptr_7 @ptr_8 [SL:CONTENT_EXACT [IN:GET_EVENT [SL:CATEGORY_EVENT @ptr_9 @ptr_10 SL:CATEGORY_EVENT] [SL:DATE_TIME @ptr_11 SL:DATE_TIME] IN:GET_EVENT] SL:CONTENT_EXACT] IN:SEND_MESSAGE] SL:TODO] IN:CREATE_REMINDER]
remind me to send a thank you email to my mom	rem ind Ġme Ġto Ġsend Ġa Ġthank Ġyou Ġemail Ġto Ġmy Ġmom	[IN:CREATE_REMINDER @ptr_0 @ptr_1 [SL:PERSON_REMINDED @ptr_2 SL:PERSON_REMINDED] @ptr_3 [SL:TODO [IN:SEND_MESSAGE @ptr_4 @ptr_5 [SL:CONTENT_EXACT @ptr_6 @ptr_7 SL:CONTENT_EXACT] @ptr_8 @ptr_9 [SL:RECIPIENT [IN:GET_CONTACT [SL:CONTACT_RELATED @ptr_10 SL:CONTACT_RELATED] [SL:TYPE_RELATION @ptr_11 SL:TYPE_RELATION] IN:GET_CONTACT] SL:RECIPIENT] IN:SEND_MESSAGE] SL:TODO] IN:CREATE_REMINDER]
remove my reminder to send an email to my handyman .	remove Ġmy Ġreminder Ġto Ġsend Ġan Ġemail Ġto Ġmy Ġhandy man Ġ.	[IN:DELETE_REMINDER @ptr_0 [SL:PERSON_REMINDED @ptr_1 SL:PERSON_REMINDED] @ptr_2 @ptr_3 [SL:TODO [IN:SEND_MESSAGE @ptr_4 @ptr_5 @ptr_6 @ptr_7 [SL:RECIPIENT @ptr_8 @ptr_9 @ptr_10 SL:RECIPIENT] IN:SEND_MESSAGE] SL:TODO] @ptr_11 IN:DELETE_REMINDER]
Remind me to email my doctor before tomorrow	Rem ind Ġme Ġto Ġemail Ġmy Ġdoctor Ġbefore Ġtomorrow	[IN:CREATE_REMINDER @ptr_0 @ptr_1 [SL:PERSON_REMINDED @ptr_2 SL:PERSON_REMINDED] @ptr_3 [SL:TODO [IN:SEND_MESSAGE @ptr_4 [SL:RECIPIENT @ptr_5 @ptr_6 SL:RECIPIENT] IN:SEND_MESSAGE] SL:TODO] [SL:DATE_TIME @ptr_7 @ptr_8 SL:DATE_TIME] IN:CREATE_REMINDER]
can you get rid of all the reminders relating to tonights pot luck supper event	can Ġyou Ġget Ġrid Ġof Ġall Ġthe Ġreminders Ġrelating Ġto Ġton ights Ġpot Ġluck Ġsupper Ġevent	[IN:DELETE_REMINDER @ptr_0 @ptr_1 @ptr_2 @ptr_3 @ptr_4 [SL:AMOUNT @ptr_5 SL:AMOUNT] @ptr_6 @ptr_7 @ptr_8 @ptr_9 [SL:TODO [IN:GET_TODO [SL:DATE_TIME @ptr_10 @ptr_11 SL:DATE_TIME] [SL:TODO @ptr_12 @ptr_13 @ptr_14 @ptr_15 SL:TODO] IN:GET_TODO] SL:TODO] IN:DELETE_REMINDER]
Delete the reminder about girls night out tonight	Delete Ġthe Ġreminder Ġabout Ġgirls Ġnight Ġout Ġtonight	[IN:DELETE_REMINDER @ptr_0 @ptr_1 @ptr_2 @ptr_3 [SL:TODO @ptr_4 @ptr_5 @ptr_6 SL:TODO] [SL:DATE_TIME @ptr_7 SL:DATE_TIME] IN:DELETE_REMINDER]
Remove my reminder about picking up the dry cleaning tonight	Remove Ġmy Ġreminder Ġabout Ġpicking Ġup Ġthe Ġdry Ġcleaning Ġtonight	[IN:DELETE_REMINDER @ptr_0 [SL:PERSON_REMINDED @ptr_1 SL:PERSON_REMINDED] @ptr_2 @ptr_3 [SL:TODO @ptr_4 @ptr_5 @ptr_6 @ptr_7 @ptr_8 SL:TODO] [SL:DATE_TIME @ptr_9 SL:DATE_TIME] IN:DELETE_REMINDER]
Cancel dinner reservations reminder	C ancel Ġdinner Ġreservations Ġreminder	[IN:DELETE_REMINDER @ptr_0 @ptr_1 [SL:TODO @ptr_2 @ptr_3 SL:TODO] @ptr_4 IN:DELETE_REMINDER]
delete my doctor appointment reminder for next week	delete Ġmy Ġdoctor Ġappointment Ġreminder Ġfor Ġnext Ġweek	[IN:DELETE_REMINDER @ptr_0 [SL:PERSON_REMINDED @ptr_1 SL:PERSON_REMINDED] [SL:TODO @ptr_2 @ptr_3 SL:TODO] @ptr_4 [SL:DATE_TIME @ptr_5 @ptr_6 @ptr_7 SL:DATE_TIME] IN:DELETE_REMINDER]
Remind me to answer Carla ’s email to let her know I can’t attend her luncheon	Rem ind Ġme Ġto Ġanswer ĠCar la ĠâĢ Ļ s Ġemail Ġto Ġlet Ġher Ġknow ĠI Ġcan âĢ Ļ t Ġattend Ġher Ġlun cheon	[IN:CREATE_REMINDER @ptr_0 @ptr_1 [SL:PERSON_REMINDED @ptr_2 SL:PERSON_REMINDED] @ptr_3 [SL:TODO [IN:REPLY_MESSAGE @ptr_4 [SL:RECIPIENT @ptr_5 @ptr_6 SL:RECIPIENT] @ptr_7 @ptr_8 @ptr_9 @ptr_10 @ptr_11 @ptr_12 @ptr_13 @ptr_14 [SL:CONTENT_EXACT @ptr_15 @ptr_16 @ptr_17 @ptr_18 @ptr_19 @ptr_20 @ptr_21 @ptr_22 @ptr_23 SL:CONTENT_EXACT] IN:REPLY_MESSAGE] SL:TODO] IN:CREATE_REMINDER]
Remind me at 2 : 00 p.m . today to text Amy about the fishing trip this week .	Rem ind Ġme Ġat Ġ2 Ġ: Ġ00 Ġp . m Ġ. Ġtoday Ġto Ġtext ĠAmy Ġabout Ġthe Ġfishing Ġtrip Ġthis Ġweek Ġ.	[IN:CREATE_REMINDER @ptr_0 @ptr_1 [SL:PERSON_REMINDED @ptr_2 SL:PERSON_REMINDED] [SL:DATE_TIME @ptr_3 @ptr_4 @ptr_5 @ptr_6 @ptr_7 @ptr_8 @ptr_9 @ptr_10 @ptr_11 SL:DATE_TIME] @ptr_12 [SL:TODO [IN:GET_TODO [SL:TODO [IN:SEND_MESSAGE @ptr_13 [SL:RECIPIENT @ptr_14 SL:RECIPIENT] @ptr_15 [SL:CONTENT_EXACT @ptr_16 @ptr_17 @ptr_18 SL:CONTENT_EXACT] IN:SEND_MESSAGE] SL:TODO] [SL:DATE_TIME @ptr_19 @ptr_20 SL:DATE_TIME] IN:GET_TODO] SL:TODO] @ptr_21 IN:CREATE_REMINDER]
Set up a weekly reminder to email the team about the manager on duty every Monday morning .	Set Ġup Ġa Ġweekly Ġreminder Ġto Ġemail Ġthe Ġteam Ġabout Ġthe Ġmanager Ġon Ġduty Ġevery ĠMonday Ġmorning Ġ.	[IN:CREATE_REMINDER @ptr_0 @ptr_1 @ptr_2 [SL:RECURRING_DATE_TIME [IN:GET_RECURRING_DATE_TIME [SL:FREQUENCY @ptr_3 SL:FREQUENCY] IN:GET_RECURRING_DATE_TIME] SL:RECURRING_DATE_TIME] @ptr_4 @ptr_5 [SL:TODO [IN:GET_TODO [SL:TODO [IN:SEND_MESSAGE @ptr_6 [SL:RECIPIENT @ptr_7 @ptr_8 SL:RECIPIENT] @ptr_9 [SL:CONTENT_EXACT @ptr_10 @ptr_11 @ptr_12 @ptr_13 SL:CONTENT_EXACT] IN:SEND_MESSAGE] SL:TODO] [SL:RECURRING_DATE_TIME [IN:GET_RECURRING_DATE_TIME [SL:FREQUENCY @ptr_14 @ptr_15 SL:FREQUENCY] [SL:DATE_TIME @ptr_16 SL:DATE_TIME] IN:GET_RECURRING_DATE_TIME] SL:RECURRING_DATE_TIME] IN:GET_TODO] SL:TODO] @ptr_17 IN:CREATE_REMINDER]
set weekly reminder to email the test result to the cheer team saturday	set Ġweekly Ġreminder Ġto Ġemail Ġthe Ġtest Ġresult Ġto Ġthe Ġcheer Ġteam Ġs aturday	[IN:CREATE_REMINDER @ptr_0 [SL:RECURRING_DATE_TIME [IN:GET_RECURRING_DATE_TIME [SL:FREQUENCY @ptr_1 SL:FREQUENCY] IN:GET_RECURRING_DATE_TIME] SL:RECURRING_DATE_TIME] @ptr_2 @ptr_3 [SL:TODO [IN:GET_TODO [SL:TODO [IN:SEND_MESSAGE @ptr_4 [SL:CONTENT_EXACT @ptr_5 @ptr_6 @ptr_7 SL:CONTENT_EXACT] @ptr_8 [SL:GROUP @ptr_9 @ptr_10 @ptr_11 SL:GROUP] IN:SEND_MESSAGE] SL:TODO] [SL:DATE_TIME @ptr_12 @ptr_13 SL:DATE_TIME] IN:GET_TODO] SL:TODO] IN:CREATE_REMINDER]
Remind me to email Mom insurance information .	Rem ind Ġme Ġto Ġemail ĠMom Ġinsurance Ġinformation Ġ.	[IN:CREATE_REMINDER @ptr_0 @ptr_1 [SL:PERSON_REMINDED @ptr_2 SL:PERSON_REMINDED] @ptr_3 [SL:TODO [IN:SEND_MESSAGE @ptr_4 [SL:RECIPIENT [IN:GET_CONTACT [SL:TYPE_RELATION @ptr_5 SL:TYPE_RELATION] IN:GET_CONTACT] SL:RECIPIENT] [SL:CONTENT_EXACT @ptr_6 @ptr_7 SL:CONTENT_EXACT] IN:SEND_MESSAGE] SL:TODO] @ptr_8 IN:CREATE_REMINDER]
Remind me to email Susanne about the party on Saturday .	Rem ind Ġme Ġto Ġemail ĠSusan ne Ġabout Ġthe Ġparty Ġon ĠSaturday Ġ.	[IN:CREATE_REMINDER @ptr_0 @ptr_1 [SL:PERSON_REMINDED @ptr_2 SL:PERSON_REMINDED] @ptr_3 [SL:TODO [IN:SEND_MESSAGE @ptr_4 [SL:RECIPIENT @ptr_5 @ptr_6 SL:RECIPIENT] @ptr_7 [SL:CONTENT_EXACT [IN:GET_EVENT [SL:CATEGORY_EVENT @ptr_8 @ptr_9 SL:CATEGORY_EVENT] [SL:DATE_TIME @ptr_10 @ptr_11 SL:DATE_TIME] IN:GET_EVENT] SL:CONTENT_EXACT] IN:SEND_MESSAGE] SL:TODO] @ptr_12 IN:CREATE_REMINDER]
I need to reply to Billy about Sarah 's baby shower ; can you remind me in 3 days ?	I Ġneed Ġto Ġreply Ġto ĠBilly Ġabout ĠSarah Ġ' s Ġbaby Ġshower Ġ; Ġcan Ġyou Ġremind Ġme Ġin Ġ3 Ġdays Ġ?	[IN:CREATE_REMINDER @ptr_0 @ptr_1 @ptr_2 [SL:TODO [IN:REPLY_MESSAGE @ptr_3 @ptr_4 [SL:RECIPIENT @ptr_5 SL:RECIPIENT] @ptr_6 [SL:CONTENT_EXACT [IN:GET_EVENT [SL:ORGANIZER_EVENT @ptr_7 SL:ORGANIZER_EVENT] @ptr_8 @ptr_9 [SL:CATEGORY_EVENT @ptr_10 @ptr_11 SL:CATEGORY_EVENT] IN:GET_EVENT] SL:CONTENT_EXACT] IN:REPLY_MESSAGE] SL:TODO] @ptr_12 @ptr_13 @ptr_14 @ptr_15 [SL:PERSON_REMINDED @ptr_16 SL:PERSON_REMINDED] [SL:DATE_TIME @ptr_17 @ptr_18 @ptr_19 SL:DATE_TIME] @ptr_20 IN:CREATE_REMINDER]
Remind me to text Christen , Hannah , Kaitlin , and James about dinner on Wednesday .	Rem ind Ġme Ġto Ġtext ĠChrist en Ġ, ĠHannah Ġ, ĠK ait lin Ġ, Ġand ĠJames Ġabout Ġdinner Ġon ĠWednesday Ġ.	[IN:CREATE_REMINDER @ptr_0 @ptr_1 [SL:PERSON_REMINDED @ptr_2 SL:PERSON_REMINDED] @ptr_3 [SL:TODO [IN:SEND_MESSAGE @ptr_4 [SL:RECIPIENT @ptr_5 @ptr_6 SL:RECIPIENT] @ptr_7 [SL:RECIPIENT @ptr_8 SL:RECIPIENT] @ptr_9 [SL:RECIPIENT @ptr_10 @ptr_11 @ptr_12 SL:RECIPIENT] @ptr_13 @ptr_14 [SL:RECIPIENT @ptr_15 SL:RECIPIENT] @ptr_16 [SL:CONTENT_EXACT [IN:GET_EVENT [SL:CATEGORY_EVENT @ptr_17 SL:CATEGORY_EVENT] IN:GET_EVENT] SL:CONTENT_EXACT] IN:SEND_MESSAGE] SL:TODO] [SL:DATE_TIME @ptr_18 @ptr_19 SL:DATE_TIME] @ptr_20 IN:CREATE_REMINDER]
Remind me to send Susan an email about the meeting tonight	Rem ind Ġme Ġto Ġsend ĠSusan Ġan Ġemail Ġabout Ġthe Ġmeeting Ġtonight	[IN:CREATE_REMINDER @ptr_0 @ptr_1 [SL:PERSON_REMINDED @ptr_2 SL:PERSON_REMINDED] @ptr_3 [SL:TODO [IN:SEND_MESSAGE @ptr_4 [SL:RECIPIENT @ptr_5 SL:RECIPIENT] @ptr_6 @ptr_7 @ptr_8 [SL:CONTENT_EXACT [IN:GET_EVENT [SL:CATEGORY_EVENT @ptr_9 @ptr_10 SL:CATEGORY_EVENT] [SL:DATE_TIME @ptr_11 SL:DATE_TIME] IN:GET_EVENT] SL:CONTENT_EXACT] IN:SEND_MESSAGE] SL:TODO] IN:CREATE_REMINDER]
remind those invited to the event I'm hosting this week that the event begins at 6 pm	rem ind Ġthose Ġinvited Ġto Ġthe Ġevent ĠI 'm Ġhosting Ġthis Ġweek Ġthat Ġthe Ġevent Ġbegins Ġat Ġ6 Ġpm	[IN:CREATE_REMINDER @ptr_0 @ptr_1 [SL:PERSON_REMINDED [IN:GET_EVENT_ATTENDEE @ptr_2 @ptr_3 @ptr_4 @ptr_5 @ptr_6 [SL:ORGANIZER_EVENT @ptr_7 @ptr_8 SL:ORGANIZER_EVENT] @ptr_9 [SL:DATE_TIME @ptr_10 @ptr_11 SL:DATE_TIME] IN:GET_EVENT_ATTENDEE] SL:PERSON_REMINDED] @ptr_12 [SL:TODO @ptr_13 @ptr_14 @ptr_15 SL:TODO] [SL:DATE_TIME @ptr_16 @ptr_17 @ptr_18 SL:DATE_TIME] IN:CREATE_REMINDER]
Send me a reminder to send an email to Gretchen about dinner on Friday .	Send Ġme Ġa Ġreminder Ġto Ġsend Ġan Ġemail Ġto ĠGret chen Ġabout Ġdinner Ġon ĠFriday Ġ.	[IN:CREATE_REMINDER @ptr_0 [SL:PERSON_REMINDED @ptr_1 SL:PERSON_REMINDED] @ptr_2 @ptr_3 @ptr_4 [SL:TODO [IN:SEND_MESSAGE @ptr_5 @ptr_6 @ptr_7 @ptr_8 [SL:RECIPIENT @ptr_9 @ptr_10 SL:RECIPIENT] @ptr_11 [SL:CONTENT_EXACT [IN:GET_EVENT [SL:CATEGORY_EVENT @ptr_12 SL:CATEGORY_EVENT] IN:GET_EVENT] SL:CONTENT_EXACT] IN:SEND_MESSAGE] SL:TODO] [SL:DATE_TIME @ptr_13 @ptr_14 SL:DATE_TIME] @ptr_15 IN:CREATE_REMINDER]
Remind me to email Eva about dad 's birthday celebration next week .	Rem ind Ġme Ġto Ġemail ĠEva Ġabout Ġdad Ġ' s Ġbirthday Ġcelebration Ġnext Ġweek Ġ.	[IN:CREATE_REMINDER @ptr_0 @ptr_1 [SL:PERSON_REMINDED @ptr_2 SL:PERSON_REMINDED] @ptr_3 [SL:TODO [IN:SEND_MESSAGE @ptr_4 [SL:RECIPIENT @ptr_5 SL:RECIPIENT] @ptr_6 [SL:CONTENT_EXACT [IN:GET_EVENT [SL:ORGANIZER_EVENT [IN:GET_CONTACT [SL:TYPE_RELATION @ptr_7 SL:TYPE_RELATION] IN:GET_CONTACT] SL:ORGANIZER_EVENT] @ptr_8 @ptr_9 [SL:CATEGORY_EVENT @ptr_10 @ptr_11 SL:CATEGORY_EVENT] IN:GET_EVENT] SL:CONTENT_EXACT] IN:SEND_MESSAGE] SL:TODO] [SL:DATE_TIME @ptr_12 @ptr_13 SL:DATE_TIME] @ptr_14 IN:CREATE_REMINDER]
set up reminders to send emails for sue 's retirement party the 12th	set Ġup Ġreminders Ġto Ġsend Ġemails Ġfor Ġsue Ġ' s Ġretirement Ġparty Ġthe Ġ12 th	[IN:CREATE_REMINDER @ptr_0 @ptr_1 @ptr_2 @ptr_3 [SL:TODO [IN:SEND_MESSAGE @ptr_4 @ptr_5 @ptr_6 [SL:CONTENT_EXACT [IN:GET_EVENT [SL:ORGANIZER_EVENT @ptr_7 SL:ORGANIZER_EVENT] @ptr_8 @ptr_9 [SL:CATEGORY_EVENT @ptr_10 @ptr_11 SL:CATEGORY_EVENT] IN:GET_EVENT] SL:CONTENT_EXACT] IN:SEND_MESSAGE] SL:TODO] [SL:DATE_TIME @ptr_12 @ptr_13 @ptr_14 SL:DATE_TIME] IN:CREATE_REMINDER]
Remind me to shoot an email to Theresa about the meeting tonight	Rem ind Ġme Ġto Ġshoot Ġan Ġemail Ġto ĠTheresa Ġabout Ġthe Ġmeeting Ġtonight	[IN:CREATE_REMINDER @ptr_0 @ptr_1 [SL:PERSON_REMINDED @ptr_2 SL:PERSON_REMINDED] @ptr_3 [SL:TODO [IN:SEND_MESSAGE @ptr_4 @ptr_5 @ptr_6 @ptr_7 [SL:RECIPIENT @ptr_8 SL:RECIPIENT] @ptr_9 [SL:CONTENT_EXACT [IN:GET_EVENT [SL:CATEGORY_EVENT @ptr_10 @ptr_11 SL:CATEGORY_EVENT] IN:GET_EVENT] SL:CONTENT_EXACT] IN:SEND_MESSAGE] SL:TODO] [SL:DATE_TIME @ptr_12 SL:DATE_TIME] IN:CREATE_REMINDER]
please remind me on Saturday at 9 am to leave Justin a message about the upcoming meeting on Monday	please Ġremind Ġme Ġon ĠSaturday Ġat Ġ9 Ġam Ġto Ġleave ĠJustin Ġa Ġmessage Ġabout Ġthe Ġupcoming Ġmeeting Ġon ĠMonday	[IN:CREATE_REMINDER @ptr_0 @ptr_1 [SL:PERSON_REMINDED @ptr_2 SL:PERSON_REMINDED] [SL:DATE_TIME @ptr_3 @ptr_4 @ptr_5 @ptr_6 @ptr_7 SL:DATE_TIME] @ptr_8 [SL:TODO [IN:SEND_MESSAGE @ptr_9 [SL:RECIPIENT @ptr_10 SL:RECIPIENT] @ptr_11 @ptr_12 @ptr_13 [SL:CONTENT_EXACT [IN:GET_EVENT @ptr_14 @ptr_15 [SL:CATEGORY_EVENT @ptr_16 SL:CATEGORY_EVENT] [SL:DATE_TIME @ptr_17 @ptr_18 SL:DATE_TIME] IN:GET_EVENT] SL:CONTENT_EXACT] IN:SEND_MESSAGE] SL:TODO] IN:CREATE_REMINDER]
Create a reminder to check on the plants tomorrow morning at 5 AM before I go to work .	Create Ġa Ġreminder Ġto Ġcheck Ġon Ġthe Ġplants Ġtomorrow Ġmorning Ġat Ġ5 ĠAM Ġbefore ĠI Ġgo Ġto Ġwork Ġ.	[IN:CREATE_REMINDER @ptr_0 @ptr_1 @ptr_2 @ptr_3 [SL:TODO [IN:GET_TODO [SL:TODO @ptr_4 @ptr_5 @ptr_6 @ptr_7 SL:TODO] [SL:DATE_TIME @ptr_8 @ptr_9 @ptr_10 @ptr_11 @ptr_12 SL:DATE_TIME] [SL:TODO @ptr_13 @ptr_14 @ptr_15 @ptr_16 @ptr_17 SL:TODO] IN:GET_TODO] SL:TODO] @ptr_18 IN:CREATE_REMINDER]
Remind me 2 hours early about my dinner with Christine today .	Rem ind Ġme Ġ2 Ġhours Ġearly Ġabout Ġmy Ġdinner Ġwith ĠChristine Ġtoday Ġ.	[IN:CREATE_REMINDER @ptr_0 @ptr_1 [SL:PERSON_REMINDED @ptr_2 SL:PERSON_REMINDED] [SL:DATE_TIME @ptr_3 @ptr_4 @ptr_5 SL:DATE_TIME] @ptr_6 [SL:TODO [IN:GET_TODO [SL:TODO @ptr_7 @ptr_8 SL:TODO] @ptr_9 [SL:ATTENDEE @ptr_10 SL:ATTENDEE] [SL:DATE_TIME @ptr_11 SL:DATE_TIME] IN:GET_TODO] SL:TODO] @ptr_12 IN:CREATE_REMINDER]
delete my alert for this Saturdays party , it was cancelled	delete Ġmy Ġalert Ġfor Ġthis ĠSaturdays Ġparty Ġ, Ġit Ġwas Ġcancelled	[IN:DELETE_REMINDER @ptr_0 [SL:PERSON_REMINDED @ptr_1 SL:PERSON_REMINDED] @ptr_2 @ptr_3 [SL:TODO [IN:GET_TODO @ptr_4 [SL:DATE_TIME @ptr_5 SL:DATE_TIME] [SL:TODO @ptr_6 SL:TODO] IN:GET_TODO] SL:TODO] @ptr_7 @ptr_8 @ptr_9 @ptr_10 IN:DELETE_REMINDER]
Remind my sister to pick up mom an hour early on Saturday for brunch	Rem ind Ġmy Ġsister Ġto Ġpick Ġup Ġmom Ġan Ġhour Ġearly Ġon ĠSaturday Ġfor Ġbrunch	[IN:CREATE_REMINDER @ptr_0 @ptr_1 [SL:PERSON_REMINDED [IN:GET_CONTACT [SL:CONTACT_RELATED @ptr_2 SL:CONTACT_RELATED] [SL:TYPE_RELATION @ptr_3 SL:TYPE_RELATION] IN:GET_CONTACT] SL:PERSON_REMINDED] @ptr_4 [SL:TODO [IN:GET_TODO [SL:TODO @ptr_5 @ptr_6 @ptr_7 SL:TODO] [SL:DATE_TIME @ptr_8 @ptr_9 @ptr_10 @ptr_11 @ptr_12 SL:DATE_TIME] [SL:TODO @ptr_13 @ptr_14 SL:TODO] IN:GET_TODO] SL:TODO] IN:CREATE_REMINDER]
Cancel my reminder to meet with Cris today .	C ancel Ġmy Ġreminder Ġto Ġmeet Ġwith ĠCris Ġtoday Ġ.	[IN:DELETE_REMINDER @ptr_0 @ptr_1 [SL:PERSON_REMINDED @ptr_2 SL:PERSON_REMINDED] @ptr_3 @ptr_4 [SL:TODO [IN:GET_TODO [SL:TODO @ptr_5 SL:TODO] @ptr_6 [SL:ATTENDEE @ptr_7 SL:ATTENDEE] IN:GET_TODO] SL:TODO] [SL:DATE_TIME @ptr_8 SL:DATE_TIME] @ptr_9 IN:DELETE_REMINDER]
Push my reminder back one day	Push Ġmy Ġreminder Ġback Ġone Ġday	[IN:UPDATE_REMINDER_DATE_TIME @ptr_0 [SL:PERSON_REMINDED @ptr_1 SL:PERSON_REMINDED] @ptr_2 [SL:DATE_TIME_NEW @ptr_3 @ptr_4 @ptr_5 SL:DATE_TIME_NEW] IN:UPDATE_REMINDER_DATE_TIME]
Change the reminder to check on Cheryl until 9 pm	Change Ġthe Ġreminder Ġto Ġcheck Ġon ĠCheryl Ġuntil Ġ9 Ġpm	[IN:UPDATE_REMINDER_DATE_TIME @ptr_0 @ptr_1 @ptr_2 @ptr_3 [SL:TODO @ptr_4 @ptr_5 @ptr_6 SL:TODO] [SL:DATE_TIME_NEW @ptr_7 @ptr_8 @ptr_9 SL:DATE_TIME_NEW] IN:UPDATE_REMINDER_DATE_TIME]
Please move my appointment reminder for today to 4 : 00 .	Please Ġmove Ġmy Ġappointment Ġreminder Ġfor Ġtoday Ġto Ġ4 Ġ: Ġ00 Ġ.	[IN:UPDATE_REMINDER_DATE_TIME @ptr_0 @ptr_1 [SL:PERSON_REMINDED @ptr_2 SL:PERSON_REMINDED] [SL:TODO @ptr_3 SL:TODO] @ptr_4 [SL:DATE_TIME @ptr_5 @ptr_6 SL:DATE_TIME] [SL:DATE_TIME_NEW @ptr_7 @ptr_8 @ptr_9 @ptr_10 SL:DATE_TIME_NEW] @ptr_11 IN:UPDATE_REMINDER_DATE_TIME]
I need to take my dog for shots this weekend instead of next month , correct that reminder for me	I Ġneed Ġto Ġtake Ġmy Ġdog Ġfor Ġshots Ġthis Ġweekend Ġinstead Ġof Ġnext Ġmonth Ġ, Ġcorrect Ġthat Ġreminder Ġfor Ġme	[IN:UPDATE_REMINDER_DATE_TIME @ptr_0 @ptr_1 @ptr_2 [SL:TODO @ptr_3 @ptr_4 @ptr_5 @ptr_6 @ptr_7 SL:TODO] [SL:DATE_TIME_NEW @ptr_8 @ptr_9 SL:DATE_TIME_NEW] @ptr_10 [SL:DATE_TIME @ptr_11 @ptr_12 @ptr_13 SL:DATE_TIME] @ptr_14 @ptr_15 @ptr_16 @ptr_17 @ptr_18 [SL:PERSON_REMINDED @ptr_19 SL:PERSON_REMINDED] IN:UPDATE_REMINDER_DATE_TIME]
Move my reminder for my cousin 's birthday party to next weekend .	Move Ġmy Ġreminder Ġfor Ġmy Ġcousin Ġ' s Ġbirthday Ġparty Ġto Ġnext Ġweekend Ġ.	[IN:UPDATE_REMINDER_DATE_TIME @ptr_0 [SL:PERSON_REMINDED @ptr_1 SL:PERSON_REMINDED] @ptr_2 @ptr_3 [SL:TODO @ptr_4 @ptr_5 @ptr_6 @ptr_7 @ptr_8 @ptr_9 SL:TODO] [SL:DATE_TIME_NEW @ptr_10 @ptr_11 @ptr_12 SL:DATE_TIME_NEW] @ptr_13 IN:UPDATE_REMINDER_DATE_TIME]
delete all reminders pertaining to the Odd Ball Party	delete Ġall Ġreminders Ġpertaining Ġto Ġthe ĠOdd ĠBall ĠParty	[IN:DELETE_REMINDER @ptr_0 [SL:AMOUNT @ptr_1 SL:AMOUNT] @ptr_2 @ptr_3 @ptr_4 [SL:TODO @ptr_5 @ptr_6 @ptr_7 @ptr_8 SL:TODO] IN:DELETE_REMINDER]
erase all of my reminders for the next month	er ase Ġall Ġof Ġmy Ġreminders Ġfor Ġthe Ġnext Ġmonth	[IN:DELETE_REMINDER @ptr_0 @ptr_1 [SL:AMOUNT @ptr_2 SL:AMOUNT] @ptr_3 [SL:PERSON_REMINDED @ptr_4 SL:PERSON_REMINDED] @ptr_5 [SL:DATE_TIME @ptr_6 @ptr_7 @ptr_8 @ptr_9 SL:DATE_TIME] IN:DELETE_REMINDER]
List all reminders for tutoring next month	List Ġall Ġreminders Ġfor Ġtut oring Ġnext Ġmonth	[IN:GET_REMINDER [SL:METHOD_RETRIEVAL_REMINDER @ptr_0 SL:METHOD_RETRIEVAL_REMINDER] [SL:AMOUNT @ptr_1 SL:AMOUNT] @ptr_2 @ptr_3 [SL:TODO @ptr_4 @ptr_5 SL:TODO] [SL:DATE_TIME @ptr_6 @ptr_7 SL:DATE_TIME] IN:GET_REMINDER]
Show all reminders having to do with my wife .	Show Ġall Ġreminders Ġhaving Ġto Ġdo Ġwith Ġmy Ġwife Ġ.	[IN:GET_REMINDER [SL:METHOD_RETRIEVAL_REMINDER @ptr_0 SL:METHOD_RETRIEVAL_REMINDER] [SL:AMOUNT @ptr_1 SL:AMOUNT] @ptr_2 @ptr_3 @ptr_4 @ptr_5 @ptr_6 [SL:TODO @ptr_7 @ptr_8 SL:TODO] @ptr_9 IN:GET_REMINDER]
Can you delete all my reminders for Monday	Can Ġyou Ġdelete Ġall Ġmy Ġreminders Ġfor ĠMonday	[IN:DELETE_REMINDER @ptr_0 @ptr_1 @ptr_2 [SL:AMOUNT @ptr_3 SL:AMOUNT] [SL:PERSON_REMINDED @ptr_4 SL:PERSON_REMINDED] @ptr_5 [SL:DATE_TIME @ptr_6 @ptr_7 SL:DATE_TIME] IN:DELETE_REMINDER]
Shoe me the kid 's reminders .	Sh oe Ġme Ġthe Ġkid Ġ' s Ġreminders Ġ.	[IN:GET_REMINDER [SL:METHOD_RETRIEVAL_REMINDER @ptr_0 @ptr_1 SL:METHOD_RETRIEVAL_REMINDER] @ptr_2 @ptr_3 [SL:PERSON_REMINDED [IN:GET_CONTACT [SL:TYPE_RELATION @ptr_4 SL:TYPE_RELATION] IN:GET_CONTACT] SL:PERSON_REMINDED] @ptr_5 @ptr_6 @ptr_7 @ptr_8 IN:GET_REMINDER]
remind me to email mom that recipie for cookies	rem ind Ġme Ġto Ġemail Ġmom Ġthat Ġrecip ie Ġfor Ġcookies	[IN:CREATE_REMINDER @ptr_0 @ptr_1 [SL:PERSON_REMINDED @ptr_2 SL:PERSON_REMINDED] @ptr_3 [SL:TODO [IN:SEND_MESSAGE @ptr_4 [SL:RECIPIENT [IN:GET_CONTACT [SL:TYPE_RELATION @ptr_5 SL:TYPE_RELATION] IN:GET_CONTACT] SL:RECIPIENT] @ptr_6 [SL:CONTENT_EXACT @ptr_7 @ptr_8 @ptr_9 @ptr_10 SL:CONTENT_EXACT] IN:SEND_MESSAGE] SL:TODO] IN:CREATE_REMINDER]
set me a reminder to email dad tomorrow at 5 pm for his meeting	set Ġme Ġa Ġreminder Ġto Ġemail Ġdad Ġtomorrow Ġat Ġ5 Ġpm Ġfor Ġhis Ġmeeting	[IN:CREATE_REMINDER @ptr_0 [SL:PERSON_REMINDED @ptr_1 SL:PERSON_REMINDED] @ptr_2 @ptr_3 @ptr_4 [SL:TODO [IN:GET_TODO [SL:TODO [IN:SEND_MESSAGE @ptr_5 [SL:RECIPIENT [IN:GET_CONTACT [SL:TYPE_RELATION @ptr_6 SL:TYPE_RELATION] IN:GET_CONTACT] SL:RECIPIENT] IN:SEND_MESSAGE] SL:TODO] [SL:DATE_TIME @ptr_7 @ptr_8 @ptr_9 @ptr_10 SL:DATE_TIME] [SL:TODO @ptr_11 @ptr_12 @ptr_13 SL:TODO] IN:GET_TODO] SL:TODO] IN:CREATE_REMINDER]
Does my mom have any pill reminders today ?	Does Ġmy Ġmom Ġhave Ġany Ġpill Ġreminders Ġtoday Ġ?	[IN:GET_REMINDER @ptr_0 [SL:PERSON_REMINDED [IN:GET_CONTACT [SL:CONTACT_RELATED @ptr_1 SL:CONTACT_RELATED] [SL:TYPE_RELATION @ptr_2 SL:TYPE_RELATION] IN:GET_CONTACT] SL:PERSON_REMINDED] @ptr_3 @ptr_4 [SL:TODO @ptr_5 SL:TODO] @ptr_6 [SL:DATE_TIME @ptr_7 SL:DATE_TIME] @ptr_8 IN:GET_REMINDER]
Delete my daughter 's reminder for tomorrow	Delete Ġmy Ġdaughter Ġ' s Ġreminder Ġfor Ġtomorrow	[IN:DELETE_REMINDER @ptr_0 [SL:PERSON_REMINDED [IN:GET_CONTACT [SL:CONTACT_RELATED @ptr_1 SL:CONTACT_RELATED] [SL:TYPE_RELATION @ptr_2 SL:TYPE_RELATION] IN:GET_CONTACT] SL:PERSON_REMINDED] @ptr_3 @ptr_4 @ptr_5 [SL:DATE_TIME @ptr_6 @ptr_7 SL:DATE_TIME] IN:DELETE_REMINDER]
Remind my sister to pick up my daughter at 2 pm ; alert 20 minutes beforehand	Rem ind Ġmy Ġsister Ġto Ġpick Ġup Ġmy Ġdaughter Ġat Ġ2 Ġpm Ġ; Ġalert Ġ20 Ġminutes Ġbeforehand	[IN:CREATE_REMINDER @ptr_0 @ptr_1 [SL:PERSON_REMINDED [IN:GET_CONTACT [SL:CONTACT_RELATED @ptr_2 SL:CONTACT_RELATED] [SL:TYPE_RELATION @ptr_3 SL:TYPE_RELATION] IN:GET_CONTACT] SL:PERSON_REMINDED] @ptr_4 [SL:TODO [IN:GET_TODO [SL:TODO @ptr_5 @ptr_6 @ptr_7 @ptr_8 SL:TODO] [SL:DATE_TIME @ptr_9 @ptr_10 @ptr_11 SL:DATE_TIME] IN:GET_TODO] SL:TODO] @ptr_12 @ptr_13 [SL:DATE_TIME @ptr_14 @ptr_15 @ptr_16 SL:DATE_TIME] IN:CREATE_REMINDER]
Remind me to send a birthday text to my mom on August 3rd	Rem ind Ġme Ġto Ġsend Ġa Ġbirthday Ġtext Ġto Ġmy Ġmom Ġon ĠAugust Ġ3 rd	[IN:CREATE_REMINDER @ptr_0 @ptr_1 [SL:PERSON_REMINDED @ptr_2 SL:PERSON_REMINDED] @ptr_3 [SL:TODO [IN:SEND_MESSAGE @ptr_4 @ptr_5 [SL:CONTENT_EXACT @ptr_6 SL:CONTENT_EXACT] @ptr_7 @ptr_8 [SL:RECIPIENT [IN:GET_CONTACT [SL:CONTACT_RELATED @ptr_9 SL:CONTACT_RELATED] [SL:TYPE_RELATION @ptr_10 SL:TYPE_RELATION] IN:GET_CONTACT] SL:RECIPIENT] IN:SEND_MESSAGE] SL:TODO] [SL:DATE_TIME @ptr_11 @ptr_12 @ptr_13 @ptr_14 SL:DATE_TIME] IN:CREATE_REMINDER]
Please send my sister Donna a reminder tomorrow about Keith 's surgery on Wednesday	Please Ġsend Ġmy Ġsister ĠDonna Ġa Ġreminder Ġtomorrow Ġabout ĠKeith Ġ' s Ġsurgery Ġon ĠWednesday	[IN:CREATE_REMINDER @ptr_0 @ptr_1 [SL:PERSON_REMINDED [IN:GET_CONTACT [SL:CONTACT_RELATED @ptr_2 SL:CONTACT_RELATED] [SL:TYPE_RELATION @ptr_3 SL:TYPE_RELATION] [SL:CONTACT @ptr_4 SL:CONTACT] IN:GET_CONTACT] SL:PERSON_REMINDED] @ptr_5 @ptr_6 [SL:DATE_TIME @ptr_7 SL:DATE_TIME] @ptr_8 [SL:TODO [IN:GET_TODO [SL:TODO @ptr_9 @ptr_10 @ptr_11 @ptr_12 SL:TODO] [SL:DATE_TIME @ptr_13 @ptr_14 SL:DATE_TIME] IN:GET_TODO] SL:TODO] IN:CREATE_REMINDER]
send a reminder to my wife about picking up chicken , rice and shredded cheese before the game on Thursday .	send Ġa Ġreminder Ġto Ġmy Ġwife Ġabout Ġpicking Ġup Ġchicken Ġ, Ġrice Ġand Ġshredded Ġcheese Ġbefore Ġthe Ġgame Ġon ĠThursday Ġ.	[IN:CREATE_REMINDER @ptr_0 @ptr_1 @ptr_2 @ptr_3 [SL:PERSON_REMINDED [IN:GET_CONTACT [SL:CONTACT_RELATED @ptr_4 SL:CONTACT_RELATED] [SL:TYPE_RELATION @ptr_5 SL:TYPE_RELATION] IN:GET_CONTACT] SL:PERSON_REMINDED] @ptr_6 [SL:TODO @ptr_7 @ptr_8 @ptr_9 @ptr_10 @ptr_11 @ptr_12 @ptr_13 @ptr_14 @ptr_15 @ptr_16 @ptr_17 SL:TODO] [SL:DATE_TIME @ptr_18 @ptr_19 SL:DATE_TIME] @ptr_20 IN:CREATE_REMINDER]
remind me to Organize a clothing swap with my friends every Wednesday	rem ind Ġme Ġto ĠOrgan ize Ġa Ġclothing Ġswap Ġwith Ġmy Ġfriends Ġevery ĠWednesday	[IN:CREATE_REMINDER @ptr_0 @ptr_1 [SL:PERSON_REMINDED @ptr_2 SL:PERSON_REMINDED] @ptr_3 [SL:TODO [IN:GET_TODO [SL:TODO @ptr_4 @ptr_5 @ptr_6 @ptr_7 @ptr_8 SL:TODO] @ptr_9 [SL:ATTENDEE [IN:GET_CONTACT [SL:CONTACT_RELATED @ptr_10 SL:CONTACT_RELATED] [SL:TYPE_RELATION @ptr_11 SL:TYPE_RELATION] IN:GET_CONTACT] SL:ATTENDEE] IN:GET_TODO] SL:TODO] [SL:RECURRING_DATE_TIME [IN:GET_RECURRING_DATE_TIME [SL:FREQUENCY @ptr_12 @ptr_13 SL:FREQUENCY] IN:GET_RECURRING_DATE_TIME] SL:RECURRING_DATE_TIME] IN:CREATE_REMINDER]
change reminder to text mom tomorrow to 10 am	change Ġreminder Ġto Ġtext Ġmom Ġtomorrow Ġto Ġ10 Ġam	[IN:UPDATE_REMINDER_DATE_TIME @ptr_0 @ptr_1 @ptr_2 [SL:TODO [IN:GET_TODO [SL:TODO [IN:SEND_MESSAGE @ptr_3 [SL:RECIPIENT [IN:GET_CONTACT [SL:TYPE_RELATION @ptr_4 SL:TYPE_RELATION] IN:GET_CONTACT] SL:RECIPIENT] IN:SEND_MESSAGE] SL:TODO] [SL:DATE_TIME @ptr_5 SL:DATE_TIME] IN:GET_TODO] SL:TODO] @ptr_6 [SL:DATE_TIME_NEW @ptr_7 @ptr_8 SL:DATE_TIME_NEW] IN:UPDATE_REMINDER_DATE_TIME]
Remind me to text husband to bring home dinner on his way home today .	Rem ind Ġme Ġto Ġtext Ġhusband Ġto Ġbring Ġhome Ġdinner Ġon Ġhis Ġway Ġhome Ġtoday Ġ.	[IN:CREATE_REMINDER @ptr_0 @ptr_1 [SL:PERSON_REMINDED @ptr_2 SL:PERSON_REMINDED] @ptr_3 [SL:TODO [IN:SEND_MESSAGE @ptr_4 [SL:RECIPIENT [IN:GET_CONTACT [SL:TYPE_RELATION @ptr_5 SL:TYPE_RELATION] IN:GET_CONTACT] SL:RECIPIENT] @ptr_6 [SL:CONTENT_EXACT @ptr_7 @ptr_8 @ptr_9 @ptr_10 @ptr_11 @ptr_12 @ptr_13 SL:CONTENT_EXACT] IN:SEND_MESSAGE] SL:TODO] [SL:DATE_TIME @ptr_14 SL:DATE_TIME] @ptr_15 IN:CREATE_REMINDER]
Are there any upcoming reminders with dad	Are Ġthere Ġany Ġupcoming Ġreminders Ġwith Ġdad	[IN:GET_REMINDER @ptr_0 @ptr_1 @ptr_2 @ptr_3 @ptr_4 [SL:TODO [IN:GET_TODO @ptr_5 [SL:ATTENDEE [IN:GET_CONTACT [SL:TYPE_RELATION @ptr_6 SL:TYPE_RELATION] IN:GET_CONTACT] SL:ATTENDEE] IN:GET_TODO] SL:TODO] IN:GET_REMINDER]
What are my reminders that me and my husband have set	What Ġare Ġmy Ġreminders Ġthat Ġme Ġand Ġmy Ġhusband Ġhave Ġset	[IN:GET_REMINDER @ptr_0 @ptr_1 @ptr_2 @ptr_3 @ptr_4 [SL:PERSON_REMINDED @ptr_5 SL:PERSON_REMINDED] @ptr_6 [SL:PERSON_REMINDED [IN:GET_CONTACT [SL:CONTACT_RELATED @ptr_7 SL:CONTACT_RELATED] [SL:TYPE_RELATION @ptr_8 SL:TYPE_RELATION] IN:GET_CONTACT] SL:PERSON_REMINDED] @ptr_9 @ptr_10 IN:GET_REMINDER]
Send a reminder to my friends about our brunch tomorrow at 2 pm	Send Ġa Ġreminder Ġto Ġmy Ġfriends Ġabout Ġour Ġbrunch Ġtomorrow Ġat Ġ2 Ġpm	[IN:CREATE_REMINDER @ptr_0 @ptr_1 @ptr_2 @ptr_3 [SL:PERSON_REMINDED [IN:GET_CONTACT [SL:CONTACT_RELATED @ptr_4 SL:CONTACT_RELATED] [SL:TYPE_RELATION @ptr_5 SL:TYPE_RELATION] IN:GET_CONTACT] SL:PERSON_REMINDED] @ptr_6 [SL:TODO @ptr_7 @ptr_8 SL:TODO] [SL:DATE_TIME @ptr_9 @ptr_10 @ptr_11 @ptr_12 SL:DATE_TIME] IN:CREATE_REMINDER]
I want to add grocery shopping to my errands reminder	I Ġwant Ġto Ġadd Ġgrocery Ġshopping Ġto Ġmy Ġerr ands Ġreminder	[IN:UPDATE_REMINDER_TODO @ptr_0 @ptr_1 @ptr_2 @ptr_3 [SL:TODO_NEW @ptr_4 @ptr_5 SL:TODO_NEW] @ptr_6 [SL:PERSON_REMINDED @ptr_7 SL:PERSON_REMINDED] [SL:TODO @ptr_8 @ptr_9 SL:TODO] @ptr_10 IN:UPDATE_REMINDER_TODO]
Please change the reminder about eggs to 3 dozen .	Please Ġchange Ġthe Ġreminder Ġabout Ġeggs Ġto Ġ3 Ġdozen Ġ.	[IN:UPDATE_REMINDER_TODO @ptr_0 @ptr_1 @ptr_2 @ptr_3 @ptr_4 [SL:TODO @ptr_5 SL:TODO] @ptr_6 [SL:TODO_NEW @ptr_7 @ptr_8 SL:TODO_NEW] @ptr_9 IN:UPDATE_REMINDER_TODO]
Add washing car , to my reminder of chores to do .	Add Ġwashing Ġcar Ġ, Ġto Ġmy Ġreminder Ġof Ġchores Ġto Ġdo Ġ.	[IN:UPDATE_REMINDER_TODO @ptr_0 [SL:TODO_NEW @ptr_1 @ptr_2 SL:TODO_NEW] @ptr_3 @ptr_4 [SL:PERSON_REMINDED @ptr_5 SL:PERSON_REMINDED] @ptr_6 @ptr_7 [SL:TODO @ptr_8 @ptr_9 @ptr_10 SL:TODO] @ptr_11 IN:UPDATE_REMINDER_TODO]
Please add exercise to my weekend Home Schedule reminder .	Please Ġadd Ġexercise Ġto Ġmy Ġweekend ĠHome ĠSchedule Ġreminder Ġ.	[IN:UPDATE_REMINDER_TODO @ptr_0 @ptr_1 [SL:TODO_NEW @ptr_2 SL:TODO_NEW] @ptr_3 [SL:PERSON_REMINDED @ptr_4 SL:PERSON_REMINDED] [SL:DATE_TIME @ptr_5 SL:DATE_TIME] [SL:TODO @ptr_6 @ptr_7 SL:TODO] @ptr_8 @ptr_9 IN:UPDATE_REMINDER_TODO]
Please update my reminder to do routine computer maintenance to reflect defragmenting the hard disk .	Please Ġupdate Ġmy Ġreminder Ġto Ġdo Ġroutine Ġcomputer Ġmaintenance Ġto Ġreflect Ġdef rag ment ing Ġthe Ġhard Ġdisk Ġ.	[IN:UPDATE_REMINDER_TODO @ptr_0 @ptr_1 [SL:PERSON_REMINDED @ptr_2 SL:PERSON_REMINDED] @ptr_3 @ptr_4 [SL:TODO @ptr_5 @ptr_6 @ptr_7 @ptr_8 SL:TODO] @ptr_9 @ptr_10 [SL:TODO_NEW @ptr_11 @ptr_12 @ptr_13 @ptr_14 @ptr_15 @ptr_16 @ptr_17 SL:TODO_NEW] @ptr_18 IN:UPDATE_REMINDER_TODO]
change saturday 's lunch reminder to say don't forget the chips	change Ġs aturday Ġ' s Ġlunch Ġreminder Ġto Ġsay Ġdon 't Ġforget Ġthe Ġchips	[IN:UPDATE_REMINDER_TODO @ptr_0 [SL:DATE_TIME @ptr_1 @ptr_2 SL:DATE_TIME] @ptr_3 @ptr_4 [SL:TODO @ptr_5 SL:TODO] @ptr_6 @ptr_7 @ptr_8 [SL:TODO_NEW @ptr_9 @ptr_10 @ptr_11 @ptr_12 @ptr_13 SL:TODO_NEW] IN:UPDATE_REMINDER_TODO]
Add ' eggs ' to my ' buy coffee ' reminder	Add Ġ' Ġeggs Ġ' Ġto Ġmy Ġ' Ġbuy Ġcoffee Ġ' Ġreminder	[IN:UPDATE_REMINDER_TODO @ptr_0 @ptr_1 [SL:TODO_NEW @ptr_2 SL:TODO_NEW] @ptr_3 @ptr_4 [SL:PERSON_REMINDED @ptr_5 SL:PERSON_REMINDED] @ptr_6 [SL:TODO @ptr_7 @ptr_8 SL:TODO] @ptr_9 @ptr_10 IN:UPDATE_REMINDER_TODO]
add grocery shopping to the list of reminders for tomorrow instead of bowling	add Ġgrocery Ġshopping Ġto Ġthe Ġlist Ġof Ġreminders Ġfor Ġtomorrow Ġinstead Ġof Ġbowling	[IN:UPDATE_REMINDER_TODO @ptr_0 [SL:TODO_NEW @ptr_1 @ptr_2 SL:TODO_NEW] @ptr_3 @ptr_4 @ptr_5 @ptr_6 @ptr_7 [SL:DATE_TIME @ptr_8 @ptr_9 SL:DATE_TIME] @ptr_10 @ptr_11 [SL:TODO @ptr_12 SL:TODO] IN:UPDATE_REMINDER_TODO]
Add pineapple upside down cake to Bill 's surprise party reminder	Add Ġpineapple Ġupside Ġdown Ġcake Ġto ĠBill Ġ' s Ġsurprise Ġparty Ġreminder	[IN:UPDATE_REMINDER_TODO @ptr_0 [SL:TODO_NEW @ptr_1 @ptr_2 @ptr_3 @ptr_4 SL:TODO_NEW] @ptr_5 [SL:TODO @ptr_6 @ptr_7 @ptr_8 @ptr_9 @ptr_10 SL:TODO] @ptr_11 IN:UPDATE_REMINDER_TODO]
Please update my laundry reminder to remind me to separate the colors and the whites	Please Ġupdate Ġmy Ġlaundry Ġreminder Ġto Ġremind Ġme Ġto Ġseparate Ġthe Ġcolors Ġand Ġthe Ġwhites	[IN:UPDATE_REMINDER_TODO @ptr_0 @ptr_1 @ptr_2 [SL:TODO @ptr_3 SL:TODO] @ptr_4 @ptr_5 @ptr_6 [SL:PERSON_REMINDED @ptr_7 SL:PERSON_REMINDED] @ptr_8 [SL:TODO_NEW @ptr_9 @ptr_10 @ptr_11 @ptr_12 @ptr_13 @ptr_14 SL:TODO_NEW] IN:UPDATE_REMINDER_TODO]
Move our school shopping reminder to tomorrow .	Move Ġour Ġschool Ġshopping Ġreminder Ġto Ġtomorrow Ġ.	[IN:UPDATE_REMINDER_DATE_TIME @ptr_0 [SL:PERSON_REMINDED @ptr_1 SL:PERSON_REMINDED] [SL:TODO @ptr_2 @ptr_3 SL:TODO] @ptr_4 [SL:DATE_TIME_NEW @ptr_5 @ptr_6 SL:DATE_TIME_NEW] @ptr_7 IN:UPDATE_REMINDER_DATE_TIME]
Remind me to go dress shopping on Sunday rather than Saturday	Rem ind Ġme Ġto Ġgo Ġdress Ġshopping Ġon ĠSunday Ġrather Ġthan ĠSaturday	[IN:UPDATE_REMINDER_DATE_TIME @ptr_0 @ptr_1 [SL:PERSON_REMINDED @ptr_2 SL:PERSON_REMINDED] @ptr_3 [SL:TODO @ptr_4 @ptr_5 @ptr_6 SL:TODO] [SL:DATE_TIME_NEW @ptr_7 @ptr_8 SL:DATE_TIME_NEW] @ptr_9 [SL:DATE_TIME @ptr_10 @ptr_11 SL:DATE_TIME] IN:UPDATE_REMINDER_DATE_TIME]
Change my reminder alert to 5 pm	Change Ġmy Ġreminder Ġalert Ġto Ġ5 Ġpm	[IN:UPDATE_REMINDER_DATE_TIME @ptr_0 [SL:PERSON_REMINDED @ptr_1 SL:PERSON_REMINDED] @ptr_2 @ptr_3 [SL:DATE_TIME_NEW @ptr_4 @ptr_5 @ptr_6 SL:DATE_TIME_NEW] IN:UPDATE_REMINDER_DATE_TIME]
Update my reminder to clean the gutters from the beginning of October to the end of October .	Update Ġmy Ġreminder Ġto Ġclean Ġthe Ġgut ters Ġfrom Ġthe Ġbeginning Ġof ĠOctober Ġto Ġthe Ġend Ġof ĠOctober Ġ.	[IN:UPDATE_REMINDER_DATE_TIME @ptr_0 [SL:PERSON_REMINDED @ptr_1 SL:PERSON_REMINDED] @ptr_2 @ptr_3 [SL:TODO @ptr_4 @ptr_5 @ptr_6 @ptr_7 SL:TODO] [SL:DATE_TIME @ptr_8 @ptr_9 @ptr_10 @ptr_11 @ptr_12 SL:DATE_TIME] [SL:DATE_TIME_NEW @ptr_13 @ptr_14 @ptr_15 @ptr_16 @ptr_17 SL:DATE_TIME_NEW] @ptr_18 IN:UPDATE_REMINDER_DATE_TIME]
change my yoga reminder from Monday and Wednesday to Tuesday and thursday	change Ġmy Ġyoga Ġreminder Ġfrom ĠMonday Ġand ĠWednesday Ġto ĠTuesday Ġand Ġth ursday	[IN:UPDATE_REMINDER_DATE_TIME @ptr_0 [SL:PERSON_REMINDED @ptr_1 SL:PERSON_REMINDED] [SL:TODO @ptr_2 SL:TODO] @ptr_3 [SL:DATE_TIME @ptr_4 @ptr_5 SL:DATE_TIME] @ptr_6 [SL:DATE_TIME @ptr_7 SL:DATE_TIME] [SL:DATE_TIME_NEW @ptr_8 @ptr_9 SL:DATE_TIME_NEW] @ptr_10 [SL:DATE_TIME_NEW @ptr_11 @ptr_12 SL:DATE_TIME_NEW] IN:UPDATE_REMINDER_DATE_TIME]
Change my reminder to 3 pm	Change Ġmy Ġreminder Ġto Ġ3 Ġpm	[IN:UPDATE_REMINDER_DATE_TIME @ptr_0 [SL:PERSON_REMINDED @ptr_1 SL:PERSON_REMINDED] @ptr_2 [SL:DATE_TIME_NEW @ptr_3 @ptr_4 @ptr_5 SL:DATE_TIME_NEW] IN:UPDATE_REMINDER_DATE_TIME]
Change my reminder to let my dog out from 3 pm to 4 pm .	Change Ġmy Ġreminder Ġto Ġlet Ġmy Ġdog Ġout Ġfrom Ġ3 Ġpm Ġto Ġ4 Ġpm Ġ.	[IN:UPDATE_REMINDER_DATE_TIME @ptr_0 [SL:PERSON_REMINDED @ptr_1 SL:PERSON_REMINDED] @ptr_2 @ptr_3 [SL:TODO @ptr_4 @ptr_5 @ptr_6 @ptr_7 SL:TODO] [SL:DATE_TIME @ptr_8 @ptr_9 @ptr_10 SL:DATE_TIME] [SL:DATE_TIME_NEW @ptr_11 @ptr_12 @ptr_13 SL:DATE_TIME_NEW] @ptr_14 IN:UPDATE_REMINDER_DATE_TIME]
Update the time of the reminder of the Patriots game to 44 minutes later due to weather warnings in MA .	Update Ġthe Ġtime Ġof Ġthe Ġreminder Ġof Ġthe ĠPatriots Ġgame Ġto Ġ44 Ġminutes Ġlater Ġdue Ġto Ġweather Ġwarnings Ġin ĠMA Ġ.	[IN:UPDATE_REMINDER_DATE_TIME @ptr_0 @ptr_1 @ptr_2 @ptr_3 @ptr_4 @ptr_5 @ptr_6 [SL:TODO @ptr_7 @ptr_8 @ptr_9 SL:TODO] [SL:DATE_TIME_NEW @ptr_10 @ptr_11 @ptr_12 @ptr_13 SL:DATE_TIME_NEW] @ptr_14 @ptr_15 @ptr_16 @ptr_17 @ptr_18 @ptr_19 @ptr_20 IN:UPDATE_REMINDER_DATE_TIME]
edit reminder to pay bills from 15th of the month to 30th of the month	edit Ġreminder Ġto Ġpay Ġbills Ġfrom Ġ15 th Ġof Ġthe Ġmonth Ġto Ġ30 th Ġof Ġthe Ġmonth	[IN:UPDATE_REMINDER_DATE_TIME @ptr_0 @ptr_1 @ptr_2 [SL:TODO @ptr_3 @ptr_4 SL:TODO] [SL:DATE_TIME @ptr_5 @ptr_6 @ptr_7 @ptr_8 @ptr_9 @ptr_10 SL:DATE_TIME] [SL:DATE_TIME_NEW @ptr_11 @ptr_12 @ptr_13 @ptr_14 @ptr_15 @ptr_16 SL:DATE_TIME_NEW] IN:UPDATE_REMINDER_DATE_TIME]
Remind me about doctor 's appointment on Tuesday not Monday .	Rem ind Ġme Ġabout Ġdoctor Ġ' s Ġappointment Ġon ĠTuesday Ġnot ĠMonday Ġ.	[IN:UPDATE_REMINDER_DATE_TIME @ptr_0 @ptr_1 [SL:PERSON_REMINDED @ptr_2 SL:PERSON_REMINDED] @ptr_3 [SL:TODO @ptr_4 @ptr_5 @ptr_6 @ptr_7 SL:TODO] [SL:DATE_TIME_NEW @ptr_8 @ptr_9 SL:DATE_TIME_NEW] @ptr_10 [SL:DATE_TIME @ptr_11 SL:DATE_TIME] @ptr_12 IN:UPDATE_REMINDER_DATE_TIME]
What is my next reminder for lawn care ?	What Ġis Ġmy Ġnext Ġreminder Ġfor Ġlawn Ġcare Ġ?	[IN:GET_REMINDER @ptr_0 @ptr_1 [SL:PERSON_REMINDED @ptr_2 SL:PERSON_REMINDED] [SL:ORDINAL @ptr_3 SL:ORDINAL] @ptr_4 @ptr_5 [SL:TODO @ptr_6 @ptr_7 SL:TODO] @ptr_8 IN:GET_REMINDER]
Get all of the reminders about the kids summer camp	Get Ġall Ġof Ġthe Ġreminders Ġabout Ġthe Ġkids Ġsummer Ġcamp	[IN:GET_REMINDER @ptr_0 [SL:AMOUNT @ptr_1 SL:AMOUNT] @ptr_2 @ptr_3 @ptr_4 @ptr_5 [SL:TODO @ptr_6 @ptr_7 @ptr_8 @ptr_9 SL:TODO] IN:GET_REMINDER]
What reminders do I have for book club this month ?	What Ġreminders Ġdo ĠI Ġhave Ġfor Ġbook Ġclub Ġthis Ġmonth Ġ?	[IN:GET_REMINDER @ptr_0 @ptr_1 @ptr_2 [SL:PERSON_REMINDED @ptr_3 SL:PERSON_REMINDED] @ptr_4 @ptr_5 [SL:TODO @ptr_6 @ptr_7 SL:TODO] [SL:DATE_TIME @ptr_8 @ptr_9 SL:DATE_TIME] @ptr_10 IN:GET_REMINDER]
pull up all my reminders for work	pull Ġup Ġall Ġmy Ġreminders Ġfor Ġwork	[IN:GET_REMINDER [SL:METHOD_RETRIEVAL_REMINDER @ptr_0 @ptr_1 SL:METHOD_RETRIEVAL_REMINDER] [SL:AMOUNT @ptr_2 SL:AMOUNT] [SL:PERSON_REMINDED @ptr_3 SL:PERSON_REMINDED] @ptr_4 @ptr_5 [SL:TODO @ptr_6 SL:TODO] IN:GET_REMINDER]
could you show me all the reminders i have about the meetings for the church bazaar	could Ġyou Ġshow Ġme Ġall Ġthe Ġreminders Ġi Ġhave Ġabout Ġthe Ġmeetings Ġfor Ġthe Ġchurch Ġb azaar	[IN:GET_REMINDER @ptr_0 @ptr_1 [SL:METHOD_RETRIEVAL_REMINDER @ptr_2 SL:METHOD_RETRIEVAL_REMINDER] @ptr_3 [SL:AMOUNT @ptr_4 SL:AMOUNT] @ptr_5 @ptr_6 [SL:PERSON_REMINDED @ptr_7 SL:PERSON_REMINDED] @ptr_8 @ptr_9 [SL:TODO @ptr_10 @ptr_11 @ptr_12 @ptr_13 @ptr_14 @ptr_15 @ptr_16 SL:TODO] IN:GET_REMINDER]
What time is the art exhibit reminder with Mike and Jim ?	What Ġtime Ġis Ġthe Ġart Ġexhibit Ġreminder Ġwith ĠMike Ġand ĠJim Ġ?	[IN:GET_REMINDER_DATE_TIME @ptr_0 @ptr_1 @ptr_2 @ptr_3 [SL:TODO @ptr_4 @ptr_5 SL:TODO] @ptr_6 [SL:TODO [IN:GET_TODO @ptr_7 [SL:ATTENDEE @ptr_8 SL:ATTENDEE] @ptr_9 [SL:ATTENDEE @ptr_10 SL:ATTENDEE] IN:GET_TODO] SL:TODO] @ptr_11 IN:GET_REMINDER_DATE_TIME]
What time is my alert for my meeting with Mr . Hest ?	What Ġtime Ġis Ġmy Ġalert Ġfor Ġmy Ġmeeting Ġwith ĠMr Ġ. ĠH est Ġ?	[IN:GET_REMINDER_DATE_TIME @ptr_0 @ptr_1 @ptr_2 [SL:PERSON_REMINDED @ptr_3 SL:PERSON_REMINDED] @ptr_4 @ptr_5 [SL:TODO [IN:GET_TODO [SL:TODO @ptr_6 @ptr_7 SL:TODO] @ptr_8 [SL:ATTENDEE @ptr_9 @ptr_10 @ptr_11 @ptr_12 SL:ATTENDEE] IN:GET_TODO] SL:TODO] @ptr_13 IN:GET_REMINDER_DATE_TIME]
I need the reminder to remind me of my lunch date with Carlos at noon	I Ġneed Ġthe Ġreminder Ġto Ġremind Ġme Ġof Ġmy Ġlunch Ġdate Ġwith ĠCarlos Ġat Ġnoon	[IN:CREATE_REMINDER @ptr_0 @ptr_1 @ptr_2 @ptr_3 @ptr_4 @ptr_5 [SL:PERSON_REMINDED @ptr_6 SL:PERSON_REMINDED] @ptr_7 [SL:TODO [IN:GET_TODO [SL:TODO @ptr_8 @ptr_9 @ptr_10 SL:TODO] @ptr_11 [SL:ATTENDEE @ptr_12 SL:ATTENDEE] IN:GET_TODO] SL:TODO] [SL:DATE_TIME @ptr_13 @ptr_14 SL:DATE_TIME] IN:CREATE_REMINDER]
Remind me to meet with my team starting on Mondays at 9 : 15 am	Rem ind Ġme Ġto Ġmeet Ġwith Ġmy Ġteam Ġstarting Ġon ĠMondays Ġat Ġ9 Ġ: Ġ15 Ġam	[IN:CREATE_REMINDER @ptr_0 @ptr_1 [SL:PERSON_REMINDED @ptr_2 SL:PERSON_REMINDED] @ptr_3 [SL:TODO [IN:GET_TODO [SL:TODO @ptr_4 SL:TODO] @ptr_5 [SL:ATTENDEE @ptr_6 @ptr_7 SL:ATTENDEE] @ptr_8 IN:GET_TODO] SL:TODO] [SL:RECURRING_DATE_TIME [IN:GET_RECURRING_DATE_TIME [SL:DATE_TIME @ptr_9 @ptr_10 @ptr_11 @ptr_12 @ptr_13 @ptr_14 @ptr_15 SL:DATE_TIME] IN:GET_RECURRING_DATE_TIME] SL:RECURRING_DATE_TIME] IN:CREATE_REMINDER]
Add James to my bachelor party reminder .	Add ĠJames Ġto Ġmy Ġbachelor Ġparty Ġreminder Ġ.	[IN:UPDATE_REMINDER @ptr_0 [SL:ATTENDEE_ADDED @ptr_1 SL:ATTENDEE_ADDED] @ptr_2 [SL:PERSON_REMINDED @ptr_3 SL:PERSON_REMINDED] [SL:TODO @ptr_4 @ptr_5 SL:TODO] @ptr_6 @ptr_7 IN:UPDATE_REMINDER]
Send my Dad a reminder that he needs to bring the cocktail ingredients for the party at 5 : 00 pm tomorrow .	Send Ġmy ĠDad Ġa Ġreminder Ġthat Ġhe Ġneeds Ġto Ġbring Ġthe Ġcocktail Ġingredients Ġfor Ġthe Ġparty Ġat Ġ5 Ġ: Ġ00 Ġpm Ġtomorrow Ġ.	[IN:CREATE_REMINDER @ptr_0 [SL:PERSON_REMINDED [IN:GET_CONTACT [SL:CONTACT_RELATED @ptr_1 SL:CONTACT_RELATED] [SL:TYPE_RELATION @ptr_2 SL:TYPE_RELATION] IN:GET_CONTACT] SL:PERSON_REMINDED] @ptr_3 @ptr_4 @ptr_5 @ptr_6 @ptr_7 @ptr_8 [SL:TODO @ptr_9 @ptr_10 @ptr_11 @ptr_12 @ptr_13 @ptr_14 @ptr_15 SL:TODO] [SL:DATE_TIME @ptr_16 @ptr_17 @ptr_18 @ptr_19 @ptr_20 @ptr_21 SL:DATE_TIME] @ptr_22 IN:CREATE_REMINDER]
Delete my daughter 's reminder for tomorrow	Delete Ġmy Ġdaughter Ġ' s Ġreminder Ġfor Ġtomorrow	[IN:DELETE_REMINDER @ptr_0 [SL:PERSON_REMINDED [IN:GET_CONTACT [SL:CONTACT_RELATED @ptr_1 SL:CONTACT_RELATED] [SL:TYPE_RELATION @ptr_2 SL:TYPE_RELATION] IN:GET_CONTACT] SL:PERSON_REMINDED] @ptr_3 @ptr_4 @ptr_5 [SL:DATE_TIME @ptr_6 @ptr_7 SL:DATE_TIME] IN:DELETE_REMINDER]
Remind me and my wife that our daughter 's school is closed on the 5th and the 6th of August	Rem ind Ġme Ġand Ġmy Ġwife Ġthat Ġour Ġdaughter Ġ' s Ġschool Ġis Ġclosed Ġon Ġthe Ġ5 th Ġand Ġthe Ġ6 th Ġof ĠAugust	[IN:CREATE_REMINDER @ptr_0 @ptr_1 [SL:PERSON_REMINDED @ptr_2 SL:PERSON_REMINDED] @ptr_3 [SL:PERSON_REMINDED [IN:GET_CONTACT [SL:CONTACT_RELATED @ptr_4 SL:CONTACT_RELATED] [SL:TYPE_RELATION @ptr_5 SL:TYPE_RELATION] IN:GET_CONTACT] SL:PERSON_REMINDED] @ptr_6 [SL:TODO [IN:GET_TODO [SL:TODO @ptr_7 @ptr_8 @ptr_9 @ptr_10 @ptr_11 @ptr_12 @ptr_13 SL:TODO] [SL:DATE_TIME @ptr_14 @ptr_15 @ptr_16 @ptr_17 SL:DATE_TIME] @ptr_18 IN:GET_TODO] SL:TODO] [SL:DATE_TIME @ptr_19 @ptr_20 @ptr_21 @ptr_22 @ptr_23 SL:DATE_TIME] IN:CREATE_REMINDER]
remind me to email the children 's school supply list to their dad tomorrow	rem ind Ġme Ġto Ġemail Ġthe Ġchildren Ġ' s Ġschool Ġsupply Ġlist Ġto Ġtheir Ġdad Ġtomorrow	[IN:CREATE_REMINDER @ptr_0 @ptr_1 [SL:PERSON_REMINDED @ptr_2 SL:PERSON_REMINDED] @ptr_3 [SL:TODO [IN:SEND_MESSAGE @ptr_4 [SL:CONTENT_EXACT @ptr_5 @ptr_6 @ptr_7 @ptr_8 @ptr_9 @ptr_10 @ptr_11 SL:CONTENT_EXACT] @ptr_12 [SL:RECIPIENT [IN:GET_CONTACT [SL:CONTACT_RELATED @ptr_13 SL:CONTACT_RELATED] [SL:TYPE_RELATION @ptr_14 SL:TYPE_RELATION] IN:GET_CONTACT] SL:RECIPIENT] IN:SEND_MESSAGE] SL:TODO] [SL:DATE_TIME @ptr_15 SL:DATE_TIME] IN:CREATE_REMINDER]
Show me all the reminders between me and my mom	Show Ġme Ġall Ġthe Ġreminders Ġbetween Ġme Ġand Ġmy Ġmom	[IN:GET_REMINDER [SL:METHOD_RETRIEVAL_REMINDER @ptr_0 SL:METHOD_RETRIEVAL_REMINDER] [SL:PERSON_REMINDED @ptr_1 SL:PERSON_REMINDED] [SL:AMOUNT @ptr_2 SL:AMOUNT] @ptr_3 @ptr_4 @ptr_5 @ptr_6 @ptr_7 [SL:PERSON_REMINDED [IN:GET_CONTACT [SL:CONTACT_RELATED @ptr_8 SL:CONTACT_RELATED] [SL:TYPE_RELATION @ptr_9 SL:TYPE_RELATION] IN:GET_CONTACT] SL:PERSON_REMINDED] IN:GET_REMINDER]
When is my next reminder ?	When Ġis Ġmy Ġnext Ġreminder Ġ?	[IN:GET_REMINDER_DATE_TIME @ptr_0 @ptr_1 [SL:PERSON_REMINDED @ptr_2 SL:PERSON_REMINDED] [SL:ORDINAL @ptr_3 SL:ORDINAL] @ptr_4 @ptr_5 IN:GET_REMINDER_DATE_TIME]
Move my next dermatology appointment reminder to Thursday at 10 AM	Move Ġmy Ġnext Ġdermat ology Ġappointment Ġreminder Ġto ĠThursday Ġat Ġ10 ĠAM	[IN:UPDATE_REMINDER_DATE_TIME @ptr_0 [SL:PERSON_REMINDED @ptr_1 SL:PERSON_REMINDED] [SL:ORDINAL @ptr_2 SL:ORDINAL] [SL:TODO @ptr_3 @ptr_4 @ptr_5 SL:TODO] @ptr_6 [SL:DATE_TIME_NEW @ptr_7 @ptr_8 @ptr_9 @ptr_10 @ptr_11 SL:DATE_TIME_NEW] IN:UPDATE_REMINDER_DATE_TIME]
when is my next reminder for art class	when Ġis Ġmy Ġnext Ġreminder Ġfor Ġart Ġclass	[IN:GET_REMINDER_DATE_TIME @ptr_0 @ptr_1 [SL:PERSON_REMINDED @ptr_2 SL:PERSON_REMINDED] [SL:ORDINAL @ptr_3 SL:ORDINAL] @ptr_4 @ptr_5 [SL:TODO @ptr_6 @ptr_7 SL:TODO] IN:GET_REMINDER_DATE_TIME]
Show me my last reminder for my eye doctor	Show Ġme Ġmy Ġlast Ġreminder Ġfor Ġmy Ġeye Ġdoctor	[IN:GET_REMINDER [SL:METHOD_RETRIEVAL_REMINDER @ptr_0 SL:METHOD_RETRIEVAL_REMINDER] @ptr_1 [SL:PERSON_REMINDED @ptr_2 SL:PERSON_REMINDED] [SL:ORDINAL @ptr_3 SL:ORDINAL] @ptr_4 @ptr_5 [SL:TODO @ptr_6 @ptr_7 @ptr_8 SL:TODO] IN:GET_REMINDER]
what will be my first reminder for tomorrow	what Ġwill Ġbe Ġmy Ġfirst Ġreminder Ġfor Ġtomorrow	[IN:GET_REMINDER @ptr_0 @ptr_1 @ptr_2 [SL:PERSON_REMINDED @ptr_3 SL:PERSON_REMINDED] [SL:ORDINAL @ptr_4 SL:ORDINAL] @ptr_5 [SL:DATE_TIME @ptr_6 @ptr_7 SL:DATE_TIME] IN:GET_REMINDER]
Remind me to reply to Bamby that we can meet up for dinner on Friday .	Rem ind Ġme Ġto Ġreply Ġto ĠBam by Ġthat Ġwe Ġcan Ġmeet Ġup Ġfor Ġdinner Ġon ĠFriday Ġ.	[IN:CREATE_REMINDER @ptr_0 @ptr_1 [SL:PERSON_REMINDED @ptr_2 SL:PERSON_REMINDED] @ptr_3 [SL:TODO [IN:REPLY_MESSAGE @ptr_4 @ptr_5 [SL:RECIPIENT @ptr_6 @ptr_7 SL:RECIPIENT] @ptr_8 [SL:CONTENT_EXACT @ptr_9 @ptr_10 @ptr_11 @ptr_12 @ptr_13 @ptr_14 SL:CONTENT_EXACT] IN:REPLY_MESSAGE] SL:TODO] [SL:DATE_TIME @ptr_15 @ptr_16 SL:DATE_TIME] @ptr_17 IN:CREATE_REMINDER]
Remind me in 30 minutes to reply to my husband about tonight 's dinner .	Rem ind Ġme Ġin Ġ30 Ġminutes Ġto Ġreply Ġto Ġmy Ġhusband Ġabout Ġtonight Ġ' s Ġdinner Ġ.	[IN:CREATE_REMINDER @ptr_0 @ptr_1 [SL:PERSON_REMINDED @ptr_2 SL:PERSON_REMINDED] [SL:DATE_TIME @ptr_3 @ptr_4 @ptr_5 SL:DATE_TIME] @ptr_6 [SL:TODO [IN:REPLY_MESSAGE @ptr_7 @ptr_8 [SL:RECIPIENT [IN:GET_CONTACT [SL:CONTACT_RELATED @ptr_9 SL:CONTACT_RELATED] [SL:TYPE_RELATION @ptr_10 SL:TYPE_RELATION] IN:GET_CONTACT] SL:RECIPIENT] @ptr_11 [SL:CONTENT_EXACT [IN:GET_EVENT [SL:DATE_TIME @ptr_12 SL:DATE_TIME] @ptr_13 @ptr_14 [SL:CATEGORY_EVENT @ptr_15 SL:CATEGORY_EVENT] IN:GET_EVENT] SL:CONTENT_EXACT] IN:REPLY_MESSAGE] SL:TODO] @ptr_16 IN:CREATE_REMINDER]
Set a reminder to reply back to email from Shannon	Set Ġa Ġreminder Ġto Ġreply Ġback Ġto Ġemail Ġfrom ĠShannon	[IN:CREATE_REMINDER @ptr_0 @ptr_1 @ptr_2 @ptr_3 [SL:TODO [IN:REPLY_MESSAGE @ptr_4 @ptr_5 @ptr_6 @ptr_7 @ptr_8 [SL:RECIPIENT @ptr_9 SL:RECIPIENT] IN:REPLY_MESSAGE] SL:TODO] IN:CREATE_REMINDER]
Remind me to reply to Steve and tell him we need to reschedule our meeting .	Rem ind Ġme Ġto Ġreply Ġto ĠSteve Ġand Ġtell Ġhim Ġwe Ġneed Ġto Ġres che dule Ġour Ġmeeting Ġ.	[IN:CREATE_REMINDER @ptr_0 @ptr_1 [SL:PERSON_REMINDED @ptr_2 SL:PERSON_REMINDED] @ptr_3 [SL:TODO [IN:REPLY_MESSAGE @ptr_4 @ptr_5 [SL:RECIPIENT @ptr_6 SL:RECIPIENT] @ptr_7 @ptr_8 @ptr_9 [SL:CONTENT_EXACT @ptr_10 @ptr_11 @ptr_12 @ptr_13 @ptr_14 @ptr_15 @ptr_16 @ptr_17 SL:CONTENT_EXACT] IN:REPLY_MESSAGE] SL:TODO] @ptr_18 IN:CREATE_REMINDER]
Remind me to reply to John 's email tonight at 7 : 00 pm .	Rem ind Ġme Ġto Ġreply Ġto ĠJohn Ġ' s Ġemail Ġtonight Ġat Ġ7 Ġ: Ġ00 Ġpm Ġ.	[IN:CREATE_REMINDER @ptr_0 @ptr_1 [SL:PERSON_REMINDED @ptr_2 SL:PERSON_REMINDED] @ptr_3 [SL:TODO [IN:REPLY_MESSAGE @ptr_4 @ptr_5 [SL:RECIPIENT @ptr_6 SL:RECIPIENT] @ptr_7 @ptr_8 @ptr_9 IN:REPLY_MESSAGE] SL:TODO] [SL:DATE_TIME @ptr_10 @ptr_11 @ptr_12 @ptr_13 @ptr_14 @ptr_15 SL:DATE_TIME] @ptr_16 IN:CREATE_REMINDER]
Can you tell me my reminders for Saturday ?	Can Ġyou Ġtell Ġme Ġmy Ġreminders Ġfor ĠSaturday Ġ?	[IN:GET_REMINDER @ptr_0 @ptr_1 [SL:METHOD_RETRIEVAL_REMINDER @ptr_2 SL:METHOD_RETRIEVAL_REMINDER] @ptr_3 [SL:PERSON_REMINDED @ptr_4 SL:PERSON_REMINDED] @ptr_5 [SL:DATE_TIME @ptr_6 @ptr_7 SL:DATE_TIME] @ptr_8 IN:GET_REMINDER]
show my reminder twice	show Ġmy Ġreminder Ġtwice	[IN:GET_REMINDER [SL:METHOD_RETRIEVAL_REMINDER @ptr_0 SL:METHOD_RETRIEVAL_REMINDER] [SL:PERSON_REMINDED @ptr_1 SL:PERSON_REMINDED] @ptr_2 [SL:AMOUNT @ptr_3 SL:AMOUNT] IN:GET_REMINDER]
Show me work reminders .	Show Ġme Ġwork Ġreminders Ġ.	[IN:GET_REMINDER [SL:METHOD_RETRIEVAL_REMINDER @ptr_0 SL:METHOD_RETRIEVAL_REMINDER] [SL:PERSON_REMINDED @ptr_1 SL:PERSON_REMINDED] [SL:TODO @ptr_2 SL:TODO] @ptr_3 @ptr_4 IN:GET_REMINDER]
Show my locationreminder for Trucks & Travel meet up on Saturday .	Show Ġmy Ġlocation rem inder Ġfor ĠTru cks Ġ& ĠTravel Ġmeet Ġup Ġon ĠSaturday Ġ.	[IN:GET_REMINDER_LOCATION [SL:METHOD_RETRIEVAL_REMINDER @ptr_0 SL:METHOD_RETRIEVAL_REMINDER] [SL:PERSON_REMINDED @ptr_1 SL:PERSON_REMINDED] @ptr_2 @ptr_3 @ptr_4 @ptr_5 [SL:TODO @ptr_6 @ptr_7 @ptr_8 @ptr_9 @ptr_10 @ptr_11 SL:TODO] [SL:DATE_TIME @ptr_12 @ptr_13 SL:DATE_TIME] @ptr_14 IN:GET_REMINDER_LOCATION]
Show me the reminder I set earlier	Show Ġme Ġthe Ġreminder ĠI Ġset Ġearlier	[IN:GET_REMINDER [SL:METHOD_RETRIEVAL_REMINDER @ptr_0 SL:METHOD_RETRIEVAL_REMINDER] [SL:PERSON_REMINDED @ptr_1 SL:PERSON_REMINDED] @ptr_2 @ptr_3 @ptr_4 @ptr_5 @ptr_6 IN:GET_REMINDER]
Make the rent reminder happen the 1st of every month	Make Ġthe Ġrent Ġreminder Ġhappen Ġthe Ġ1 st Ġof Ġevery Ġmonth	[IN:UPDATE_REMINDER @ptr_0 @ptr_1 [SL:TODO @ptr_2 SL:TODO] @ptr_3 @ptr_4 [SL:RECURRING_DATE_TIME_NEW [IN:GET_RECURRING_DATE_TIME [SL:DATE_TIME @ptr_5 @ptr_6 @ptr_7 SL:DATE_TIME] @ptr_8 [SL:FREQUENCY @ptr_9 @ptr_10 SL:FREQUENCY] IN:GET_RECURRING_DATE_TIME] SL:RECURRING_DATE_TIME_NEW] IN:UPDATE_REMINDER]
update my payroll reminder to biweekly fridays instead of monthly	update Ġmy Ġpayroll Ġreminder Ġto Ġbi weekly Ġfr idays Ġinstead Ġof Ġmonthly	[IN:UPDATE_REMINDER @ptr_0 [SL:PERSON_REMINDED @ptr_1 SL:PERSON_REMINDED] [SL:TODO @ptr_2 SL:TODO] @ptr_3 [SL:RECURRING_DATE_TIME_NEW [IN:GET_RECURRING_DATE_TIME @ptr_4 [SL:FREQUENCY @ptr_5 @ptr_6 SL:FREQUENCY] [SL:DATE_TIME @ptr_7 @ptr_8 SL:DATE_TIME] IN:GET_RECURRING_DATE_TIME] SL:RECURRING_DATE_TIME_NEW] @ptr_9 [SL:RECURRING_DATE_TIME [IN:GET_RECURRING_DATE_TIME @ptr_10 [SL:FREQUENCY @ptr_11 SL:FREQUENCY] IN:GET_RECURRING_DATE_TIME] SL:RECURRING_DATE_TIME] IN:UPDATE_REMINDER]
Change the reminder to get the mail to every afternoon at 3 pm	Change Ġthe Ġreminder Ġto Ġget Ġthe Ġmail Ġto Ġevery Ġafternoon Ġat Ġ3 Ġpm	[IN:UPDATE_REMINDER @ptr_0 @ptr_1 @ptr_2 @ptr_3 [SL:TODO @ptr_4 @ptr_5 @ptr_6 SL:TODO] [SL:RECURRING_DATE_TIME_NEW [IN:GET_RECURRING_DATE_TIME @ptr_7 [SL:FREQUENCY @ptr_8 @ptr_9 SL:FREQUENCY] [SL:DATE_TIME @ptr_10 @ptr_11 @ptr_12 SL:DATE_TIME] IN:GET_RECURRING_DATE_TIME] SL:RECURRING_DATE_TIME_NEW] IN:UPDATE_REMINDER]
Change banking reminders from once a week to twice a week .	Change Ġbanking Ġreminders Ġfrom Ġonce Ġa Ġweek Ġto Ġtwice Ġa Ġweek Ġ.	[IN:UPDATE_REMINDER @ptr_0 [SL:TODO @ptr_1 SL:TODO] @ptr_2 [SL:RECURRING_DATE_TIME [IN:GET_RECURRING_DATE_TIME @ptr_3 [SL:FREQUENCY @ptr_4 @ptr_5 @ptr_6 SL:FREQUENCY] IN:GET_RECURRING_DATE_TIME] SL:RECURRING_DATE_TIME] [SL:RECURRING_DATE_TIME_NEW [IN:GET_RECURRING_DATE_TIME @ptr_7 [SL:FREQUENCY @ptr_8 @ptr_9 @ptr_10 SL:FREQUENCY] IN:GET_RECURRING_DATE_TIME] SL:RECURRING_DATE_TIME_NEW] @ptr_11 IN:UPDATE_REMINDER]
remind me to wash the floor every friday instead of saturday since too many people are home on saturday .	rem ind Ġme Ġto Ġwash Ġthe Ġfloor Ġevery Ġfr iday Ġinstead Ġof Ġs aturday Ġsince Ġtoo Ġmany Ġpeople Ġare Ġhome Ġon Ġs aturday Ġ.	[IN:UPDATE_REMINDER @ptr_0 @ptr_1 [SL:PERSON_REMINDED @ptr_2 SL:PERSON_REMINDED] @ptr_3 [SL:TODO @ptr_4 @ptr_5 @ptr_6 SL:TODO] [SL:RECURRING_DATE_TIME_NEW [IN:GET_RECURRING_DATE_TIME [SL:FREQUENCY @ptr_7 @ptr_8 @ptr_9 SL:FREQUENCY] IN:GET_RECURRING_DATE_TIME] SL:RECURRING_DATE_TIME_NEW] @ptr_10 [SL:DATE_TIME @ptr_11 @ptr_12 @ptr_13 SL:DATE_TIME] @ptr_14 @ptr_15 @ptr_16 @ptr_17 @ptr_18 @ptr_19 @ptr_20 @ptr_21 @ptr_22 @ptr_23 IN:UPDATE_REMINDER]
include my sister on the reminder for mom 's birthday	include Ġmy Ġsister Ġon Ġthe Ġreminder Ġfor Ġmom Ġ' s Ġbirthday	[IN:UPDATE_REMINDER @ptr_0 [SL:PERSON_REMINDED_ADDED [IN:GET_CONTACT [SL:CONTACT_RELATED @ptr_1 SL:CONTACT_RELATED] [SL:TYPE_RELATION @ptr_2 SL:TYPE_RELATION] IN:GET_CONTACT] SL:PERSON_REMINDED_ADDED] @ptr_3 @ptr_4 @ptr_5 @ptr_6 [SL:TODO @ptr_7 @ptr_8 @ptr_9 @ptr_10 SL:TODO] IN:UPDATE_REMINDER]
Add Lindsey to all reminders related to Ava 's soccer games	Add ĠLindsey Ġto Ġall Ġreminders Ġrelated Ġto ĠAv a Ġ' s Ġsoccer Ġgames	[IN:UPDATE_REMINDER @ptr_0 [SL:PERSON_REMINDED_ADDED @ptr_1 SL:PERSON_REMINDED_ADDED] @ptr_2 [SL:AMOUNT @ptr_3 SL:AMOUNT] @ptr_4 @ptr_5 @ptr_6 [SL:TODO @ptr_7 @ptr_8 @ptr_9 @ptr_10 @ptr_11 @ptr_12 SL:TODO] IN:UPDATE_REMINDER]
Please add Cecilia to my doctor 's appointment reminder .	Please Ġadd ĠCec ilia Ġto Ġmy Ġdoctor Ġ' s Ġappointment Ġreminder Ġ.	[IN:UPDATE_REMINDER @ptr_0 @ptr_1 [SL:PERSON_REMINDED_ADDED @ptr_2 @ptr_3 SL:PERSON_REMINDED_ADDED] @ptr_4 [SL:PERSON_REMINDED @ptr_5 SL:PERSON_REMINDED] [SL:TODO @ptr_6 @ptr_7 @ptr_8 @ptr_9 SL:TODO] @ptr_10 @ptr_11 IN:UPDATE_REMINDER]
Add alicia to the group reminder for friday at 5 .	Add Ġal icia Ġto Ġthe Ġgroup Ġreminder Ġfor Ġfr iday Ġat Ġ5 Ġ.	[IN:UPDATE_REMINDER @ptr_0 [SL:PERSON_REMINDED_ADDED @ptr_1 @ptr_2 SL:PERSON_REMINDED_ADDED] @ptr_3 @ptr_4 [SL:PERSON_REMINDED @ptr_5 SL:PERSON_REMINDED] @ptr_6 [SL:DATE_TIME @ptr_7 @ptr_8 @ptr_9 @ptr_10 @ptr_11 SL:DATE_TIME] @ptr_12 IN:UPDATE_REMINDER]
Add Larry to the reminder for meeting the guys on Sunday .	Add ĠLarry Ġto Ġthe Ġreminder Ġfor Ġmeeting Ġthe Ġguys Ġon ĠSunday Ġ.	[IN:UPDATE_REMINDER @ptr_0 [SL:PERSON_REMINDED_ADDED @ptr_1 SL:PERSON_REMINDED_ADDED] @ptr_2 @ptr_3 @ptr_4 @ptr_5 [SL:TODO @ptr_6 @ptr_7 @ptr_8 SL:TODO] [SL:DATE_TIME @ptr_9 @ptr_10 SL:DATE_TIME] @ptr_11 IN:UPDATE_REMINDER]
Show me reminder for the time of the Pet Adoption this weekend .	Show Ġme Ġreminder Ġfor Ġthe Ġtime Ġof Ġthe ĠPet ĠAd option Ġthis Ġweekend Ġ.	[IN:GET_REMINDER_DATE_TIME [SL:METHOD_RETRIEVAL_REMINDER @ptr_0 SL:METHOD_RETRIEVAL_REMINDER] [SL:PERSON_REMINDED @ptr_1 SL:PERSON_REMINDED] @ptr_2 @ptr_3 @ptr_4 @ptr_5 @ptr_6 [SL:TODO @ptr_7 @ptr_8 @ptr_9 @ptr_10 SL:TODO] [SL:DATE_TIME @ptr_11 @ptr_12 SL:DATE_TIME] @ptr_13 IN:GET_REMINDER_DATE_TIME]
Please remind me what time my cousin arrives tomorrow	Please Ġremind Ġme Ġwhat Ġtime Ġmy Ġcousin Ġarrives Ġtomorrow	[IN:GET_REMINDER_DATE_TIME @ptr_0 @ptr_1 [SL:PERSON_REMINDED @ptr_2 SL:PERSON_REMINDED] @ptr_3 @ptr_4 [SL:TODO @ptr_5 @ptr_6 @ptr_7 SL:TODO] [SL:DATE_TIME @ptr_8 SL:DATE_TIME] IN:GET_REMINDER_DATE_TIME]
When is my reminder to change the water filter ?	When Ġis Ġmy Ġreminder Ġto Ġchange Ġthe Ġwater Ġfilter Ġ?	[IN:GET_REMINDER_DATE_TIME @ptr_0 @ptr_1 [SL:PERSON_REMINDED @ptr_2 SL:PERSON_REMINDED] @ptr_3 @ptr_4 [SL:TODO @ptr_5 @ptr_6 @ptr_7 @ptr_8 SL:TODO] @ptr_9 IN:GET_REMINDER_DATE_TIME]
How much time until my reminder	How Ġmuch Ġtime Ġuntil Ġmy Ġreminder	[IN:GET_REMINDER_DATE_TIME @ptr_0 @ptr_1 @ptr_2 @ptr_3 [SL:PERSON_REMINDED @ptr_4 SL:PERSON_REMINDED] @ptr_5 IN:GET_REMINDER_DATE_TIME]
when is my next appt reminder ?	when Ġis Ġmy Ġnext Ġapp t Ġreminder Ġ?	[IN:GET_REMINDER_DATE_TIME @ptr_0 @ptr_1 [SL:PERSON_REMINDED @ptr_2 SL:PERSON_REMINDED] [SL:ORDINAL @ptr_3 SL:ORDINAL] [SL:TODO @ptr_4 @ptr_5 SL:TODO] @ptr_6 @ptr_7 IN:GET_REMINDER_DATE_TIME]
set weekly reminder to email the test result to the cheer team saturday	set Ġweekly Ġreminder Ġto Ġemail Ġthe Ġtest Ġresult Ġto Ġthe Ġcheer Ġteam Ġs aturday	[IN:CREATE_REMINDER @ptr_0 [SL:RECURRING_DATE_TIME [IN:GET_RECURRING_DATE_TIME [SL:FREQUENCY @ptr_1 SL:FREQUENCY] IN:GET_RECURRING_DATE_TIME] SL:RECURRING_DATE_TIME] @ptr_2 @ptr_3 [SL:TODO [IN:GET_TODO [SL:TODO [IN:SEND_MESSAGE @ptr_4 [SL:CONTENT_EXACT @ptr_5 @ptr_6 @ptr_7 SL:CONTENT_EXACT] @ptr_8 [SL:GROUP @ptr_9 @ptr_10 @ptr_11 SL:GROUP] IN:SEND_MESSAGE] SL:TODO] [SL:DATE_TIME @ptr_12 @ptr_13 SL:DATE_TIME] IN:GET_TODO] SL:TODO] IN:CREATE_REMINDER]
Set up a weekly reminder to email the team about updates on Friday Morning	Set Ġup Ġa Ġweekly Ġreminder Ġto Ġemail Ġthe Ġteam Ġabout Ġupdates Ġon ĠFriday ĠMorning	[IN:CREATE_REMINDER @ptr_0 @ptr_1 @ptr_2 [SL:RECURRING_DATE_TIME [IN:GET_RECURRING_DATE_TIME [SL:FREQUENCY @ptr_3 SL:FREQUENCY] IN:GET_RECURRING_DATE_TIME] SL:RECURRING_DATE_TIME] @ptr_4 @ptr_5 [SL:TODO [IN:GET_TODO [SL:TODO [IN:SEND_MESSAGE @ptr_6 [SL:GROUP @ptr_7 @ptr_8 SL:GROUP] @ptr_9 [SL:CONTENT_EXACT @ptr_10 SL:CONTENT_EXACT] IN:SEND_MESSAGE] SL:TODO] [SL:DATE_TIME @ptr_11 @ptr_12 @ptr_13 SL:DATE_TIME] IN:GET_TODO] SL:TODO] IN:CREATE_REMINDER]
Remind me to send an email to all IT group members that the team building excursion will be canceled due to bad weather at 2 : 00 pm .	Rem ind Ġme Ġto Ġsend Ġan Ġemail Ġto Ġall ĠIT Ġgroup Ġmembers Ġthat Ġthe Ġteam Ġbuilding Ġexc ursion Ġwill Ġbe Ġcanceled Ġdue Ġto Ġbad Ġweather Ġat Ġ2 Ġ: Ġ00 Ġpm Ġ.	[IN:CREATE_REMINDER @ptr_0 @ptr_1 [SL:PERSON_REMINDED @ptr_2 SL:PERSON_REMINDED] @ptr_3 [SL:TODO [IN:SEND_MESSAGE @ptr_4 @ptr_5 @ptr_6 @ptr_7 @ptr_8 [SL:GROUP @ptr_9 SL:GROUP] @ptr_10 @ptr_11 @ptr_12 [SL:CONTENT_EXACT @ptr_13 @ptr_14 @ptr_15 @ptr_16 @ptr_17 @ptr_18 @ptr_19 @ptr_20 @ptr_21 @ptr_22 @ptr_23 @ptr_24 SL:CONTENT_EXACT] IN:SEND_MESSAGE] SL:TODO] [SL:DATE_TIME @ptr_25 @ptr_26 @ptr_27 @ptr_28 @ptr_29 SL:DATE_TIME] @ptr_30 IN:CREATE_REMINDER]
Remind me to send my email reply to Maddy tonight .	Rem ind Ġme Ġto Ġsend Ġmy Ġemail Ġreply Ġto ĠM addy Ġtonight Ġ.	[IN:CREATE_REMINDER @ptr_0 @ptr_1 [SL:PERSON_REMINDED @ptr_2 SL:PERSON_REMINDED] @ptr_3 [SL:TODO [IN:REPLY_MESSAGE @ptr_4 [SL:SENDER @ptr_5 SL:SENDER] @ptr_6 @ptr_7 @ptr_8 [SL:RECIPIENT @ptr_9 @ptr_10 SL:RECIPIENT] IN:REPLY_MESSAGE] SL:TODO] [SL:DATE_TIME @ptr_11 SL:DATE_TIME] @ptr_12 IN:CREATE_REMINDER]
Can you remind me to send out my email marketing letter by Friday	Can Ġyou Ġremind Ġme Ġto Ġsend Ġout Ġmy Ġemail Ġmarketing Ġletter Ġby ĠFriday	[IN:CREATE_REMINDER @ptr_0 @ptr_1 @ptr_2 [SL:PERSON_REMINDED @ptr_3 SL:PERSON_REMINDED] @ptr_4 [SL:TODO [IN:SEND_MESSAGE @ptr_5 @ptr_6 [SL:SENDER @ptr_7 SL:SENDER] @ptr_8 [SL:CONTENT_EXACT @ptr_9 @ptr_10 SL:CONTENT_EXACT] IN:SEND_MESSAGE] SL:TODO] [SL:DATE_TIME @ptr_11 @ptr_12 SL:DATE_TIME] IN:CREATE_REMINDER]
Remind me to reply to Jim about our lunch meeting	Rem ind Ġme Ġto Ġreply Ġto ĠJim Ġabout Ġour Ġlunch Ġmeeting	[IN:CREATE_REMINDER @ptr_0 @ptr_1 [SL:PERSON_REMINDED @ptr_2 SL:PERSON_REMINDED] @ptr_3 [SL:TODO [IN:REPLY_MESSAGE @ptr_4 @ptr_5 [SL:RECIPIENT @ptr_6 SL:RECIPIENT] @ptr_7 [SL:CONTENT_EXACT [IN:GET_EVENT [SL:ORGANIZER_EVENT @ptr_8 SL:ORGANIZER_EVENT] [SL:CATEGORY_EVENT @ptr_9 @ptr_10 SL:CATEGORY_EVENT] IN:GET_EVENT] SL:CONTENT_EXACT] IN:REPLY_MESSAGE] SL:TODO] IN:CREATE_REMINDER]
Remind me to email Eva about dad 's birthday celebration next week .	Rem ind Ġme Ġto Ġemail ĠEva Ġabout Ġdad Ġ' s Ġbirthday Ġcelebration Ġnext Ġweek Ġ.	[IN:CREATE_REMINDER @ptr_0 @ptr_1 [SL:PERSON_REMINDED @ptr_2 SL:PERSON_REMINDED] @ptr_3 [SL:TODO [IN:SEND_MESSAGE @ptr_4 [SL:RECIPIENT @ptr_5 SL:RECIPIENT] @ptr_6 [SL:CONTENT_EXACT [IN:GET_EVENT [SL:ORGANIZER_EVENT [IN:GET_CONTACT [SL:TYPE_RELATION @ptr_7 SL:TYPE_RELATION] IN:GET_CONTACT] SL:ORGANIZER_EVENT] @ptr_8 @ptr_9 [SL:CATEGORY_EVENT @ptr_10 @ptr_11 SL:CATEGORY_EVENT] IN:GET_EVENT] SL:CONTENT_EXACT] IN:SEND_MESSAGE] SL:TODO] [SL:DATE_TIME @ptr_12 @ptr_13 SL:DATE_TIME] @ptr_14 IN:CREATE_REMINDER]
I need to reply to Billy about Sarah 's baby shower ; can you remind me in 3 days ?	I Ġneed Ġto Ġreply Ġto ĠBilly Ġabout ĠSarah Ġ' s Ġbaby Ġshower Ġ; Ġcan Ġyou Ġremind Ġme Ġin Ġ3 Ġdays Ġ?	[IN:CREATE_REMINDER @ptr_0 @ptr_1 @ptr_2 [SL:TODO [IN:REPLY_MESSAGE @ptr_3 @ptr_4 [SL:RECIPIENT @ptr_5 SL:RECIPIENT] @ptr_6 [SL:CONTENT_EXACT [IN:GET_EVENT [SL:ORGANIZER_EVENT @ptr_7 SL:ORGANIZER_EVENT] @ptr_8 @ptr_9 [SL:CATEGORY_EVENT @ptr_10 @ptr_11 SL:CATEGORY_EVENT] IN:GET_EVENT] SL:CONTENT_EXACT] IN:REPLY_MESSAGE] SL:TODO] @ptr_12 @ptr_13 @ptr_14 @ptr_15 [SL:PERSON_REMINDED @ptr_16 SL:PERSON_REMINDED] [SL:DATE_TIME @ptr_17 @ptr_18 @ptr_19 SL:DATE_TIME] @ptr_20 IN:CREATE_REMINDER]
remind those invited to the event I'm hosting this week that the event begins at 6 pm	rem ind Ġthose Ġinvited Ġto Ġthe Ġevent ĠI 'm Ġhosting Ġthis Ġweek Ġthat Ġthe Ġevent Ġbegins Ġat Ġ6 Ġpm	[IN:CREATE_REMINDER @ptr_0 @ptr_1 [SL:PERSON_REMINDED [IN:GET_EVENT_ATTENDEE @ptr_2 @ptr_3 @ptr_4 @ptr_5 @ptr_6 [SL:ORGANIZER_EVENT @ptr_7 @ptr_8 SL:ORGANIZER_EVENT] @ptr_9 [SL:DATE_TIME @ptr_10 @ptr_11 SL:DATE_TIME] IN:GET_EVENT_ATTENDEE] SL:PERSON_REMINDED] @ptr_12 [SL:TODO @ptr_13 @ptr_14 @ptr_15 SL:TODO] [SL:DATE_TIME @ptr_16 @ptr_17 @ptr_18 SL:DATE_TIME] IN:CREATE_REMINDER]
set up reminders to send emails for sue 's retirement party the 12th	set Ġup Ġreminders Ġto Ġsend Ġemails Ġfor Ġsue Ġ' s Ġretirement Ġparty Ġthe Ġ12 th	[IN:CREATE_REMINDER @ptr_0 @ptr_1 @ptr_2 @ptr_3 [SL:TODO [IN:SEND_MESSAGE @ptr_4 @ptr_5 @ptr_6 [SL:CONTENT_EXACT [IN:GET_EVENT [SL:ORGANIZER_EVENT @ptr_7 SL:ORGANIZER_EVENT] @ptr_8 @ptr_9 [SL:CATEGORY_EVENT @ptr_10 @ptr_11 SL:CATEGORY_EVENT] IN:GET_EVENT] SL:CONTENT_EXACT] IN:SEND_MESSAGE] SL:TODO] [SL:DATE_TIME @ptr_12 @ptr_13 @ptr_14 SL:DATE_TIME] IN:CREATE_REMINDER]
Cancel the reminder about dinner with my younger sister this Saturday night .	C ancel Ġthe Ġreminder Ġabout Ġdinner Ġwith Ġmy Ġyounger Ġsister Ġthis ĠSaturday Ġnight Ġ.	[IN:DELETE_REMINDER @ptr_0 @ptr_1 @ptr_2 @ptr_3 @ptr_4 [SL:TODO [IN:GET_TODO [SL:TODO @ptr_5 SL:TODO] @ptr_6 [SL:ATTENDEE [IN:GET_CONTACT [SL:CONTACT_RELATED @ptr_7 SL:CONTACT_RELATED] [SL:AGE @ptr_8 SL:AGE] [SL:TYPE_RELATION @ptr_9 SL:TYPE_RELATION] IN:GET_CONTACT] SL:ATTENDEE] IN:GET_TODO] SL:TODO] [SL:DATE_TIME @ptr_10 @ptr_11 @ptr_12 SL:DATE_TIME] @ptr_13 IN:DELETE_REMINDER]
remind those invited to the event I'm hosting this week that the event begins at 6 pm	rem ind Ġthose Ġinvited Ġto Ġthe Ġevent ĠI 'm Ġhosting Ġthis Ġweek Ġthat Ġthe Ġevent Ġbegins Ġat Ġ6 Ġpm	[IN:CREATE_REMINDER @ptr_0 @ptr_1 [SL:PERSON_REMINDED [IN:GET_EVENT_ATTENDEE @ptr_2 @ptr_3 @ptr_4 @ptr_5 @ptr_6 [SL:ORGANIZER_EVENT @ptr_7 @ptr_8 SL:ORGANIZER_EVENT] @ptr_9 [SL:DATE_TIME @ptr_10 @ptr_11 SL:DATE_TIME] IN:GET_EVENT_ATTENDEE] SL:PERSON_REMINDED] @ptr_12 [SL:TODO @ptr_13 @ptr_14 @ptr_15 SL:TODO] [SL:DATE_TIME @ptr_16 @ptr_17 @ptr_18 SL:DATE_TIME] IN:CREATE_REMINDER]
remove Steve from my group reminder for my party for mom and day	remove ĠSteve Ġfrom Ġmy Ġgroup Ġreminder Ġfor Ġmy Ġparty Ġfor Ġmom Ġand Ġday	[IN:UPDATE_REMINDER @ptr_0 [SL:PERSON_REMINDED_REMOVED @ptr_1 SL:PERSON_REMINDED_REMOVED] @ptr_2 @ptr_3 [SL:PERSON_REMINDED @ptr_4 SL:PERSON_REMINDED] @ptr_5 @ptr_6 [SL:TODO @ptr_7 @ptr_8 @ptr_9 @ptr_10 @ptr_11 @ptr_12 SL:TODO] IN:UPDATE_REMINDER]
remove mom from tonight 's reminder	remove Ġmom Ġfrom Ġtonight Ġ' s Ġreminder	[IN:UPDATE_REMINDER @ptr_0 [SL:PERSON_REMINDED_REMOVED [IN:GET_CONTACT [SL:TYPE_RELATION @ptr_1 SL:TYPE_RELATION] IN:GET_CONTACT] SL:PERSON_REMINDED_REMOVED] @ptr_2 [SL:DATE_TIME @ptr_3 SL:DATE_TIME] @ptr_4 @ptr_5 @ptr_6 IN:UPDATE_REMINDER]
Delete Ava on Parents group meeting reminder .	Delete ĠAv a Ġon ĠParents Ġgroup Ġmeeting Ġreminder Ġ.	[IN:UPDATE_REMINDER @ptr_0 [SL:PERSON_REMINDED_REMOVED @ptr_1 @ptr_2 SL:PERSON_REMINDED_REMOVED] @ptr_3 [SL:TODO @ptr_4 @ptr_5 @ptr_6 SL:TODO] @ptr_7 @ptr_8 IN:UPDATE_REMINDER]
Remove Gary from all reminders I have setup with him included .	Remove ĠGary Ġfrom Ġall Ġreminders ĠI Ġhave Ġsetup Ġwith Ġhim Ġincluded Ġ.	[IN:UPDATE_REMINDER @ptr_0 [SL:PERSON_REMINDED_REMOVED @ptr_1 SL:PERSON_REMINDED_REMOVED] @ptr_2 [SL:AMOUNT @ptr_3 SL:AMOUNT] @ptr_4 @ptr_5 @ptr_6 @ptr_7 @ptr_8 @ptr_9 @ptr_10 @ptr_11 IN:UPDATE_REMINDER]
remove Jim from our reminder for the party next wednesday	remove ĠJim Ġfrom Ġour Ġreminder Ġfor Ġthe Ġparty Ġnext Ġwed nesday	[IN:UPDATE_REMINDER @ptr_0 [SL:PERSON_REMINDED_REMOVED @ptr_1 SL:PERSON_REMINDED_REMOVED] @ptr_2 [SL:PERSON_REMINDED @ptr_3 SL:PERSON_REMINDED] @ptr_4 @ptr_5 [SL:TODO @ptr_6 @ptr_7 SL:TODO] [SL:DATE_TIME @ptr_8 @ptr_9 @ptr_10 SL:DATE_TIME] IN:UPDATE_REMINDER]
where is the location for my work meeting reminder	where Ġis Ġthe Ġlocation Ġfor Ġmy Ġwork Ġmeeting Ġreminder	[IN:GET_REMINDER_LOCATION @ptr_0 @ptr_1 @ptr_2 @ptr_3 @ptr_4 [SL:PERSON_REMINDED @ptr_5 SL:PERSON_REMINDED] [SL:TODO @ptr_6 @ptr_7 SL:TODO] @ptr_8 IN:GET_REMINDER_LOCATION]
where is the reminder about meeting sharon tomorrow	where Ġis Ġthe Ġreminder Ġabout Ġmeeting Ġsh aron Ġtomorrow	[IN:GET_REMINDER_LOCATION @ptr_0 @ptr_1 @ptr_2 @ptr_3 @ptr_4 [SL:TODO @ptr_5 @ptr_6 @ptr_7 SL:TODO] [SL:DATE_TIME @ptr_8 SL:DATE_TIME] IN:GET_REMINDER_LOCATION]
Where 's my reminder on where Tianna 's graduation party is ?	Where Ġ' s Ġmy Ġreminder Ġon Ġwhere ĠTian na Ġ' s Ġgraduation Ġparty Ġis Ġ?	[IN:GET_REMINDER_LOCATION @ptr_0 @ptr_1 @ptr_2 [SL:PERSON_REMINDED @ptr_3 SL:PERSON_REMINDED] @ptr_4 @ptr_5 @ptr_6 [SL:TODO @ptr_7 @ptr_8 @ptr_9 @ptr_10 @ptr_11 @ptr_12 SL:TODO] @ptr_13 @ptr_14 IN:GET_REMINDER_LOCATION]
Where is it that I have to go in my reminder for next week .	Where Ġis Ġit Ġthat ĠI Ġhave Ġto Ġgo Ġin Ġmy Ġreminder Ġfor Ġnext Ġweek Ġ.	[IN:GET_REMINDER_LOCATION @ptr_0 @ptr_1 @ptr_2 @ptr_3 @ptr_4 @ptr_5 @ptr_6 @ptr_7 @ptr_8 [SL:PERSON_REMINDED @ptr_9 SL:PERSON_REMINDED] @ptr_10 [SL:DATE_TIME @ptr_11 @ptr_12 @ptr_13 SL:DATE_TIME] @ptr_14 IN:GET_REMINDER_LOCATION]
where is the location for tomorrow 's breakfast reminder ?	where Ġis Ġthe Ġlocation Ġfor Ġtomorrow Ġ' s Ġbreakfast Ġreminder Ġ?	[IN:GET_REMINDER_LOCATION @ptr_0 @ptr_1 @ptr_2 @ptr_3 @ptr_4 [SL:TODO [IN:GET_TODO [SL:DATE_TIME @ptr_5 SL:DATE_TIME] @ptr_6 @ptr_7 [SL:TODO @ptr_8 SL:TODO] IN:GET_TODO] SL:TODO] @ptr_9 @ptr_10 IN:GET_REMINDER_LOCATION]
Remind me how many reminders I have set today .	Rem ind Ġme Ġhow Ġmany Ġreminders ĠI Ġhave Ġset Ġtoday Ġ.	[IN:GET_REMINDER_AMOUNT @ptr_0 @ptr_1 [SL:PERSON_REMINDED @ptr_2 SL:PERSON_REMINDED] @ptr_3 @ptr_4 @ptr_5 @ptr_6 @ptr_7 @ptr_8 [SL:DATE_TIME @ptr_9 SL:DATE_TIME] @ptr_10 IN:GET_REMINDER_AMOUNT]
How many reminders are set for the week	How Ġmany Ġreminders Ġare Ġset Ġfor Ġthe Ġweek	[IN:GET_REMINDER_AMOUNT @ptr_0 @ptr_1 @ptr_2 @ptr_3 @ptr_4 [SL:DATE_TIME @ptr_5 @ptr_6 @ptr_7 SL:DATE_TIME] IN:GET_REMINDER_AMOUNT]
How many reminders do I have set for Saturday after 5 pm ?	How Ġmany Ġreminders Ġdo ĠI Ġhave Ġset Ġfor ĠSaturday Ġafter Ġ5 Ġpm Ġ?	[IN:GET_REMINDER_AMOUNT @ptr_0 @ptr_1 @ptr_2 @ptr_3 [SL:PERSON_REMINDED @ptr_4 SL:PERSON_REMINDED] @ptr_5 @ptr_6 [SL:DATE_TIME @ptr_7 @ptr_8 @ptr_9 @ptr_10 @ptr_11 SL:DATE_TIME] @ptr_12 IN:GET_REMINDER_AMOUNT]
How many reminders do I have to meet Breck set for this week ?	How Ġmany Ġreminders Ġdo ĠI Ġhave Ġto Ġmeet ĠBre ck Ġset Ġfor Ġthis Ġweek Ġ?	[IN:GET_REMINDER_AMOUNT @ptr_0 @ptr_1 @ptr_2 @ptr_3 [SL:PERSON_REMINDED @ptr_4 SL:PERSON_REMINDED] @ptr_5 @ptr_6 [SL:TODO @ptr_7 @ptr_8 @ptr_9 @ptr_10 SL:TODO] [SL:DATE_TIME @ptr_11 @ptr_12 @ptr_13 SL:DATE_TIME] @ptr_14 IN:GET_REMINDER_AMOUNT]
How many reminders do I have ?	How Ġmany Ġreminders Ġdo ĠI Ġhave Ġ?	[IN:GET_REMINDER_AMOUNT @ptr_0 @ptr_1 @ptr_2 @ptr_3 [SL:PERSON_REMINDED @ptr_4 SL:PERSON_REMINDED] @ptr_5 @ptr_6 IN:GET_REMINDER_AMOUNT]
How do I find reminders for homework due dates	How Ġdo ĠI Ġfind Ġreminders Ġfor Ġhomework Ġdue Ġdates	[IN:HELP_REMINDER @ptr_0 @ptr_1 @ptr_2 @ptr_3 @ptr_4 @ptr_5 @ptr_6 @ptr_7 @ptr_8 IN:HELP_REMINDER]
How does the reminder notification sound when it plays out loud	How Ġdoes Ġthe Ġreminder Ġnotification Ġsound Ġwhen Ġit Ġplays Ġout Ġloud	[IN:HELP_REMINDER @ptr_0 @ptr_1 @ptr_2 @ptr_3 @ptr_4 @ptr_5 @ptr_6 @ptr_7 @ptr_8 @ptr_9 @ptr_10 IN:HELP_REMINDER]
I want to change a reminder	I Ġwant Ġto Ġchange Ġa Ġreminder	[IN:HELP_REMINDER @ptr_0 @ptr_1 @ptr_2 @ptr_3 @ptr_4 @ptr_5 IN:HELP_REMINDER]
Help me change a reminder time .	Help Ġme Ġchange Ġa Ġreminder Ġtime Ġ.	[IN:HELP_REMINDER @ptr_0 @ptr_1 @ptr_2 @ptr_3 @ptr_4 @ptr_5 @ptr_6 IN:HELP_REMINDER]
how can i change a time that a reminder is set for	how Ġcan Ġi Ġchange Ġa Ġtime Ġthat Ġa Ġreminder Ġis Ġset Ġfor	[IN:HELP_REMINDER @ptr_0 @ptr_1 @ptr_2 @ptr_3 @ptr_4 @ptr_5 @ptr_6 @ptr_7 @ptr_8 @ptr_9 @ptr_10 @ptr_11 IN:HELP_REMINDER]
Delete the reminder to send a friend anniversary message to Maura on Facebook .	Delete Ġthe Ġreminder Ġto Ġsend Ġa Ġfriend Ġanniversary Ġmessage Ġto ĠMaur a Ġon ĠFacebook Ġ.	[IN:DELETE_REMINDER @ptr_0 @ptr_1 @ptr_2 @ptr_3 [SL:TODO [IN:SEND_MESSAGE @ptr_4 @ptr_5 [SL:CONTENT_EXACT @ptr_6 @ptr_7 SL:CONTENT_EXACT] @ptr_8 @ptr_9 [SL:RECIPIENT @ptr_10 @ptr_11 SL:RECIPIENT] @ptr_12 [SL:NAME_APP @ptr_13 SL:NAME_APP] IN:SEND_MESSAGE] SL:TODO] @ptr_14 IN:DELETE_REMINDER]
Change the reminder to send an ' I love you ' message to my sister on facebook from the 19th to the 23rd .	Change Ġthe Ġreminder Ġto Ġsend Ġan Ġ' ĠI Ġlove Ġyou Ġ' Ġmessage Ġto Ġmy Ġsister Ġon Ġfacebook Ġfrom Ġthe Ġ19 th Ġto Ġthe Ġ23 rd Ġ.	[IN:UPDATE_REMINDER_DATE_TIME @ptr_0 @ptr_1 @ptr_2 @ptr_3 [SL:TODO [IN:SEND_MESSAGE @ptr_4 @ptr_5 @ptr_6 [SL:CONTENT_EXACT @ptr_7 @ptr_8 @ptr_9 SL:CONTENT_EXACT] @ptr_10 @ptr_11 @ptr_12 [SL:RECIPIENT [IN:GET_CONTACT [SL:CONTACT_RELATED @ptr_13 SL:CONTACT_RELATED] [SL:TYPE_RELATION @ptr_14 SL:TYPE_RELATION] IN:GET_CONTACT] SL:RECIPIENT] @ptr_15 [SL:NAME_APP @ptr_16 SL:NAME_APP] IN:SEND_MESSAGE] SL:TODO] [SL:DATE_TIME @ptr_17 @ptr_18 @ptr_19 @ptr_20 SL:DATE_TIME] [SL:DATE_TIME_NEW @ptr_21 @ptr_22 @ptr_23 @ptr_24 SL:DATE_TIME_NEW] @ptr_25 IN:UPDATE_REMINDER_DATE_TIME]
Delete the reminder to send videos to Lisa on Kelly 's accident .	Delete Ġthe Ġreminder Ġto Ġsend Ġvideos Ġto ĠLisa Ġon ĠKelly Ġ' s Ġaccident Ġ.	[IN:DELETE_REMINDER @ptr_0 @ptr_1 @ptr_2 @ptr_3 [SL:TODO [IN:SEND_MESSAGE @ptr_4 [SL:TYPE_CONTENT @ptr_5 SL:TYPE_CONTENT] @ptr_6 [SL:RECIPIENT @ptr_7 SL:RECIPIENT] @ptr_8 [SL:CONTENT_EXACT @ptr_9 @ptr_10 @ptr_11 @ptr_12 SL:CONTENT_EXACT] IN:SEND_MESSAGE] SL:TODO] @ptr_13 IN:DELETE_REMINDER]
change my meeting alert with kim to Lisa	change Ġmy Ġmeeting Ġalert Ġwith Ġk im Ġto ĠLisa	[IN:UPDATE_REMINDER @ptr_0 [SL:PERSON_REMINDED @ptr_1 SL:PERSON_REMINDED] [SL:TODO @ptr_2 SL:TODO] @ptr_3 @ptr_4 [SL:ATTENDEE_REMOVED @ptr_5 @ptr_6 SL:ATTENDEE_REMOVED] @ptr_7 [SL:ATTENDEE_ADDED @ptr_8 SL:ATTENDEE_ADDED] IN:UPDATE_REMINDER]
Add James to my bachelor party reminder .	Add ĠJames Ġto Ġmy Ġbachelor Ġparty Ġreminder Ġ.	[IN:UPDATE_REMINDER @ptr_0 [SL:ATTENDEE_ADDED @ptr_1 SL:ATTENDEE_ADDED] @ptr_2 [SL:PERSON_REMINDED @ptr_3 SL:PERSON_REMINDED] [SL:TODO @ptr_4 @ptr_5 SL:TODO] @ptr_6 @ptr_7 IN:UPDATE_REMINDER]
Can you add Tony to coming to 4 pm meeting in my reminder	Can Ġyou Ġadd ĠTony Ġto Ġcoming Ġto Ġ4 Ġpm Ġmeeting Ġin Ġmy Ġreminder	[IN:UPDATE_REMINDER @ptr_0 @ptr_1 @ptr_2 [SL:ATTENDEE_ADDED @ptr_3 SL:ATTENDEE_ADDED] @ptr_4 @ptr_5 [SL:DATE_TIME @ptr_6 @ptr_7 @ptr_8 SL:DATE_TIME] [SL:TODO @ptr_9 SL:TODO] @ptr_10 [SL:PERSON_REMINDED @ptr_11 SL:PERSON_REMINDED] @ptr_12 IN:UPDATE_REMINDER]
Update my reminder for my meeting with Mary Spear to include Linda Adams and Pam Morgan .	Update Ġmy Ġreminder Ġfor Ġmy Ġmeeting Ġwith ĠMary ĠSpear Ġto Ġinclude ĠLinda ĠAdams Ġand ĠPam ĠMorgan Ġ.	[IN:UPDATE_REMINDER @ptr_0 [SL:PERSON_REMINDED @ptr_1 SL:PERSON_REMINDED] @ptr_2 @ptr_3 [SL:TODO @ptr_4 @ptr_5 SL:TODO] @ptr_6 [SL:ATTENDEE @ptr_7 @ptr_8 SL:ATTENDEE] @ptr_9 @ptr_10 [SL:ATTENDEE_ADDED @ptr_11 @ptr_12 SL:ATTENDEE_ADDED] @ptr_13 [SL:ATTENDEE_ADDED @ptr_14 @ptr_15 SL:ATTENDEE_ADDED] @ptr_16 IN:UPDATE_REMINDER]
change my meeting alert with kim to Lisa	change Ġmy Ġmeeting Ġalert Ġwith Ġk im Ġto ĠLisa	[IN:UPDATE_REMINDER @ptr_0 [SL:PERSON_REMINDED @ptr_1 SL:PERSON_REMINDED] [SL:TODO @ptr_2 SL:TODO] @ptr_3 @ptr_4 [SL:ATTENDEE_REMOVED @ptr_5 @ptr_6 SL:ATTENDEE_REMOVED] @ptr_7 [SL:ATTENDEE_ADDED @ptr_8 SL:ATTENDEE_ADDED] IN:UPDATE_REMINDER]
show me the reminder for the theater night with co - workers next month	show Ġme Ġthe Ġreminder Ġfor Ġthe Ġtheater Ġnight Ġwith Ġco Ġ- Ġworkers Ġnext Ġmonth	[IN:GET_REMINDER [SL:METHOD_RETRIEVAL_REMINDER @ptr_0 SL:METHOD_RETRIEVAL_REMINDER] [SL:PERSON_REMINDED @ptr_1 SL:PERSON_REMINDED] @ptr_2 @ptr_3 @ptr_4 [SL:TODO [IN:GET_TODO [SL:TODO @ptr_5 @ptr_6 @ptr_7 SL:TODO] @ptr_8 [SL:ATTENDEE [IN:GET_CONTACT [SL:MUTUAL_EMPLOYER @ptr_9 @ptr_10 @ptr_11 SL:MUTUAL_EMPLOYER] IN:GET_CONTACT] SL:ATTENDEE] IN:GET_TODO] SL:TODO] [SL:DATE_TIME @ptr_12 @ptr_13 SL:DATE_TIME] IN:GET_REMINDER]
Set a reminder to email my coworkers by tonight .	Set Ġa Ġreminder Ġto Ġemail Ġmy Ġcoworkers Ġby Ġtonight Ġ.	[IN:CREATE_REMINDER @ptr_0 @ptr_1 @ptr_2 @ptr_3 [SL:TODO [IN:SEND_MESSAGE @ptr_4 [SL:RECIPIENT [IN:GET_CONTACT [SL:CONTACT_RELATED @ptr_5 SL:CONTACT_RELATED] [SL:MUTUAL_EMPLOYER @ptr_6 SL:MUTUAL_EMPLOYER] IN:GET_CONTACT] SL:RECIPIENT] IN:SEND_MESSAGE] SL:TODO] [SL:DATE_TIME @ptr_7 @ptr_8 SL:DATE_TIME] @ptr_9 IN:CREATE_REMINDER]
Remind me to send Enrichment emails to teachers on Monday	Rem ind Ġme Ġto Ġsend ĠEn rich ment Ġemails Ġto Ġteachers Ġon ĠMonday	[IN:CREATE_REMINDER @ptr_0 @ptr_1 [SL:PERSON_REMINDED @ptr_2 SL:PERSON_REMINDED] @ptr_3 [SL:TODO [IN:SEND_MESSAGE @ptr_4 [SL:CONTENT_EXACT @ptr_5 @ptr_6 @ptr_7 SL:CONTENT_EXACT] @ptr_8 @ptr_9 [SL:RECIPIENT [IN:GET_CONTACT [SL:JOB @ptr_10 SL:JOB] IN:GET_CONTACT] SL:RECIPIENT] IN:SEND_MESSAGE] SL:TODO] [SL:DATE_TIME @ptr_11 @ptr_12 SL:DATE_TIME] IN:CREATE_REMINDER]
Remind me to send flowers to my wife on her birthday .	Rem ind Ġme Ġto Ġsend Ġflowers Ġto Ġmy Ġwife Ġon Ġher Ġbirthday Ġ.	[IN:CREATE_REMINDER @ptr_0 @ptr_1 [SL:PERSON_REMINDED @ptr_2 SL:PERSON_REMINDED] @ptr_3 [SL:TODO @ptr_4 @ptr_5 @ptr_6 @ptr_7 @ptr_8 SL:TODO] [SL:DATE_TIME [IN:GET_BIRTHDAY @ptr_9 [SL:CONTACT @ptr_10 SL:CONTACT] @ptr_11 IN:GET_BIRTHDAY] SL:DATE_TIME] @ptr_12 IN:CREATE_REMINDER]
