set timer for 30 minutes	set Ġtimer Ġfor Ġ30 Ġminutes	[IN:CREATE_TIMER @ptr_0 [SL:METHOD_TIMER @ptr_1 SL:METHOD_TIMER] [SL:DATE_TIME @ptr_2 @ptr_3 @ptr_4 SL:DATE_TIME] IN:CREATE_TIMER]
decrease pot roast timer to 45 minutes	dec re ase Ġpot Ġroast Ġtimer Ġto Ġ45 Ġminutes	[IN:CREATE_TIMER @ptr_0 @ptr_1 @ptr_2 @ptr_3 @ptr_4 [SL:METHOD_TIMER @ptr_5 SL:METHOD_TIMER] [SL:DATE_TIME @ptr_6 @ptr_7 @ptr_8 SL:DATE_TIME] IN:CREATE_TIMER]
set the timer for 1 hour for my quiz	set Ġthe Ġtimer Ġfor Ġ1 Ġhour Ġfor Ġmy Ġquiz	[IN:CREATE_TIMER @ptr_0 @ptr_1 [SL:METHOD_TIMER @ptr_2 SL:METHOD_TIMER] [SL:DATE_TIME @ptr_3 @ptr_4 @ptr_5 SL:DATE_TIME] @ptr_6 @ptr_7 [SL:TIMER_NAME @ptr_8 SL:TIMER_NAME] IN:CREATE_TIMER]
Start timer for 10 minute meditation	Start Ġtimer Ġfor Ġ10 Ġminute Ġmeditation	[IN:CREATE_TIMER @ptr_0 [SL:METHOD_TIMER @ptr_1 SL:METHOD_TIMER] [SL:DATE_TIME @ptr_2 @ptr_3 @ptr_4 SL:DATE_TIME] @ptr_5 IN:CREATE_TIMER]
Set a cookie timer	Set Ġa Ġcookie Ġtimer	[IN:CREATE_TIMER @ptr_0 @ptr_1 [SL:TIMER_NAME @ptr_2 SL:TIMER_NAME] [SL:METHOD_TIMER @ptr_3 SL:METHOD_TIMER] IN:CREATE_TIMER]
Resume timer please .	Res ume Ġtimer Ġplease Ġ.	[IN:RESUME_TIMER @ptr_0 @ptr_1 [SL:METHOD_TIMER @ptr_2 SL:METHOD_TIMER] @ptr_3 @ptr_4 IN:RESUME_TIMER]
Set a timer for 5 minutes	Set Ġa Ġtimer Ġfor Ġ5 Ġminutes	[IN:CREATE_TIMER @ptr_0 @ptr_1 [SL:METHOD_TIMER @ptr_2 SL:METHOD_TIMER] [SL:DATE_TIME @ptr_3 @ptr_4 @ptr_5 SL:DATE_TIME] IN:CREATE_TIMER]
start timer for one minute	start Ġtimer Ġfor Ġone Ġminute	[IN:CREATE_TIMER @ptr_0 [SL:METHOD_TIMER @ptr_1 SL:METHOD_TIMER] [SL:DATE_TIME @ptr_2 @ptr_3 @ptr_4 SL:DATE_TIME] IN:CREATE_TIMER]
Start the timer for my daily run .	Start Ġthe Ġtimer Ġfor Ġmy Ġdaily Ġrun Ġ.	[IN:CREATE_TIMER @ptr_0 @ptr_1 [SL:METHOD_TIMER @ptr_2 SL:METHOD_TIMER] @ptr_3 @ptr_4 [SL:TIMER_NAME @ptr_5 @ptr_6 SL:TIMER_NAME] @ptr_7 IN:CREATE_TIMER]
When will my timer go off ?	When Ġwill Ġmy Ġtimer Ġgo Ġoff Ġ?	[IN:GET_TIMER @ptr_0 @ptr_1 @ptr_2 [SL:METHOD_TIMER @ptr_3 SL:METHOD_TIMER] @ptr_4 @ptr_5 @ptr_6 IN:GET_TIMER]
Set a 7 minute timer	Set Ġa Ġ7 Ġminute Ġtimer	[IN:CREATE_TIMER @ptr_0 @ptr_1 [SL:DATE_TIME @ptr_2 @ptr_3 @ptr_4 SL:DATE_TIME] IN:CREATE_TIMER]
Set a timer to turn off the oven in 50 minutes	Set Ġa Ġtimer Ġto Ġturn Ġoff Ġthe Ġoven Ġin Ġ50 Ġminutes	[IN:CREATE_TIMER @ptr_0 @ptr_1 [SL:METHOD_TIMER @ptr_2 SL:METHOD_TIMER] @ptr_3 @ptr_4 @ptr_5 @ptr_6 @ptr_7 [SL:DATE_TIME @ptr_8 @ptr_9 @ptr_10 SL:DATE_TIME] IN:CREATE_TIMER]
Set stove timer for 30 minutes	Set Ġstove Ġtimer Ġfor Ġ30 Ġminutes	[IN:CREATE_TIMER @ptr_0 @ptr_1 [SL:METHOD_TIMER @ptr_2 SL:METHOD_TIMER] [SL:DATE_TIME @ptr_3 @ptr_4 @ptr_5 SL:DATE_TIME] IN:CREATE_TIMER]
Reset my morning cardio timer for 30 minutes .	Res et Ġmy Ġmorning Ġcardio Ġtimer Ġfor Ġ30 Ġminutes Ġ.	[IN:RESTART_TIMER @ptr_0 @ptr_1 @ptr_2 @ptr_3 @ptr_4 [SL:METHOD_TIMER @ptr_5 SL:METHOD_TIMER] [SL:TIMER_NAME [IN:GET_TIME [SL:DATE_TIME @ptr_6 @ptr_7 @ptr_8 SL:DATE_TIME] IN:GET_TIME] SL:TIMER_NAME] @ptr_9 IN:RESTART_TIMER]
Set a timer to pull cookies out of the oven in 12 minutes	Set Ġa Ġtimer Ġto Ġpull Ġcookies Ġout Ġof Ġthe Ġoven Ġin Ġ12 Ġminutes	[IN:CREATE_TIMER @ptr_0 @ptr_1 [SL:METHOD_TIMER @ptr_2 SL:METHOD_TIMER] @ptr_3 @ptr_4 @ptr_5 @ptr_6 @ptr_7 @ptr_8 @ptr_9 [SL:DATE_TIME @ptr_10 @ptr_11 @ptr_12 SL:DATE_TIME] IN:CREATE_TIMER]
stop the last timer	stop Ġthe Ġlast Ġtimer	[IN:PAUSE_TIMER @ptr_0 @ptr_1 [SL:ORDINAL @ptr_2 SL:ORDINAL] [SL:METHOD_TIMER @ptr_3 SL:METHOD_TIMER] IN:PAUSE_TIMER]
pause the timeout timer	pause Ġthe Ġtimeout Ġtimer	[IN:PAUSE_TIMER @ptr_0 @ptr_1 @ptr_2 [SL:METHOD_TIMER @ptr_3 SL:METHOD_TIMER] IN:PAUSE_TIMER]
Pause and reset my current timer .	Pause Ġand Ġreset Ġmy Ġcurrent Ġtimer Ġ.	[IN:PAUSE_TIMER @ptr_0 @ptr_1 @ptr_2 @ptr_3 @ptr_4 [SL:METHOD_TIMER @ptr_5 SL:METHOD_TIMER] @ptr_6 IN:PAUSE_TIMER]
pause timer	pause Ġtimer	[IN:PAUSE_TIMER @ptr_0 [SL:METHOD_TIMER @ptr_1 SL:METHOD_TIMER] IN:PAUSE_TIMER]
mute my countdown	m ute Ġmy Ġcountdown	[IN:PAUSE_TIMER @ptr_0 @ptr_1 @ptr_2 [SL:METHOD_TIMER @ptr_3 SL:METHOD_TIMER] IN:PAUSE_TIMER]
Delete all my current timers	Delete Ġall Ġmy Ġcurrent Ġtimers	[IN:DELETE_TIMER @ptr_0 [SL:AMOUNT @ptr_1 SL:AMOUNT] @ptr_2 @ptr_3 [SL:METHOD_TIMER @ptr_4 SL:METHOD_TIMER] IN:DELETE_TIMER]
Cancel all timers for today only .	C ancel Ġall Ġtimers Ġfor Ġtoday Ġonly Ġ.	[IN:DELETE_TIMER @ptr_0 @ptr_1 [SL:AMOUNT @ptr_2 SL:AMOUNT] [SL:METHOD_TIMER @ptr_3 SL:METHOD_TIMER] @ptr_4 @ptr_5 @ptr_6 @ptr_7 IN:DELETE_TIMER]
would you please begin two timers	would Ġyou Ġplease Ġbegin Ġtwo Ġtimers	[IN:CREATE_TIMER @ptr_0 @ptr_1 @ptr_2 @ptr_3 [SL:AMOUNT @ptr_4 SL:AMOUNT] [SL:METHOD_TIMER @ptr_5 SL:METHOD_TIMER] IN:CREATE_TIMER]
cancel all timers running .	c ancel Ġall Ġtimers Ġrunning Ġ.	[IN:DELETE_TIMER @ptr_0 @ptr_1 [SL:AMOUNT @ptr_2 SL:AMOUNT] [SL:METHOD_TIMER @ptr_3 SL:METHOD_TIMER] @ptr_4 @ptr_5 IN:DELETE_TIMER]
Read me all current timers	Read Ġme Ġall Ġcurrent Ġtimers	[IN:GET_TIMER @ptr_0 @ptr_1 [SL:AMOUNT @ptr_2 SL:AMOUNT] @ptr_3 [SL:METHOD_TIMER @ptr_4 SL:METHOD_TIMER] IN:GET_TIMER]
How much time is left ?	How Ġmuch Ġtime Ġis Ġleft Ġ?	[IN:GET_TIMER @ptr_0 @ptr_1 [SL:METHOD_TIMER @ptr_2 SL:METHOD_TIMER] @ptr_3 @ptr_4 @ptr_5 IN:GET_TIMER]
how much time remains on my timer	how Ġmuch Ġtime Ġremains Ġon Ġmy Ġtimer	[IN:GET_TIMER @ptr_0 @ptr_1 @ptr_2 @ptr_3 @ptr_4 @ptr_5 [SL:METHOD_TIMER @ptr_6 SL:METHOD_TIMER] IN:GET_TIMER]
How much time do I have before the bell rings	How Ġmuch Ġtime Ġdo ĠI Ġhave Ġbefore Ġthe Ġbell Ġrings	[IN:GET_TIMER @ptr_0 @ptr_1 @ptr_2 @ptr_3 @ptr_4 @ptr_5 @ptr_6 @ptr_7 @ptr_8 @ptr_9 IN:GET_TIMER]
do i have two timers running right now	do Ġi Ġhave Ġtwo Ġtimers Ġrunning Ġright Ġnow	[IN:GET_TIMER @ptr_0 @ptr_1 @ptr_2 @ptr_3 [SL:METHOD_TIMER @ptr_4 SL:METHOD_TIMER] @ptr_5 @ptr_6 @ptr_7 IN:GET_TIMER]
How much time between timers	How Ġmuch Ġtime Ġbetween Ġtimers	[IN:GET_TIMER @ptr_0 @ptr_1 @ptr_2 @ptr_3 [SL:METHOD_TIMER @ptr_4 SL:METHOD_TIMER] IN:GET_TIMER]
Add two mintues to current timer .	Add Ġtwo Ġmint ues Ġto Ġcurrent Ġtimer Ġ.	[IN:ADD_TIME_TIMER @ptr_0 [SL:DATE_TIME @ptr_1 @ptr_2 @ptr_3 SL:DATE_TIME] @ptr_4 @ptr_5 [SL:METHOD_TIMER @ptr_6 SL:METHOD_TIMER] @ptr_7 IN:ADD_TIME_TIMER]
Add 5 minutes to timer .	Add Ġ5 Ġminutes Ġto Ġtimer Ġ.	[IN:ADD_TIME_TIMER @ptr_0 [SL:DATE_TIME @ptr_1 @ptr_2 SL:DATE_TIME] @ptr_3 [SL:METHOD_TIMER @ptr_4 SL:METHOD_TIMER] @ptr_5 IN:ADD_TIME_TIMER]
Add 20 seconds to timer .	Add Ġ20 Ġseconds Ġto Ġtimer Ġ.	[IN:ADD_TIME_TIMER @ptr_0 [SL:DATE_TIME @ptr_1 @ptr_2 SL:DATE_TIME] @ptr_3 [SL:METHOD_TIMER @ptr_4 SL:METHOD_TIMER] @ptr_5 IN:ADD_TIME_TIMER]
add 30 minutes to my current timer	add Ġ30 Ġminutes Ġto Ġmy Ġcurrent Ġtimer	[IN:ADD_TIME_TIMER @ptr_0 [SL:DATE_TIME @ptr_1 @ptr_2 SL:DATE_TIME] @ptr_3 @ptr_4 @ptr_5 [SL:METHOD_TIMER @ptr_6 SL:METHOD_TIMER] IN:ADD_TIME_TIMER]
Add one minute to the timer	Add Ġone Ġminute Ġto Ġthe Ġtimer	[IN:ADD_TIME_TIMER @ptr_0 [SL:DATE_TIME @ptr_1 @ptr_2 SL:DATE_TIME] @ptr_3 @ptr_4 [SL:METHOD_TIMER @ptr_5 SL:METHOD_TIMER] IN:ADD_TIME_TIMER]
set the timer for the banana bread	set Ġthe Ġtimer Ġfor Ġthe Ġbanana Ġbread	[IN:CREATE_TIMER @ptr_0 @ptr_1 [SL:METHOD_TIMER @ptr_2 SL:METHOD_TIMER] @ptr_3 @ptr_4 [SL:TIMER_NAME @ptr_5 @ptr_6 SL:TIMER_NAME] IN:CREATE_TIMER]
Set a timer in 5 minutes with the title incoming calls	Set Ġa Ġtimer Ġin Ġ5 Ġminutes Ġwith Ġthe Ġtitle Ġincoming Ġcalls	[IN:CREATE_TIMER @ptr_0 @ptr_1 [SL:TIMER_NAME @ptr_2 SL:TIMER_NAME] [SL:DATE_TIME @ptr_3 @ptr_4 @ptr_5 SL:DATE_TIME] @ptr_6 @ptr_7 @ptr_8 [SL:TIMER_NAME @ptr_9 @ptr_10 SL:TIMER_NAME] IN:CREATE_TIMER]
Give me a timer for the treadmill	Give Ġme Ġa Ġtimer Ġfor Ġthe Ġtreadmill	[IN:CREATE_TIMER @ptr_0 @ptr_1 @ptr_2 [SL:METHOD_TIMER @ptr_3 SL:METHOD_TIMER] @ptr_4 @ptr_5 [SL:TIMER_NAME @ptr_6 SL:TIMER_NAME] IN:CREATE_TIMER]
Set up a new timer for my cake for 40 minutes .	Set Ġup Ġa Ġnew Ġtimer Ġfor Ġmy Ġcake Ġfor Ġ40 Ġminutes Ġ.	[IN:CREATE_TIMER @ptr_0 @ptr_1 @ptr_2 @ptr_3 [SL:METHOD_TIMER @ptr_4 SL:METHOD_TIMER] @ptr_5 @ptr_6 [SL:TIMER_NAME @ptr_7 SL:TIMER_NAME] [SL:DATE_TIME @ptr_8 @ptr_9 @ptr_10 SL:DATE_TIME] @ptr_11 IN:CREATE_TIMER]
Set timer for one hour for my lunch	Set Ġtimer Ġfor Ġone Ġhour Ġfor Ġmy Ġlunch	[IN:CREATE_TIMER @ptr_0 [SL:METHOD_TIMER @ptr_1 SL:METHOD_TIMER] [SL:DATE_TIME @ptr_2 @ptr_3 @ptr_4 SL:DATE_TIME] @ptr_5 @ptr_6 [SL:TIMER_NAME @ptr_7 SL:TIMER_NAME] IN:CREATE_TIMER]
view timer	view Ġtimer	[IN:GET_TIMER @ptr_0 [SL:METHOD_TIMER @ptr_1 SL:METHOD_TIMER] IN:GET_TIMER]
how much time is left on my 30 minute timer	how Ġmuch Ġtime Ġis Ġleft Ġon Ġmy Ġ30 Ġminute Ġtimer	[IN:GET_TIMER @ptr_0 @ptr_1 @ptr_2 @ptr_3 @ptr_4 @ptr_5 @ptr_6 [SL:TIMER_NAME [IN:GET_TIME [SL:DATE_TIME @ptr_7 @ptr_8 SL:DATE_TIME] IN:GET_TIME] SL:TIMER_NAME] [SL:METHOD_TIMER @ptr_9 SL:METHOD_TIMER] IN:GET_TIMER]
How much time is left on this timer event ?	How Ġmuch Ġtime Ġis Ġleft Ġon Ġthis Ġtimer Ġevent Ġ?	[IN:GET_TIMER @ptr_0 @ptr_1 @ptr_2 @ptr_3 @ptr_4 @ptr_5 @ptr_6 [SL:METHOD_TIMER @ptr_7 SL:METHOD_TIMER] @ptr_8 @ptr_9 IN:GET_TIMER]
how much time left on timer ?	how Ġmuch Ġtime Ġleft Ġon Ġtimer Ġ?	[IN:GET_TIMER @ptr_0 @ptr_1 [SL:METHOD_TIMER @ptr_2 SL:METHOD_TIMER] @ptr_3 @ptr_4 [SL:METHOD_TIMER @ptr_5 SL:METHOD_TIMER] @ptr_6 IN:GET_TIMER]
How long do I have left on my timer	How Ġlong Ġdo ĠI Ġhave Ġleft Ġon Ġmy Ġtimer	[IN:GET_TIMER @ptr_0 @ptr_1 @ptr_2 @ptr_3 @ptr_4 @ptr_5 @ptr_6 @ptr_7 [SL:METHOD_TIMER @ptr_8 SL:METHOD_TIMER] IN:GET_TIMER]
restart timer	rest art Ġtimer	[IN:RESTART_TIMER @ptr_0 @ptr_1 [SL:METHOD_TIMER @ptr_2 SL:METHOD_TIMER] IN:RESTART_TIMER]
Restart the timer	Rest art Ġthe Ġtimer	[IN:RESTART_TIMER @ptr_0 @ptr_1 @ptr_2 [SL:METHOD_TIMER @ptr_3 SL:METHOD_TIMER] IN:RESTART_TIMER]
restart the timer	rest art Ġthe Ġtimer	[IN:RESTART_TIMER @ptr_0 @ptr_1 @ptr_2 [SL:METHOD_TIMER @ptr_3 SL:METHOD_TIMER] IN:RESTART_TIMER]
Restart jogging timer now	Rest art Ġj ogging Ġtimer Ġnow	[IN:RESTART_TIMER @ptr_0 @ptr_1 [SL:TIMER_NAME @ptr_2 @ptr_3 SL:TIMER_NAME] [SL:METHOD_TIMER @ptr_4 SL:METHOD_TIMER] @ptr_5 IN:RESTART_TIMER]
restart this timer	rest art Ġthis Ġtimer	[IN:RESTART_TIMER @ptr_0 @ptr_1 @ptr_2 [SL:METHOD_TIMER @ptr_3 SL:METHOD_TIMER] IN:RESTART_TIMER]
Remove 10 minutes from the current timer	Remove Ġ10 Ġminutes Ġfrom Ġthe Ġcurrent Ġtimer	[IN:SUBTRACT_TIME_TIMER @ptr_0 [SL:DATE_TIME @ptr_1 @ptr_2 SL:DATE_TIME] @ptr_3 @ptr_4 @ptr_5 [SL:METHOD_TIMER @ptr_6 SL:METHOD_TIMER] IN:SUBTRACT_TIME_TIMER]
take off 10 minutes from timer	take Ġoff Ġ10 Ġminutes Ġfrom Ġtimer	[IN:SUBTRACT_TIME_TIMER @ptr_0 @ptr_1 [SL:DATE_TIME @ptr_2 @ptr_3 SL:DATE_TIME] @ptr_4 [SL:METHOD_TIMER @ptr_5 SL:METHOD_TIMER] IN:SUBTRACT_TIME_TIMER]
Take off 14 minutes from timer	Take Ġoff Ġ14 Ġminutes Ġfrom Ġtimer	[IN:SUBTRACT_TIME_TIMER @ptr_0 @ptr_1 [SL:DATE_TIME @ptr_2 @ptr_3 SL:DATE_TIME] @ptr_4 [SL:METHOD_TIMER @ptr_5 SL:METHOD_TIMER] IN:SUBTRACT_TIME_TIMER]
Subtract 10 seconds from timer	Sub t ract Ġ10 Ġseconds Ġfrom Ġtimer	[IN:SUBTRACT_TIME_TIMER @ptr_0 @ptr_1 @ptr_2 [SL:DATE_TIME @ptr_3 @ptr_4 SL:DATE_TIME] @ptr_5 [SL:METHOD_TIMER @ptr_6 SL:METHOD_TIMER] IN:SUBTRACT_TIME_TIMER]
Remove two minutes from the current timer	Remove Ġtwo Ġminutes Ġfrom Ġthe Ġcurrent Ġtimer	[IN:SUBTRACT_TIME_TIMER @ptr_0 @ptr_1 @ptr_2 @ptr_3 @ptr_4 @ptr_5 @ptr_6 IN:SUBTRACT_TIME_TIMER]
Cancel timer	C ancel Ġtimer	[IN:DELETE_TIMER @ptr_0 @ptr_1 [SL:METHOD_TIMER @ptr_2 SL:METHOD_TIMER] IN:DELETE_TIMER]
Delete the timer please .	Delete Ġthe Ġtimer Ġplease Ġ.	[IN:DELETE_TIMER @ptr_0 @ptr_1 [SL:METHOD_TIMER @ptr_2 SL:METHOD_TIMER] @ptr_3 @ptr_4 IN:DELETE_TIMER]
Delete the timer I just set	Delete Ġthe Ġtimer ĠI Ġjust Ġset	[IN:DELETE_TIMER @ptr_0 @ptr_1 [SL:METHOD_TIMER @ptr_2 SL:METHOD_TIMER] @ptr_3 @ptr_4 @ptr_5 IN:DELETE_TIMER]
delete my last timer	delete Ġmy Ġlast Ġtimer	[IN:DELETE_TIMER @ptr_0 @ptr_1 [SL:ORDINAL @ptr_2 SL:ORDINAL] [SL:METHOD_TIMER @ptr_3 SL:METHOD_TIMER] IN:DELETE_TIMER]
cancel timer	c ancel Ġtimer	[IN:DELETE_TIMER @ptr_0 @ptr_1 [SL:METHOD_TIMER @ptr_2 SL:METHOD_TIMER] IN:DELETE_TIMER]
Resume my timer	Res ume Ġmy Ġtimer	[IN:RESUME_TIMER @ptr_0 @ptr_1 @ptr_2 [SL:METHOD_TIMER @ptr_3 SL:METHOD_TIMER] IN:RESUME_TIMER]
resume the timer	res ume Ġthe Ġtimer	[IN:RESUME_TIMER @ptr_0 @ptr_1 @ptr_2 [SL:METHOD_TIMER @ptr_3 SL:METHOD_TIMER] IN:RESUME_TIMER]
Resume the gym timer	Res ume Ġthe Ġgym Ġtimer	[IN:RESUME_TIMER @ptr_0 @ptr_1 @ptr_2 @ptr_3 [SL:METHOD_TIMER @ptr_4 SL:METHOD_TIMER] IN:RESUME_TIMER]
Resume the 3 minute coffee timer	Res ume Ġthe Ġ3 Ġminute Ġcoffee Ġtimer	[IN:RESUME_TIMER @ptr_0 @ptr_1 @ptr_2 [SL:TIMER_NAME [IN:GET_TIME [SL:DATE_TIME @ptr_3 @ptr_4 SL:DATE_TIME] IN:GET_TIME] SL:TIMER_NAME] [SL:TIMER_NAME @ptr_5 SL:TIMER_NAME] [SL:METHOD_TIMER @ptr_6 SL:METHOD_TIMER] IN:RESUME_TIMER]
turn the timer back on	turn Ġthe Ġtimer Ġback Ġon	[IN:RESUME_TIMER @ptr_0 @ptr_1 [SL:METHOD_TIMER @ptr_2 SL:METHOD_TIMER] @ptr_3 @ptr_4 IN:RESUME_TIMER]
set the timer to go off every minute for 20 minutes	set Ġthe Ġtimer Ġto Ġgo Ġoff Ġevery Ġminute Ġfor Ġ20 Ġminutes	[IN:UNSUPPORTED_TIMER @ptr_0 @ptr_1 @ptr_2 @ptr_3 @ptr_4 @ptr_5 @ptr_6 @ptr_7 @ptr_8 @ptr_9 @ptr_10 IN:UNSUPPORTED_TIMER]
Stop beeping	Stop Ġbe eping	[IN:UNSUPPORTED_TIMER @ptr_0 @ptr_1 @ptr_2 IN:UNSUPPORTED_TIMER]
Set a study break timer every 45 minutes for 10 minutes	Set Ġa Ġstudy Ġbreak Ġtimer Ġevery Ġ45 Ġminutes Ġfor Ġ10 Ġminutes	[IN:UNSUPPORTED_TIMER @ptr_0 @ptr_1 @ptr_2 @ptr_3 @ptr_4 @ptr_5 @ptr_6 @ptr_7 @ptr_8 @ptr_9 @ptr_10 IN:UNSUPPORTED_TIMER]
resume current stop clock	res ume Ġcurrent Ġstop Ġclock	[IN:UNSUPPORTED_TIMER @ptr_0 @ptr_1 @ptr_2 @ptr_3 @ptr_4 IN:UNSUPPORTED_TIMER]
make my timers into one	make Ġmy Ġtimers Ġinto Ġone	[IN:UNSUPPORTED_TIMER @ptr_0 @ptr_1 [SL:METHOD_TIMER @ptr_2 SL:METHOD_TIMER] @ptr_3 [SL:AMOUNT @ptr_4 SL:AMOUNT] IN:UNSUPPORTED_TIMER]
Mute the first timer that rings please	M ute Ġthe Ġfirst Ġtimer Ġthat Ġrings Ġplease	[IN:UNSUPPORTED_TIMER @ptr_0 @ptr_1 @ptr_2 [SL:ORDINAL @ptr_3 SL:ORDINAL] @ptr_4 @ptr_5 @ptr_6 @ptr_7 IN:UNSUPPORTED_TIMER]
delete the last timer	delete Ġthe Ġlast Ġtimer	[IN:DELETE_TIMER @ptr_0 @ptr_1 [SL:ORDINAL @ptr_2 SL:ORDINAL] [SL:METHOD_TIMER @ptr_3 SL:METHOD_TIMER] IN:DELETE_TIMER]
Tell me more about my last timer .	Tell Ġme Ġmore Ġabout Ġmy Ġlast Ġtimer Ġ.	[IN:GET_TIMER @ptr_0 @ptr_1 @ptr_2 @ptr_3 @ptr_4 [SL:ORDINAL @ptr_5 SL:ORDINAL] [SL:METHOD_TIMER @ptr_6 SL:METHOD_TIMER] @ptr_7 IN:GET_TIMER]
put a timer on for every 30 minutes for the next 4 hours	put Ġa Ġtimer Ġon Ġfor Ġevery Ġ30 Ġminutes Ġfor Ġthe Ġnext Ġ4 Ġhours	[IN:UNSUPPORTED_TIMER @ptr_0 @ptr_1 @ptr_2 @ptr_3 @ptr_4 @ptr_5 @ptr_6 @ptr_7 @ptr_8 @ptr_9 [SL:ORDINAL @ptr_10 SL:ORDINAL] @ptr_11 @ptr_12 IN:UNSUPPORTED_TIMER]
Set a 30 second timer every hour for two hours	Set Ġa Ġ30 Ġsecond Ġtimer Ġevery Ġhour Ġfor Ġtwo Ġhours	[IN:UNSUPPORTED_TIMER @ptr_0 @ptr_1 @ptr_2 [SL:ORDINAL @ptr_3 SL:ORDINAL] @ptr_4 @ptr_5 @ptr_6 @ptr_7 @ptr_8 @ptr_9 IN:UNSUPPORTED_TIMER]
Change the timer to 15 minutes	Change Ġthe Ġtimer Ġto Ġ15 Ġminutes	[IN:UPDATE_TIMER @ptr_0 @ptr_1 [SL:METHOD_TIMER @ptr_2 SL:METHOD_TIMER] [SL:DATE_TIME @ptr_3 @ptr_4 @ptr_5 SL:DATE_TIME] IN:UPDATE_TIMER]
change the 10 timer to a 15	change Ġthe Ġ10 Ġtimer Ġto Ġa Ġ15	[IN:UPDATE_TIMER @ptr_0 [SL:DATE_TIME @ptr_1 @ptr_2 SL:DATE_TIME] [SL:METHOD_TIMER @ptr_3 SL:METHOD_TIMER] @ptr_4 @ptr_5 [SL:DATE_TIME @ptr_6 SL:DATE_TIME] IN:UPDATE_TIMER]
Make my packing timer 30 minutes instead	Make Ġmy Ġpacking Ġtimer Ġ30 Ġminutes Ġinstead	[IN:UPDATE_TIMER @ptr_0 @ptr_1 [SL:TIMER_NAME @ptr_2 SL:TIMER_NAME] [SL:METHOD_TIMER @ptr_3 SL:METHOD_TIMER] [SL:DATE_TIME @ptr_4 @ptr_5 SL:DATE_TIME] @ptr_6 IN:UPDATE_TIMER]
Update timer to 15 minutes .	Update Ġtimer Ġto Ġ15 Ġminutes Ġ.	[IN:UPDATE_TIMER @ptr_0 [SL:METHOD_TIMER @ptr_1 SL:METHOD_TIMER] [SL:DATE_TIME @ptr_2 @ptr_3 @ptr_4 SL:DATE_TIME] @ptr_5 IN:UPDATE_TIMER]
change timer from 20 to 15 minutes	change Ġtimer Ġfrom Ġ20 Ġto Ġ15 Ġminutes	[IN:UPDATE_TIMER @ptr_0 [SL:METHOD_TIMER @ptr_1 SL:METHOD_TIMER] [SL:TIMER_NAME [IN:GET_TIME [SL:DATE_TIME @ptr_2 @ptr_3 SL:DATE_TIME] IN:GET_TIME] SL:TIMER_NAME] [SL:DATE_TIME @ptr_4 @ptr_5 @ptr_6 SL:DATE_TIME] IN:UPDATE_TIMER]
