Please book a Uncommon Grounds Coffeehouse restaurant	Please Ġbook Ġa ĠUncommon ĠGrounds ĠCoffee house Ġrestaurant	@ptr_0 @ptr_1 @ptr_2 [SL:restaurant_name @ptr_3 @ptr_4 @ptr_5 @ptr_6 SL:restaurant_name] [SL:restaurant_type @ptr_7 SL:restaurant_type]
Make reservations for 7 people at a top-rated brazilian pub around Rockaway Park-Beach 116th	Make Ġreservations Ġfor Ġ7 Ġpeople Ġat Ġa Ġtop - rated Ġb razil ian Ġpub Ġaround ĠRock away ĠPark - Be ach Ġ116 th	@ptr_0 @ptr_1 @ptr_2 [SL:party_size_number @ptr_3 SL:party_size_number] @ptr_4 @ptr_5 @ptr_6 [SL:sort @ptr_7 @ptr_8 @ptr_9 SL:sort] [SL:cuisine @ptr_10 @ptr_11 @ptr_12 SL:cuisine] [SL:restaurant_type @ptr_13 SL:restaurant_type] [SL:spatial_relation @ptr_14 SL:spatial_relation] [SL:poi @ptr_15 @ptr_16 @ptr_17 @ptr_18 @ptr_19 @ptr_20 @ptr_21 @ptr_22 SL:poi]
book a table in Tennessee for 1 for next August	book Ġa Ġtable Ġin ĠTennessee Ġfor Ġ1 Ġfor Ġnext ĠAugust	@ptr_0 @ptr_1 @ptr_2 @ptr_3 [SL:state @ptr_4 SL:state] @ptr_5 [SL:party_size_number @ptr_6 SL:party_size_number] @ptr_7 [SL:timeRange @ptr_8 @ptr_9 SL:timeRange]
Book a restaurant in West Hattiesburg for 0 o'clock	Book Ġa Ġrestaurant Ġin ĠWest ĠHatt ies burg Ġfor Ġ0 Ġo ' clock	@ptr_0 @ptr_1 [SL:restaurant_type @ptr_2 SL:restaurant_type] @ptr_3 [SL:city @ptr_4 @ptr_5 @ptr_6 @ptr_7 SL:city] @ptr_8 [SL:timeRange @ptr_9 @ptr_10 @ptr_11 @ptr_12 SL:timeRange]
21 weeks from now elinor, crystal turner and nita want to eat german food at a bar in distant California	21 Ġweeks Ġfrom Ġnow Ġel in or , Ġcrystal Ġturn er Ġand Ġn ita Ġwant Ġto Ġeat Ġg erman Ġfood Ġat Ġa Ġbar Ġin Ġdistant ĠCalifornia	[SL:timeRange @ptr_0 @ptr_1 @ptr_2 @ptr_3 SL:timeRange] [SL:party_size_description @ptr_4 @ptr_5 @ptr_6 @ptr_7 @ptr_8 @ptr_9 @ptr_10 @ptr_11 @ptr_12 @ptr_13 SL:party_size_description] @ptr_14 @ptr_15 @ptr_16 [SL:cuisine @ptr_17 @ptr_18 SL:cuisine] @ptr_19 @ptr_20 @ptr_21 [SL:restaurant_type @ptr_22 SL:restaurant_type] @ptr_23 [SL:spatial_relation @ptr_24 SL:spatial_relation] [SL:state @ptr_25 SL:state]
Book me a reservation for a mediterranean restaurant on Confederate Memorial Day nearby Ocean Grove	Book Ġme Ġa Ġreservation Ġfor Ġa Ġmed iterranean Ġrestaurant Ġon ĠConfederate ĠMemorial ĠDay Ġnearby ĠOcean ĠGrove	@ptr_0 @ptr_1 @ptr_2 @ptr_3 @ptr_4 @ptr_5 [SL:cuisine @ptr_6 @ptr_7 SL:cuisine] [SL:restaurant_type @ptr_8 SL:restaurant_type] @ptr_9 [SL:timeRange @ptr_10 @ptr_11 @ptr_12 SL:timeRange] [SL:spatial_relation @ptr_13 SL:spatial_relation] [SL:poi @ptr_14 @ptr_15 SL:poi]
I want to eat ice cream at a brasserie with me and my mother in law	I Ġwant Ġto Ġeat Ġice Ġcream Ġat Ġa Ġbrass erie Ġwith Ġme Ġand Ġmy Ġmother Ġin Ġlaw	@ptr_0 @ptr_1 @ptr_2 @ptr_3 [SL:served_dish @ptr_4 @ptr_5 SL:served_dish] @ptr_6 @ptr_7 [SL:restaurant_type @ptr_8 @ptr_9 SL:restaurant_type] @ptr_10 [SL:party_size_description @ptr_11 @ptr_12 @ptr_13 @ptr_14 @ptr_15 @ptr_16 SL:party_size_description]
Book a restaurant 2 months from now for seven people in New Caledonia	Book Ġa Ġrestaurant Ġ2 Ġmonths Ġfrom Ġnow Ġfor Ġseven Ġpeople Ġin ĠNew ĠCal ed onia	@ptr_0 @ptr_1 [SL:restaurant_type @ptr_2 SL:restaurant_type] [SL:timeRange @ptr_3 @ptr_4 @ptr_5 @ptr_6 SL:timeRange] @ptr_7 [SL:party_size_number @ptr_8 SL:party_size_number] @ptr_9 @ptr_10 [SL:country @ptr_11 @ptr_12 @ptr_13 @ptr_14 SL:country]
book a spot at a highly rated tavern in Colombia	book Ġa Ġspot Ġat Ġa Ġhighly Ġrated Ġtavern Ġin ĠColombia	@ptr_0 @ptr_1 @ptr_2 @ptr_3 @ptr_4 [SL:sort @ptr_5 @ptr_6 SL:sort] [SL:restaurant_type @ptr_7 SL:restaurant_type] @ptr_8 [SL:country @ptr_9 SL:country]
Book a pub with a pool in White Heath South Carolina	Book Ġa Ġpub Ġwith Ġa Ġpool Ġin ĠWhite ĠHeath ĠSouth ĠCarolina	@ptr_0 @ptr_1 [SL:restaurant_type @ptr_2 SL:restaurant_type] @ptr_3 @ptr_4 [SL:facility @ptr_5 SL:facility] @ptr_6 [SL:city @ptr_7 @ptr_8 SL:city] [SL:state @ptr_9 @ptr_10 SL:state]
I'd like to go to the popular bistro in OH	I 'd Ġlike Ġto Ġgo Ġto Ġthe Ġpopular Ġb ist ro Ġin ĠOH	@ptr_0 @ptr_1 @ptr_2 @ptr_3 @ptr_4 @ptr_5 @ptr_6 [SL:sort @ptr_7 SL:sort] [SL:restaurant_type @ptr_8 @ptr_9 @ptr_10 SL:restaurant_type] @ptr_11 [SL:state @ptr_12 SL:state]
book a bar with mediterranean food for three	book Ġa Ġbar Ġwith Ġmed iterranean Ġfood Ġfor Ġthree	@ptr_0 @ptr_1 [SL:restaurant_type @ptr_2 SL:restaurant_type] @ptr_3 [SL:cuisine @ptr_4 @ptr_5 SL:cuisine] @ptr_6 @ptr_7 [SL:party_size_number @ptr_8 SL:party_size_number]
Book a table at an indoor restaurant now	Book Ġa Ġtable Ġat Ġan Ġindoor Ġrestaurant Ġnow	@ptr_0 @ptr_1 @ptr_2 @ptr_3 @ptr_4 [SL:facility @ptr_5 SL:facility] [SL:restaurant_type @ptr_6 SL:restaurant_type] [SL:timeRange @ptr_7 SL:timeRange]
I want to book The Hat for my grandfather and I in Arkansas	I Ġwant Ġto Ġbook ĠThe ĠHat Ġfor Ġmy Ġgrandfather Ġand ĠI Ġin ĠArkansas	@ptr_0 @ptr_1 @ptr_2 @ptr_3 [SL:restaurant_name @ptr_4 @ptr_5 SL:restaurant_name] @ptr_6 [SL:party_size_description @ptr_7 @ptr_8 @ptr_9 @ptr_10 SL:party_size_description] @ptr_11 [SL:state @ptr_12 SL:state]
