show weather forcast here at 19	show Ġweather Ġfor cast Ġhere Ġat Ġ19	@ptr_0 @ptr_1 @ptr_2 @ptr_3 [SL:current_location @ptr_4 SL:current_location] @ptr_5 [SL:timeRange @ptr_6 SL:timeRange]
What will the weather be in Meeres-Nationalpark Insel Bastimentos at twelve PM	What Ġwill Ġthe Ġweather Ġbe Ġin ĠM ee res - National park ĠIn sel ĠBast iment os Ġat Ġtwelve ĠPM	@ptr_0 @ptr_1 @ptr_2 @ptr_3 @ptr_4 @ptr_5 [SL:geographic_poi @ptr_6 @ptr_7 @ptr_8 @ptr_9 @ptr_10 @ptr_11 @ptr_12 @ptr_13 @ptr_14 @ptr_15 @ptr_16 SL:geographic_poi] @ptr_17 [SL:timeRange @ptr_18 @ptr_19 SL:timeRange]
Tell me when it will be humid here	Tell Ġme Ġwhen Ġit Ġwill Ġbe Ġhumid Ġhere	@ptr_0 @ptr_1 @ptr_2 @ptr_3 @ptr_4 @ptr_5 [SL:condition_description @ptr_6 SL:condition_description] [SL:current_location @ptr_7 SL:current_location]
What's the weather like nearby in Rhode Island	What 's Ġthe Ġweather Ġlike Ġnearby Ġin ĠRhode ĠIsland	@ptr_0 @ptr_1 @ptr_2 @ptr_3 @ptr_4 [SL:spatial_relation @ptr_5 SL:spatial_relation] @ptr_6 [SL:state @ptr_7 @ptr_8 SL:state]
What will the weather be here 14 minutes from now within walking distance	What Ġwill Ġthe Ġweather Ġbe Ġhere Ġ14 Ġminutes Ġfrom Ġnow Ġwithin Ġwalking Ġdistance	@ptr_0 @ptr_1 @ptr_2 @ptr_3 @ptr_4 [SL:current_location @ptr_5 SL:current_location] [SL:timeRange @ptr_6 @ptr_7 @ptr_8 @ptr_9 SL:timeRange] [SL:spatial_relation @ptr_10 @ptr_11 @ptr_12 SL:spatial_relation]
Is it cold in Breckenridge , Colorado	Is Ġit Ġcold Ġin ĠBre ck en ridge Ġ, ĠColorado	@ptr_0 @ptr_1 [SL:condition_temperature @ptr_2 SL:condition_temperature] @ptr_3 [SL:city @ptr_4 @ptr_5 @ptr_6 @ptr_7 SL:city] @ptr_8 [SL:state @ptr_9 SL:state]
Will it be snowy in Pillow Indiana	Will Ġit Ġbe Ġsnowy Ġin ĠPill ow ĠIndiana	@ptr_0 @ptr_1 @ptr_2 [SL:condition_description @ptr_3 SL:condition_description] @ptr_4 [SL:city @ptr_5 @ptr_6 SL:city] [SL:state @ptr_7 SL:state]
What's the weather next week in Standard City	What 's Ġthe Ġweather Ġnext Ġweek Ġin ĠStandard ĠCity	@ptr_0 @ptr_1 @ptr_2 @ptr_3 [SL:timeRange @ptr_4 @ptr_5 SL:timeRange] @ptr_6 [SL:city @ptr_7 @ptr_8 SL:city]
What's the weather in the Marshall Islands in sixteen hours	What 's Ġthe Ġweather Ġin Ġthe ĠMarshall ĠIslands Ġin Ġsixteen Ġhours	@ptr_0 @ptr_1 @ptr_2 @ptr_3 @ptr_4 @ptr_5 [SL:country @ptr_6 @ptr_7 SL:country] [SL:timeRange @ptr_8 @ptr_9 @ptr_10 SL:timeRange]
