Play a popular song by Willie Dixon on Groove Shark	Play Ġa Ġpopular Ġsong Ġby ĠWillie ĠDixon Ġon ĠGro ove ĠShark	@ptr_0 @ptr_1 [SL:sort @ptr_2 SL:sort] [SL:music_item @ptr_3 SL:music_item] @ptr_4 [SL:artist @ptr_5 @ptr_6 SL:artist] @ptr_7 [SL:service @ptr_8 @ptr_9 @ptr_10 SL:service]
use netflix to play Bizzy Bone Kiss Me Goodnight, Sergeant Major	use Ġnet flix Ġto Ġplay ĠB izzy ĠBone ĠKiss ĠMe ĠGood night , ĠSergeant ĠMajor	@ptr_0 [SL:service @ptr_1 @ptr_2 SL:service] @ptr_3 @ptr_4 [SL:artist @ptr_5 @ptr_6 @ptr_7 SL:artist] [SL:track @ptr_8 @ptr_9 @ptr_10 @ptr_11 @ptr_12 @ptr_13 @ptr_14 SL:track]
play the best Elizaveta Khripounova	play Ġthe Ġbest ĠEl iz ave ta ĠKh rip oun ova	@ptr_0 @ptr_1 [SL:sort @ptr_2 SL:sort] [SL:artist @ptr_3 @ptr_4 @ptr_5 @ptr_6 @ptr_7 @ptr_8 @ptr_9 @ptr_10 SL:artist]
Play the greatest melody from Paul Wright on Pandora	Play Ġthe Ġgreatest Ġmelody Ġfrom ĠPaul ĠWright Ġon ĠPandora	@ptr_0 @ptr_1 [SL:sort @ptr_2 SL:sort] [SL:music_item @ptr_3 SL:music_item] @ptr_4 [SL:artist @ptr_5 @ptr_6 SL:artist] @ptr_7 [SL:service @ptr_8 SL:service]
I want ohear the 1996 soundtrack from deezer	I Ġwant Ġo he ar Ġthe Ġ1996 Ġsoundtrack Ġfrom Ġde ez er	@ptr_0 @ptr_1 @ptr_2 @ptr_3 @ptr_4 @ptr_5 [SL:year @ptr_6 SL:year] [SL:music_item @ptr_7 SL:music_item] @ptr_8 [SL:service @ptr_9 @ptr_10 @ptr_11 SL:service]
play The Edge by Deezer on Vans Warped Tour Compilation 2003	play ĠThe ĠEdge Ġby ĠDe ez er Ġon ĠV ans ĠWar ped ĠTour ĠComp ilation Ġ2003	@ptr_0 [SL:artist @ptr_1 @ptr_2 SL:artist] @ptr_3 [SL:service @ptr_4 @ptr_5 @ptr_6 SL:service] @ptr_7 [SL:album @ptr_8 @ptr_9 @ptr_10 @ptr_11 @ptr_12 @ptr_13 @ptr_14 @ptr_15 SL:album]
open Itunes and play Kenny Cox most popular concerto	open ĠIt unes Ġand Ġplay ĠKenny ĠCox Ġmost Ġpopular Ġconcert o	@ptr_0 [SL:service @ptr_1 @ptr_2 SL:service] @ptr_3 @ptr_4 [SL:artist @ptr_5 @ptr_6 SL:artist] [SL:sort @ptr_7 @ptr_8 SL:sort] [SL:music_item @ptr_9 @ptr_10 SL:music_item]
Play Llegando a Casa	Play ĠL leg ando Ġa ĠCas a	@ptr_0 [SL:playlist @ptr_1 @ptr_2 @ptr_3 @ptr_4 @ptr_5 @ptr_6 SL:playlist]
Play satire	Play Ġsatire	@ptr_0 [SL:genre @ptr_1 SL:genre]
