Set alarms for 2 pm and 7 pm	Set Ġalarms Ġfor Ġ2 Ġpm Ġand Ġ7 Ġpm	[IN:CREATE_ALARM @ptr_0 @ptr_1 [SL:DATE_TIME @ptr_2 @ptr_3 @ptr_4 @ptr_5 @ptr_6 @ptr_7 SL:DATE_TIME] IN:CREATE_ALARM]
Snooze my alarm for 5 more minutes	Sn oo ze Ġmy Ġalarm Ġfor Ġ5 Ġmore Ġminutes	[IN:SNOOZE_ALARM @ptr_0 @ptr_1 @ptr_2 @ptr_3 @ptr_4 [SL:DATE_TIME @ptr_5 @ptr_6 @ptr_7 @ptr_8 SL:DATE_TIME] IN:SNOOZE_ALARM]
Show me all of the alarms I have set on Sunday	Show Ġme Ġall Ġof Ġthe Ġalarms ĠI Ġhave Ġset Ġon ĠSunday	[IN:GET_ALARM @ptr_0 @ptr_1 [SL:AMOUNT @ptr_2 SL:AMOUNT] @ptr_3 @ptr_4 @ptr_5 @ptr_6 @ptr_7 @ptr_8 [SL:DATE_TIME @ptr_9 @ptr_10 SL:DATE_TIME] IN:GET_ALARM]
Cancel all alarms .	C ancel Ġall Ġalarms Ġ.	[IN:DELETE_ALARM @ptr_0 @ptr_1 [SL:AMOUNT @ptr_2 SL:AMOUNT] @ptr_3 @ptr_4 IN:DELETE_ALARM]
Delete alarms of this week	Delete Ġalarms Ġof Ġthis Ġweek	[IN:DELETE_ALARM @ptr_0 @ptr_1 [SL:ALARM_NAME [IN:GET_TIME [SL:DATE_TIME @ptr_2 @ptr_3 @ptr_4 SL:DATE_TIME] IN:GET_TIME] SL:ALARM_NAME] IN:DELETE_ALARM]
Delete my timer alarm on Friday	Delete Ġmy Ġtimer Ġalarm Ġon ĠFriday	[IN:DELETE_ALARM @ptr_0 @ptr_1 @ptr_2 @ptr_3 [SL:ALARM_NAME [IN:GET_TIME [SL:DATE_TIME @ptr_4 @ptr_5 SL:DATE_TIME] IN:GET_TIME] SL:ALARM_NAME] IN:DELETE_ALARM]
Set an alarm for 30 minutes with a 15 minute snooze	Set Ġan Ġalarm Ġfor Ġ30 Ġminutes Ġwith Ġa Ġ15 Ġminute Ġsn oo ze	[IN:UNSUPPORTED_ALARM @ptr_0 @ptr_1 @ptr_2 [SL:DATE_TIME @ptr_3 @ptr_4 @ptr_5 SL:DATE_TIME] @ptr_6 @ptr_7 [SL:DATE_TIME @ptr_8 @ptr_9 SL:DATE_TIME] @ptr_10 @ptr_11 @ptr_12 IN:UNSUPPORTED_ALARM]
Set Bedtime alarm every evening 9 pm	Set ĠBed time Ġalarm Ġevery Ġevening Ġ9 Ġpm	[IN:CREATE_ALARM @ptr_0 [SL:ALARM_NAME @ptr_1 @ptr_2 SL:ALARM_NAME] @ptr_3 [SL:DATE_TIME_RECURRING @ptr_4 @ptr_5 @ptr_6 @ptr_7 SL:DATE_TIME_RECURRING] IN:CREATE_ALARM]
cancel all alarms	c ancel Ġall Ġalarms	[IN:DELETE_ALARM @ptr_0 @ptr_1 [SL:AMOUNT @ptr_2 SL:AMOUNT] @ptr_3 IN:DELETE_ALARM]
set a couple of alarms for 5 and 9 pm each tuesday for a week	set Ġa Ġcouple Ġof Ġalarms Ġfor Ġ5 Ġand Ġ9 Ġpm Ġeach Ġt uesday Ġfor Ġa Ġweek	[IN:CREATE_ALARM @ptr_0 @ptr_1 [SL:AMOUNT @ptr_2 SL:AMOUNT] @ptr_3 @ptr_4 [SL:DATE_TIME_RECURRING @ptr_5 @ptr_6 @ptr_7 @ptr_8 @ptr_9 @ptr_10 @ptr_11 @ptr_12 SL:DATE_TIME_RECURRING] [SL:DURATION @ptr_13 @ptr_14 @ptr_15 SL:DURATION] IN:CREATE_ALARM]
Turn alarm off on weekends	Turn Ġalarm Ġoff Ġon Ġweekends	[IN:SILENCE_ALARM @ptr_0 @ptr_1 @ptr_2 @ptr_3 [SL:PERIOD @ptr_4 SL:PERIOD] IN:SILENCE_ALARM]
set up a snooze for the next alarm	set Ġup Ġa Ġsn oo ze Ġfor Ġthe Ġnext Ġalarm	[IN:SNOOZE_ALARM @ptr_0 @ptr_1 @ptr_2 @ptr_3 @ptr_4 @ptr_5 @ptr_6 @ptr_7 [SL:ORDINAL @ptr_8 SL:ORDINAL] @ptr_9 IN:SNOOZE_ALARM]
I want to snooze this alarm once .	I Ġwant Ġto Ġsn oo ze Ġthis Ġalarm Ġonce Ġ.	[IN:SNOOZE_ALARM @ptr_0 @ptr_1 @ptr_2 @ptr_3 @ptr_4 @ptr_5 @ptr_6 @ptr_7 @ptr_8 @ptr_9 IN:SNOOZE_ALARM]
Change frequency of alarm	Change Ġfrequency Ġof Ġalarm	[IN:UPDATE_ALARM @ptr_0 @ptr_1 @ptr_2 @ptr_3 IN:UPDATE_ALARM]
Set an alarm for every 2 minutes for 10 minutes .	Set Ġan Ġalarm Ġfor Ġevery Ġ2 Ġminutes Ġfor Ġ10 Ġminutes Ġ.	[IN:CREATE_ALARM @ptr_0 @ptr_1 @ptr_2 @ptr_3 [SL:PERIOD @ptr_4 @ptr_5 @ptr_6 SL:PERIOD] [SL:DURATION @ptr_7 @ptr_8 @ptr_9 SL:DURATION] @ptr_10 IN:CREATE_ALARM]
Change my alarm to 6 am from 7 am	Change Ġmy Ġalarm Ġto Ġ6 Ġam Ġfrom Ġ7 Ġam	[IN:UPDATE_ALARM @ptr_0 @ptr_1 @ptr_2 [SL:DATE_TIME @ptr_3 @ptr_4 @ptr_5 SL:DATE_TIME] [SL:ALARM_NAME [IN:GET_TIME [SL:TIME_ZONE @ptr_6 @ptr_7 @ptr_8 SL:TIME_ZONE] IN:GET_TIME] SL:ALARM_NAME] IN:UPDATE_ALARM]
I want two alarms set for Fridays at 2 pm and 4 pm	I Ġwant Ġtwo Ġalarms Ġset Ġfor ĠFridays Ġat Ġ2 Ġpm Ġand Ġ4 Ġpm	[IN:CREATE_ALARM @ptr_0 @ptr_1 [SL:AMOUNT @ptr_2 SL:AMOUNT] @ptr_3 @ptr_4 [SL:RECURRING_DATE_TIME @ptr_5 @ptr_6 @ptr_7 @ptr_8 @ptr_9 @ptr_10 @ptr_11 @ptr_12 SL:RECURRING_DATE_TIME] IN:CREATE_ALARM]
