Any holiday parties this weekend	Any Ġholiday Ġparties Ġthis Ġweekend	[IN:GET_EVENT @ptr_0 [SL:CATEGORY_EVENT @ptr_1 @ptr_2 SL:CATEGORY_EVENT] [SL:DATE_TIME @ptr_3 @ptr_4 SL:DATE_TIME] IN:GET_EVENT]
What is happening near Cleveland next week	What Ġis Ġhappening Ġnear ĠCleveland Ġnext Ġweek	[IN:GET_EVENT @ptr_0 @ptr_1 @ptr_2 [SL:LOCATION [IN:GET_LOCATION [SL:SEARCH_RADIUS @ptr_3 SL:SEARCH_RADIUS] [SL:LOCATION @ptr_4 SL:LOCATION] IN:GET_LOCATION] SL:LOCATION] [SL:DATE_TIME @ptr_5 @ptr_6 SL:DATE_TIME] IN:GET_EVENT]
Give me a list of opening acts at Stubb 's next month	Give Ġme Ġa Ġlist Ġof Ġopening Ġacts Ġat ĠSt ubb Ġ' s Ġnext Ġmonth	[IN:GET_EVENT @ptr_0 @ptr_1 @ptr_2 @ptr_3 @ptr_4 [SL:CATEGORY_EVENT @ptr_5 @ptr_6 SL:CATEGORY_EVENT] @ptr_7 [SL:LOCATION [IN:GET_LOCATION [SL:POINT_ON_MAP @ptr_8 @ptr_9 @ptr_10 @ptr_11 SL:POINT_ON_MAP] IN:GET_LOCATION] SL:LOCATION] [SL:DATE_TIME @ptr_12 @ptr_13 SL:DATE_TIME] IN:GET_EVENT]
What events is Ciara playing this week at the Martinsville IN	What Ġevents Ġis ĠCi ara Ġplaying Ġthis Ġweek Ġat Ġthe ĠMart ins ville ĠIN	[IN:GET_EVENT @ptr_0 @ptr_1 @ptr_2 [SL:NAME_EVENT @ptr_3 @ptr_4 SL:NAME_EVENT] [SL:CATEGORY_EVENT @ptr_5 SL:CATEGORY_EVENT] [SL:DATE_TIME @ptr_6 @ptr_7 SL:DATE_TIME] @ptr_8 [SL:LOCATION [IN:GET_LOCATION [SL:POINT_ON_MAP @ptr_9 @ptr_10 @ptr_11 @ptr_12 @ptr_13 SL:POINT_ON_MAP] IN:GET_LOCATION] SL:LOCATION] IN:GET_EVENT]
WHAT TIME DOES THE MOVIE START TOMORROW	WHAT ĠTIME ĠDOES ĠTHE ĠMOV IE ĠSTART ĠTOM OR R OW	[IN:GET_EVENT @ptr_0 @ptr_1 @ptr_2 [SL:CATEGORY_EVENT @ptr_3 @ptr_4 @ptr_5 SL:CATEGORY_EVENT] @ptr_6 [SL:DATE_TIME @ptr_7 @ptr_8 @ptr_9 @ptr_10 SL:DATE_TIME] IN:GET_EVENT]
Weekend events near me for next weekend	Week end Ġevents Ġnear Ġme Ġfor Ġnext Ġweekend	[IN:GET_EVENT [SL:DATE_TIME @ptr_0 @ptr_1 SL:DATE_TIME] @ptr_2 [SL:LOCATION [IN:GET_LOCATION [SL:SEARCH_RADIUS @ptr_3 SL:SEARCH_RADIUS] [SL:LOCATION_USER @ptr_4 SL:LOCATION_USER] IN:GET_LOCATION] SL:LOCATION] [SL:DATE_TIME @ptr_5 @ptr_6 @ptr_7 SL:DATE_TIME] IN:GET_EVENT]
Tell me about upcoming Big K.R.I.T concerts available near me	Tell Ġme Ġabout Ġupcoming ĠBig ĠK . R . I . T Ġconcerts Ġavailable Ġnear Ġme	[IN:GET_EVENT @ptr_0 @ptr_1 @ptr_2 @ptr_3 [SL:NAME_EVENT @ptr_4 @ptr_5 @ptr_6 @ptr_7 @ptr_8 @ptr_9 @ptr_10 @ptr_11 SL:NAME_EVENT] [SL:CATEGORY_EVENT @ptr_12 SL:CATEGORY_EVENT] @ptr_13 [SL:LOCATION [IN:GET_LOCATION [SL:SEARCH_RADIUS @ptr_14 SL:SEARCH_RADIUS] [SL:LOCATION_USER @ptr_15 SL:LOCATION_USER] IN:GET_LOCATION] SL:LOCATION] IN:GET_EVENT]
When is the gay rodeo coming near me	When Ġis Ġthe Ġgay Ġrode o Ġcoming Ġnear Ġme	[IN:GET_EVENT @ptr_0 @ptr_1 @ptr_2 [SL:ATTRIBUTE_EVENT @ptr_3 SL:ATTRIBUTE_EVENT] [SL:CATEGORY_EVENT @ptr_4 @ptr_5 SL:CATEGORY_EVENT] @ptr_6 [SL:LOCATION [IN:GET_LOCATION [SL:SEARCH_RADIUS @ptr_7 SL:SEARCH_RADIUS] [SL:LOCATION_USER @ptr_8 SL:LOCATION_USER] IN:GET_LOCATION] SL:LOCATION] IN:GET_EVENT]
Any free concert near me	Any Ġfree Ġconcert Ġnear Ġme	[IN:GET_EVENT @ptr_0 [SL:ATTRIBUTE_EVENT @ptr_1 SL:ATTRIBUTE_EVENT] [SL:CATEGORY_EVENT @ptr_2 SL:CATEGORY_EVENT] [SL:LOCATION [IN:GET_LOCATION [SL:SEARCH_RADIUS @ptr_3 SL:SEARCH_RADIUS] [SL:LOCATION_USER @ptr_4 SL:LOCATION_USER] IN:GET_LOCATION] SL:LOCATION] IN:GET_EVENT]
Did Sarah go to the 20 year reunion ?	Did ĠSarah Ġgo Ġto Ġthe Ġ20 Ġyear Ġreunion Ġ?	[IN:GET_EVENT_ATTENDEE @ptr_0 [SL:ATTENDEE_EVENT @ptr_1 SL:ATTENDEE_EVENT] @ptr_2 @ptr_3 [SL:CATEGORY_EVENT @ptr_4 @ptr_5 @ptr_6 @ptr_7 SL:CATEGORY_EVENT] @ptr_8 IN:GET_EVENT_ATTENDEE]
What event is everyone going tonight	What Ġevent Ġis Ġeveryone Ġgoing Ġtonight	[IN:GET_EVENT @ptr_0 @ptr_1 @ptr_2 [SL:ATTENDEE_EVENT @ptr_3 SL:ATTENDEE_EVENT] @ptr_4 [SL:DATE_TIME @ptr_5 SL:DATE_TIME] IN:GET_EVENT]
What are the local grocery stores that offer cooking classes	What Ġare Ġthe Ġlocal Ġgrocery Ġstores Ġthat Ġoffer Ġcooking Ġclasses	[IN:GET_EVENT @ptr_0 @ptr_1 [SL:LOCATION [IN:GET_LOCATION @ptr_2 [SL:LOCATION_MODIFIER @ptr_3 SL:LOCATION_MODIFIER] [SL:CATEGORY_LOCATION @ptr_4 @ptr_5 SL:CATEGORY_LOCATION] IN:GET_LOCATION] SL:LOCATION] @ptr_6 @ptr_7 [SL:CATEGORY_EVENT @ptr_8 @ptr_9 SL:CATEGORY_EVENT] IN:GET_EVENT]
are there any shows at the arena this weekend	are Ġthere Ġany Ġshows Ġat Ġthe Ġarena Ġthis Ġweekend	[IN:GET_EVENT @ptr_0 @ptr_1 @ptr_2 [SL:CATEGORY_EVENT @ptr_3 SL:CATEGORY_EVENT] @ptr_4 [SL:LOCATION [IN:GET_LOCATION [SL:CATEGORY_LOCATION @ptr_5 @ptr_6 SL:CATEGORY_LOCATION] IN:GET_LOCATION] SL:LOCATION] [SL:DATE_TIME @ptr_7 @ptr_8 SL:DATE_TIME] IN:GET_EVENT]
Concerts by Davido this month	Con cert s Ġby ĠDavid o Ġthis Ġmonth	[IN:GET_EVENT [SL:CATEGORY_EVENT @ptr_0 @ptr_1 @ptr_2 SL:CATEGORY_EVENT] @ptr_3 [SL:NAME_EVENT @ptr_4 @ptr_5 SL:NAME_EVENT] [SL:DATE_TIME @ptr_6 @ptr_7 SL:DATE_TIME] IN:GET_EVENT]
Where is Billy Joel performing next	Where Ġis ĠBilly ĠJoel Ġperforming Ġnext	[IN:GET_EVENT @ptr_0 @ptr_1 [SL:NAME_EVENT @ptr_2 @ptr_3 SL:NAME_EVENT] [SL:CATEGORY_EVENT @ptr_4 SL:CATEGORY_EVENT] [SL:ORDINAL @ptr_5 SL:ORDINAL] IN:GET_EVENT]
Are there discounted tickets for any concerts nearby	Are Ġthere Ġdiscounted Ġtickets Ġfor Ġany Ġconcerts Ġnearby	[IN:UNSUPPORTED_EVENT @ptr_0 @ptr_1 @ptr_2 @ptr_3 @ptr_4 @ptr_5 @ptr_6 @ptr_7 IN:UNSUPPORTED_EVENT]
whats happening in my area tomorrow	wh ats Ġhappening Ġin Ġmy Ġarea Ġtomorrow	[IN:GET_EVENT @ptr_0 @ptr_1 @ptr_2 @ptr_3 [SL:LOCATION [IN:GET_LOCATION_HOME [SL:CONTACT @ptr_4 SL:CONTACT] @ptr_5 IN:GET_LOCATION_HOME] SL:LOCATION] [SL:DATE_TIME @ptr_6 SL:DATE_TIME] IN:GET_EVENT]
any fun run 's in my city this year	any Ġfun Ġrun Ġ' s Ġin Ġmy Ġcity Ġthis Ġyear	[IN:GET_EVENT @ptr_0 [SL:CATEGORY_EVENT @ptr_1 @ptr_2 SL:CATEGORY_EVENT] @ptr_3 @ptr_4 @ptr_5 [SL:LOCATION [IN:GET_LOCATION_HOME [SL:CONTACT @ptr_6 SL:CONTACT] @ptr_7 IN:GET_LOCATION_HOME] SL:LOCATION] [SL:DATE_TIME @ptr_8 @ptr_9 SL:DATE_TIME] IN:GET_EVENT]
What events are happening near school tomorrow	What Ġevents Ġare Ġhappening Ġnear Ġschool Ġtomorrow	[IN:GET_EVENT @ptr_0 @ptr_1 @ptr_2 @ptr_3 [SL:LOCATION [IN:GET_LOCATION [SL:SEARCH_RADIUS @ptr_4 SL:SEARCH_RADIUS] [SL:LOCATION [IN:GET_LOCATION_SCHOOL @ptr_5 IN:GET_LOCATION_SCHOOL] SL:LOCATION] IN:GET_LOCATION] SL:LOCATION] [SL:DATE_TIME @ptr_6 SL:DATE_TIME] IN:GET_EVENT]
Are any of my friends hosting Secret Santa parties next week	Are Ġany Ġof Ġmy Ġfriends Ġhosting ĠSecret ĠSanta Ġparties Ġnext Ġweek	[IN:GET_EVENT_ORGANIZER @ptr_0 @ptr_1 @ptr_2 [SL:ORGANIZER_EVENT [IN:GET_CONTACT [SL:CONTACT_RELATED @ptr_3 SL:CONTACT_RELATED] [SL:TYPE_RELATION @ptr_4 SL:TYPE_RELATION] IN:GET_CONTACT] SL:ORGANIZER_EVENT] @ptr_5 [SL:CATEGORY_EVENT @ptr_6 @ptr_7 @ptr_8 SL:CATEGORY_EVENT] [SL:DATE_TIME @ptr_9 @ptr_10 SL:DATE_TIME] IN:GET_EVENT_ORGANIZER]
What events are my friends attending	What Ġevents Ġare Ġmy Ġfriends Ġattending	[IN:GET_EVENT @ptr_0 @ptr_1 @ptr_2 [SL:ATTENDEE_EVENT [IN:GET_CONTACT [SL:CONTACT_RELATED @ptr_3 SL:CONTACT_RELATED] [SL:TYPE_RELATION @ptr_4 SL:TYPE_RELATION] IN:GET_CONTACT] SL:ATTENDEE_EVENT] @ptr_5 IN:GET_EVENT]
Are there any New Year 's Eve parties being thrown by any of my contacts	Are Ġthere Ġany ĠNew ĠYear Ġ' s ĠEve Ġparties Ġbeing Ġthrown Ġby Ġany Ġof Ġmy Ġcontacts	[IN:GET_EVENT @ptr_0 @ptr_1 @ptr_2 [SL:DATE_TIME @ptr_3 @ptr_4 @ptr_5 @ptr_6 @ptr_7 SL:DATE_TIME] [SL:CATEGORY_EVENT @ptr_8 SL:CATEGORY_EVENT] @ptr_9 @ptr_10 @ptr_11 @ptr_12 @ptr_13 [SL:ORGANIZER_EVENT [IN:GET_CONTACT [SL:CONTACT_RELATED @ptr_14 SL:CONTACT_RELATED] [SL:TYPE_RELATION @ptr_15 SL:TYPE_RELATION] IN:GET_CONTACT] SL:ORGANIZER_EVENT] IN:GET_EVENT]
Kylie 's pop up store	K yl ie Ġ' s Ġpop Ġup Ġstore	[IN:GET_EVENT [SL:ORGANIZER_EVENT @ptr_0 @ptr_1 @ptr_2 SL:ORGANIZER_EVENT] @ptr_3 @ptr_4 [SL:CATEGORY_EVENT @ptr_5 @ptr_6 @ptr_7 SL:CATEGORY_EVENT] IN:GET_EVENT]
what time is my event tuesday at work	what Ġtime Ġis Ġmy Ġevent Ġt uesday Ġat Ġwork	[IN:GET_EVENT @ptr_0 @ptr_1 @ptr_2 [SL:ORGANIZER_EVENT @ptr_3 SL:ORGANIZER_EVENT] @ptr_4 [SL:DATE_TIME @ptr_5 @ptr_6 SL:DATE_TIME] @ptr_7 [SL:LOCATION [IN:GET_LOCATION_WORK @ptr_8 IN:GET_LOCATION_WORK] SL:LOCATION] IN:GET_EVENT]
things to do in Las Vegas besides gambling	things Ġto Ġdo Ġin ĠLas ĠVegas Ġbesides Ġgambling	[IN:GET_EVENT @ptr_0 @ptr_1 @ptr_2 @ptr_3 [SL:LOCATION @ptr_4 @ptr_5 SL:LOCATION] @ptr_6 [SL:CATEGORY_EVENT [IN:NEGATION @ptr_7 IN:NEGATION] SL:CATEGORY_EVENT] IN:GET_EVENT]
are any of my friends hosting parties in Wilmington this weekend	are Ġany Ġof Ġmy Ġfriends Ġhosting Ġparties Ġin ĠWilmington Ġthis Ġweekend	[IN:GET_EVENT_ORGANIZER @ptr_0 @ptr_1 @ptr_2 [SL:ORGANIZER_EVENT [IN:GET_CONTACT [SL:CONTACT_RELATED @ptr_3 SL:CONTACT_RELATED] [SL:TYPE_RELATION @ptr_4 SL:TYPE_RELATION] IN:GET_CONTACT] SL:ORGANIZER_EVENT] @ptr_5 [SL:CATEGORY_EVENT @ptr_6 SL:CATEGORY_EVENT] @ptr_7 [SL:LOCATION @ptr_8 SL:LOCATION] [SL:DATE_TIME @ptr_9 @ptr_10 SL:DATE_TIME] IN:GET_EVENT_ORGANIZER]
how many people expected to show up on first star wars showing	how Ġmany Ġpeople Ġexpected Ġto Ġshow Ġup Ġon Ġfirst Ġstar Ġwars Ġshowing	[IN:GET_EVENT_ATTENDEE_AMOUNT @ptr_0 @ptr_1 @ptr_2 @ptr_3 @ptr_4 @ptr_5 @ptr_6 @ptr_7 [SL:ORDINAL @ptr_8 SL:ORDINAL] [SL:CATEGORY_EVENT @ptr_9 @ptr_10 @ptr_11 SL:CATEGORY_EVENT] IN:GET_EVENT_ATTENDEE_AMOUNT]
times for the next 2 football games	times Ġfor Ġthe Ġnext Ġ2 Ġfootball Ġgames	[IN:GET_EVENT @ptr_0 @ptr_1 @ptr_2 [SL:ORDINAL @ptr_3 SL:ORDINAL] [SL:AMOUNT @ptr_4 SL:AMOUNT] [SL:CATEGORY_EVENT @ptr_5 @ptr_6 SL:CATEGORY_EVENT] IN:GET_EVENT]
