Get the latest video message from Messenger .	Get Ġthe Ġlatest Ġvideo Ġmessage Ġfrom ĠMessenger Ġ.	[IN:GET_MESSAGE @ptr_0 @ptr_1 [SL:ORDINAL @ptr_2 SL:ORDINAL] [SL:TYPE_CONTENT @ptr_3 SL:TYPE_CONTENT] @ptr_4 @ptr_5 [SL:RESOURCE @ptr_6 SL:RESOURCE] @ptr_7 IN:GET_MESSAGE]
send a group message to Julian and Cordelia , should I bring food ?	send Ġa Ġgroup Ġmessage Ġto ĠJulian Ġand ĠCord elia Ġ, Ġshould ĠI Ġbring Ġfood Ġ?	[IN:SEND_MESSAGE @ptr_0 @ptr_1 @ptr_2 @ptr_3 @ptr_4 [SL:RECIPIENT @ptr_5 SL:RECIPIENT] @ptr_6 [SL:RECIPIENT @ptr_7 @ptr_8 SL:RECIPIENT] @ptr_9 [SL:CONTENT_EXACT @ptr_10 @ptr_11 @ptr_12 @ptr_13 SL:CONTENT_EXACT] @ptr_14 IN:SEND_MESSAGE]
Message my brother and ask him what day he is planning on going to the air show this week ?	Message Ġmy Ġbrother Ġand Ġask Ġhim Ġwhat Ġday Ġhe Ġis Ġplanning Ġon Ġgoing Ġto Ġthe Ġair Ġshow Ġthis Ġweek Ġ?	[IN:SEND_MESSAGE @ptr_0 [SL:RECIPIENT [IN:GET_CONTACT [SL:CONTACT_RELATED @ptr_1 SL:CONTACT_RELATED] [SL:TYPE_RELATION @ptr_2 SL:TYPE_RELATION] IN:GET_CONTACT] SL:RECIPIENT] @ptr_3 @ptr_4 @ptr_5 [SL:CONTENT_EXACT @ptr_6 @ptr_7 @ptr_8 @ptr_9 @ptr_10 @ptr_11 @ptr_12 @ptr_13 @ptr_14 @ptr_15 @ptr_16 @ptr_17 @ptr_18 SL:CONTENT_EXACT] @ptr_19 IN:SEND_MESSAGE]
Tell Tessy I will be back at 7 pm to pick her up .	Tell ĠTess y ĠI Ġwill Ġbe Ġback Ġat Ġ7 Ġpm Ġto Ġpick Ġher Ġup Ġ.	[IN:SEND_MESSAGE @ptr_0 [SL:RECIPIENT @ptr_1 @ptr_2 SL:RECIPIENT] [SL:CONTENT_EXACT @ptr_3 @ptr_4 @ptr_5 @ptr_6 @ptr_7 @ptr_8 @ptr_9 @ptr_10 @ptr_11 @ptr_12 @ptr_13 SL:CONTENT_EXACT] @ptr_14 IN:SEND_MESSAGE]
Text my girlfriend and tell her how beautiful she looked at TJC today	Text Ġmy Ġgirlfriend Ġand Ġtell Ġher Ġhow Ġbeautiful Ġshe Ġlooked Ġat ĠT JC Ġtoday	[IN:SEND_MESSAGE @ptr_0 [SL:RECIPIENT [IN:GET_CONTACT [SL:CONTACT_RELATED @ptr_1 SL:CONTACT_RELATED] [SL:TYPE_RELATION @ptr_2 SL:TYPE_RELATION] IN:GET_CONTACT] SL:RECIPIENT] @ptr_3 @ptr_4 @ptr_5 [SL:CONTENT_EXACT @ptr_6 @ptr_7 @ptr_8 @ptr_9 @ptr_10 @ptr_11 @ptr_12 @ptr_13 SL:CONTENT_EXACT] IN:SEND_MESSAGE]
Tell my cousin that the VFW group in Central Michigan is accepting members	Tell Ġmy Ġcousin Ġthat Ġthe ĠV FW Ġgroup Ġin ĠCentral ĠMichigan Ġis Ġaccepting Ġmembers	[IN:SEND_MESSAGE @ptr_0 [SL:RECIPIENT [IN:GET_CONTACT [SL:CONTACT_RELATED @ptr_1 SL:CONTACT_RELATED] [SL:TYPE_RELATION @ptr_2 SL:TYPE_RELATION] IN:GET_CONTACT] SL:RECIPIENT] @ptr_3 [SL:CONTENT_EXACT @ptr_4 @ptr_5 @ptr_6 @ptr_7 @ptr_8 @ptr_9 @ptr_10 @ptr_11 @ptr_12 @ptr_13 SL:CONTENT_EXACT] IN:SEND_MESSAGE]
Message dad asking if I can borrow money	Message Ġdad Ġasking Ġif ĠI Ġcan Ġborrow Ġmoney	[IN:SEND_MESSAGE @ptr_0 [SL:RECIPIENT [IN:GET_CONTACT [SL:TYPE_RELATION @ptr_1 SL:TYPE_RELATION] IN:GET_CONTACT] SL:RECIPIENT] @ptr_2 @ptr_3 [SL:CONTENT_EXACT @ptr_4 @ptr_5 @ptr_6 @ptr_7 SL:CONTENT_EXACT] IN:SEND_MESSAGE]
Laugh react to Brian 's last message	L augh Ġreact Ġto ĠBrian Ġ' s Ġlast Ġmessage	[IN:REACT_MESSAGE [SL:TYPE_REACTION @ptr_0 @ptr_1 SL:TYPE_REACTION] @ptr_2 @ptr_3 [SL:RECIPIENT @ptr_4 SL:RECIPIENT] @ptr_5 @ptr_6 [SL:ORDINAL @ptr_7 SL:ORDINAL] @ptr_8 IN:REACT_MESSAGE]
Add dislike as a reaction to dad 's text	Add Ġdislike Ġas Ġa Ġreaction Ġto Ġdad Ġ' s Ġtext	[IN:REACT_MESSAGE @ptr_0 [SL:TYPE_REACTION @ptr_1 SL:TYPE_REACTION] @ptr_2 @ptr_3 @ptr_4 @ptr_5 [SL:RECIPIENT [IN:GET_CONTACT [SL:TYPE_RELATION @ptr_6 SL:TYPE_RELATION] IN:GET_CONTACT] SL:RECIPIENT] @ptr_7 @ptr_8 @ptr_9 IN:REACT_MESSAGE]
Show new messages from the first time mom group this morning .	Show Ġnew Ġmessages Ġfrom Ġthe Ġfirst Ġtime Ġmom Ġgroup Ġthis Ġmorning Ġ.	[IN:GET_MESSAGE @ptr_0 [SL:TAG_MESSAGE @ptr_1 SL:TAG_MESSAGE] @ptr_2 @ptr_3 @ptr_4 [SL:GROUP @ptr_5 @ptr_6 @ptr_7 SL:GROUP] @ptr_8 [SL:DATE_TIME @ptr_9 @ptr_10 SL:DATE_TIME] @ptr_11 IN:GET_MESSAGE]
Begin a video mesage to Sam .	Begin Ġa Ġvideo Ġmes age Ġto ĠSam Ġ.	[IN:SEND_MESSAGE @ptr_0 @ptr_1 [SL:TYPE_CONTENT @ptr_2 SL:TYPE_CONTENT] @ptr_3 @ptr_4 @ptr_5 [SL:RECIPIENT @ptr_6 SL:RECIPIENT] @ptr_7 IN:SEND_MESSAGE]
Delete last message	Delete Ġlast Ġmessage	[IN:CANCEL_MESSAGE @ptr_0 @ptr_1 @ptr_2 IN:CANCEL_MESSAGE]
Thumbs up Christine 's last Message	Th umbs Ġup ĠChristine Ġ' s Ġlast ĠMessage	[IN:REACT_MESSAGE [SL:TYPE_REACTION @ptr_0 @ptr_1 @ptr_2 SL:TYPE_REACTION] [SL:RECIPIENT @ptr_3 SL:RECIPIENT] @ptr_4 @ptr_5 [SL:ORDINAL @ptr_6 SL:ORDINAL] @ptr_7 IN:REACT_MESSAGE]
Sad face the math thread .	Sad Ġface Ġthe Ġmath Ġthread Ġ.	[IN:REACT_MESSAGE [SL:TYPE_REACTION @ptr_0 @ptr_1 SL:TYPE_REACTION] @ptr_2 [SL:GROUP @ptr_3 SL:GROUP] @ptr_4 @ptr_5 IN:REACT_MESSAGE]
I need you to message my friends who live in Fletcher and ask who is going to the Fall Festival this weekend .	I Ġneed Ġyou Ġto Ġmessage Ġmy Ġfriends Ġwho Ġlive Ġin ĠFletcher Ġand Ġask Ġwho Ġis Ġgoing Ġto Ġthe ĠFall ĠFestival Ġthis Ġweekend Ġ.	[IN:SEND_MESSAGE @ptr_0 @ptr_1 @ptr_2 @ptr_3 @ptr_4 [SL:RECIPIENT [IN:GET_CONTACT [SL:CONTACT_RELATED @ptr_5 SL:CONTACT_RELATED] [SL:TYPE_RELATION @ptr_6 SL:TYPE_RELATION] @ptr_7 @ptr_8 @ptr_9 [SL:LOCATION_HOME @ptr_10 SL:LOCATION_HOME] IN:GET_CONTACT] SL:RECIPIENT] @ptr_11 @ptr_12 [SL:CONTENT_EXACT @ptr_13 @ptr_14 @ptr_15 @ptr_16 @ptr_17 @ptr_18 @ptr_19 @ptr_20 @ptr_21 SL:CONTENT_EXACT] @ptr_22 IN:SEND_MESSAGE]
Please text everyone coming tonight and say it is still on	Please Ġtext Ġeveryone Ġcoming Ġtonight Ġand Ġsay Ġit Ġis Ġstill Ġon	[IN:SEND_MESSAGE @ptr_0 @ptr_1 [SL:RECIPIENT [IN:GET_EVENT_ATTENDEE @ptr_2 @ptr_3 [SL:DATE_TIME @ptr_4 SL:DATE_TIME] IN:GET_EVENT_ATTENDEE] SL:RECIPIENT] @ptr_5 @ptr_6 [SL:CONTENT_EXACT @ptr_7 @ptr_8 @ptr_9 @ptr_10 SL:CONTENT_EXACT] IN:SEND_MESSAGE]
Send kissing face emoji to my husband and say I miss you	Send Ġkissing Ġface Ġemoji Ġto Ġmy Ġhusband Ġand Ġsay ĠI Ġmiss Ġyou	[IN:SEND_MESSAGE @ptr_0 [SL:CONTENT_EMOJI @ptr_1 @ptr_2 @ptr_3 SL:CONTENT_EMOJI] @ptr_4 [SL:RECIPIENT [IN:GET_CONTACT [SL:CONTACT_RELATED @ptr_5 SL:CONTACT_RELATED] [SL:TYPE_RELATION @ptr_6 SL:TYPE_RELATION] IN:GET_CONTACT] SL:RECIPIENT] @ptr_7 @ptr_8 [SL:CONTENT_EXACT @ptr_9 @ptr_10 @ptr_11 SL:CONTENT_EXACT] IN:SEND_MESSAGE]
React to all those texts with a thumbs up	Re act Ġto Ġall Ġthose Ġtexts Ġwith Ġa Ġthumbs Ġup	[IN:REACT_MESSAGE @ptr_0 @ptr_1 @ptr_2 [SL:AMOUNT @ptr_3 SL:AMOUNT] @ptr_4 @ptr_5 @ptr_6 @ptr_7 [SL:TYPE_REACTION @ptr_8 @ptr_9 SL:TYPE_REACTION] IN:REACT_MESSAGE]
Message work asking what time my shift starts today	Message Ġwork Ġasking Ġwhat Ġtime Ġmy Ġshift Ġstarts Ġtoday	[IN:SEND_MESSAGE @ptr_0 [SL:RECIPIENT [IN:GET_CONTACT [SL:TYPE_CONTACT @ptr_1 SL:TYPE_CONTACT] IN:GET_CONTACT] SL:RECIPIENT] @ptr_2 [SL:CONTENT_EXACT @ptr_3 @ptr_4 @ptr_5 @ptr_6 @ptr_7 @ptr_8 SL:CONTENT_EXACT] IN:SEND_MESSAGE]
Send message to my son that he was invited to little jimmys birthday party next week	Send Ġmessage Ġto Ġmy Ġson Ġthat Ġhe Ġwas Ġinvited Ġto Ġlittle Ġj imm ys Ġbirthday Ġparty Ġnext Ġweek	[IN:SEND_MESSAGE @ptr_0 @ptr_1 @ptr_2 [SL:RECIPIENT [IN:GET_CONTACT [SL:CONTACT_RELATED @ptr_3 SL:CONTACT_RELATED] [SL:TYPE_RELATION @ptr_4 SL:TYPE_RELATION] IN:GET_CONTACT] SL:RECIPIENT] @ptr_5 [SL:CONTENT_EXACT @ptr_6 @ptr_7 @ptr_8 @ptr_9 @ptr_10 @ptr_11 @ptr_12 @ptr_13 @ptr_14 @ptr_15 @ptr_16 @ptr_17 SL:CONTENT_EXACT] IN:SEND_MESSAGE]
Show me the most recents texts from my brother	Show Ġme Ġthe Ġmost Ġrec ents Ġtexts Ġfrom Ġmy Ġbrother	[IN:GET_MESSAGE @ptr_0 @ptr_1 @ptr_2 @ptr_3 [SL:ORDINAL @ptr_4 @ptr_5 SL:ORDINAL] @ptr_6 @ptr_7 [SL:SENDER [IN:GET_CONTACT [SL:CONTACT_RELATED @ptr_8 SL:CONTACT_RELATED] [SL:TYPE_RELATION @ptr_9 SL:TYPE_RELATION] IN:GET_CONTACT] SL:SENDER] IN:GET_MESSAGE]
Message work friends asking if they can switch shifts	Message Ġwork Ġfriends Ġasking Ġif Ġthey Ġcan Ġswitch Ġshifts	[IN:SEND_MESSAGE @ptr_0 [SL:RECIPIENT [IN:GET_CONTACT [SL:MUTUAL_EMPLOYER @ptr_1 SL:MUTUAL_EMPLOYER] [SL:TYPE_RELATION @ptr_2 SL:TYPE_RELATION] IN:GET_CONTACT] SL:RECIPIENT] @ptr_3 @ptr_4 [SL:CONTENT_EXACT @ptr_5 @ptr_6 @ptr_7 @ptr_8 SL:CONTENT_EXACT] IN:SEND_MESSAGE]
Love the iMessage from Dad	Love Ġthe Ġi Message Ġfrom ĠDad	[IN:REACT_MESSAGE [SL:TYPE_REACTION @ptr_0 SL:TYPE_REACTION] @ptr_1 [SL:RESOURCE @ptr_2 @ptr_3 SL:RESOURCE] @ptr_4 [SL:RECIPIENT [IN:GET_CONTACT [SL:TYPE_RELATION @ptr_5 SL:TYPE_RELATION] IN:GET_CONTACT] SL:RECIPIENT] IN:REACT_MESSAGE]
Send message to my college alumni friends that the 1st few of them football game will be August 20 , want to know to be there	Send Ġmessage Ġto Ġmy Ġcollege Ġalumni Ġfriends Ġthat Ġthe Ġ1 st Ġfew Ġof Ġthem Ġfootball Ġgame Ġwill Ġbe ĠAugust Ġ20 Ġ, Ġwant Ġto Ġknow Ġto Ġbe Ġthere	[IN:SEND_MESSAGE @ptr_0 @ptr_1 @ptr_2 [SL:RECIPIENT [IN:GET_CONTACT [SL:CONTACT_RELATED @ptr_3 SL:CONTACT_RELATED] [SL:MUTUAL_SCHOOL @ptr_4 @ptr_5 SL:MUTUAL_SCHOOL] [SL:TYPE_RELATION @ptr_6 SL:TYPE_RELATION] IN:GET_CONTACT] SL:RECIPIENT] @ptr_7 [SL:CONTENT_EXACT @ptr_8 @ptr_9 @ptr_10 @ptr_11 @ptr_12 @ptr_13 @ptr_14 @ptr_15 @ptr_16 @ptr_17 @ptr_18 @ptr_19 @ptr_20 @ptr_21 @ptr_22 @ptr_23 @ptr_24 @ptr_25 @ptr_26 SL:CONTENT_EXACT] IN:SEND_MESSAGE]
Text all my lesbian friends that we are leaving for pride at 7 am	Text Ġall Ġmy Ġlesbian Ġfriends Ġthat Ġwe Ġare Ġleaving Ġfor Ġpride Ġat Ġ7 Ġam	[IN:SEND_MESSAGE @ptr_0 @ptr_1 [SL:RECIPIENT [IN:GET_CONTACT [SL:CONTACT_RELATED @ptr_2 SL:CONTACT_RELATED] [SL:TYPE_INFO @ptr_3 SL:TYPE_INFO] [SL:TYPE_RELATION @ptr_4 SL:TYPE_RELATION] IN:GET_CONTACT] SL:RECIPIENT] @ptr_5 [SL:CONTENT_EXACT @ptr_6 @ptr_7 @ptr_8 @ptr_9 @ptr_10 @ptr_11 @ptr_12 @ptr_13 SL:CONTENT_EXACT] IN:SEND_MESSAGE]
Send both an e - mail and text to my local friends that Baskin Robbins is having a July 4th sale event .	Send Ġboth Ġan Ġe Ġ- Ġmail Ġand Ġtext Ġto Ġmy Ġlocal Ġfriends Ġthat ĠB ask in ĠRobbins Ġis Ġhaving Ġa ĠJuly Ġ4 th Ġsale Ġevent Ġ.	[IN:SEND_MESSAGE @ptr_0 @ptr_1 @ptr_2 @ptr_3 @ptr_4 @ptr_5 @ptr_6 @ptr_7 @ptr_8 [SL:RECIPIENT [IN:GET_CONTACT [SL:CONTACT_RELATED @ptr_9 SL:CONTACT_RELATED] [SL:MUTUAL_LOCATION @ptr_10 SL:MUTUAL_LOCATION] [SL:TYPE_RELATION @ptr_11 SL:TYPE_RELATION] IN:GET_CONTACT] SL:RECIPIENT] @ptr_12 [SL:CONTENT_EXACT @ptr_13 @ptr_14 @ptr_15 @ptr_16 @ptr_17 @ptr_18 @ptr_19 @ptr_20 @ptr_21 @ptr_22 @ptr_23 @ptr_24 SL:CONTENT_EXACT] @ptr_25 IN:SEND_MESSAGE]
What is new in the hockey chat ?	What Ġis Ġnew Ġin Ġthe Ġhockey Ġchat Ġ?	[IN:GET_MESSAGE @ptr_0 @ptr_1 [SL:TAG_MESSAGE @ptr_2 SL:TAG_MESSAGE] @ptr_3 @ptr_4 [SL:GROUP @ptr_5 SL:GROUP] @ptr_6 @ptr_7 IN:GET_MESSAGE]
Start Grandma 's video message	Start ĠGrand ma Ġ' s Ġvideo Ġmessage	[IN:UNSUPPORTED_MESSAGING @ptr_0 @ptr_1 @ptr_2 @ptr_3 @ptr_4 @ptr_5 @ptr_6 IN:UNSUPPORTED_MESSAGING]
ignore that for now	ignore Ġthat Ġfor Ġnow	[IN:IGNORE_MESSAGE @ptr_0 @ptr_1 @ptr_2 @ptr_3 IN:IGNORE_MESSAGE]
Can you send a WhatsApp to my grandpa asking him if he wants food ?	Can Ġyou Ġsend Ġa ĠWhatsApp Ġto Ġmy Ġgrand pa Ġasking Ġhim Ġif Ġhe Ġwants Ġfood Ġ?	[IN:SEND_TEXT_MESSAGE @ptr_0 @ptr_1 @ptr_2 @ptr_3 [SL:RESOURCE @ptr_4 SL:RESOURCE] @ptr_5 [SL:RECIPIENT [IN:GET_CONTACT [SL:CONTACT_RELATED @ptr_6 SL:CONTACT_RELATED] [SL:TYPE_RELATION @ptr_7 @ptr_8 SL:TYPE_RELATION] IN:GET_CONTACT] SL:RECIPIENT] @ptr_9 @ptr_10 @ptr_11 [SL:CONTENT_EXACT @ptr_12 @ptr_13 @ptr_14 SL:CONTENT_EXACT] @ptr_15 IN:SEND_TEXT_MESSAGE]
Text my current location to my little sister .	Text Ġmy Ġcurrent Ġlocation Ġto Ġmy Ġlittle Ġsister Ġ.	[IN:SEND_MESSAGE @ptr_0 [SL:CONTENT_EXACT @ptr_1 @ptr_2 @ptr_3 SL:CONTENT_EXACT] @ptr_4 [SL:RECIPIENT [IN:GET_CONTACT [SL:CONTACT_RELATED @ptr_5 SL:CONTACT_RELATED] [SL:AGE @ptr_6 SL:AGE] [SL:TYPE_RELATION @ptr_7 SL:TYPE_RELATION] IN:GET_CONTACT] SL:RECIPIENT] @ptr_8 IN:SEND_MESSAGE]
