Remind me at 7 am Friday to call a Lyft	Rem ind Ġme Ġat Ġ7 Ġam ĠFriday Ġto Ġcall Ġa ĠLyft	[IN:CREATE_REMINDER @ptr_0 @ptr_1 [SL:PERSON_REMINDED @ptr_2 SL:PERSON_REMINDED] [SL:DATE_TIME @ptr_3 @ptr_4 @ptr_5 @ptr_6 SL:DATE_TIME] @ptr_7 [SL:TODO @ptr_8 @ptr_9 @ptr_10 SL:TODO] IN:CREATE_REMINDER]
Remind at 8 pm me to watch Power tonight	Rem ind Ġat Ġ8 Ġpm Ġme Ġto Ġwatch ĠPower Ġtonight	[IN:CREATE_REMINDER @ptr_0 @ptr_1 [SL:DATE_TIME @ptr_2 @ptr_3 @ptr_4 SL:DATE_TIME] [SL:PERSON_REMINDED @ptr_5 SL:PERSON_REMINDED] @ptr_6 [SL:TODO [IN:GET_TODO [SL:TODO @ptr_7 @ptr_8 SL:TODO] [SL:DATE_TIME @ptr_9 SL:DATE_TIME] IN:GET_TODO] SL:TODO] IN:CREATE_REMINDER]
Cancel reminder about setting up a neurologist appointment .	C ancel Ġreminder Ġabout Ġsetting Ġup Ġa Ġneurolog ist Ġappointment Ġ.	[IN:DELETE_REMINDER @ptr_0 @ptr_1 @ptr_2 @ptr_3 [SL:TODO @ptr_4 @ptr_5 @ptr_6 @ptr_7 @ptr_8 @ptr_9 SL:TODO] @ptr_10 IN:DELETE_REMINDER]
Set up daily reminders to take my new medicine	Set Ġup Ġdaily Ġreminders Ġto Ġtake Ġmy Ġnew Ġmedicine	[IN:CREATE_REMINDER @ptr_0 @ptr_1 [SL:RECURRING_DATE_TIME [IN:GET_RECURRING_DATE_TIME [SL:FREQUENCY @ptr_2 SL:FREQUENCY] IN:GET_RECURRING_DATE_TIME] SL:RECURRING_DATE_TIME] @ptr_3 @ptr_4 [SL:TODO @ptr_5 @ptr_6 @ptr_7 @ptr_8 SL:TODO] IN:CREATE_REMINDER]
Add a reminder on Monday nights for soccer practice from 6 to 7	Add Ġa Ġreminder Ġon ĠMonday Ġnights Ġfor Ġsoccer Ġpractice Ġfrom Ġ6 Ġto Ġ7	[IN:CREATE_REMINDER @ptr_0 @ptr_1 @ptr_2 [SL:RECURRING_DATE_TIME [IN:GET_RECURRING_DATE_TIME [SL:FREQUENCY @ptr_3 @ptr_4 @ptr_5 SL:FREQUENCY] IN:GET_RECURRING_DATE_TIME] SL:RECURRING_DATE_TIME] @ptr_6 [SL:TODO [IN:GET_TODO [SL:TODO @ptr_7 @ptr_8 SL:TODO] [SL:DATE_TIME @ptr_9 @ptr_10 @ptr_11 @ptr_12 SL:DATE_TIME] IN:GET_TODO] SL:TODO] IN:CREATE_REMINDER]
Remind me to buy ice tomorrow morning .	Rem ind Ġme Ġto Ġbuy Ġice Ġtomorrow Ġmorning Ġ.	[IN:CREATE_REMINDER @ptr_0 @ptr_1 [SL:PERSON_REMINDED @ptr_2 SL:PERSON_REMINDED] @ptr_3 [SL:TODO @ptr_4 @ptr_5 SL:TODO] [SL:DATE_TIME @ptr_6 @ptr_7 SL:DATE_TIME] @ptr_8 IN:CREATE_REMINDER]
set a reminder for the chiropractor every Tuesday at 4 pm .	set Ġa Ġreminder Ġfor Ġthe Ġchirop ractor Ġevery ĠTuesday Ġat Ġ4 Ġpm Ġ.	[IN:CREATE_REMINDER @ptr_0 @ptr_1 @ptr_2 @ptr_3 [SL:TODO @ptr_4 @ptr_5 @ptr_6 SL:TODO] [SL:RECURRING_DATE_TIME [IN:GET_RECURRING_DATE_TIME [SL:FREQUENCY @ptr_7 @ptr_8 SL:FREQUENCY] [SL:DATE_TIME @ptr_9 @ptr_10 @ptr_11 SL:DATE_TIME] IN:GET_RECURRING_DATE_TIME] SL:RECURRING_DATE_TIME] @ptr_12 IN:CREATE_REMINDER]
Remind me to message Wilkerson , that I'm coming to visit in August .	Rem ind Ġme Ġto Ġmessage ĠWil k erson Ġ, Ġthat ĠI 'm Ġcoming Ġto Ġvisit Ġin ĠAugust Ġ.	[IN:CREATE_REMINDER @ptr_0 @ptr_1 [SL:PERSON_REMINDED @ptr_2 SL:PERSON_REMINDED] @ptr_3 [SL:TODO [IN:SEND_MESSAGE @ptr_4 [SL:RECIPIENT @ptr_5 @ptr_6 @ptr_7 SL:RECIPIENT] @ptr_8 @ptr_9 [SL:CONTENT_EXACT @ptr_10 @ptr_11 @ptr_12 @ptr_13 @ptr_14 @ptr_15 @ptr_16 SL:CONTENT_EXACT] IN:SEND_MESSAGE] SL:TODO] @ptr_17 IN:CREATE_REMINDER]
Remind me to reply to Judy 's email in one hour .	Rem ind Ġme Ġto Ġreply Ġto ĠJudy Ġ' s Ġemail Ġin Ġone Ġhour Ġ.	[IN:CREATE_REMINDER @ptr_0 @ptr_1 [SL:PERSON_REMINDED @ptr_2 SL:PERSON_REMINDED] @ptr_3 [SL:TODO [IN:REPLY_MESSAGE @ptr_4 @ptr_5 [SL:RECIPIENT @ptr_6 SL:RECIPIENT] @ptr_7 @ptr_8 @ptr_9 IN:REPLY_MESSAGE] SL:TODO] [SL:DATE_TIME @ptr_10 @ptr_11 @ptr_12 SL:DATE_TIME] @ptr_13 IN:CREATE_REMINDER]
Delete my dinner reminder for Tuesday .	Delete Ġmy Ġdinner Ġreminder Ġfor ĠTuesday Ġ.	[IN:DELETE_REMINDER @ptr_0 [SL:PERSON_REMINDED @ptr_1 SL:PERSON_REMINDED] [SL:TODO @ptr_2 SL:TODO] @ptr_3 [SL:DATE_TIME @ptr_4 @ptr_5 SL:DATE_TIME] @ptr_6 IN:DELETE_REMINDER]
Remind me to reply to Bamby that we can meet up for dinner on Friday .	Rem ind Ġme Ġto Ġreply Ġto ĠBam by Ġthat Ġwe Ġcan Ġmeet Ġup Ġfor Ġdinner Ġon ĠFriday Ġ.	[IN:CREATE_REMINDER @ptr_0 @ptr_1 [SL:PERSON_REMINDED @ptr_2 SL:PERSON_REMINDED] @ptr_3 [SL:TODO [IN:REPLY_MESSAGE @ptr_4 @ptr_5 [SL:RECIPIENT @ptr_6 @ptr_7 SL:RECIPIENT] @ptr_8 [SL:CONTENT_EXACT @ptr_9 @ptr_10 @ptr_11 @ptr_12 @ptr_13 @ptr_14 SL:CONTENT_EXACT] IN:REPLY_MESSAGE] SL:TODO] [SL:DATE_TIME @ptr_15 @ptr_16 SL:DATE_TIME] @ptr_17 IN:CREATE_REMINDER]
Remind me in 30 minutes to reply to my husband about tonight 's dinner .	Rem ind Ġme Ġin Ġ30 Ġminutes Ġto Ġreply Ġto Ġmy Ġhusband Ġabout Ġtonight Ġ' s Ġdinner Ġ.	[IN:CREATE_REMINDER @ptr_0 @ptr_1 [SL:PERSON_REMINDED @ptr_2 SL:PERSON_REMINDED] [SL:DATE_TIME @ptr_3 @ptr_4 @ptr_5 SL:DATE_TIME] @ptr_6 [SL:TODO [IN:REPLY_MESSAGE @ptr_7 @ptr_8 [SL:RECIPIENT [IN:GET_CONTACT [SL:CONTACT_RELATED @ptr_9 SL:CONTACT_RELATED] [SL:TYPE_RELATION @ptr_10 SL:TYPE_RELATION] IN:GET_CONTACT] SL:RECIPIENT] @ptr_11 [SL:CONTENT_EXACT [IN:GET_EVENT [SL:DATE_TIME @ptr_12 SL:DATE_TIME] @ptr_13 @ptr_14 [SL:CATEGORY_EVENT @ptr_15 SL:CATEGORY_EVENT] IN:GET_EVENT] SL:CONTENT_EXACT] IN:REPLY_MESSAGE] SL:TODO] @ptr_16 IN:CREATE_REMINDER]
Remind me in 30 minutes to reply to my husband about tonight 's dinner .	Rem ind Ġme Ġin Ġ30 Ġminutes Ġto Ġreply Ġto Ġmy Ġhusband Ġabout Ġtonight Ġ' s Ġdinner Ġ.	[IN:CREATE_REMINDER @ptr_0 @ptr_1 [SL:PERSON_REMINDED @ptr_2 SL:PERSON_REMINDED] [SL:DATE_TIME @ptr_3 @ptr_4 @ptr_5 SL:DATE_TIME] @ptr_6 [SL:TODO [IN:REPLY_MESSAGE @ptr_7 @ptr_8 [SL:RECIPIENT [IN:GET_CONTACT [SL:CONTACT_RELATED @ptr_9 SL:CONTACT_RELATED] [SL:TYPE_RELATION @ptr_10 SL:TYPE_RELATION] IN:GET_CONTACT] SL:RECIPIENT] @ptr_11 [SL:CONTENT_EXACT [IN:GET_EVENT [SL:DATE_TIME @ptr_12 SL:DATE_TIME] @ptr_13 @ptr_14 [SL:CATEGORY_EVENT @ptr_15 SL:CATEGORY_EVENT] IN:GET_EVENT] SL:CONTENT_EXACT] IN:REPLY_MESSAGE] SL:TODO] @ptr_16 IN:CREATE_REMINDER]
Remind me to tell my team to leave before 3 pm and alert me at 2 pm .	Rem ind Ġme Ġto Ġtell Ġmy Ġteam Ġto Ġleave Ġbefore Ġ3 Ġpm Ġand Ġalert Ġme Ġat Ġ2 Ġpm Ġ.	[IN:CREATE_REMINDER @ptr_0 @ptr_1 [SL:PERSON_REMINDED @ptr_2 SL:PERSON_REMINDED] @ptr_3 [SL:TODO [IN:GET_TODO [SL:TODO @ptr_4 @ptr_5 @ptr_6 @ptr_7 @ptr_8 SL:TODO] [SL:DATE_TIME @ptr_9 @ptr_10 @ptr_11 SL:DATE_TIME] IN:GET_TODO] SL:TODO] @ptr_12 @ptr_13 @ptr_14 [SL:DATE_TIME @ptr_15 @ptr_16 @ptr_17 SL:DATE_TIME] @ptr_18 IN:CREATE_REMINDER]
Please update my monthly reminder for bills to biweekly .	Please Ġupdate Ġmy Ġmonthly Ġreminder Ġfor Ġbills Ġto Ġbi weekly Ġ.	[IN:UPDATE_REMINDER @ptr_0 @ptr_1 [SL:PERSON_REMINDED @ptr_2 SL:PERSON_REMINDED] [SL:RECURRING_DATE_TIME [IN:GET_RECURRING_DATE_TIME [SL:FREQUENCY @ptr_3 SL:FREQUENCY] IN:GET_RECURRING_DATE_TIME] SL:RECURRING_DATE_TIME] @ptr_4 @ptr_5 [SL:TODO @ptr_6 SL:TODO] [SL:RECURRING_DATE_TIME_NEW [IN:GET_RECURRING_DATE_TIME @ptr_7 [SL:FREQUENCY @ptr_8 @ptr_9 SL:FREQUENCY] IN:GET_RECURRING_DATE_TIME] SL:RECURRING_DATE_TIME_NEW] @ptr_10 IN:UPDATE_REMINDER]
scrub all to - do reminders every Sunday until August 31	sc rub Ġall Ġto Ġ- Ġdo Ġreminders Ġevery ĠSunday Ġuntil ĠAugust Ġ31	[IN:DELETE_REMINDER @ptr_0 @ptr_1 [SL:AMOUNT @ptr_2 SL:AMOUNT] [SL:TODO @ptr_3 @ptr_4 @ptr_5 SL:TODO] @ptr_6 [SL:RECURRING_DATE_TIME [IN:GET_RECURRING_DATE_TIME [SL:FREQUENCY @ptr_7 @ptr_8 SL:FREQUENCY] IN:GET_RECURRING_DATE_TIME] SL:RECURRING_DATE_TIME] [SL:DATE_TIME @ptr_9 @ptr_10 @ptr_11 SL:DATE_TIME] IN:DELETE_REMINDER]
remind my son to buy a birthday card for his grandmother	rem ind Ġmy Ġson Ġto Ġbuy Ġa Ġbirthday Ġcard Ġfor Ġhis Ġgrandmother	[IN:CREATE_REMINDER @ptr_0 @ptr_1 [SL:PERSON_REMINDED [IN:GET_CONTACT [SL:CONTACT_RELATED @ptr_2 SL:CONTACT_RELATED] [SL:TYPE_RELATION @ptr_3 SL:TYPE_RELATION] IN:GET_CONTACT] SL:PERSON_REMINDED] @ptr_4 [SL:TODO @ptr_5 @ptr_6 @ptr_7 @ptr_8 @ptr_9 @ptr_10 @ptr_11 SL:TODO] IN:CREATE_REMINDER]
send my husband a reminder about our dinner plans on Friday night	send Ġmy Ġhusband Ġa Ġreminder Ġabout Ġour Ġdinner Ġplans Ġon ĠFriday Ġnight	[IN:CREATE_REMINDER @ptr_0 [SL:PERSON_REMINDED [IN:GET_CONTACT [SL:CONTACT_RELATED @ptr_1 SL:CONTACT_RELATED] [SL:TYPE_RELATION @ptr_2 SL:TYPE_RELATION] IN:GET_CONTACT] SL:PERSON_REMINDED] @ptr_3 @ptr_4 @ptr_5 [SL:TODO @ptr_6 @ptr_7 @ptr_8 SL:TODO] [SL:DATE_TIME @ptr_9 @ptr_10 @ptr_11 SL:DATE_TIME] IN:CREATE_REMINDER]
Remind dad to take his medication every morning at 6 .	Rem ind Ġdad Ġto Ġtake Ġhis Ġmedication Ġevery Ġmorning Ġat Ġ6 Ġ.	[IN:CREATE_REMINDER @ptr_0 @ptr_1 [SL:PERSON_REMINDED [IN:GET_CONTACT [SL:TYPE_RELATION @ptr_2 SL:TYPE_RELATION] IN:GET_CONTACT] SL:PERSON_REMINDED] @ptr_3 [SL:TODO @ptr_4 @ptr_5 @ptr_6 SL:TODO] [SL:RECURRING_DATE_TIME [IN:GET_RECURRING_DATE_TIME [SL:FREQUENCY @ptr_7 @ptr_8 SL:FREQUENCY] [SL:DATE_TIME @ptr_9 @ptr_10 SL:DATE_TIME] IN:GET_RECURRING_DATE_TIME] SL:RECURRING_DATE_TIME] @ptr_11 IN:CREATE_REMINDER]
Change reminders to weekly pick up groceries to also pick up wine	Change Ġreminders Ġto Ġweekly Ġpick Ġup Ġgroceries Ġto Ġalso Ġpick Ġup Ġwine	[IN:UPDATE_REMINDER_TODO @ptr_0 @ptr_1 [SL:RECURRING_DATE_TIME [IN:GET_RECURRING_DATE_TIME @ptr_2 [SL:FREQUENCY @ptr_3 SL:FREQUENCY] IN:GET_RECURRING_DATE_TIME] SL:RECURRING_DATE_TIME] [SL:TODO @ptr_4 @ptr_5 @ptr_6 SL:TODO] @ptr_7 [SL:TODO_NEW @ptr_8 @ptr_9 @ptr_10 @ptr_11 SL:TODO_NEW] IN:UPDATE_REMINDER_TODO]
add dusting to the reminder for the cleaning lady	add Ġdust ing Ġto Ġthe Ġreminder Ġfor Ġthe Ġcleaning Ġlady	[IN:UPDATE_REMINDER_TODO @ptr_0 [SL:TODO_NEW @ptr_1 @ptr_2 SL:TODO_NEW] @ptr_3 @ptr_4 @ptr_5 @ptr_6 [SL:PERSON_REMINDED @ptr_7 @ptr_8 @ptr_9 SL:PERSON_REMINDED] IN:UPDATE_REMINDER_TODO]
Adjust the reminder about the baseball game from 2 : 00 to 4 : 00 p.m . on August 19 , 2018 .	Adjust Ġthe Ġreminder Ġabout Ġthe Ġbaseball Ġgame Ġfrom Ġ2 Ġ: Ġ00 Ġto Ġ4 Ġ: Ġ00 Ġp . m Ġ. Ġon ĠAugust Ġ19 Ġ, Ġ2018 Ġ.	[IN:UPDATE_REMINDER_DATE_TIME @ptr_0 @ptr_1 @ptr_2 @ptr_3 [SL:TODO @ptr_4 @ptr_5 @ptr_6 SL:TODO] [SL:DATE_TIME @ptr_7 @ptr_8 @ptr_9 @ptr_10 SL:DATE_TIME] [SL:DATE_TIME_NEW @ptr_11 @ptr_12 @ptr_13 @ptr_14 @ptr_15 @ptr_16 @ptr_17 @ptr_18 @ptr_19 @ptr_20 @ptr_21 @ptr_22 @ptr_23 SL:DATE_TIME_NEW] @ptr_24 IN:UPDATE_REMINDER_DATE_TIME]
change 9 am meeting reminder to 10 am	change Ġ9 Ġam Ġmeeting Ġreminder Ġto Ġ10 Ġam	[IN:UPDATE_REMINDER_DATE_TIME @ptr_0 [SL:DATE_TIME @ptr_1 @ptr_2 SL:DATE_TIME] [SL:TODO @ptr_3 SL:TODO] @ptr_4 [SL:DATE_TIME_NEW @ptr_5 @ptr_6 @ptr_7 SL:DATE_TIME_NEW] IN:UPDATE_REMINDER_DATE_TIME]
When is my reminder to text my father ?	When Ġis Ġmy Ġreminder Ġto Ġtext Ġmy Ġfather Ġ?	[IN:GET_REMINDER_DATE_TIME @ptr_0 @ptr_1 [SL:PERSON_REMINDED @ptr_2 SL:PERSON_REMINDED] @ptr_3 @ptr_4 [SL:TODO [IN:SEND_MESSAGE @ptr_5 [SL:RECIPIENT [IN:GET_CONTACT [SL:CONTACT_RELATED @ptr_6 SL:CONTACT_RELATED] [SL:TYPE_RELATION @ptr_7 SL:TYPE_RELATION] IN:GET_CONTACT] SL:RECIPIENT] IN:SEND_MESSAGE] SL:TODO] @ptr_8 IN:GET_REMINDER_DATE_TIME]
Please change my reminder about brunch with my cousins to weekly .	Please Ġchange Ġmy Ġreminder Ġabout Ġbrunch Ġwith Ġmy Ġcousins Ġto Ġweekly Ġ.	[IN:UPDATE_REMINDER @ptr_0 @ptr_1 [SL:PERSON_REMINDED @ptr_2 SL:PERSON_REMINDED] @ptr_3 @ptr_4 [SL:TODO @ptr_5 SL:TODO] @ptr_6 [SL:ATTENDEE [IN:GET_CONTACT [SL:CONTACT_RELATED @ptr_7 SL:CONTACT_RELATED] [SL:TYPE_RELATION @ptr_8 SL:TYPE_RELATION] IN:GET_CONTACT] SL:ATTENDEE] [SL:RECURRING_DATE_TIME_NEW [IN:GET_RECURRING_DATE_TIME @ptr_9 [SL:FREQUENCY @ptr_10 SL:FREQUENCY] IN:GET_RECURRING_DATE_TIME] SL:RECURRING_DATE_TIME_NEW] @ptr_11 IN:UPDATE_REMINDER]
Show all my son reminders .	Show Ġall Ġmy Ġson Ġreminders Ġ.	[IN:GET_REMINDER [SL:METHOD_RETRIEVAL_REMINDER @ptr_0 SL:METHOD_RETRIEVAL_REMINDER] [SL:AMOUNT @ptr_1 SL:AMOUNT] [SL:PERSON_REMINDED [IN:GET_CONTACT [SL:CONTACT_RELATED @ptr_2 SL:CONTACT_RELATED] [SL:TYPE_RELATION @ptr_3 SL:TYPE_RELATION] IN:GET_CONTACT] SL:PERSON_REMINDED] @ptr_4 @ptr_5 IN:GET_REMINDER]
Delete my last reminder	Delete Ġmy Ġlast Ġreminder	[IN:DELETE_REMINDER @ptr_0 [SL:PERSON_REMINDED @ptr_1 SL:PERSON_REMINDED] [SL:ORDINAL @ptr_2 SL:ORDINAL] @ptr_3 IN:DELETE_REMINDER]
Remind me to answer Carla ’s email to let her know I can’t attend her luncheon	Rem ind Ġme Ġto Ġanswer ĠCar la ĠâĢ Ļ s Ġemail Ġto Ġlet Ġher Ġknow ĠI Ġcan âĢ Ļ t Ġattend Ġher Ġlun cheon	[IN:CREATE_REMINDER @ptr_0 @ptr_1 [SL:PERSON_REMINDED @ptr_2 SL:PERSON_REMINDED] @ptr_3 [SL:TODO [IN:REPLY_MESSAGE @ptr_4 [SL:RECIPIENT @ptr_5 @ptr_6 SL:RECIPIENT] @ptr_7 @ptr_8 @ptr_9 @ptr_10 @ptr_11 @ptr_12 @ptr_13 @ptr_14 [SL:CONTENT_EXACT @ptr_15 @ptr_16 @ptr_17 @ptr_18 @ptr_19 @ptr_20 @ptr_21 @ptr_22 @ptr_23 SL:CONTENT_EXACT] IN:REPLY_MESSAGE] SL:TODO] IN:CREATE_REMINDER]
Tell me all of the appointment reminders for next week .	Tell Ġme Ġall Ġof Ġthe Ġappointment Ġreminders Ġfor Ġnext Ġweek Ġ.	[IN:GET_REMINDER [SL:METHOD_RETRIEVAL_REMINDER @ptr_0 SL:METHOD_RETRIEVAL_REMINDER] [SL:PERSON_REMINDED @ptr_1 SL:PERSON_REMINDED] [SL:AMOUNT @ptr_2 SL:AMOUNT] @ptr_3 @ptr_4 [SL:TODO @ptr_5 SL:TODO] @ptr_6 [SL:DATE_TIME @ptr_7 @ptr_8 @ptr_9 SL:DATE_TIME] @ptr_10 IN:GET_REMINDER]
Change my quilt club reminder to monthly	Change Ġmy Ġqu ilt Ġclub Ġreminder Ġto Ġmonthly	[IN:UPDATE_REMINDER @ptr_0 [SL:PERSON_REMINDED @ptr_1 SL:PERSON_REMINDED] [SL:TODO @ptr_2 @ptr_3 @ptr_4 SL:TODO] @ptr_5 [SL:RECURRING_DATE_TIME_NEW [IN:GET_RECURRING_DATE_TIME @ptr_6 [SL:FREQUENCY @ptr_7 SL:FREQUENCY] IN:GET_RECURRING_DATE_TIME] SL:RECURRING_DATE_TIME_NEW] IN:UPDATE_REMINDER]
include my sister on the reminder for mom 's birthday	include Ġmy Ġsister Ġon Ġthe Ġreminder Ġfor Ġmom Ġ' s Ġbirthday	[IN:UPDATE_REMINDER @ptr_0 [SL:PERSON_REMINDED_ADDED [IN:GET_CONTACT [SL:CONTACT_RELATED @ptr_1 SL:CONTACT_RELATED] [SL:TYPE_RELATION @ptr_2 SL:TYPE_RELATION] IN:GET_CONTACT] SL:PERSON_REMINDED_ADDED] @ptr_3 @ptr_4 @ptr_5 @ptr_6 [SL:TODO @ptr_7 @ptr_8 @ptr_9 @ptr_10 SL:TODO] IN:UPDATE_REMINDER]
how many weeks are left till my next hair appointment reminder	how Ġmany Ġweeks Ġare Ġleft Ġtill Ġmy Ġnext Ġhair Ġappointment Ġreminder	[IN:GET_REMINDER_DATE_TIME @ptr_0 @ptr_1 @ptr_2 @ptr_3 @ptr_4 @ptr_5 [SL:PERSON_REMINDED @ptr_6 SL:PERSON_REMINDED] [SL:ORDINAL @ptr_7 SL:ORDINAL] [SL:TODO @ptr_8 @ptr_9 SL:TODO] @ptr_10 IN:GET_REMINDER_DATE_TIME]
Remind me to send an email to all IT group members that the team building excursion will be canceled due to bad weather at 2 : 00 pm .	Rem ind Ġme Ġto Ġsend Ġan Ġemail Ġto Ġall ĠIT Ġgroup Ġmembers Ġthat Ġthe Ġteam Ġbuilding Ġexc ursion Ġwill Ġbe Ġcanceled Ġdue Ġto Ġbad Ġweather Ġat Ġ2 Ġ: Ġ00 Ġpm Ġ.	[IN:CREATE_REMINDER @ptr_0 @ptr_1 [SL:PERSON_REMINDED @ptr_2 SL:PERSON_REMINDED] @ptr_3 [SL:TODO [IN:SEND_MESSAGE @ptr_4 @ptr_5 @ptr_6 @ptr_7 @ptr_8 [SL:GROUP @ptr_9 SL:GROUP] @ptr_10 @ptr_11 @ptr_12 [SL:CONTENT_EXACT @ptr_13 @ptr_14 @ptr_15 @ptr_16 @ptr_17 @ptr_18 @ptr_19 @ptr_20 @ptr_21 @ptr_22 @ptr_23 @ptr_24 SL:CONTENT_EXACT] IN:SEND_MESSAGE] SL:TODO] [SL:DATE_TIME @ptr_25 @ptr_26 @ptr_27 @ptr_28 @ptr_29 SL:DATE_TIME] @ptr_30 IN:CREATE_REMINDER]
Remind me to send my email reply to Maddy tonight .	Rem ind Ġme Ġto Ġsend Ġmy Ġemail Ġreply Ġto ĠM addy Ġtonight Ġ.	[IN:CREATE_REMINDER @ptr_0 @ptr_1 [SL:PERSON_REMINDED @ptr_2 SL:PERSON_REMINDED] @ptr_3 [SL:TODO [IN:REPLY_MESSAGE @ptr_4 [SL:SENDER @ptr_5 SL:SENDER] @ptr_6 @ptr_7 @ptr_8 [SL:RECIPIENT @ptr_9 @ptr_10 SL:RECIPIENT] IN:REPLY_MESSAGE] SL:TODO] [SL:DATE_TIME @ptr_11 SL:DATE_TIME] @ptr_12 IN:CREATE_REMINDER]
set up reminders to send emails for sue 's retirement party the 12th	set Ġup Ġreminders Ġto Ġsend Ġemails Ġfor Ġsue Ġ' s Ġretirement Ġparty Ġthe Ġ12 th	[IN:CREATE_REMINDER @ptr_0 @ptr_1 @ptr_2 @ptr_3 [SL:TODO [IN:SEND_MESSAGE @ptr_4 @ptr_5 @ptr_6 [SL:CONTENT_EXACT [IN:GET_EVENT [SL:ORGANIZER_EVENT @ptr_7 SL:ORGANIZER_EVENT] @ptr_8 @ptr_9 [SL:CATEGORY_EVENT @ptr_10 @ptr_11 SL:CATEGORY_EVENT] IN:GET_EVENT] SL:CONTENT_EXACT] IN:SEND_MESSAGE] SL:TODO] [SL:DATE_TIME @ptr_12 @ptr_13 @ptr_14 SL:DATE_TIME] IN:CREATE_REMINDER]
Cancel the reminder about dinner with my younger sister this Saturday night .	C ancel Ġthe Ġreminder Ġabout Ġdinner Ġwith Ġmy Ġyounger Ġsister Ġthis ĠSaturday Ġnight Ġ.	[IN:DELETE_REMINDER @ptr_0 @ptr_1 @ptr_2 @ptr_3 @ptr_4 [SL:TODO [IN:GET_TODO [SL:TODO @ptr_5 SL:TODO] @ptr_6 [SL:ATTENDEE [IN:GET_CONTACT [SL:CONTACT_RELATED @ptr_7 SL:CONTACT_RELATED] [SL:AGE @ptr_8 SL:AGE] [SL:TYPE_RELATION @ptr_9 SL:TYPE_RELATION] IN:GET_CONTACT] SL:ATTENDEE] IN:GET_TODO] SL:TODO] [SL:DATE_TIME @ptr_10 @ptr_11 @ptr_12 SL:DATE_TIME] @ptr_13 IN:DELETE_REMINDER]
remind those invited to the event I'm hosting this week that the event begins at 6 pm	rem ind Ġthose Ġinvited Ġto Ġthe Ġevent ĠI 'm Ġhosting Ġthis Ġweek Ġthat Ġthe Ġevent Ġbegins Ġat Ġ6 Ġpm	[IN:CREATE_REMINDER @ptr_0 @ptr_1 [SL:PERSON_REMINDED [IN:GET_EVENT_ATTENDEE @ptr_2 @ptr_3 @ptr_4 @ptr_5 @ptr_6 [SL:ORGANIZER_EVENT @ptr_7 @ptr_8 SL:ORGANIZER_EVENT] @ptr_9 [SL:DATE_TIME @ptr_10 @ptr_11 SL:DATE_TIME] IN:GET_EVENT_ATTENDEE] SL:PERSON_REMINDED] @ptr_12 [SL:TODO @ptr_13 @ptr_14 @ptr_15 SL:TODO] [SL:DATE_TIME @ptr_16 @ptr_17 @ptr_18 SL:DATE_TIME] IN:CREATE_REMINDER]
Remove Gary from all reminders I have setup with him included .	Remove ĠGary Ġfrom Ġall Ġreminders ĠI Ġhave Ġsetup Ġwith Ġhim Ġincluded Ġ.	[IN:UPDATE_REMINDER @ptr_0 [SL:PERSON_REMINDED_REMOVED @ptr_1 SL:PERSON_REMINDED_REMOVED] @ptr_2 [SL:AMOUNT @ptr_3 SL:AMOUNT] @ptr_4 @ptr_5 @ptr_6 @ptr_7 @ptr_8 @ptr_9 @ptr_10 @ptr_11 IN:UPDATE_REMINDER]
Where is the location for my cousin 's party reminder ?	Where Ġis Ġthe Ġlocation Ġfor Ġmy Ġcousin Ġ' s Ġparty Ġreminder Ġ?	[IN:GET_REMINDER_LOCATION @ptr_0 @ptr_1 @ptr_2 @ptr_3 @ptr_4 [SL:PERSON_REMINDED [IN:GET_CONTACT [SL:CONTACT_RELATED @ptr_5 SL:CONTACT_RELATED] [SL:TYPE_RELATION @ptr_6 SL:TYPE_RELATION] IN:GET_CONTACT] SL:PERSON_REMINDED] @ptr_7 @ptr_8 [SL:TODO @ptr_9 SL:TODO] @ptr_10 @ptr_11 IN:GET_REMINDER_LOCATION]
How many job interview reminders so I have set up this week ?	How Ġmany Ġjob Ġinterview Ġreminders Ġso ĠI Ġhave Ġset Ġup Ġthis Ġweek Ġ?	[IN:GET_REMINDER_AMOUNT @ptr_0 @ptr_1 [SL:TODO @ptr_2 @ptr_3 SL:TODO] @ptr_4 @ptr_5 [SL:PERSON_REMINDED @ptr_6 SL:PERSON_REMINDED] @ptr_7 @ptr_8 @ptr_9 [SL:DATE_TIME @ptr_10 @ptr_11 SL:DATE_TIME] @ptr_12 IN:GET_REMINDER_AMOUNT]
How do I see all my reminders for next year ?	How Ġdo ĠI Ġsee Ġall Ġmy Ġreminders Ġfor Ġnext Ġyear Ġ?	[IN:HELP_REMINDER @ptr_0 @ptr_1 @ptr_2 @ptr_3 @ptr_4 @ptr_5 @ptr_6 @ptr_7 @ptr_8 @ptr_9 @ptr_10 IN:HELP_REMINDER]
Delete the reminder to send a friend anniversary message to Maura on Facebook .	Delete Ġthe Ġreminder Ġto Ġsend Ġa Ġfriend Ġanniversary Ġmessage Ġto ĠMaur a Ġon ĠFacebook Ġ.	[IN:DELETE_REMINDER @ptr_0 @ptr_1 @ptr_2 @ptr_3 [SL:TODO [IN:SEND_MESSAGE @ptr_4 @ptr_5 [SL:CONTENT_EXACT @ptr_6 @ptr_7 SL:CONTENT_EXACT] @ptr_8 @ptr_9 [SL:RECIPIENT @ptr_10 @ptr_11 SL:RECIPIENT] @ptr_12 [SL:NAME_APP @ptr_13 SL:NAME_APP] IN:SEND_MESSAGE] SL:TODO] @ptr_14 IN:DELETE_REMINDER]
Delete the reminder to send videos to Lisa on Kelly 's accident .	Delete Ġthe Ġreminder Ġto Ġsend Ġvideos Ġto ĠLisa Ġon ĠKelly Ġ' s Ġaccident Ġ.	[IN:DELETE_REMINDER @ptr_0 @ptr_1 @ptr_2 @ptr_3 [SL:TODO [IN:SEND_MESSAGE @ptr_4 [SL:TYPE_CONTENT @ptr_5 SL:TYPE_CONTENT] @ptr_6 [SL:RECIPIENT @ptr_7 SL:RECIPIENT] @ptr_8 [SL:CONTENT_EXACT @ptr_9 @ptr_10 @ptr_11 @ptr_12 SL:CONTENT_EXACT] IN:SEND_MESSAGE] SL:TODO] @ptr_13 IN:DELETE_REMINDER]
change my meeting alert with kim to Lisa	change Ġmy Ġmeeting Ġalert Ġwith Ġk im Ġto ĠLisa	[IN:UPDATE_REMINDER @ptr_0 [SL:PERSON_REMINDED @ptr_1 SL:PERSON_REMINDED] [SL:TODO @ptr_2 SL:TODO] @ptr_3 @ptr_4 [SL:ATTENDEE_REMOVED @ptr_5 @ptr_6 SL:ATTENDEE_REMOVED] @ptr_7 [SL:ATTENDEE_ADDED @ptr_8 SL:ATTENDEE_ADDED] IN:UPDATE_REMINDER]
change my meeting alert with kim to Lisa	change Ġmy Ġmeeting Ġalert Ġwith Ġk im Ġto ĠLisa	[IN:UPDATE_REMINDER @ptr_0 [SL:PERSON_REMINDED @ptr_1 SL:PERSON_REMINDED] [SL:TODO @ptr_2 SL:TODO] @ptr_3 @ptr_4 [SL:ATTENDEE_REMOVED @ptr_5 @ptr_6 SL:ATTENDEE_REMOVED] @ptr_7 [SL:ATTENDEE_ADDED @ptr_8 SL:ATTENDEE_ADDED] IN:UPDATE_REMINDER]
Set a reminder to email my coworkers by tonight .	Set Ġa Ġreminder Ġto Ġemail Ġmy Ġcoworkers Ġby Ġtonight Ġ.	[IN:CREATE_REMINDER @ptr_0 @ptr_1 @ptr_2 @ptr_3 [SL:TODO [IN:SEND_MESSAGE @ptr_4 [SL:RECIPIENT [IN:GET_CONTACT [SL:CONTACT_RELATED @ptr_5 SL:CONTACT_RELATED] [SL:MUTUAL_EMPLOYER @ptr_6 SL:MUTUAL_EMPLOYER] IN:GET_CONTACT] SL:RECIPIENT] IN:SEND_MESSAGE] SL:TODO] [SL:DATE_TIME @ptr_7 @ptr_8 SL:DATE_TIME] @ptr_9 IN:CREATE_REMINDER]
Remind me to send Enrichment emails to teachers on Monday	Rem ind Ġme Ġto Ġsend ĠEn rich ment Ġemails Ġto Ġteachers Ġon ĠMonday	[IN:CREATE_REMINDER @ptr_0 @ptr_1 [SL:PERSON_REMINDED @ptr_2 SL:PERSON_REMINDED] @ptr_3 [SL:TODO [IN:SEND_MESSAGE @ptr_4 [SL:CONTENT_EXACT @ptr_5 @ptr_6 @ptr_7 SL:CONTENT_EXACT] @ptr_8 @ptr_9 [SL:RECIPIENT [IN:GET_CONTACT [SL:JOB @ptr_10 SL:JOB] IN:GET_CONTACT] SL:RECIPIENT] IN:SEND_MESSAGE] SL:TODO] [SL:DATE_TIME @ptr_11 @ptr_12 SL:DATE_TIME] IN:CREATE_REMINDER]
Remind me to send flowers to my wife on her birthday .	Rem ind Ġme Ġto Ġsend Ġflowers Ġto Ġmy Ġwife Ġon Ġher Ġbirthday Ġ.	[IN:CREATE_REMINDER @ptr_0 @ptr_1 [SL:PERSON_REMINDED @ptr_2 SL:PERSON_REMINDED] @ptr_3 [SL:TODO @ptr_4 @ptr_5 @ptr_6 @ptr_7 @ptr_8 SL:TODO] [SL:DATE_TIME [IN:GET_BIRTHDAY @ptr_9 [SL:CONTACT @ptr_10 SL:CONTACT] @ptr_11 IN:GET_BIRTHDAY] SL:DATE_TIME] @ptr_12 IN:CREATE_REMINDER]
