What 's the weekend 's forecast ?	What Ġ' s Ġthe Ġweekend Ġ' s Ġforecast Ġ?	[IN:GET_WEATHER @ptr_0 @ptr_1 @ptr_2 @ptr_3 [SL:DATE_TIME @ptr_4 SL:DATE_TIME] @ptr_5 @ptr_6 @ptr_7 @ptr_8 IN:GET_WEATHER]
Is it going to be icy in the morning ?	Is Ġit Ġgoing Ġto Ġbe Ġicy Ġin Ġthe Ġmorning Ġ?	[IN:GET_WEATHER @ptr_0 @ptr_1 @ptr_2 @ptr_3 @ptr_4 [SL:WEATHER_ATTRIBUTE @ptr_5 SL:WEATHER_ATTRIBUTE] [SL:DATE_TIME @ptr_6 @ptr_7 @ptr_8 SL:DATE_TIME] @ptr_9 IN:GET_WEATHER]
When will it start to rain this evening ?	When Ġwill Ġit Ġstart Ġto Ġrain Ġthis Ġevening Ġ?	[IN:GET_WEATHER @ptr_0 @ptr_1 @ptr_2 @ptr_3 @ptr_4 [SL:WEATHER_ATTRIBUTE @ptr_5 SL:WEATHER_ATTRIBUTE] [SL:DATE_TIME @ptr_6 @ptr_7 SL:DATE_TIME] @ptr_8 IN:GET_WEATHER]
How much rain is expected in my area this week ?	How Ġmuch Ġrain Ġis Ġexpected Ġin Ġmy Ġarea Ġthis Ġweek Ġ?	[IN:GET_WEATHER @ptr_0 @ptr_1 [SL:WEATHER_ATTRIBUTE @ptr_2 SL:WEATHER_ATTRIBUTE] @ptr_3 @ptr_4 @ptr_5 [SL:LOCATION @ptr_6 @ptr_7 SL:LOCATION] [SL:DATE_TIME @ptr_8 @ptr_9 SL:DATE_TIME] @ptr_10 IN:GET_WEATHER]
What time will sunset be tonight ?	What Ġtime Ġwill Ġsunset Ġbe Ġtonight Ġ?	[IN:GET_SUNSET @ptr_0 @ptr_1 @ptr_2 @ptr_3 @ptr_4 [SL:DATE_TIME @ptr_5 SL:DATE_TIME] @ptr_6 IN:GET_SUNSET]
what is the humid level in fountain valley	what Ġis Ġthe Ġhumid Ġlevel Ġin Ġfountain Ġvalley	[IN:UNSUPPORTED_WEATHER @ptr_0 @ptr_1 @ptr_2 [SL:WEATHER_ATTRIBUTE @ptr_3 SL:WEATHER_ATTRIBUTE] @ptr_4 @ptr_5 [SL:LOCATION @ptr_6 @ptr_7 SL:LOCATION] IN:UNSUPPORTED_WEATHER]
show me weather radar in my area	show Ġme Ġweather Ġradar Ġin Ġmy Ġarea	[IN:GET_WEATHER @ptr_0 @ptr_1 @ptr_2 @ptr_3 @ptr_4 [SL:LOCATION [IN:GET_LOCATION [SL:LOCATION_USER @ptr_5 @ptr_6 SL:LOCATION_USER] IN:GET_LOCATION] SL:LOCATION] IN:GET_WEATHER]
What time does the sun set this time of year in my city	What Ġtime Ġdoes Ġthe Ġsun Ġset Ġthis Ġtime Ġof Ġyear Ġin Ġmy Ġcity	[IN:GET_SUNSET @ptr_0 @ptr_1 @ptr_2 @ptr_3 @ptr_4 @ptr_5 @ptr_6 @ptr_7 @ptr_8 @ptr_9 @ptr_10 [SL:LOCATION [IN:GET_LOCATION [SL:LOCATION_USER @ptr_11 @ptr_12 SL:LOCATION_USER] IN:GET_LOCATION] SL:LOCATION] IN:GET_SUNSET]
what time will the sunrise	what Ġtime Ġwill Ġthe Ġsunrise	[IN:GET_SUNRISE @ptr_0 @ptr_1 @ptr_2 @ptr_3 @ptr_4 IN:GET_SUNRISE]
How cold is it next week in Dublin in degrees F	How Ġcold Ġis Ġit Ġnext Ġweek Ġin ĠDublin Ġin Ġdegrees ĠF	[IN:GET_WEATHER @ptr_0 [SL:WEATHER_ATTRIBUTE @ptr_1 SL:WEATHER_ATTRIBUTE] @ptr_2 @ptr_3 [SL:DATE_TIME @ptr_4 @ptr_5 SL:DATE_TIME] @ptr_6 [SL:LOCATION @ptr_7 SL:LOCATION] @ptr_8 @ptr_9 [SL:WEATHER_TEMPERATURE_UNIT @ptr_10 SL:WEATHER_TEMPERATURE_UNIT] IN:GET_WEATHER]
whats the weather radar look like near me	wh ats Ġthe Ġweather Ġradar Ġlook Ġlike Ġnear Ġme	[IN:GET_WEATHER @ptr_0 @ptr_1 @ptr_2 @ptr_3 @ptr_4 @ptr_5 @ptr_6 [SL:LOCATION [IN:GET_LOCATION [SL:SEARCH_RADIUS @ptr_7 SL:SEARCH_RADIUS] [SL:LOCATION_USER @ptr_8 SL:LOCATION_USER] IN:GET_LOCATION] SL:LOCATION] IN:GET_WEATHER]
How many cm of snow are we expecting ?	How Ġmany Ġcm Ġof Ġsnow Ġare Ġwe Ġexpecting Ġ?	[IN:GET_WEATHER @ptr_0 @ptr_1 [SL:MEASUREMENT_UNIT @ptr_2 SL:MEASUREMENT_UNIT] @ptr_3 [SL:WEATHER_ATTRIBUTE @ptr_4 SL:WEATHER_ATTRIBUTE] @ptr_5 @ptr_6 @ptr_7 @ptr_8 IN:GET_WEATHER]
What is the forecast for this weekend at my mums ?	What Ġis Ġthe Ġforecast Ġfor Ġthis Ġweekend Ġat Ġmy Ġm ums Ġ?	[IN:GET_WEATHER @ptr_0 @ptr_1 @ptr_2 @ptr_3 [SL:DATE_TIME @ptr_4 @ptr_5 @ptr_6 SL:DATE_TIME] @ptr_7 [SL:LOCATION [IN:GET_INFO_CONTACT [SL:CONTACT [IN:GET_CONTACT [SL:CONTACT_RELATED @ptr_8 SL:CONTACT_RELATED] [SL:TYPE_RELATION @ptr_9 @ptr_10 SL:TYPE_RELATION] IN:GET_CONTACT] SL:CONTACT] IN:GET_INFO_CONTACT] SL:LOCATION] @ptr_11 IN:GET_WEATHER]
What is the forecast for this weekend at my mums ?	What Ġis Ġthe Ġforecast Ġfor Ġthis Ġweekend Ġat Ġmy Ġm ums Ġ?	[IN:GET_WEATHER @ptr_0 @ptr_1 @ptr_2 @ptr_3 [SL:DATE_TIME @ptr_4 @ptr_5 @ptr_6 SL:DATE_TIME] @ptr_7 [SL:LOCATION [IN:GET_INFO_CONTACT [SL:CONTACT [IN:GET_CONTACT [SL:CONTACT_RELATED @ptr_8 SL:CONTACT_RELATED] [SL:TYPE_RELATION @ptr_9 @ptr_10 SL:TYPE_RELATION] IN:GET_CONTACT] SL:CONTACT] IN:GET_INFO_CONTACT] SL:LOCATION] @ptr_11 IN:GET_WEATHER]
What is the forecast for this weekend at my mums ?	What Ġis Ġthe Ġforecast Ġfor Ġthis Ġweekend Ġat Ġmy Ġm ums Ġ?	[IN:GET_WEATHER @ptr_0 @ptr_1 @ptr_2 @ptr_3 [SL:DATE_TIME @ptr_4 @ptr_5 @ptr_6 SL:DATE_TIME] @ptr_7 [SL:LOCATION [IN:GET_INFO_CONTACT [SL:CONTACT [IN:GET_CONTACT [SL:CONTACT_RELATED @ptr_8 SL:CONTACT_RELATED] [SL:TYPE_RELATION @ptr_9 @ptr_10 SL:TYPE_RELATION] IN:GET_CONTACT] SL:CONTACT] IN:GET_INFO_CONTACT] SL:LOCATION] @ptr_11 IN:GET_WEATHER]
What is the forecast for this weekend at my mums ?	What Ġis Ġthe Ġforecast Ġfor Ġthis Ġweekend Ġat Ġmy Ġm ums Ġ?	[IN:GET_WEATHER @ptr_0 @ptr_1 @ptr_2 @ptr_3 [SL:DATE_TIME @ptr_4 @ptr_5 @ptr_6 SL:DATE_TIME] @ptr_7 [SL:LOCATION [IN:GET_INFO_CONTACT [SL:CONTACT [IN:GET_CONTACT [SL:CONTACT_RELATED @ptr_8 SL:CONTACT_RELATED] [SL:TYPE_RELATION @ptr_9 @ptr_10 SL:TYPE_RELATION] IN:GET_CONTACT] SL:CONTACT] IN:GET_INFO_CONTACT] SL:LOCATION] @ptr_11 IN:GET_WEATHER]
What is the forecast for this weekend at my mums ?	What Ġis Ġthe Ġforecast Ġfor Ġthis Ġweekend Ġat Ġmy Ġm ums Ġ?	[IN:GET_WEATHER @ptr_0 @ptr_1 @ptr_2 @ptr_3 [SL:DATE_TIME @ptr_4 @ptr_5 @ptr_6 SL:DATE_TIME] @ptr_7 [SL:LOCATION [IN:GET_INFO_CONTACT [SL:CONTACT [IN:GET_CONTACT [SL:CONTACT_RELATED @ptr_8 SL:CONTACT_RELATED] [SL:TYPE_RELATION @ptr_9 @ptr_10 SL:TYPE_RELATION] IN:GET_CONTACT] SL:CONTACT] IN:GET_INFO_CONTACT] SL:LOCATION] @ptr_11 IN:GET_WEATHER]
gimmie that local radar readout	g imm ie Ġthat Ġlocal Ġradar Ġread out	[IN:GET_WEATHER @ptr_0 @ptr_1 @ptr_2 @ptr_3 [SL:LOCATION [IN:GET_LOCATION [SL:LOCATION_MODIFIER @ptr_4 SL:LOCATION_MODIFIER] IN:GET_LOCATION] SL:LOCATION] @ptr_5 @ptr_6 @ptr_7 IN:GET_WEATHER]
