Set up an alarm that will go off every Saturday at 10 am	Set Ġup Ġan Ġalarm Ġthat Ġwill Ġgo Ġoff Ġevery ĠSaturday Ġat Ġ10 Ġam	[IN:CREATE_ALARM @ptr_0 @ptr_1 @ptr_2 @ptr_3 @ptr_4 @ptr_5 @ptr_6 @ptr_7 [SL:DATE_TIME_RECURRING @ptr_8 @ptr_9 @ptr_10 @ptr_11 @ptr_12 SL:DATE_TIME_RECURRING] IN:CREATE_ALARM]
Make an alarm go off in 20 minutes	Make Ġan Ġalarm Ġgo Ġoff Ġin Ġ20 Ġminutes	[IN:CREATE_ALARM @ptr_0 @ptr_1 @ptr_2 @ptr_3 @ptr_4 [SL:DATE_TIME @ptr_5 @ptr_6 @ptr_7 SL:DATE_TIME] IN:CREATE_ALARM]
Set an alarm that repeats every Wednesday at 3 in the afternoon .	Set Ġan Ġalarm Ġthat Ġrepeats Ġevery ĠWednesday Ġat Ġ3 Ġin Ġthe Ġafternoon Ġ.	[IN:CREATE_ALARM @ptr_0 @ptr_1 @ptr_2 @ptr_3 @ptr_4 [SL:DATE_TIME_RECURRING @ptr_5 @ptr_6 @ptr_7 @ptr_8 @ptr_9 @ptr_10 @ptr_11 SL:DATE_TIME_RECURRING] @ptr_12 IN:CREATE_ALARM]
create a new alarm for 6 pm	create Ġa Ġnew Ġalarm Ġfor Ġ6 Ġpm	[IN:CREATE_ALARM @ptr_0 @ptr_1 @ptr_2 @ptr_3 [SL:DATE_TIME @ptr_4 @ptr_5 @ptr_6 SL:DATE_TIME] IN:CREATE_ALARM]
Set alarm 6 minutes from now	Set Ġalarm Ġ6 Ġminutes Ġfrom Ġnow	[IN:CREATE_ALARM @ptr_0 @ptr_1 [SL:DATE_TIME @ptr_2 @ptr_3 @ptr_4 @ptr_5 SL:DATE_TIME] IN:CREATE_ALARM]
Set an alarm for every Tuesday at 12 .	Set Ġan Ġalarm Ġfor Ġevery ĠTuesday Ġat Ġ12 Ġ.	[IN:CREATE_ALARM @ptr_0 @ptr_1 @ptr_2 [SL:DATE_TIME_RECURRING @ptr_3 @ptr_4 @ptr_5 @ptr_6 @ptr_7 SL:DATE_TIME_RECURRING] @ptr_8 IN:CREATE_ALARM]
Set an alarm for December 31 at 6 pm	Set Ġan Ġalarm Ġfor ĠDecember Ġ31 Ġat Ġ6 Ġpm	[IN:CREATE_ALARM @ptr_0 @ptr_1 @ptr_2 [SL:DATE_TIME @ptr_3 @ptr_4 @ptr_5 @ptr_6 @ptr_7 @ptr_8 SL:DATE_TIME] IN:CREATE_ALARM]
Set an alarm for noon	Set Ġan Ġalarm Ġfor Ġnoon	[IN:CREATE_ALARM @ptr_0 @ptr_1 @ptr_2 [SL:DATE_TIME @ptr_3 @ptr_4 SL:DATE_TIME] IN:CREATE_ALARM]
set a alarm for 10 minutes	set Ġa Ġalarm Ġfor Ġ10 Ġminutes	[IN:CREATE_ALARM @ptr_0 @ptr_1 @ptr_2 [SL:DATE_TIME @ptr_3 @ptr_4 @ptr_5 SL:DATE_TIME] IN:CREATE_ALARM]
Set an alarm at 6 am and at 6 : 15	Set Ġan Ġalarm Ġat Ġ6 Ġam Ġand Ġat Ġ6 Ġ: Ġ15	[IN:CREATE_ALARM @ptr_0 @ptr_1 @ptr_2 [SL:DATE_TIME @ptr_3 @ptr_4 @ptr_5 SL:DATE_TIME] @ptr_6 [SL:DATE_TIME @ptr_7 @ptr_8 @ptr_9 @ptr_10 SL:DATE_TIME] IN:CREATE_ALARM]
Set alarm for dinner	Set Ġalarm Ġfor Ġdinner	[IN:CREATE_ALARM @ptr_0 @ptr_1 @ptr_2 @ptr_3 IN:CREATE_ALARM]
have the alarm go off at 0800	have Ġthe Ġalarm Ġgo Ġoff Ġat Ġ0 800	[IN:CREATE_ALARM @ptr_0 @ptr_1 @ptr_2 @ptr_3 @ptr_4 [SL:DATE_TIME @ptr_5 @ptr_6 @ptr_7 SL:DATE_TIME] IN:CREATE_ALARM]
Create a new Monday alarm	Create Ġa Ġnew ĠMonday Ġalarm	[IN:CREATE_ALARM @ptr_0 @ptr_1 @ptr_2 [SL:DATE_TIME @ptr_3 SL:DATE_TIME] @ptr_4 IN:CREATE_ALARM]
set an alarm for 3 pm on Wednesday	set Ġan Ġalarm Ġfor Ġ3 Ġpm Ġon ĠWednesday	[IN:CREATE_ALARM @ptr_0 @ptr_1 @ptr_2 [SL:DATE_TIME @ptr_3 @ptr_4 @ptr_5 @ptr_6 @ptr_7 SL:DATE_TIME] IN:CREATE_ALARM]
Set alarm every 5 minutes for two hours	Set Ġalarm Ġevery Ġ5 Ġminutes Ġfor Ġtwo Ġhours	[IN:CREATE_ALARM @ptr_0 @ptr_1 [SL:DATE_TIME_RECURRING @ptr_2 @ptr_3 @ptr_4 SL:DATE_TIME_RECURRING] [SL:DURATION @ptr_5 @ptr_6 @ptr_7 SL:DURATION] IN:CREATE_ALARM]
set up alarms for monday at 5 am and 4 pm	set Ġup Ġalarms Ġfor Ġm onday Ġat Ġ5 Ġam Ġand Ġ4 Ġpm	[IN:CREATE_ALARM @ptr_0 @ptr_1 @ptr_2 [SL:DATE_TIME @ptr_3 @ptr_4 @ptr_5 @ptr_6 @ptr_7 @ptr_8 @ptr_9 @ptr_10 @ptr_11 SL:DATE_TIME] IN:CREATE_ALARM]
Please turn on alarm at 7 .	Please Ġturn Ġon Ġalarm Ġat Ġ7 Ġ.	[IN:CREATE_ALARM @ptr_0 @ptr_1 @ptr_2 @ptr_3 [SL:DATE_TIME @ptr_4 @ptr_5 SL:DATE_TIME] @ptr_6 IN:CREATE_ALARM]
Make alarms for 7 pm tonight Dinner with Sam and tomorrow morning at 11.30 for the Dentist .	Make Ġalarms Ġfor Ġ7 Ġpm Ġtonight ĠDinner Ġwith ĠSam Ġand Ġtomorrow Ġmorning Ġat Ġ11 . 30 Ġfor Ġthe ĠDent ist Ġ.	[IN:CREATE_ALARM @ptr_0 @ptr_1 [SL:DATE_TIME @ptr_2 @ptr_3 @ptr_4 @ptr_5 SL:DATE_TIME] [SL:ALARM_NAME @ptr_6 @ptr_7 @ptr_8 SL:ALARM_NAME] @ptr_9 [SL:DATE_TIME @ptr_10 @ptr_11 @ptr_12 @ptr_13 @ptr_14 @ptr_15 SL:DATE_TIME] @ptr_16 @ptr_17 [SL:ALARM_NAME @ptr_18 @ptr_19 SL:ALARM_NAME] @ptr_20 IN:CREATE_ALARM]
Please create an alarm for 10 am September 11 .	Please Ġcreate Ġan Ġalarm Ġfor Ġ10 Ġam ĠSeptember Ġ11 Ġ.	[IN:CREATE_ALARM @ptr_0 @ptr_1 @ptr_2 @ptr_3 [SL:DATE_TIME @ptr_4 @ptr_5 @ptr_6 @ptr_7 @ptr_8 SL:DATE_TIME] @ptr_9 IN:CREATE_ALARM]
Set an alarm every 30 seconds for the next 4 minutes	Set Ġan Ġalarm Ġevery Ġ30 Ġseconds Ġfor Ġthe Ġnext Ġ4 Ġminutes	[IN:CREATE_ALARM @ptr_0 @ptr_1 @ptr_2 [SL:PERIOD @ptr_3 @ptr_4 @ptr_5 SL:PERIOD] [SL:DURATION @ptr_6 @ptr_7 @ptr_8 @ptr_9 @ptr_10 SL:DURATION] IN:CREATE_ALARM]
Set alarm for seven every day	Set Ġalarm Ġfor Ġseven Ġevery Ġday	[IN:CREATE_ALARM @ptr_0 @ptr_1 [SL:DATE_TIME_RECURRING @ptr_2 @ptr_3 @ptr_4 @ptr_5 SL:DATE_TIME_RECURRING] IN:CREATE_ALARM]
set house alarm now	set Ġhouse Ġalarm Ġnow	[IN:CREATE_ALARM @ptr_0 [SL:ALARM_NAME @ptr_1 @ptr_2 SL:ALARM_NAME] @ptr_3 IN:CREATE_ALARM]
I need a new alarm for every Friday at 7 am	I Ġneed Ġa Ġnew Ġalarm Ġfor Ġevery ĠFriday Ġat Ġ7 Ġam	[IN:CREATE_ALARM @ptr_0 @ptr_1 @ptr_2 @ptr_3 @ptr_4 [SL:DATE_TIME_RECURRING @ptr_5 @ptr_6 @ptr_7 @ptr_8 @ptr_9 @ptr_10 SL:DATE_TIME_RECURRING] IN:CREATE_ALARM]
Create alarms for 7 o'clock and 8 o'clock on Thursday night	Create Ġalarms Ġfor Ġ7 Ġo ' clock Ġand Ġ8 Ġo ' clock Ġon ĠThursday Ġnight	[IN:CREATE_ALARM @ptr_0 @ptr_1 [SL:DATE_TIME @ptr_2 @ptr_3 @ptr_4 @ptr_5 @ptr_6 @ptr_7 @ptr_8 @ptr_9 @ptr_10 @ptr_11 @ptr_12 @ptr_13 @ptr_14 SL:DATE_TIME] IN:CREATE_ALARM]
set alarm for loud in 5 hours	set Ġalarm Ġfor Ġloud Ġin Ġ5 Ġhours	[IN:CREATE_ALARM @ptr_0 @ptr_1 @ptr_2 @ptr_3 [SL:DATE_TIME @ptr_4 @ptr_5 @ptr_6 SL:DATE_TIME] IN:CREATE_ALARM]
Set me an alarm for 11 PM telling me to go to bed .	Set Ġme Ġan Ġalarm Ġfor Ġ11 ĠPM Ġtelling Ġme Ġto Ġgo Ġto Ġbed Ġ.	[IN:CREATE_ALARM @ptr_0 @ptr_1 @ptr_2 @ptr_3 [SL:DATE_TIME @ptr_4 @ptr_5 @ptr_6 SL:DATE_TIME] @ptr_7 @ptr_8 @ptr_9 [SL:ALARM_NAME @ptr_10 @ptr_11 @ptr_12 SL:ALARM_NAME] @ptr_13 IN:CREATE_ALARM]
Change my Tuesday alarm to Wednesday .	Change Ġmy ĠTuesday Ġalarm Ġto ĠWednesday Ġ.	[IN:UPDATE_ALARM @ptr_0 @ptr_1 [SL:ALARM_NAME [IN:GET_TIME [SL:DATE_TIME @ptr_2 SL:DATE_TIME] IN:GET_TIME] SL:ALARM_NAME] @ptr_3 [SL:DATE_TIME @ptr_4 @ptr_5 SL:DATE_TIME] @ptr_6 IN:UPDATE_ALARM]
Cancel todays alarm	C ancel Ġto days Ġalarm	[IN:DELETE_ALARM @ptr_0 @ptr_1 [SL:ALARM_NAME [IN:GET_TIME [SL:DATE_TIME @ptr_2 @ptr_3 SL:DATE_TIME] IN:GET_TIME] SL:ALARM_NAME] @ptr_4 IN:DELETE_ALARM]
I need the alarm set for 15 min .	I Ġneed Ġthe Ġalarm Ġset Ġfor Ġ15 Ġmin Ġ.	[IN:CREATE_ALARM @ptr_0 @ptr_1 @ptr_2 @ptr_3 @ptr_4 [SL:DATE_TIME @ptr_5 @ptr_6 @ptr_7 SL:DATE_TIME] @ptr_8 IN:CREATE_ALARM]
Please set alarms for 9.00am and 9.30am on Tuesday	Please Ġset Ġalarms Ġfor Ġ9 . 00 am Ġand Ġ9 . 30 am Ġon ĠTuesday	[IN:CREATE_ALARM @ptr_0 @ptr_1 @ptr_2 [SL:DATE_TIME @ptr_3 @ptr_4 @ptr_5 @ptr_6 @ptr_7 @ptr_8 @ptr_9 @ptr_10 @ptr_11 @ptr_12 @ptr_13 @ptr_14 SL:DATE_TIME] IN:CREATE_ALARM]
I need an alarm for in the morning	I Ġneed Ġan Ġalarm Ġfor Ġin Ġthe Ġmorning	[IN:CREATE_ALARM @ptr_0 @ptr_1 @ptr_2 @ptr_3 [SL:DATE_TIME @ptr_4 @ptr_5 @ptr_6 @ptr_7 SL:DATE_TIME] IN:CREATE_ALARM]
set up two alarms for tomorrow night - one for 8 pm and one for 9 pm	set Ġup Ġtwo Ġalarms Ġfor Ġtomorrow Ġnight Ġ- Ġone Ġfor Ġ8 Ġpm Ġand Ġone Ġfor Ġ9 Ġpm	[IN:CREATE_ALARM @ptr_0 @ptr_1 [SL:AMOUNT @ptr_2 SL:AMOUNT] @ptr_3 [SL:DATE_TIME @ptr_4 @ptr_5 @ptr_6 SL:DATE_TIME] @ptr_7 @ptr_8 [SL:DATE_TIME @ptr_9 @ptr_10 @ptr_11 SL:DATE_TIME] @ptr_12 @ptr_13 [SL:DATE_TIME @ptr_14 @ptr_15 @ptr_16 SL:DATE_TIME] IN:CREATE_ALARM]
Set alarms on Wednesday for 10 A.M . and for 11 P.M .	Set Ġalarms Ġon ĠWednesday Ġfor Ġ10 ĠA . M Ġ. Ġand Ġfor Ġ11 ĠP . M Ġ.	[IN:CREATE_ALARM @ptr_0 @ptr_1 [SL:DATE_TIME @ptr_2 @ptr_3 @ptr_4 @ptr_5 @ptr_6 @ptr_7 @ptr_8 @ptr_9 @ptr_10 @ptr_11 @ptr_12 @ptr_13 @ptr_14 @ptr_15 SL:DATE_TIME] @ptr_16 IN:CREATE_ALARM]
What alarms do I have today ?	What Ġalarms Ġdo ĠI Ġhave Ġtoday Ġ?	[IN:GET_ALARM @ptr_0 @ptr_1 @ptr_2 @ptr_3 @ptr_4 [SL:DATE_TIME @ptr_5 SL:DATE_TIME] @ptr_6 IN:GET_ALARM]
set an alarm for one pm	set Ġan Ġalarm Ġfor Ġone Ġpm	[IN:CREATE_ALARM @ptr_0 @ptr_1 @ptr_2 [SL:DATE_TIME @ptr_3 @ptr_4 @ptr_5 SL:DATE_TIME] IN:CREATE_ALARM]
Delete the alarm on Friday	Delete Ġthe Ġalarm Ġon ĠFriday	[IN:DELETE_ALARM @ptr_0 @ptr_1 @ptr_2 [SL:ALARM_NAME [IN:GET_TIME [SL:DATE_TIME @ptr_3 @ptr_4 SL:DATE_TIME] IN:GET_TIME] SL:ALARM_NAME] IN:DELETE_ALARM]
Create wake up alarm at 7 am on the 15th	Create Ġwake Ġup Ġalarm Ġat Ġ7 Ġam Ġon Ġthe Ġ15 th	[IN:CREATE_ALARM @ptr_0 [SL:ALARM_NAME @ptr_1 @ptr_2 SL:ALARM_NAME] @ptr_3 [SL:DATE_TIME @ptr_4 @ptr_5 @ptr_6 @ptr_7 @ptr_8 @ptr_9 @ptr_10 SL:DATE_TIME] IN:CREATE_ALARM]
create new alarm called ' get out of bed ' for 3 pm	create Ġnew Ġalarm Ġcalled Ġ' Ġget Ġout Ġof Ġbed Ġ' Ġfor Ġ3 Ġpm	[IN:CREATE_ALARM @ptr_0 @ptr_1 @ptr_2 @ptr_3 @ptr_4 [SL:ALARM_NAME @ptr_5 @ptr_6 @ptr_7 @ptr_8 SL:ALARM_NAME] @ptr_9 [SL:DATE_TIME @ptr_10 @ptr_11 @ptr_12 SL:DATE_TIME] IN:CREATE_ALARM]
Adjust alarm for biweekly alerts every Saturday at 8 pm	Adjust Ġalarm Ġfor Ġbi weekly Ġalerts Ġevery ĠSaturday Ġat Ġ8 Ġpm	[IN:CREATE_ALARM @ptr_0 @ptr_1 @ptr_2 [SL:PERIOD @ptr_3 @ptr_4 SL:PERIOD] @ptr_5 [SL:DATE_TIME_RECURRING @ptr_6 @ptr_7 @ptr_8 @ptr_9 @ptr_10 SL:DATE_TIME_RECURRING] IN:CREATE_ALARM]
set up alarm to get my in the bed at 21 pm tonight	set Ġup Ġalarm Ġto Ġget Ġmy Ġin Ġthe Ġbed Ġat Ġ21 Ġpm Ġtonight	[IN:CREATE_ALARM @ptr_0 @ptr_1 @ptr_2 @ptr_3 [SL:ALARM_NAME @ptr_4 @ptr_5 @ptr_6 @ptr_7 @ptr_8 SL:ALARM_NAME] [SL:DATE_TIME @ptr_9 @ptr_10 @ptr_11 @ptr_12 SL:DATE_TIME] IN:CREATE_ALARM]
Set alarm to go off every five minutes for twenty minutes starting at 6 am	Set Ġalarm Ġto Ġgo Ġoff Ġevery Ġfive Ġminutes Ġfor Ġtwenty Ġminutes Ġstarting Ġat Ġ6 Ġam	[IN:CREATE_ALARM @ptr_0 @ptr_1 @ptr_2 @ptr_3 @ptr_4 [SL:PERIOD @ptr_5 @ptr_6 @ptr_7 SL:PERIOD] [SL:DURATION @ptr_8 @ptr_9 @ptr_10 SL:DURATION] @ptr_11 [SL:DATE_TIME_RECURRING @ptr_12 @ptr_13 @ptr_14 SL:DATE_TIME_RECURRING] IN:CREATE_ALARM]
Let me know what alarms I have for the week .	Let Ġme Ġknow Ġwhat Ġalarms ĠI Ġhave Ġfor Ġthe Ġweek Ġ.	[IN:GET_ALARM @ptr_0 @ptr_1 @ptr_2 @ptr_3 @ptr_4 @ptr_5 @ptr_6 [SL:ALARM_NAME [IN:GET_TIME [SL:DATE_TIME @ptr_7 @ptr_8 @ptr_9 SL:DATE_TIME] IN:GET_TIME] SL:ALARM_NAME] @ptr_10 IN:GET_ALARM]
Delete my wekeup alarms for this weekend	Delete Ġmy Ġwe ke up Ġalarms Ġfor Ġthis Ġweekend	[IN:DELETE_ALARM @ptr_0 @ptr_1 [SL:ALARM_NAME @ptr_2 @ptr_3 @ptr_4 SL:ALARM_NAME] @ptr_5 [SL:DATE_TIME @ptr_6 @ptr_7 @ptr_8 SL:DATE_TIME] IN:DELETE_ALARM]
Setup a new alarm - call the doctors . Set this for 9 am on Tuesday .	Setup Ġa Ġnew Ġalarm Ġ- Ġcall Ġthe Ġdoctors Ġ. ĠSet Ġthis Ġfor Ġ9 Ġam Ġon ĠTuesday Ġ.	[IN:CREATE_ALARM @ptr_0 @ptr_1 @ptr_2 @ptr_3 @ptr_4 [SL:ALARM_NAME @ptr_5 @ptr_6 @ptr_7 SL:ALARM_NAME] @ptr_8 @ptr_9 @ptr_10 [SL:DATE_TIME @ptr_11 @ptr_12 @ptr_13 @ptr_14 @ptr_15 SL:DATE_TIME] @ptr_16 IN:CREATE_ALARM]
Change my weekday alarm to 7 am	Change Ġmy Ġweekday Ġalarm Ġto Ġ7 Ġam	[IN:UPDATE_ALARM @ptr_0 @ptr_1 [SL:ALARM_NAME [IN:GET_TIME [SL:DATE_TIME @ptr_2 SL:DATE_TIME] IN:GET_TIME] SL:ALARM_NAME] @ptr_3 [SL:DATE_TIME @ptr_4 @ptr_5 @ptr_6 SL:DATE_TIME] IN:UPDATE_ALARM]
make two alarms for monday at 5 and 6 in the morning	make Ġtwo Ġalarms Ġfor Ġm onday Ġat Ġ5 Ġand Ġ6 Ġin Ġthe Ġmorning	[IN:CREATE_ALARM @ptr_0 [SL:AMOUNT @ptr_1 SL:AMOUNT] @ptr_2 [SL:DATE_TIME @ptr_3 @ptr_4 @ptr_5 @ptr_6 @ptr_7 @ptr_8 @ptr_9 @ptr_10 @ptr_11 @ptr_12 SL:DATE_TIME] IN:CREATE_ALARM]
Make a excercise alarm for every day at 8 am	Make Ġa Ġex cer cise Ġalarm Ġfor Ġevery Ġday Ġat Ġ8 Ġam	[IN:CREATE_ALARM @ptr_0 @ptr_1 [SL:ALARM_NAME @ptr_2 @ptr_3 @ptr_4 SL:ALARM_NAME] @ptr_5 [SL:DATE_TIME_RECURRING @ptr_6 @ptr_7 @ptr_8 @ptr_9 @ptr_10 @ptr_11 SL:DATE_TIME_RECURRING] IN:CREATE_ALARM]
make alarm for 6th , 10th , 15th April	make Ġalarm Ġfor Ġ6 th Ġ, Ġ10 th Ġ, Ġ15 th ĠApril	[IN:CREATE_ALARM @ptr_0 @ptr_1 [SL:DATE_TIME @ptr_2 @ptr_3 @ptr_4 @ptr_5 @ptr_6 @ptr_7 @ptr_8 @ptr_9 @ptr_10 @ptr_11 SL:DATE_TIME] IN:CREATE_ALARM]
Change my alarm from 5 to 5 : 30 am .	Change Ġmy Ġalarm Ġfrom Ġ5 Ġto Ġ5 Ġ: Ġ30 Ġam Ġ.	[IN:UPDATE_ALARM @ptr_0 @ptr_1 @ptr_2 [SL:ALARM_NAME [IN:GET_TIME [SL:DATE_TIME @ptr_3 @ptr_4 SL:DATE_TIME] IN:GET_TIME] SL:ALARM_NAME] [SL:DATE_TIME @ptr_5 @ptr_6 @ptr_7 @ptr_8 @ptr_9 SL:DATE_TIME] @ptr_10 IN:UPDATE_ALARM]
Alarm please for August 11th	Al arm Ġplease Ġfor ĠAugust Ġ11 th	[IN:CREATE_ALARM @ptr_0 @ptr_1 @ptr_2 [SL:DATE_TIME @ptr_3 @ptr_4 @ptr_5 @ptr_6 SL:DATE_TIME] IN:CREATE_ALARM]
I would like to see any alarms that I have set for Monday	I Ġwould Ġlike Ġto Ġsee Ġany Ġalarms Ġthat ĠI Ġhave Ġset Ġfor ĠMonday	[IN:GET_ALARM @ptr_0 @ptr_1 @ptr_2 @ptr_3 @ptr_4 @ptr_5 @ptr_6 @ptr_7 @ptr_8 @ptr_9 @ptr_10 [SL:DATE_TIME @ptr_11 @ptr_12 SL:DATE_TIME] IN:GET_ALARM]
Show my next alarm	Show Ġmy Ġnext Ġalarm	[IN:GET_ALARM @ptr_0 @ptr_1 [SL:ORDINAL @ptr_2 SL:ORDINAL] @ptr_3 IN:GET_ALARM]
What alarms do I have set ?	What Ġalarms Ġdo ĠI Ġhave Ġset Ġ?	[IN:GET_ALARM @ptr_0 @ptr_1 @ptr_2 @ptr_3 @ptr_4 @ptr_5 @ptr_6 IN:GET_ALARM]
Show me all my set alarms	Show Ġme Ġall Ġmy Ġset Ġalarms	[IN:GET_ALARM @ptr_0 @ptr_1 [SL:AMOUNT @ptr_2 SL:AMOUNT] @ptr_3 @ptr_4 @ptr_5 IN:GET_ALARM]
Do I have an alarm tomorrow	Do ĠI Ġhave Ġan Ġalarm Ġtomorrow	[IN:GET_ALARM @ptr_0 @ptr_1 @ptr_2 @ptr_3 @ptr_4 [SL:ALARM_NAME [IN:GET_TIME [SL:DATE_TIME @ptr_5 SL:DATE_TIME] IN:GET_TIME] SL:ALARM_NAME] IN:GET_ALARM]
What time will the alarm go off ?	What Ġtime Ġwill Ġthe Ġalarm Ġgo Ġoff Ġ?	[IN:GET_ALARM @ptr_0 @ptr_1 @ptr_2 @ptr_3 @ptr_4 @ptr_5 @ptr_6 @ptr_7 IN:GET_ALARM]
How much time until the alarm sounds ?	How Ġmuch Ġtime Ġuntil Ġthe Ġalarm Ġsounds Ġ?	[IN:GET_ALARM @ptr_0 @ptr_1 @ptr_2 @ptr_3 @ptr_4 @ptr_5 @ptr_6 @ptr_7 IN:GET_ALARM]
How many hours until my alarm goes off ?	How Ġmany Ġhours Ġuntil Ġmy Ġalarm Ġgoes Ġoff Ġ?	[IN:GET_ALARM @ptr_0 @ptr_1 @ptr_2 @ptr_3 @ptr_4 @ptr_5 @ptr_6 @ptr_7 @ptr_8 IN:GET_ALARM]
All alarms to be shown	All Ġalarms Ġto Ġbe Ġshown	[IN:GET_ALARM [SL:AMOUNT @ptr_0 SL:AMOUNT] @ptr_1 @ptr_2 @ptr_3 @ptr_4 IN:GET_ALARM]
how much time is left on the alarm	how Ġmuch Ġtime Ġis Ġleft Ġon Ġthe Ġalarm	[IN:GET_ALARM @ptr_0 @ptr_1 @ptr_2 @ptr_3 @ptr_4 @ptr_5 @ptr_6 @ptr_7 IN:GET_ALARM]
give me a reminder of what alarms I have	give Ġme Ġa Ġreminder Ġof Ġwhat Ġalarms ĠI Ġhave	[IN:GET_ALARM @ptr_0 @ptr_1 @ptr_2 @ptr_3 @ptr_4 @ptr_5 @ptr_6 @ptr_7 @ptr_8 IN:GET_ALARM]
what time is my alarm set for ?	what Ġtime Ġis Ġmy Ġalarm Ġset Ġfor Ġ?	[IN:GET_ALARM @ptr_0 @ptr_1 @ptr_2 @ptr_3 @ptr_4 @ptr_5 @ptr_6 @ptr_7 IN:GET_ALARM]
remind us of the alarms	rem ind Ġus Ġof Ġthe Ġalarms	[IN:GET_ALARM @ptr_0 @ptr_1 @ptr_2 @ptr_3 @ptr_4 @ptr_5 IN:GET_ALARM]
Show my alarms settings for this week .	Show Ġmy Ġalarms Ġsettings Ġfor Ġthis Ġweek Ġ.	[IN:GET_ALARM @ptr_0 @ptr_1 @ptr_2 @ptr_3 [SL:DATE_TIME @ptr_4 @ptr_5 @ptr_6 SL:DATE_TIME] @ptr_7 IN:GET_ALARM]
how much time is left on my current alarm	how Ġmuch Ġtime Ġis Ġleft Ġon Ġmy Ġcurrent Ġalarm	[IN:GET_ALARM @ptr_0 @ptr_1 @ptr_2 @ptr_3 @ptr_4 @ptr_5 @ptr_6 @ptr_7 @ptr_8 IN:GET_ALARM]
what time is the alarm set for tomorrow	what Ġtime Ġis Ġthe Ġalarm Ġset Ġfor Ġtomorrow	[IN:GET_ALARM @ptr_0 @ptr_1 @ptr_2 @ptr_3 @ptr_4 @ptr_5 [SL:ALARM_NAME [IN:GET_TIME [SL:DATE_TIME @ptr_6 @ptr_7 SL:DATE_TIME] IN:GET_TIME] SL:ALARM_NAME] IN:GET_ALARM]
Display alarms for today	Display Ġalarms Ġfor Ġtoday	[IN:GET_ALARM @ptr_0 @ptr_1 [SL:ALARM_NAME [IN:GET_TIME [SL:DATE_TIME @ptr_2 @ptr_3 SL:DATE_TIME] IN:GET_TIME] SL:ALARM_NAME] IN:GET_ALARM]
what time is my first alarm	what Ġtime Ġis Ġmy Ġfirst Ġalarm	[IN:GET_ALARM @ptr_0 @ptr_1 @ptr_2 @ptr_3 [SL:ORDINAL @ptr_4 SL:ORDINAL] @ptr_5 IN:GET_ALARM]
how many alarms do i have set	how Ġmany Ġalarms Ġdo Ġi Ġhave Ġset	[IN:GET_ALARM @ptr_0 @ptr_1 @ptr_2 @ptr_3 @ptr_4 @ptr_5 @ptr_6 IN:GET_ALARM]
I can't remember what alarms I've set , remind me .	I Ġcan 't Ġremember Ġwhat Ġalarms ĠI 've Ġset Ġ, Ġremind Ġme Ġ.	[IN:GET_ALARM @ptr_0 @ptr_1 @ptr_2 @ptr_3 @ptr_4 @ptr_5 @ptr_6 @ptr_7 @ptr_8 @ptr_9 @ptr_10 @ptr_11 @ptr_12 IN:GET_ALARM]
When is my alarm going to go off	When Ġis Ġmy Ġalarm Ġgoing Ġto Ġgo Ġoff	[IN:GET_ALARM @ptr_0 @ptr_1 @ptr_2 @ptr_3 @ptr_4 @ptr_5 @ptr_6 @ptr_7 IN:GET_ALARM]
I need to see all tomorrows alarms please	I Ġneed Ġto Ġsee Ġall Ġto mor rows Ġalarms Ġplease	[IN:GET_ALARM @ptr_0 @ptr_1 @ptr_2 @ptr_3 [SL:AMOUNT @ptr_4 SL:AMOUNT] [SL:ALARM_NAME [IN:GET_TIME [SL:DATE_TIME @ptr_5 @ptr_6 @ptr_7 SL:DATE_TIME] IN:GET_TIME] SL:ALARM_NAME] @ptr_8 @ptr_9 IN:GET_ALARM]
Show me all my alarms for the week	Show Ġme Ġall Ġmy Ġalarms Ġfor Ġthe Ġweek	[IN:GET_ALARM @ptr_0 @ptr_1 [SL:AMOUNT @ptr_2 SL:AMOUNT] @ptr_3 @ptr_4 [SL:DATE_TIME @ptr_5 @ptr_6 @ptr_7 SL:DATE_TIME] IN:GET_ALARM]
How much time remains on my alarm	How Ġmuch Ġtime Ġremains Ġon Ġmy Ġalarm	[IN:GET_ALARM @ptr_0 @ptr_1 @ptr_2 @ptr_3 @ptr_4 @ptr_5 @ptr_6 IN:GET_ALARM]
how much time do I have before the alarm	how Ġmuch Ġtime Ġdo ĠI Ġhave Ġbefore Ġthe Ġalarm	[IN:GET_ALARM @ptr_0 @ptr_1 @ptr_2 @ptr_3 @ptr_4 @ptr_5 @ptr_6 @ptr_7 @ptr_8 IN:GET_ALARM]
Delete all my alarms for today .	Delete Ġall Ġmy Ġalarms Ġfor Ġtoday Ġ.	[IN:DELETE_ALARM @ptr_0 [SL:AMOUNT @ptr_1 SL:AMOUNT] @ptr_2 @ptr_3 [SL:DATE_TIME @ptr_4 @ptr_5 SL:DATE_TIME] @ptr_6 IN:DELETE_ALARM]
Please cancel all set alarms .	Please Ġcancel Ġall Ġset Ġalarms Ġ.	[IN:DELETE_ALARM @ptr_0 @ptr_1 [SL:AMOUNT @ptr_2 SL:AMOUNT] @ptr_3 @ptr_4 @ptr_5 IN:DELETE_ALARM]
Cancel all alarms tomorrow .	C ancel Ġall Ġalarms Ġtomorrow Ġ.	[IN:DELETE_ALARM @ptr_0 @ptr_1 [SL:AMOUNT @ptr_2 SL:AMOUNT] @ptr_3 [SL:ALARM_NAME [IN:GET_TIME [SL:DATE_TIME @ptr_4 SL:DATE_TIME] IN:GET_TIME] SL:ALARM_NAME] @ptr_5 IN:DELETE_ALARM]
Cancel the alarm that I have set	C ancel Ġthe Ġalarm Ġthat ĠI Ġhave Ġset	[IN:DELETE_ALARM @ptr_0 @ptr_1 @ptr_2 @ptr_3 @ptr_4 @ptr_5 @ptr_6 @ptr_7 IN:DELETE_ALARM]
Cancel my alarm on Sunday morning at 6 : 00 am .	C ancel Ġmy Ġalarm Ġon ĠSunday Ġmorning Ġat Ġ6 Ġ: Ġ00 Ġam Ġ.	[IN:DELETE_ALARM @ptr_0 @ptr_1 @ptr_2 @ptr_3 [SL:ALARM_NAME [IN:GET_TIME [SL:DATE_TIME @ptr_4 @ptr_5 @ptr_6 @ptr_7 @ptr_8 @ptr_9 @ptr_10 @ptr_11 SL:DATE_TIME] IN:GET_TIME] SL:ALARM_NAME] @ptr_12 IN:DELETE_ALARM]
please delete the alarm time set for sunday	please Ġdelete Ġthe Ġalarm Ġtime Ġset Ġfor Ġsund ay	[IN:DELETE_ALARM @ptr_0 @ptr_1 @ptr_2 @ptr_3 @ptr_4 @ptr_5 [SL:ALARM_NAME [IN:GET_TIME [SL:DATE_TIME @ptr_6 @ptr_7 @ptr_8 SL:DATE_TIME] IN:GET_TIME] SL:ALARM_NAME] IN:DELETE_ALARM]
I want all my alarms deleted	I Ġwant Ġall Ġmy Ġalarms Ġdeleted	[IN:DELETE_ALARM @ptr_0 @ptr_1 [SL:AMOUNT @ptr_2 SL:AMOUNT] @ptr_3 @ptr_4 @ptr_5 IN:DELETE_ALARM]
i don't want my alarms anymore	i Ġdon 't Ġwant Ġmy Ġalarms Ġanymore	[IN:DELETE_ALARM @ptr_0 @ptr_1 @ptr_2 @ptr_3 @ptr_4 @ptr_5 @ptr_6 IN:DELETE_ALARM]
Cancel my alarms	C ancel Ġmy Ġalarms	[IN:DELETE_ALARM @ptr_0 @ptr_1 @ptr_2 @ptr_3 IN:DELETE_ALARM]
cancel all my alarms for tuesday	c ancel Ġall Ġmy Ġalarms Ġfor Ġt uesday	[IN:DELETE_ALARM @ptr_0 @ptr_1 [SL:AMOUNT @ptr_2 SL:AMOUNT] @ptr_3 @ptr_4 [SL:ALARM_NAME [IN:GET_TIME [SL:DATE_TIME @ptr_5 @ptr_6 @ptr_7 SL:DATE_TIME] IN:GET_TIME] SL:ALARM_NAME] IN:DELETE_ALARM]
Get rid of my alarms	Get Ġrid Ġof Ġmy Ġalarms	[IN:DELETE_ALARM @ptr_0 @ptr_1 @ptr_2 @ptr_3 @ptr_4 IN:DELETE_ALARM]
Cancel slow cooker alarm	C ancel Ġslow Ġcooker Ġalarm	[IN:DELETE_ALARM @ptr_0 @ptr_1 [SL:ALARM_NAME @ptr_2 @ptr_3 SL:ALARM_NAME] @ptr_4 IN:DELETE_ALARM]
erase all saved alarms please	er ase Ġall Ġsaved Ġalarms Ġplease	[IN:DELETE_ALARM @ptr_0 @ptr_1 [SL:AMOUNT @ptr_2 SL:AMOUNT] @ptr_3 @ptr_4 @ptr_5 IN:DELETE_ALARM]
Delete all wake up alarms	Delete Ġall Ġwake Ġup Ġalarms	[IN:DELETE_ALARM @ptr_0 [SL:AMOUNT @ptr_1 SL:AMOUNT] [SL:ALARM_NAME @ptr_2 @ptr_3 SL:ALARM_NAME] @ptr_4 IN:DELETE_ALARM]
can you cancel my alarm for friday morning ?	can Ġyou Ġcancel Ġmy Ġalarm Ġfor Ġfr iday Ġmorning Ġ?	[IN:DELETE_ALARM @ptr_0 @ptr_1 @ptr_2 @ptr_3 @ptr_4 [SL:ALARM_NAME [IN:GET_TIME [SL:DATE_TIME @ptr_5 @ptr_6 @ptr_7 @ptr_8 SL:DATE_TIME] IN:GET_TIME] SL:ALARM_NAME] @ptr_9 IN:DELETE_ALARM]
Cancel my alarm for tomorrow .	C ancel Ġmy Ġalarm Ġfor Ġtomorrow Ġ.	[IN:DELETE_ALARM @ptr_0 @ptr_1 @ptr_2 @ptr_3 [SL:ALARM_NAME [IN:GET_TIME [SL:DATE_TIME @ptr_4 @ptr_5 SL:DATE_TIME] IN:GET_TIME] SL:ALARM_NAME] @ptr_6 IN:DELETE_ALARM]
Cancel my alarm for tomorrow	C ancel Ġmy Ġalarm Ġfor Ġtomorrow	[IN:DELETE_ALARM @ptr_0 @ptr_1 @ptr_2 @ptr_3 [SL:ALARM_NAME [IN:GET_TIME [SL:DATE_TIME @ptr_4 @ptr_5 SL:DATE_TIME] IN:GET_TIME] SL:ALARM_NAME] IN:DELETE_ALARM]
Cancel all my alarms	C ancel Ġall Ġmy Ġalarms	[IN:DELETE_ALARM @ptr_0 @ptr_1 [SL:AMOUNT @ptr_2 SL:AMOUNT] @ptr_3 @ptr_4 IN:DELETE_ALARM]
Delete all alarms for tomorrow	Delete Ġall Ġalarms Ġfor Ġtomorrow	[IN:DELETE_ALARM @ptr_0 [SL:AMOUNT @ptr_1 SL:AMOUNT] @ptr_2 [SL:ALARM_NAME [IN:GET_TIME [SL:DATE_TIME @ptr_3 @ptr_4 SL:DATE_TIME] IN:GET_TIME] SL:ALARM_NAME] IN:DELETE_ALARM]
Cancel my last alarm	C ancel Ġmy Ġlast Ġalarm	[IN:DELETE_ALARM @ptr_0 @ptr_1 @ptr_2 [SL:ORDINAL @ptr_3 SL:ORDINAL] @ptr_4 IN:DELETE_ALARM]
Cancel my alarm .	C ancel Ġmy Ġalarm Ġ.	[IN:DELETE_ALARM @ptr_0 @ptr_1 @ptr_2 @ptr_3 @ptr_4 IN:DELETE_ALARM]
erase all alarms	er ase Ġall Ġalarms	[IN:DELETE_ALARM @ptr_0 @ptr_1 [SL:AMOUNT @ptr_2 SL:AMOUNT] @ptr_3 IN:DELETE_ALARM]
delete all of my alarms .	delete Ġall Ġof Ġmy Ġalarms Ġ.	[IN:DELETE_ALARM @ptr_0 [SL:AMOUNT @ptr_1 SL:AMOUNT] @ptr_2 @ptr_3 @ptr_4 @ptr_5 IN:DELETE_ALARM]
Cancel the alarm for this evening	C ancel Ġthe Ġalarm Ġfor Ġthis Ġevening	[IN:DELETE_ALARM @ptr_0 @ptr_1 @ptr_2 @ptr_3 [SL:ALARM_NAME [IN:GET_TIME [SL:DATE_TIME @ptr_4 @ptr_5 @ptr_6 SL:DATE_TIME] IN:GET_TIME] SL:ALARM_NAME] IN:DELETE_ALARM]
Cancel my seven o'clock alarm	C ancel Ġmy Ġseven Ġo ' clock Ġalarm	[IN:DELETE_ALARM @ptr_0 @ptr_1 @ptr_2 [SL:ALARM_NAME [IN:GET_TIME [SL:DATE_TIME @ptr_3 @ptr_4 @ptr_5 @ptr_6 SL:DATE_TIME] IN:GET_TIME] SL:ALARM_NAME] @ptr_7 IN:DELETE_ALARM]
i need to modify my alarm from 8 am to 7 am	i Ġneed Ġto Ġmodify Ġmy Ġalarm Ġfrom Ġ8 Ġam Ġto Ġ7 Ġam	[IN:UPDATE_ALARM @ptr_0 @ptr_1 @ptr_2 @ptr_3 @ptr_4 @ptr_5 [SL:ALARM_NAME [IN:GET_TIME [SL:DATE_TIME @ptr_6 @ptr_7 @ptr_8 SL:DATE_TIME] IN:GET_TIME] SL:ALARM_NAME] [SL:DATE_TIME @ptr_9 @ptr_10 @ptr_11 SL:DATE_TIME] IN:UPDATE_ALARM]
Change my lunchtime alarm to 1 pm	Change Ġmy Ġlunch time Ġalarm Ġto Ġ1 Ġpm	[IN:UPDATE_ALARM @ptr_0 @ptr_1 [SL:ALARM_NAME @ptr_2 @ptr_3 SL:ALARM_NAME] @ptr_4 [SL:DATE_TIME @ptr_5 @ptr_6 @ptr_7 SL:DATE_TIME] IN:UPDATE_ALARM]
Move my noon alarm back to 11 am	Move Ġmy Ġnoon Ġalarm Ġback Ġto Ġ11 Ġam	[IN:UPDATE_ALARM @ptr_0 @ptr_1 [SL:ALARM_NAME [IN:GET_TIME [SL:DATE_TIME @ptr_2 SL:DATE_TIME] IN:GET_TIME] SL:ALARM_NAME] @ptr_3 @ptr_4 [SL:DATE_TIME @ptr_5 @ptr_6 @ptr_7 SL:DATE_TIME] IN:UPDATE_ALARM]
what time is my alarm set for tomorrow morning	what Ġtime Ġis Ġmy Ġalarm Ġset Ġfor Ġtomorrow Ġmorning	[IN:GET_ALARM @ptr_0 @ptr_1 @ptr_2 @ptr_3 @ptr_4 @ptr_5 [SL:ALARM_NAME [IN:GET_TIME [SL:DATE_TIME @ptr_6 @ptr_7 @ptr_8 SL:DATE_TIME] IN:GET_TIME] SL:ALARM_NAME] IN:GET_ALARM]
Are there any alarms for tommorow evening ?	Are Ġthere Ġany Ġalarms Ġfor Ġto mm or ow Ġevening Ġ?	[IN:GET_ALARM @ptr_0 @ptr_1 @ptr_2 @ptr_3 [SL:ALARM_NAME [IN:GET_TIME [SL:DATE_TIME @ptr_4 @ptr_5 @ptr_6 @ptr_7 @ptr_8 @ptr_9 SL:DATE_TIME] IN:GET_TIME] SL:ALARM_NAME] @ptr_10 IN:GET_ALARM]
do I have an alarm for tomorrow	do ĠI Ġhave Ġan Ġalarm Ġfor Ġtomorrow	[IN:GET_ALARM @ptr_0 @ptr_1 @ptr_2 @ptr_3 @ptr_4 [SL:ALARM_NAME [IN:GET_TIME [SL:DATE_TIME @ptr_5 @ptr_6 SL:DATE_TIME] IN:GET_TIME] SL:ALARM_NAME] IN:GET_ALARM]
Show morning alarms	Show Ġmorning Ġalarms	[IN:GET_ALARM @ptr_0 [SL:ALARM_NAME [IN:GET_TIME [SL:DATE_TIME @ptr_1 SL:DATE_TIME] IN:GET_TIME] SL:ALARM_NAME] @ptr_2 IN:GET_ALARM]
Delete alarm for 4 am tomorrow .	Delete Ġalarm Ġfor Ġ4 Ġam Ġtomorrow Ġ.	[IN:DELETE_ALARM @ptr_0 @ptr_1 [SL:ALARM_NAME [IN:GET_TIME [SL:DATE_TIME @ptr_2 @ptr_3 @ptr_4 @ptr_5 SL:DATE_TIME] IN:GET_TIME] SL:ALARM_NAME] @ptr_6 IN:DELETE_ALARM]
show alarms for wednesday , thanks !	show Ġalarms Ġfor Ġwed nesday Ġ, Ġthanks Ġ!	[IN:GET_ALARM @ptr_0 @ptr_1 [SL:ALARM_NAME [IN:GET_TIME [SL:DATE_TIME @ptr_2 @ptr_3 @ptr_4 SL:DATE_TIME] IN:GET_TIME] SL:ALARM_NAME] @ptr_5 @ptr_6 @ptr_7 IN:GET_ALARM]
Reset and delete all of Tuesday alarms	Res et Ġand Ġdelete Ġall Ġof ĠTuesday Ġalarms	[IN:DELETE_ALARM @ptr_0 @ptr_1 @ptr_2 @ptr_3 [SL:AMOUNT @ptr_4 SL:AMOUNT] @ptr_5 [SL:ALARM_NAME [IN:GET_TIME [SL:DATE_TIME @ptr_6 SL:DATE_TIME] IN:GET_TIME] SL:ALARM_NAME] @ptr_7 IN:DELETE_ALARM]
Delete all alarms for this weekend	Delete Ġall Ġalarms Ġfor Ġthis Ġweekend	[IN:DELETE_ALARM @ptr_0 [SL:AMOUNT @ptr_1 SL:AMOUNT] @ptr_2 [SL:ALARM_NAME [IN:GET_TIME [SL:DATE_TIME @ptr_3 @ptr_4 @ptr_5 SL:DATE_TIME] IN:GET_TIME] SL:ALARM_NAME] IN:DELETE_ALARM]
Place an alarm named ' go to sleep ' at 9 pm tonight	Place Ġan Ġalarm Ġnamed Ġ' Ġgo Ġto Ġsleep Ġ' Ġat Ġ9 Ġpm Ġtonight	[IN:CREATE_ALARM @ptr_0 @ptr_1 @ptr_2 @ptr_3 @ptr_4 [SL:ALARM_NAME @ptr_5 @ptr_6 @ptr_7 SL:ALARM_NAME] @ptr_8 [SL:DATE_TIME @ptr_9 @ptr_10 @ptr_11 @ptr_12 SL:DATE_TIME] IN:CREATE_ALARM]
Cancel my wake up alarm for tomorrow .	C ancel Ġmy Ġwake Ġup Ġalarm Ġfor Ġtomorrow Ġ.	[IN:DELETE_ALARM @ptr_0 @ptr_1 @ptr_2 [SL:ALARM_NAME @ptr_3 @ptr_4 @ptr_5 SL:ALARM_NAME] [SL:ALARM_NAME [IN:GET_TIME [SL:DATE_TIME @ptr_6 @ptr_7 SL:DATE_TIME] IN:GET_TIME] SL:ALARM_NAME] @ptr_8 IN:DELETE_ALARM]
Snooze Sunday alarm	Sn oo ze ĠSunday Ġalarm	[IN:SNOOZE_ALARM @ptr_0 @ptr_1 @ptr_2 [SL:ALARM_NAME [IN:GET_TIME [SL:DATE_TIME @ptr_3 SL:DATE_TIME] IN:GET_TIME] SL:ALARM_NAME] @ptr_4 IN:SNOOZE_ALARM]
change my alarm from 12 pm to 12 : 30 pm	change Ġmy Ġalarm Ġfrom Ġ12 Ġpm Ġto Ġ12 Ġ: Ġ30 Ġpm	[IN:UPDATE_ALARM @ptr_0 @ptr_1 @ptr_2 [SL:ALARM_NAME [IN:GET_TIME [SL:DATE_TIME @ptr_3 @ptr_4 @ptr_5 SL:DATE_TIME] IN:GET_TIME] SL:ALARM_NAME] [SL:DATE_TIME @ptr_6 @ptr_7 @ptr_8 @ptr_9 @ptr_10 SL:DATE_TIME] IN:UPDATE_ALARM]
Update my daily 6 am alarm to 5 am .	Update Ġmy Ġdaily Ġ6 Ġam Ġalarm Ġto Ġ5 Ġam Ġ.	[IN:UPDATE_ALARM @ptr_0 @ptr_1 [SL:PERIOD @ptr_2 SL:PERIOD] [SL:ALARM_NAME [IN:GET_TIME [SL:DATE_TIME @ptr_3 @ptr_4 SL:DATE_TIME] IN:GET_TIME] SL:ALARM_NAME] @ptr_5 [SL:DATE_TIME @ptr_6 @ptr_7 @ptr_8 SL:DATE_TIME] @ptr_9 IN:UPDATE_ALARM]
I would like to have an sunset alarm . Please , create .	I Ġwould Ġlike Ġto Ġhave Ġan Ġsunset Ġalarm Ġ. ĠPlease Ġ, Ġcreate Ġ.	[IN:CREATE_ALARM @ptr_0 @ptr_1 @ptr_2 @ptr_3 @ptr_4 @ptr_5 [SL:ALARM_NAME @ptr_6 SL:ALARM_NAME] @ptr_7 @ptr_8 @ptr_9 @ptr_10 @ptr_11 @ptr_12 IN:CREATE_ALARM]
Cancel the alarm for the chicken	C ancel Ġthe Ġalarm Ġfor Ġthe Ġchicken	[IN:DELETE_ALARM @ptr_0 @ptr_1 @ptr_2 @ptr_3 @ptr_4 @ptr_5 [SL:ALARM_NAME @ptr_6 SL:ALARM_NAME] IN:DELETE_ALARM]
Set an alarm and a reminder to pick up George at 9 am	Set Ġan Ġalarm Ġand Ġa Ġreminder Ġto Ġpick Ġup ĠGeorge Ġat Ġ9 Ġam	[IN:CREATE_ALARM @ptr_0 @ptr_1 @ptr_2 @ptr_3 @ptr_4 @ptr_5 @ptr_6 [SL:ALARM_NAME @ptr_7 @ptr_8 @ptr_9 SL:ALARM_NAME] [SL:DATE_TIME @ptr_10 @ptr_11 @ptr_12 SL:DATE_TIME] IN:CREATE_ALARM]
Change wake up alarm from 5 am to 7 : 30 am	Change Ġwake Ġup Ġalarm Ġfrom Ġ5 Ġam Ġto Ġ7 Ġ: Ġ30 Ġam	[IN:UPDATE_ALARM @ptr_0 [SL:ALARM_NAME @ptr_1 @ptr_2 @ptr_3 SL:ALARM_NAME] [SL:ALARM_NAME [IN:GET_TIME [SL:DATE_TIME @ptr_4 @ptr_5 @ptr_6 SL:DATE_TIME] IN:GET_TIME] SL:ALARM_NAME] [SL:DATE_TIME @ptr_7 @ptr_8 @ptr_9 @ptr_10 @ptr_11 SL:DATE_TIME] IN:UPDATE_ALARM]
Alarm off after 1 minute	Al arm Ġoff Ġafter Ġ1 Ġminute	[IN:SILENCE_ALARM @ptr_0 @ptr_1 @ptr_2 [SL:ALARM_NAME [IN:GET_TIME [SL:DATE_TIME @ptr_3 @ptr_4 @ptr_5 SL:DATE_TIME] IN:GET_TIME] SL:ALARM_NAME] IN:SILENCE_ALARM]
delete tomorrow mornings alarms	delete Ġtomorrow Ġmornings Ġalarms	[IN:DELETE_ALARM @ptr_0 [SL:ALARM_NAME [IN:GET_TIME [SL:DATE_TIME @ptr_1 @ptr_2 SL:DATE_TIME] IN:GET_TIME] SL:ALARM_NAME] @ptr_3 IN:DELETE_ALARM]
Chamge my 11 am alarm to 11 pm	Ch am ge Ġmy Ġ11 Ġam Ġalarm Ġto Ġ11 Ġpm	[IN:UPDATE_ALARM @ptr_0 @ptr_1 @ptr_2 @ptr_3 [SL:ALARM_NAME [IN:GET_TIME [SL:DATE_TIME @ptr_4 @ptr_5 SL:DATE_TIME] IN:GET_TIME] SL:ALARM_NAME] @ptr_6 [SL:DATE_TIME @ptr_7 @ptr_8 @ptr_9 SL:DATE_TIME] IN:UPDATE_ALARM]
When is my alarm set tomorrow ?	When Ġis Ġmy Ġalarm Ġset Ġtomorrow Ġ?	[IN:GET_ALARM @ptr_0 @ptr_1 @ptr_2 @ptr_3 @ptr_4 [SL:ALARM_NAME [IN:GET_TIME [SL:DATE_TIME @ptr_5 SL:DATE_TIME] IN:GET_TIME] SL:ALARM_NAME] @ptr_6 IN:GET_ALARM]
Make this mornings alarm an hour later .	Make Ġthis Ġmornings Ġalarm Ġan Ġhour Ġlater Ġ.	[IN:UPDATE_ALARM @ptr_0 [SL:ALARM_NAME [IN:GET_TIME [SL:DATE_TIME @ptr_1 @ptr_2 SL:DATE_TIME] IN:GET_TIME] SL:ALARM_NAME] @ptr_3 @ptr_4 [SL:DATE_TIME @ptr_5 @ptr_6 SL:DATE_TIME] @ptr_7 IN:UPDATE_ALARM]
Tell me what alarms I have set for today	Tell Ġme Ġwhat Ġalarms ĠI Ġhave Ġset Ġfor Ġtoday	[IN:GET_ALARM @ptr_0 @ptr_1 @ptr_2 @ptr_3 @ptr_4 @ptr_5 @ptr_6 [SL:ALARM_NAME [IN:GET_TIME [SL:DATE_TIME @ptr_7 @ptr_8 SL:DATE_TIME] IN:GET_TIME] SL:ALARM_NAME] IN:GET_ALARM]
update all wakeup alarms for tomorrow	update Ġall Ġwake up Ġalarms Ġfor Ġtomorrow	[IN:UPDATE_ALARM @ptr_0 [SL:AMOUNT @ptr_1 SL:AMOUNT] [SL:ALARM_NAME @ptr_2 @ptr_3 SL:ALARM_NAME] @ptr_4 [SL:ALARM_NAME [IN:GET_TIME [SL:DATE_TIME @ptr_5 @ptr_6 SL:DATE_TIME] IN:GET_TIME] SL:ALARM_NAME] IN:UPDATE_ALARM]
Show me my Monday and Tuesday alarm settings .	Show Ġme Ġmy ĠMonday Ġand ĠTuesday Ġalarm Ġsettings Ġ.	[IN:GET_ALARM @ptr_0 @ptr_1 @ptr_2 [SL:ALARM_NAME [IN:GET_TIME [SL:DATE_TIME @ptr_3 @ptr_4 @ptr_5 SL:DATE_TIME] IN:GET_TIME] SL:ALARM_NAME] @ptr_6 @ptr_7 @ptr_8 IN:GET_ALARM]
cancel my alarm for Friday	c ancel Ġmy Ġalarm Ġfor ĠFriday	[IN:DELETE_ALARM @ptr_0 @ptr_1 @ptr_2 @ptr_3 [SL:ALARM_NAME [IN:GET_TIME [SL:DATE_TIME @ptr_4 @ptr_5 SL:DATE_TIME] IN:GET_TIME] SL:ALARM_NAME] IN:DELETE_ALARM]
Change thursday 's afternoon alarm to 3 pm	Change Ġth ursday Ġ' s Ġafternoon Ġalarm Ġto Ġ3 Ġpm	[IN:UPDATE_ALARM @ptr_0 [SL:ALARM_NAME [IN:GET_TIME [SL:DATE_TIME @ptr_1 @ptr_2 @ptr_3 @ptr_4 @ptr_5 SL:DATE_TIME] IN:GET_TIME] SL:ALARM_NAME] @ptr_6 [SL:DATE_TIME @ptr_7 @ptr_8 @ptr_9 SL:DATE_TIME] IN:UPDATE_ALARM]
Show alarms for today	Show Ġalarms Ġfor Ġtoday	[IN:GET_ALARM @ptr_0 @ptr_1 [SL:ALARM_NAME [IN:GET_TIME [SL:DATE_TIME @ptr_2 @ptr_3 SL:DATE_TIME] IN:GET_TIME] SL:ALARM_NAME] IN:GET_ALARM]
Please cancel the 2 scheduled alarms for Tuesday	Please Ġcancel Ġthe Ġ2 Ġscheduled Ġalarms Ġfor ĠTuesday	[IN:DELETE_ALARM @ptr_0 @ptr_1 @ptr_2 [SL:AMOUNT @ptr_3 SL:AMOUNT] @ptr_4 @ptr_5 [SL:ALARM_NAME [IN:GET_TIME [SL:DATE_TIME @ptr_6 @ptr_7 SL:DATE_TIME] IN:GET_TIME] SL:ALARM_NAME] IN:DELETE_ALARM]
I want Thursday alarm changed to 6.50pm	I Ġwant ĠThursday Ġalarm Ġchanged Ġto Ġ6 . 50 pm	[IN:UPDATE_ALARM @ptr_0 @ptr_1 [SL:ALARM_NAME [IN:GET_TIME [SL:DATE_TIME @ptr_2 SL:DATE_TIME] IN:GET_TIME] SL:ALARM_NAME] @ptr_3 @ptr_4 [SL:DATE_TIME @ptr_5 @ptr_6 @ptr_7 @ptr_8 @ptr_9 SL:DATE_TIME] IN:UPDATE_ALARM]
Bring up the alarms that I have on set on Friday	Bring Ġup Ġthe Ġalarms Ġthat ĠI Ġhave Ġon Ġset Ġon ĠFriday	[IN:GET_ALARM @ptr_0 @ptr_1 @ptr_2 @ptr_3 @ptr_4 @ptr_5 @ptr_6 @ptr_7 @ptr_8 [SL:ALARM_NAME [IN:GET_TIME [SL:DATE_TIME @ptr_9 @ptr_10 SL:DATE_TIME] IN:GET_TIME] SL:ALARM_NAME] IN:GET_ALARM]
Delete all my alarms for tomorrow	Delete Ġall Ġmy Ġalarms Ġfor Ġtomorrow	[IN:DELETE_ALARM @ptr_0 [SL:AMOUNT @ptr_1 SL:AMOUNT] @ptr_2 @ptr_3 [SL:ALARM_NAME [IN:GET_TIME [SL:DATE_TIME @ptr_4 @ptr_5 SL:DATE_TIME] IN:GET_TIME] SL:ALARM_NAME] IN:DELETE_ALARM]
Cancel all alarms for next week .	C ancel Ġall Ġalarms Ġfor Ġnext Ġweek Ġ.	[IN:DELETE_ALARM @ptr_0 @ptr_1 [SL:AMOUNT @ptr_2 SL:AMOUNT] @ptr_3 [SL:ALARM_NAME [IN:GET_TIME [SL:DATE_TIME @ptr_4 @ptr_5 @ptr_6 SL:DATE_TIME] IN:GET_TIME] SL:ALARM_NAME] @ptr_7 IN:DELETE_ALARM]
Cancel my alarm for tomorrow afternoon at 4	C ancel Ġmy Ġalarm Ġfor Ġtomorrow Ġafternoon Ġat Ġ4	[IN:DELETE_ALARM @ptr_0 @ptr_1 @ptr_2 @ptr_3 [SL:ALARM_NAME [IN:GET_TIME [SL:DATE_TIME @ptr_4 @ptr_5 @ptr_6 @ptr_7 @ptr_8 SL:DATE_TIME] IN:GET_TIME] SL:ALARM_NAME] IN:DELETE_ALARM]
Delete February alarms	Delete ĠFebruary Ġalarms	[IN:DELETE_ALARM @ptr_0 [SL:ALARM_NAME [IN:GET_TIME [SL:DATE_TIME @ptr_1 SL:DATE_TIME] IN:GET_TIME] SL:ALARM_NAME] @ptr_2 IN:DELETE_ALARM]
Cancel today 's alarm	C ancel Ġtoday Ġ' s Ġalarm	[IN:DELETE_ALARM @ptr_0 @ptr_1 [SL:ALARM_NAME [IN:GET_TIME [SL:DATE_TIME @ptr_2 SL:DATE_TIME] IN:GET_TIME] SL:ALARM_NAME] @ptr_3 @ptr_4 @ptr_5 IN:DELETE_ALARM]
cancel all alarms for this week	c ancel Ġall Ġalarms Ġfor Ġthis Ġweek	[IN:DELETE_ALARM @ptr_0 @ptr_1 [SL:AMOUNT @ptr_2 SL:AMOUNT] @ptr_3 [SL:ALARM_NAME [IN:GET_TIME [SL:DATE_TIME @ptr_4 @ptr_5 @ptr_6 SL:DATE_TIME] IN:GET_TIME] SL:ALARM_NAME] IN:DELETE_ALARM]
Delete tomorrow mornings alarm .	Delete Ġtomorrow Ġmornings Ġalarm Ġ.	[IN:DELETE_ALARM @ptr_0 [SL:ALARM_NAME [IN:GET_TIME [SL:DATE_TIME @ptr_1 @ptr_2 SL:DATE_TIME] IN:GET_TIME] SL:ALARM_NAME] @ptr_3 @ptr_4 IN:DELETE_ALARM]
Delete all the alarms I set for this month	Delete Ġall Ġthe Ġalarms ĠI Ġset Ġfor Ġthis Ġmonth	[IN:DELETE_ALARM @ptr_0 [SL:AMOUNT @ptr_1 SL:AMOUNT] @ptr_2 @ptr_3 @ptr_4 @ptr_5 [SL:ALARM_NAME [IN:GET_TIME [SL:DATE_TIME @ptr_6 @ptr_7 @ptr_8 SL:DATE_TIME] IN:GET_TIME] SL:ALARM_NAME] IN:DELETE_ALARM]
Cancel the alarm for tomorrow	C ancel Ġthe Ġalarm Ġfor Ġtomorrow	[IN:DELETE_ALARM @ptr_0 @ptr_1 @ptr_2 @ptr_3 [SL:ALARM_NAME [IN:GET_TIME [SL:DATE_TIME @ptr_4 @ptr_5 SL:DATE_TIME] IN:GET_TIME] SL:ALARM_NAME] IN:DELETE_ALARM]
change my tuesday alarm to go off at seven	change Ġmy Ġt uesday Ġalarm Ġto Ġgo Ġoff Ġat Ġseven	[IN:UPDATE_ALARM @ptr_0 @ptr_1 [SL:ALARM_NAME [IN:GET_TIME [SL:DATE_TIME @ptr_2 @ptr_3 SL:DATE_TIME] IN:GET_TIME] SL:ALARM_NAME] @ptr_4 @ptr_5 @ptr_6 @ptr_7 [SL:DATE_TIME @ptr_8 @ptr_9 SL:DATE_TIME] IN:UPDATE_ALARM]
Which alarms are set for today ?	Which Ġalarms Ġare Ġset Ġfor Ġtoday Ġ?	[IN:GET_ALARM @ptr_0 @ptr_1 @ptr_2 @ptr_3 [SL:ALARM_NAME [IN:GET_TIME [SL:DATE_TIME @ptr_4 @ptr_5 SL:DATE_TIME] IN:GET_TIME] SL:ALARM_NAME] @ptr_6 IN:GET_ALARM]
cancel my alarm for tomorrow	c ancel Ġmy Ġalarm Ġfor Ġtomorrow	[IN:DELETE_ALARM @ptr_0 @ptr_1 @ptr_2 @ptr_3 [SL:ALARM_NAME [IN:GET_TIME [SL:DATE_TIME @ptr_4 @ptr_5 SL:DATE_TIME] IN:GET_TIME] SL:ALARM_NAME] IN:DELETE_ALARM]
I need the Thursday alarm to be 5 mins earlier .	I Ġneed Ġthe ĠThursday Ġalarm Ġto Ġbe Ġ5 Ġmins Ġearlier Ġ.	[IN:UPDATE_ALARM @ptr_0 @ptr_1 @ptr_2 [SL:ALARM_NAME [IN:GET_TIME [SL:DATE_TIME @ptr_3 SL:DATE_TIME] IN:GET_TIME] SL:ALARM_NAME] @ptr_4 @ptr_5 @ptr_6 [SL:DATE_TIME @ptr_7 @ptr_8 @ptr_9 SL:DATE_TIME] @ptr_10 IN:UPDATE_ALARM]
delete my 3 am alarm	delete Ġmy Ġ3 Ġam Ġalarm	[IN:DELETE_ALARM @ptr_0 @ptr_1 [SL:ALARM_NAME [IN:GET_TIME [SL:DATE_TIME @ptr_2 @ptr_3 SL:DATE_TIME] IN:GET_TIME] SL:ALARM_NAME] @ptr_4 IN:DELETE_ALARM]
what are my alarms for wednesday	what Ġare Ġmy Ġalarms Ġfor Ġwed nesday	[IN:GET_ALARM @ptr_0 @ptr_1 @ptr_2 @ptr_3 [SL:ALARM_NAME [IN:GET_TIME [SL:DATE_TIME @ptr_4 @ptr_5 @ptr_6 SL:DATE_TIME] IN:GET_TIME] SL:ALARM_NAME] IN:GET_ALARM]
Cancel the alarm for tomorrow morning .	C ancel Ġthe Ġalarm Ġfor Ġtomorrow Ġmorning Ġ.	[IN:DELETE_ALARM @ptr_0 @ptr_1 @ptr_2 @ptr_3 [SL:ALARM_NAME [IN:GET_TIME [SL:DATE_TIME @ptr_4 @ptr_5 @ptr_6 SL:DATE_TIME] IN:GET_TIME] SL:ALARM_NAME] @ptr_7 IN:DELETE_ALARM]
set 5 am alarm volume to very loud	set Ġ5 Ġam Ġalarm Ġvolume Ġto Ġvery Ġloud	[IN:UNSUPPORTED_ALARM @ptr_0 [SL:DATE_TIME @ptr_1 @ptr_2 SL:DATE_TIME] @ptr_3 @ptr_4 @ptr_5 @ptr_6 @ptr_7 IN:UNSUPPORTED_ALARM]
Lower alarm volume .	Lower Ġalarm Ġvolume Ġ.	[IN:UNSUPPORTED_ALARM @ptr_0 @ptr_1 @ptr_2 @ptr_3 IN:UNSUPPORTED_ALARM]
Set an alarm to let me know when it 's 8 am in Florida	Set Ġan Ġalarm Ġto Ġlet Ġme Ġknow Ġwhen Ġit Ġ' s Ġ8 Ġam Ġin ĠFlorida	[IN:UNSUPPORTED_ALARM @ptr_0 @ptr_1 @ptr_2 @ptr_3 @ptr_4 @ptr_5 @ptr_6 @ptr_7 @ptr_8 @ptr_9 @ptr_10 @ptr_11 @ptr_12 @ptr_13 @ptr_14 IN:UNSUPPORTED_ALARM]
Print all alarms to a pdf .	Print Ġall Ġalarms Ġto Ġa Ġpdf Ġ.	[IN:UNSUPPORTED_ALARM @ptr_0 [SL:AMOUNT @ptr_1 SL:AMOUNT] @ptr_2 @ptr_3 @ptr_4 @ptr_5 @ptr_6 IN:UNSUPPORTED_ALARM]
Remove and replace breakfast alarm with one at 6 am	Remove Ġand Ġreplace Ġbreakfast Ġalarm Ġwith Ġone Ġat Ġ6 Ġam	[IN:UNSUPPORTED_ALARM @ptr_0 @ptr_1 @ptr_2 [SL:ALARM_NAME @ptr_3 @ptr_4 SL:ALARM_NAME] @ptr_5 @ptr_6 [SL:DATE_TIME @ptr_7 @ptr_8 @ptr_9 SL:DATE_TIME] IN:UNSUPPORTED_ALARM]
do i have any alarms or reminders set for tomorrow	do Ġi Ġhave Ġany Ġalarms Ġor Ġreminders Ġset Ġfor Ġtomorrow	[IN:UNSUPPORTED_ALARM @ptr_0 @ptr_1 @ptr_2 @ptr_3 @ptr_4 @ptr_5 @ptr_6 @ptr_7 [SL:DATE_TIME @ptr_8 @ptr_9 SL:DATE_TIME] IN:UNSUPPORTED_ALARM]
Put the alarm on a loud ring tone	Put Ġthe Ġalarm Ġon Ġa Ġloud Ġring Ġtone	[IN:UNSUPPORTED_ALARM @ptr_0 @ptr_1 @ptr_2 @ptr_3 @ptr_4 @ptr_5 @ptr_6 @ptr_7 IN:UNSUPPORTED_ALARM]
Mute my Alarms .	M ute Ġmy ĠAl arms Ġ.	[IN:UNSUPPORTED_ALARM @ptr_0 @ptr_1 @ptr_2 @ptr_3 @ptr_4 @ptr_5 IN:UNSUPPORTED_ALARM]
show all alarm settings	show Ġall Ġalarm Ġsettings	[IN:UNSUPPORTED_ALARM @ptr_0 [SL:AMOUNT @ptr_1 SL:AMOUNT] @ptr_2 @ptr_3 IN:UNSUPPORTED_ALARM]
put all alarms on silence	put Ġall Ġalarms Ġon Ġsilence	[IN:UNSUPPORTED_ALARM @ptr_0 [SL:AMOUNT @ptr_1 SL:AMOUNT] @ptr_2 @ptr_3 @ptr_4 IN:UNSUPPORTED_ALARM]
set a funny alarm sound on currently active alarm .	set Ġa Ġfunny Ġalarm Ġsound Ġon Ġcurrently Ġactive Ġalarm Ġ.	[IN:UNSUPPORTED_ALARM @ptr_0 @ptr_1 @ptr_2 @ptr_3 @ptr_4 @ptr_5 @ptr_6 @ptr_7 @ptr_8 @ptr_9 IN:UNSUPPORTED_ALARM]
How many hours of sleep will I get if I set an alarm for 9 am ?	How Ġmany Ġhours Ġof Ġsleep Ġwill ĠI Ġget Ġif ĠI Ġset Ġan Ġalarm Ġfor Ġ9 Ġam Ġ?	[IN:UNSUPPORTED_ALARM @ptr_0 @ptr_1 @ptr_2 @ptr_3 @ptr_4 @ptr_5 @ptr_6 @ptr_7 @ptr_8 @ptr_9 @ptr_10 @ptr_11 @ptr_12 [SL:DATE_TIME @ptr_13 @ptr_14 @ptr_15 SL:DATE_TIME] @ptr_16 IN:UNSUPPORTED_ALARM]
Mute all alarms set before noon	M ute Ġall Ġalarms Ġset Ġbefore Ġnoon	[IN:UNSUPPORTED_ALARM @ptr_0 @ptr_1 [SL:AMOUNT @ptr_2 SL:AMOUNT] @ptr_3 @ptr_4 [SL:DATE_TIME @ptr_5 @ptr_6 SL:DATE_TIME] IN:UNSUPPORTED_ALARM]
Snooze every 10 minutes	Sn oo ze Ġevery Ġ10 Ġminutes	[IN:UNSUPPORTED_ALARM @ptr_0 @ptr_1 @ptr_2 @ptr_3 @ptr_4 @ptr_5 IN:UNSUPPORTED_ALARM]
I'm awake	I 'm Ġawake	[IN:UNSUPPORTED_ALARM @ptr_0 @ptr_1 @ptr_2 IN:UNSUPPORTED_ALARM]
Set all security alarms in the house	Set Ġall Ġsecurity Ġalarms Ġin Ġthe Ġhouse	[IN:UNSUPPORTED_ALARM @ptr_0 [SL:AMOUNT @ptr_1 SL:AMOUNT] @ptr_2 @ptr_3 @ptr_4 @ptr_5 @ptr_6 IN:UNSUPPORTED_ALARM]
rename alarm to school	ren ame Ġalarm Ġto Ġschool	[IN:UNSUPPORTED_ALARM @ptr_0 @ptr_1 @ptr_2 @ptr_3 [SL:ALARM_NAME @ptr_4 SL:ALARM_NAME] IN:UNSUPPORTED_ALARM]
show me alarm settings	show Ġme Ġalarm Ġsettings	[IN:UNSUPPORTED_ALARM @ptr_0 @ptr_1 @ptr_2 @ptr_3 IN:UNSUPPORTED_ALARM]
check volume on alarm timer	check Ġvolume Ġon Ġalarm Ġtimer	[IN:UNSUPPORTED_ALARM @ptr_0 @ptr_1 @ptr_2 @ptr_3 @ptr_4 IN:UNSUPPORTED_ALARM]
Please use radio as alarm .	Please Ġuse Ġradio Ġas Ġalarm Ġ.	[IN:UNSUPPORTED_ALARM @ptr_0 @ptr_1 @ptr_2 @ptr_3 @ptr_4 @ptr_5 IN:UNSUPPORTED_ALARM]
please set a wake up alarm for Peter	please Ġset Ġa Ġwake Ġup Ġalarm Ġfor ĠPeter	[IN:UNSUPPORTED_ALARM @ptr_0 @ptr_1 @ptr_2 @ptr_3 @ptr_4 @ptr_5 @ptr_6 @ptr_7 IN:UNSUPPORTED_ALARM]
Turn alarm volume down	Turn Ġalarm Ġvolume Ġdown	[IN:UNSUPPORTED_ALARM @ptr_0 @ptr_1 @ptr_2 @ptr_3 IN:UNSUPPORTED_ALARM]
Change the sound of the alarm .	Change Ġthe Ġsound Ġof Ġthe Ġalarm Ġ.	[IN:UNSUPPORTED_ALARM @ptr_0 @ptr_1 @ptr_2 @ptr_3 @ptr_4 @ptr_5 @ptr_6 IN:UNSUPPORTED_ALARM]
Delete snooze option from alarm	Delete Ġsn oo ze Ġoption Ġfrom Ġalarm	[IN:UNSUPPORTED_ALARM @ptr_0 @ptr_1 @ptr_2 @ptr_3 @ptr_4 @ptr_5 @ptr_6 IN:UNSUPPORTED_ALARM]
Only allow 5 snoozes before turning off alarm .	Only Ġallow Ġ5 Ġsn oo zes Ġbefore Ġturning Ġoff Ġalarm Ġ.	[IN:UNSUPPORTED_ALARM @ptr_0 @ptr_1 @ptr_2 @ptr_3 @ptr_4 @ptr_5 @ptr_6 @ptr_7 @ptr_8 @ptr_9 @ptr_10 IN:UNSUPPORTED_ALARM]
Set an alarm for every five minutes for the next thirty minutes	Set Ġan Ġalarm Ġfor Ġevery Ġfive Ġminutes Ġfor Ġthe Ġnext Ġthirty Ġminutes	[IN:CREATE_ALARM @ptr_0 @ptr_1 @ptr_2 [SL:DATE_TIME_RECURRING @ptr_3 @ptr_4 @ptr_5 @ptr_6 SL:DATE_TIME_RECURRING] [SL:DURATION @ptr_7 @ptr_8 @ptr_9 @ptr_10 @ptr_11 SL:DURATION] IN:CREATE_ALARM]
New alarm for 445 pm on Tuesdays	New Ġalarm Ġfor Ġ445 Ġpm Ġon ĠTues days	[IN:CREATE_ALARM @ptr_0 @ptr_1 [SL:DATE_TIME_RECURRING @ptr_2 @ptr_3 @ptr_4 @ptr_5 @ptr_6 @ptr_7 SL:DATE_TIME_RECURRING] IN:CREATE_ALARM]
Set an alarm to go off every five minutes at 7 AM	Set Ġan Ġalarm Ġto Ġgo Ġoff Ġevery Ġfive Ġminutes Ġat Ġ7 ĠAM	[IN:CREATE_ALARM @ptr_0 @ptr_1 @ptr_2 @ptr_3 @ptr_4 @ptr_5 [SL:DATE_TIME_RECURRING @ptr_6 @ptr_7 @ptr_8 @ptr_9 @ptr_10 @ptr_11 SL:DATE_TIME_RECURRING] IN:CREATE_ALARM]
Set an alarm every Sunday at 9 am for church .	Set Ġan Ġalarm Ġevery ĠSunday Ġat Ġ9 Ġam Ġfor Ġchurch Ġ.	[IN:CREATE_ALARM @ptr_0 @ptr_1 @ptr_2 [SL:DATE_TIME_RECURRING @ptr_3 @ptr_4 @ptr_5 @ptr_6 @ptr_7 SL:DATE_TIME_RECURRING] @ptr_8 [SL:ALARM_NAME @ptr_9 SL:ALARM_NAME] @ptr_10 IN:CREATE_ALARM]
Set me an alarm every Thursday at 5M until the 1st July	Set Ġme Ġan Ġalarm Ġevery ĠThursday Ġat Ġ5 M Ġuntil Ġthe Ġ1 st ĠJuly	[IN:CREATE_ALARM @ptr_0 @ptr_1 @ptr_2 @ptr_3 [SL:DATE_TIME_RECURRING @ptr_4 @ptr_5 @ptr_6 @ptr_7 @ptr_8 SL:DATE_TIME_RECURRING] [SL:DURATION @ptr_9 @ptr_10 @ptr_11 @ptr_12 @ptr_13 SL:DURATION] IN:CREATE_ALARM]
Make an alarm that goes off every Tuesday at 3 : 30 pm	Make Ġan Ġalarm Ġthat Ġgoes Ġoff Ġevery ĠTuesday Ġat Ġ3 Ġ: Ġ30 Ġpm	[IN:CREATE_ALARM @ptr_0 @ptr_1 @ptr_2 @ptr_3 @ptr_4 @ptr_5 [SL:DATE_TIME_RECURRING @ptr_6 @ptr_7 @ptr_8 @ptr_9 @ptr_10 @ptr_11 @ptr_12 SL:DATE_TIME_RECURRING] IN:CREATE_ALARM]
set multiple recurring alarms on Tuesdays at 9 pm and 11 pm	set Ġmultiple Ġrecurring Ġalarms Ġon ĠTues days Ġat Ġ9 Ġpm Ġand Ġ11 Ġpm	[IN:CREATE_ALARM @ptr_0 @ptr_1 [SL:PERIOD @ptr_2 SL:PERIOD] @ptr_3 [SL:DATE_TIME_RECURRING @ptr_4 @ptr_5 @ptr_6 @ptr_7 @ptr_8 @ptr_9 @ptr_10 @ptr_11 @ptr_12 SL:DATE_TIME_RECURRING] IN:CREATE_ALARM]
Make alarm every Tuesday at 10 am and 11 am	Make Ġalarm Ġevery ĠTuesday Ġat Ġ10 Ġam Ġand Ġ11 Ġam	[IN:CREATE_ALARM @ptr_0 @ptr_1 [SL:DATE_TIME_RECURRING @ptr_2 @ptr_3 @ptr_4 @ptr_5 @ptr_6 @ptr_7 @ptr_8 @ptr_9 SL:DATE_TIME_RECURRING] IN:CREATE_ALARM]
Make an alarm for every Wednesday at 3 pm	Make Ġan Ġalarm Ġfor Ġevery ĠWednesday Ġat Ġ3 Ġpm	[IN:CREATE_ALARM @ptr_0 @ptr_1 @ptr_2 [SL:DATE_TIME_RECURRING @ptr_3 @ptr_4 @ptr_5 @ptr_6 @ptr_7 @ptr_8 SL:DATE_TIME_RECURRING] IN:CREATE_ALARM]
Create alarms for 7 am and 10 am for one month .	Create Ġalarms Ġfor Ġ7 Ġam Ġand Ġ10 Ġam Ġfor Ġone Ġmonth Ġ.	[IN:CREATE_ALARM @ptr_0 @ptr_1 [SL:DATE_TIME_RECURRING @ptr_2 @ptr_3 @ptr_4 @ptr_5 @ptr_6 @ptr_7 SL:DATE_TIME_RECURRING] [SL:DURATION @ptr_8 @ptr_9 @ptr_10 SL:DURATION] @ptr_11 IN:CREATE_ALARM]
Set a new biweekly alarm on sundays at 11 am	Set Ġa Ġnew Ġbi weekly Ġalarm Ġon Ġsund ays Ġat Ġ11 Ġam	[IN:CREATE_ALARM @ptr_0 @ptr_1 @ptr_2 [SL:PERIOD @ptr_3 @ptr_4 SL:PERIOD] @ptr_5 [SL:DATE_TIME_RECURRING @ptr_6 @ptr_7 @ptr_8 @ptr_9 @ptr_10 @ptr_11 SL:DATE_TIME_RECURRING] IN:CREATE_ALARM]
Please set alarm everyday for Thursday at 10 .	Please Ġset Ġalarm Ġeveryday Ġfor ĠThursday Ġat Ġ10 Ġ.	[IN:CREATE_ALARM @ptr_0 @ptr_1 @ptr_2 [SL:DATE_TIME_RECURRING @ptr_3 @ptr_4 @ptr_5 @ptr_6 @ptr_7 SL:DATE_TIME_RECURRING] @ptr_8 IN:CREATE_ALARM]
Set weekly alarms for Mondays at 8 am and 1 pm	Set Ġweekly Ġalarms Ġfor ĠMondays Ġat Ġ8 Ġam Ġand Ġ1 Ġpm	[IN:CREATE_ALARM @ptr_0 [SL:PERIOD @ptr_1 SL:PERIOD] @ptr_2 [SL:DATE_TIME_RECURRING @ptr_3 @ptr_4 @ptr_5 @ptr_6 @ptr_7 @ptr_8 @ptr_9 @ptr_10 SL:DATE_TIME_RECURRING] IN:CREATE_ALARM]
set my alarm to go off at 08 : 00 every saturday for 8 weeks	set Ġmy Ġalarm Ġto Ġgo Ġoff Ġat Ġ08 Ġ: Ġ00 Ġevery Ġs aturday Ġfor Ġ8 Ġweeks	[IN:CREATE_ALARM @ptr_0 @ptr_1 @ptr_2 @ptr_3 @ptr_4 @ptr_5 [SL:DATE_TIME_RECURRING @ptr_6 @ptr_7 @ptr_8 @ptr_9 @ptr_10 @ptr_11 @ptr_12 SL:DATE_TIME_RECURRING] [SL:DURATION @ptr_13 @ptr_14 @ptr_15 SL:DURATION] IN:CREATE_ALARM]
Set a weekly alarms on a Monday for 8 am and 9 am .	Set Ġa Ġweekly Ġalarms Ġon Ġa ĠMonday Ġfor Ġ8 Ġam Ġand Ġ9 Ġam Ġ.	[IN:CREATE_ALARM @ptr_0 @ptr_1 [SL:PERIOD @ptr_2 SL:PERIOD] @ptr_3 [SL:DATE_TIME_RECURRING @ptr_4 @ptr_5 @ptr_6 @ptr_7 @ptr_8 @ptr_9 @ptr_10 @ptr_11 @ptr_12 SL:DATE_TIME_RECURRING] @ptr_13 IN:CREATE_ALARM]
set my alarm for Tuesdays at 07 : 00 and 07 : 30	set Ġmy Ġalarm Ġfor ĠTues days Ġat Ġ07 Ġ: Ġ00 Ġand Ġ07 Ġ: Ġ30	[IN:CREATE_ALARM @ptr_0 @ptr_1 @ptr_2 [SL:DATE_TIME_RECURRING @ptr_3 @ptr_4 @ptr_5 @ptr_6 @ptr_7 @ptr_8 @ptr_9 @ptr_10 @ptr_11 @ptr_12 @ptr_13 SL:DATE_TIME_RECURRING] IN:CREATE_ALARM]
set an alarm that goes off every Tuesday at 8 am	set Ġan Ġalarm Ġthat Ġgoes Ġoff Ġevery ĠTuesday Ġat Ġ8 Ġam	[IN:CREATE_ALARM @ptr_0 @ptr_1 @ptr_2 @ptr_3 @ptr_4 @ptr_5 [SL:DATE_TIME_RECURRING @ptr_6 @ptr_7 @ptr_8 @ptr_9 @ptr_10 SL:DATE_TIME_RECURRING] IN:CREATE_ALARM]
set a daily alarm for 5 : 30 am	set Ġa Ġdaily Ġalarm Ġfor Ġ5 Ġ: Ġ30 Ġam	[IN:CREATE_ALARM @ptr_0 [SL:DATE_TIME_RECURRING @ptr_1 @ptr_2 @ptr_3 @ptr_4 @ptr_5 @ptr_6 @ptr_7 @ptr_8 SL:DATE_TIME_RECURRING] IN:CREATE_ALARM]
make an alarm that goes off every Wednesday	make Ġan Ġalarm Ġthat Ġgoes Ġoff Ġevery ĠWednesday	[IN:CREATE_ALARM @ptr_0 @ptr_1 @ptr_2 @ptr_3 @ptr_4 @ptr_5 [SL:DATE_TIME_RECURRING @ptr_6 @ptr_7 SL:DATE_TIME_RECURRING] IN:CREATE_ALARM]
Set a every Thursday alarm	Set Ġa Ġevery ĠThursday Ġalarm	[IN:CREATE_ALARM @ptr_0 @ptr_1 [SL:DATE_TIME_RECURRING @ptr_2 @ptr_3 SL:DATE_TIME_RECURRING] @ptr_4 IN:CREATE_ALARM]
Could you please set my alarm for 4 am for every Saturday ?	Could Ġyou Ġplease Ġset Ġmy Ġalarm Ġfor Ġ4 Ġam Ġfor Ġevery ĠSaturday Ġ?	[IN:CREATE_ALARM @ptr_0 @ptr_1 @ptr_2 @ptr_3 @ptr_4 @ptr_5 [SL:DATE_TIME_RECURRING @ptr_6 @ptr_7 @ptr_8 @ptr_9 @ptr_10 @ptr_11 SL:DATE_TIME_RECURRING] @ptr_12 IN:CREATE_ALARM]
set up alarms every monday at 5 am	set Ġup Ġalarms Ġevery Ġm onday Ġat Ġ5 Ġam	[IN:CREATE_ALARM @ptr_0 @ptr_1 @ptr_2 [SL:DATE_TIME_RECURRING @ptr_3 @ptr_4 @ptr_5 @ptr_6 @ptr_7 @ptr_8 SL:DATE_TIME_RECURRING] IN:CREATE_ALARM]
set an alarm for 5 pm everyday	set Ġan Ġalarm Ġfor Ġ5 Ġpm Ġeveryday	[IN:CREATE_ALARM @ptr_0 @ptr_1 @ptr_2 [SL:DATE_TIME_RECURRING @ptr_3 @ptr_4 @ptr_5 @ptr_6 SL:DATE_TIME_RECURRING] IN:CREATE_ALARM]
Make an alarm for every day at 11 am	Make Ġan Ġalarm Ġfor Ġevery Ġday Ġat Ġ11 Ġam	[IN:CREATE_ALARM @ptr_0 @ptr_1 @ptr_2 [SL:DATE_TIME_RECURRING @ptr_3 @ptr_4 @ptr_5 @ptr_6 @ptr_7 @ptr_8 SL:DATE_TIME_RECURRING] IN:CREATE_ALARM]
Set an alarm for every Monday at 6 in the mornings .	Set Ġan Ġalarm Ġfor Ġevery ĠMonday Ġat Ġ6 Ġin Ġthe Ġmornings Ġ.	[IN:CREATE_ALARM @ptr_0 @ptr_1 @ptr_2 [SL:DATE_TIME_RECURRING @ptr_3 @ptr_4 @ptr_5 @ptr_6 @ptr_7 @ptr_8 @ptr_9 @ptr_10 SL:DATE_TIME_RECURRING] @ptr_11 IN:CREATE_ALARM]
cancel all alarms for tomorrow	c ancel Ġall Ġalarms Ġfor Ġtomorrow	[IN:DELETE_ALARM @ptr_0 @ptr_1 [SL:AMOUNT @ptr_2 SL:AMOUNT] @ptr_3 [SL:ALARM_NAME [IN:GET_TIME [SL:DATE_TIME @ptr_4 @ptr_5 SL:DATE_TIME] IN:GET_TIME] SL:ALARM_NAME] IN:DELETE_ALARM]
read me all my alarms set for tomorrow	read Ġme Ġall Ġmy Ġalarms Ġset Ġfor Ġtomorrow	[IN:GET_ALARM @ptr_0 @ptr_1 [SL:AMOUNT @ptr_2 SL:AMOUNT] @ptr_3 @ptr_4 @ptr_5 [SL:ALARM_NAME [IN:GET_TIME [SL:DATE_TIME @ptr_6 @ptr_7 SL:DATE_TIME] IN:GET_TIME] SL:ALARM_NAME] IN:GET_ALARM]
Please erase all my alarms .	Please Ġerase Ġall Ġmy Ġalarms Ġ.	[IN:DELETE_ALARM @ptr_0 @ptr_1 [SL:AMOUNT @ptr_2 SL:AMOUNT] @ptr_3 @ptr_4 @ptr_5 IN:DELETE_ALARM]
Delete all alarms	Delete Ġall Ġalarms	[IN:DELETE_ALARM @ptr_0 [SL:AMOUNT @ptr_1 SL:AMOUNT] @ptr_2 IN:DELETE_ALARM]
erase all alarms	er ase Ġall Ġalarms	[IN:DELETE_ALARM @ptr_0 @ptr_1 [SL:AMOUNT @ptr_2 SL:AMOUNT] @ptr_3 IN:DELETE_ALARM]
Please cancel all alarms .	Please Ġcancel Ġall Ġalarms Ġ.	[IN:DELETE_ALARM @ptr_0 @ptr_1 [SL:AMOUNT @ptr_2 SL:AMOUNT] @ptr_3 @ptr_4 IN:DELETE_ALARM]
Please cancel all alarms	Please Ġcancel Ġall Ġalarms	[IN:DELETE_ALARM @ptr_0 @ptr_1 [SL:AMOUNT @ptr_2 SL:AMOUNT] @ptr_3 IN:DELETE_ALARM]
delete all morning alarms for the weekend	delete Ġall Ġmorning Ġalarms Ġfor Ġthe Ġweekend	[IN:DELETE_ALARM @ptr_0 [SL:AMOUNT @ptr_1 SL:AMOUNT] [SL:ALARM_NAME [IN:GET_TIME [SL:DATE_TIME @ptr_2 SL:DATE_TIME] IN:GET_TIME] SL:ALARM_NAME] @ptr_3 [SL:ALARM_NAME [IN:GET_TIME [SL:DATE_TIME @ptr_4 @ptr_5 @ptr_6 SL:DATE_TIME] IN:GET_TIME] SL:ALARM_NAME] IN:DELETE_ALARM]
Make two alarms tomorrow , one for 9 am and one for 10 am	Make Ġtwo Ġalarms Ġtomorrow Ġ, Ġone Ġfor Ġ9 Ġam Ġand Ġone Ġfor Ġ10 Ġam	[IN:CREATE_ALARM @ptr_0 [SL:AMOUNT @ptr_1 SL:AMOUNT] @ptr_2 [SL:DATE_TIME @ptr_3 SL:DATE_TIME] @ptr_4 [SL:AMOUNT @ptr_5 SL:AMOUNT] [SL:DATE_TIME @ptr_6 @ptr_7 @ptr_8 SL:DATE_TIME] @ptr_9 [SL:AMOUNT @ptr_10 SL:AMOUNT] [SL:DATE_TIME @ptr_11 @ptr_12 @ptr_13 SL:DATE_TIME] IN:CREATE_ALARM]
Delete all alarms for Sunday	Delete Ġall Ġalarms Ġfor ĠSunday	[IN:DELETE_ALARM @ptr_0 [SL:AMOUNT @ptr_1 SL:AMOUNT] @ptr_2 [SL:ALARM_NAME [IN:GET_TIME [SL:DATE_TIME @ptr_3 @ptr_4 SL:DATE_TIME] IN:GET_TIME] SL:ALARM_NAME] IN:DELETE_ALARM]
Create two alarms one for 8 am and one for 10 am	Create Ġtwo Ġalarms Ġone Ġfor Ġ8 Ġam Ġand Ġone Ġfor Ġ10 Ġam	[IN:CREATE_ALARM @ptr_0 [SL:AMOUNT @ptr_1 SL:AMOUNT] @ptr_2 @ptr_3 [SL:DATE_TIME @ptr_4 @ptr_5 @ptr_6 SL:DATE_TIME] @ptr_7 @ptr_8 [SL:DATE_TIME @ptr_9 @ptr_10 @ptr_11 SL:DATE_TIME] IN:CREATE_ALARM]
turn off all alarms	turn Ġoff Ġall Ġalarms	[IN:SILENCE_ALARM @ptr_0 @ptr_1 [SL:AMOUNT @ptr_2 SL:AMOUNT] @ptr_3 IN:SILENCE_ALARM]
Show me all alarms created for Friday	Show Ġme Ġall Ġalarms Ġcreated Ġfor ĠFriday	[IN:GET_ALARM @ptr_0 @ptr_1 [SL:AMOUNT @ptr_2 SL:AMOUNT] @ptr_3 @ptr_4 [SL:ALARM_NAME [IN:GET_TIME [SL:DATE_TIME @ptr_5 @ptr_6 SL:DATE_TIME] IN:GET_TIME] SL:ALARM_NAME] IN:GET_ALARM]
Cancel all alarms for Tuesday	C ancel Ġall Ġalarms Ġfor ĠTuesday	[IN:DELETE_ALARM @ptr_0 @ptr_1 [SL:AMOUNT @ptr_2 SL:AMOUNT] @ptr_3 [SL:ALARM_NAME [IN:GET_TIME [SL:DATE_TIME @ptr_4 @ptr_5 SL:DATE_TIME] IN:GET_TIME] SL:ALARM_NAME] IN:DELETE_ALARM]
Please set two alarms for 2 pm and 5 pm on Monday	Please Ġset Ġtwo Ġalarms Ġfor Ġ2 Ġpm Ġand Ġ5 Ġpm Ġon ĠMonday	[IN:CREATE_ALARM @ptr_0 @ptr_1 [SL:AMOUNT @ptr_2 SL:AMOUNT] @ptr_3 [SL:DATE_TIME @ptr_4 @ptr_5 @ptr_6 @ptr_7 @ptr_8 @ptr_9 @ptr_10 @ptr_11 SL:DATE_TIME] IN:CREATE_ALARM]
Show all alarms	Show Ġall Ġalarms	[IN:GET_ALARM @ptr_0 [SL:AMOUNT @ptr_1 SL:AMOUNT] @ptr_2 IN:GET_ALARM]
Turn off all alarms .	Turn Ġoff Ġall Ġalarms Ġ.	[IN:SILENCE_ALARM @ptr_0 @ptr_1 [SL:AMOUNT @ptr_2 SL:AMOUNT] @ptr_3 @ptr_4 IN:SILENCE_ALARM]
I want you to cancel all of my alarms .	I Ġwant Ġyou Ġto Ġcancel Ġall Ġof Ġmy Ġalarms Ġ.	[IN:DELETE_ALARM @ptr_0 @ptr_1 @ptr_2 @ptr_3 @ptr_4 [SL:AMOUNT @ptr_5 SL:AMOUNT] @ptr_6 @ptr_7 @ptr_8 @ptr_9 IN:DELETE_ALARM]
Set two alarms for 5 pm and 12 am tomorrow .	Set Ġtwo Ġalarms Ġfor Ġ5 Ġpm Ġand Ġ12 Ġam Ġtomorrow Ġ.	[IN:CREATE_ALARM @ptr_0 [SL:AMOUNT @ptr_1 SL:AMOUNT] @ptr_2 [SL:DATE_TIME @ptr_3 @ptr_4 @ptr_5 @ptr_6 @ptr_7 @ptr_8 @ptr_9 SL:DATE_TIME] @ptr_10 IN:CREATE_ALARM]
Cancel all alarms .	C ancel Ġall Ġalarms Ġ.	[IN:DELETE_ALARM @ptr_0 @ptr_1 [SL:AMOUNT @ptr_2 SL:AMOUNT] @ptr_3 @ptr_4 IN:DELETE_ALARM]
delete all my active alarms	delete Ġall Ġmy Ġactive Ġalarms	[IN:DELETE_ALARM @ptr_0 [SL:AMOUNT @ptr_1 SL:AMOUNT] @ptr_2 @ptr_3 @ptr_4 IN:DELETE_ALARM]
Show me all alarms	Show Ġme Ġall Ġalarms	[IN:GET_ALARM @ptr_0 @ptr_1 [SL:AMOUNT @ptr_2 SL:AMOUNT] @ptr_3 IN:GET_ALARM]
Show me all set alarms	Show Ġme Ġall Ġset Ġalarms	[IN:GET_ALARM @ptr_0 @ptr_1 [SL:AMOUNT @ptr_2 SL:AMOUNT] @ptr_3 @ptr_4 IN:GET_ALARM]
Delete all current alarms	Delete Ġall Ġcurrent Ġalarms	[IN:DELETE_ALARM @ptr_0 [SL:AMOUNT @ptr_1 SL:AMOUNT] @ptr_2 @ptr_3 IN:DELETE_ALARM]
Show all morning alarms .	Show Ġall Ġmorning Ġalarms Ġ.	[IN:GET_ALARM @ptr_0 [SL:AMOUNT @ptr_1 SL:AMOUNT] [SL:ALARM_NAME @ptr_2 @ptr_3 SL:ALARM_NAME] @ptr_4 IN:GET_ALARM]
make an alarm go off at 5 am on mondays all month	make Ġan Ġalarm Ġgo Ġoff Ġat Ġ5 Ġam Ġon Ġm ond ays Ġall Ġmonth	[IN:CREATE_ALARM @ptr_0 @ptr_1 @ptr_2 @ptr_3 @ptr_4 [SL:DATE_TIME_RECURRING @ptr_5 @ptr_6 @ptr_7 @ptr_8 @ptr_9 @ptr_10 @ptr_11 SL:DATE_TIME_RECURRING] [SL:DURATION @ptr_12 @ptr_13 SL:DURATION] IN:CREATE_ALARM]
Set a alarm for every hour for the next 4 hours .	Set Ġa Ġalarm Ġfor Ġevery Ġhour Ġfor Ġthe Ġnext Ġ4 Ġhours Ġ.	[IN:CREATE_ALARM @ptr_0 @ptr_1 @ptr_2 @ptr_3 [SL:PERIOD @ptr_4 @ptr_5 SL:PERIOD] [SL:DURATION @ptr_6 @ptr_7 @ptr_8 @ptr_9 @ptr_10 SL:DURATION] @ptr_11 IN:CREATE_ALARM]
Make new alarms for 9 am and 10 am Sundays for a month	Make Ġnew Ġalarms Ġfor Ġ9 Ġam Ġand Ġ10 Ġam ĠSundays Ġfor Ġa Ġmonth	[IN:CREATE_ALARM @ptr_0 @ptr_1 @ptr_2 [SL:DATE_TIME_RECURRING @ptr_3 @ptr_4 @ptr_5 @ptr_6 @ptr_7 @ptr_8 @ptr_9 SL:DATE_TIME_RECURRING] [SL:DURATION @ptr_10 @ptr_11 @ptr_12 SL:DURATION] IN:CREATE_ALARM]
Set multiple alarms that repeat for a month on Fridays , for 9 am and 10 am	Set Ġmultiple Ġalarms Ġthat Ġrepeat Ġfor Ġa Ġmonth Ġon ĠFridays Ġ, Ġfor Ġ9 Ġam Ġand Ġ10 Ġam	[IN:CREATE_ALARM @ptr_0 @ptr_1 @ptr_2 @ptr_3 @ptr_4 [SL:DURATION @ptr_5 @ptr_6 @ptr_7 SL:DURATION] [SL:DATE_TIME_RECURRING @ptr_8 @ptr_9 @ptr_10 @ptr_11 @ptr_12 @ptr_13 @ptr_14 @ptr_15 @ptr_16 SL:DATE_TIME_RECURRING] IN:CREATE_ALARM]
set alarm every minute for 6 min	set Ġalarm Ġevery Ġminute Ġfor Ġ6 Ġmin	[IN:CREATE_ALARM @ptr_0 @ptr_1 [SL:PERIOD @ptr_2 @ptr_3 SL:PERIOD] [SL:DURATION @ptr_4 @ptr_5 @ptr_6 SL:DURATION] IN:CREATE_ALARM]
set my alarm for 5 am every weekday for the next two weeks	set Ġmy Ġalarm Ġfor Ġ5 Ġam Ġevery Ġweekday Ġfor Ġthe Ġnext Ġtwo Ġweeks	[IN:CREATE_ALARM @ptr_0 @ptr_1 @ptr_2 [SL:DATE_TIME_RECURRING @ptr_3 @ptr_4 @ptr_5 @ptr_6 @ptr_7 SL:DATE_TIME_RECURRING] [SL:DURATION @ptr_8 @ptr_9 @ptr_10 @ptr_11 @ptr_12 SL:DURATION] IN:CREATE_ALARM]
Please set an alarm every 15 minutes for the next hour	Please Ġset Ġan Ġalarm Ġevery Ġ15 Ġminutes Ġfor Ġthe Ġnext Ġhour	[IN:CREATE_ALARM @ptr_0 @ptr_1 @ptr_2 @ptr_3 [SL:PERIOD @ptr_4 @ptr_5 @ptr_6 SL:PERIOD] [SL:DURATION @ptr_7 @ptr_8 @ptr_9 @ptr_10 SL:DURATION] IN:CREATE_ALARM]
Set alarm every minute for 45 minutes	Set Ġalarm Ġevery Ġminute Ġfor Ġ45 Ġminutes	[IN:CREATE_ALARM @ptr_0 @ptr_1 [SL:PERIOD @ptr_2 @ptr_3 SL:PERIOD] [SL:DURATION @ptr_4 @ptr_5 @ptr_6 SL:DURATION] IN:CREATE_ALARM]
Set alarm for Saturday and Sunday at 2 pm for a month	Set Ġalarm Ġfor ĠSaturday Ġand ĠSunday Ġat Ġ2 Ġpm Ġfor Ġa Ġmonth	[IN:CREATE_ALARM @ptr_0 @ptr_1 [SL:DATE_TIME_RECURRING @ptr_2 @ptr_3 @ptr_4 @ptr_5 @ptr_6 @ptr_7 @ptr_8 SL:DATE_TIME_RECURRING] [SL:DURATION @ptr_9 @ptr_10 @ptr_11 SL:DURATION] IN:CREATE_ALARM]
Set alarm every 2 minutes for 30 minutes	Set Ġalarm Ġevery Ġ2 Ġminutes Ġfor Ġ30 Ġminutes	[IN:CREATE_ALARM @ptr_0 @ptr_1 [SL:PERIOD @ptr_2 @ptr_3 @ptr_4 SL:PERIOD] [SL:DURATION @ptr_5 @ptr_6 @ptr_7 SL:DURATION] IN:CREATE_ALARM]
Please make an alarm to be repeated for the next two months on Tuesdays at 2 pm	Please Ġmake Ġan Ġalarm Ġto Ġbe Ġrepeated Ġfor Ġthe Ġnext Ġtwo Ġmonths Ġon ĠTues days Ġat Ġ2 Ġpm	[IN:CREATE_ALARM @ptr_0 @ptr_1 @ptr_2 @ptr_3 @ptr_4 @ptr_5 @ptr_6 [SL:DURATION @ptr_7 @ptr_8 @ptr_9 @ptr_10 @ptr_11 SL:DURATION] [SL:DATE_TIME_RECURRING @ptr_12 @ptr_13 @ptr_14 @ptr_15 @ptr_16 @ptr_17 SL:DATE_TIME_RECURRING] IN:CREATE_ALARM]
Snooze for half an hour .	Sn oo ze Ġfor Ġhalf Ġan Ġhour Ġ.	[IN:SNOOZE_ALARM @ptr_0 @ptr_1 @ptr_2 [SL:DURATION @ptr_3 @ptr_4 @ptr_5 @ptr_6 SL:DURATION] @ptr_7 IN:SNOOZE_ALARM]
Set alarm every minute for 10 minutes .	Set Ġalarm Ġevery Ġminute Ġfor Ġ10 Ġminutes Ġ.	[IN:CREATE_ALARM @ptr_0 @ptr_1 [SL:PERIOD @ptr_2 @ptr_3 SL:PERIOD] [SL:DURATION @ptr_4 @ptr_5 @ptr_6 SL:DURATION] @ptr_7 IN:CREATE_ALARM]
Snooze alarm for 30 minutes	Sn oo ze Ġalarm Ġfor Ġ30 Ġminutes	[IN:SNOOZE_ALARM @ptr_0 @ptr_1 @ptr_2 @ptr_3 [SL:DURATION @ptr_4 @ptr_5 @ptr_6 SL:DURATION] IN:SNOOZE_ALARM]
Create an alarm on Sunday for 1 pm for two weeks .	Create Ġan Ġalarm Ġon ĠSunday Ġfor Ġ1 Ġpm Ġfor Ġtwo Ġweeks Ġ.	[IN:CREATE_ALARM @ptr_0 @ptr_1 @ptr_2 [SL:DATE_TIME @ptr_3 @ptr_4 @ptr_5 @ptr_6 @ptr_7 SL:DATE_TIME] [SL:DURATION @ptr_8 @ptr_9 @ptr_10 SL:DURATION] @ptr_11 IN:CREATE_ALARM]
Create an alarm for every Monday for the rest of the month	Create Ġan Ġalarm Ġfor Ġevery ĠMonday Ġfor Ġthe Ġrest Ġof Ġthe Ġmonth	[IN:CREATE_ALARM @ptr_0 @ptr_1 @ptr_2 [SL:DATE_TIME_RECURRING @ptr_3 @ptr_4 @ptr_5 SL:DATE_TIME_RECURRING] [SL:DURATION @ptr_6 @ptr_7 @ptr_8 @ptr_9 @ptr_10 @ptr_11 SL:DURATION] IN:CREATE_ALARM]
Set weekly alarms for every Sunday at noon and at midnight for the next eight months .	Set Ġweekly Ġalarms Ġfor Ġevery ĠSunday Ġat Ġnoon Ġand Ġat Ġmidnight Ġfor Ġthe Ġnext Ġeight Ġmonths Ġ.	[IN:CREATE_ALARM @ptr_0 [SL:PERIOD @ptr_1 SL:PERIOD] @ptr_2 [SL:DATE_TIME_RECURRING @ptr_3 @ptr_4 @ptr_5 @ptr_6 @ptr_7 @ptr_8 @ptr_9 @ptr_10 SL:DATE_TIME_RECURRING] [SL:DURATION @ptr_11 @ptr_12 @ptr_13 @ptr_14 @ptr_15 SL:DURATION] @ptr_16 IN:CREATE_ALARM]
Set an alarm for every 3 minutes for 15 minutes .	Set Ġan Ġalarm Ġfor Ġevery Ġ3 Ġminutes Ġfor Ġ15 Ġminutes Ġ.	[IN:CREATE_ALARM @ptr_0 @ptr_1 @ptr_2 @ptr_3 [SL:PERIOD @ptr_4 @ptr_5 @ptr_6 SL:PERIOD] [SL:DURATION @ptr_7 @ptr_8 @ptr_9 SL:DURATION] @ptr_10 IN:CREATE_ALARM]
Set an alarm to go off at 6 pm on weds for 6 weeks	Set Ġan Ġalarm Ġto Ġgo Ġoff Ġat Ġ6 Ġpm Ġon Ġw eds Ġfor Ġ6 Ġweeks	[IN:CREATE_ALARM @ptr_0 @ptr_1 @ptr_2 @ptr_3 @ptr_4 @ptr_5 [SL:DATE_TIME_RECURRING @ptr_6 @ptr_7 @ptr_8 @ptr_9 @ptr_10 @ptr_11 SL:DATE_TIME_RECURRING] [SL:DURATION @ptr_12 @ptr_13 @ptr_14 SL:DURATION] IN:CREATE_ALARM]
Repeat alarm everyday at 8 am for 14 days	Repeat Ġalarm Ġeveryday Ġat Ġ8 Ġam Ġfor Ġ14 Ġdays	[IN:CREATE_ALARM @ptr_0 @ptr_1 [SL:DATE_TIME_RECURRING @ptr_2 @ptr_3 @ptr_4 @ptr_5 SL:DATE_TIME_RECURRING] [SL:DURATION @ptr_6 @ptr_7 @ptr_8 SL:DURATION] IN:CREATE_ALARM]
Set alarm every 2 minutes for 30 minutes .	Set Ġalarm Ġevery Ġ2 Ġminutes Ġfor Ġ30 Ġminutes Ġ.	[IN:CREATE_ALARM @ptr_0 @ptr_1 [SL:PERIOD @ptr_2 @ptr_3 @ptr_4 SL:PERIOD] [SL:DURATION @ptr_5 @ptr_6 @ptr_7 SL:DURATION] @ptr_8 IN:CREATE_ALARM]
Set alarm for every minute for 15 minutes Saturday	Set Ġalarm Ġfor Ġevery Ġminute Ġfor Ġ15 Ġminutes ĠSaturday	[IN:CREATE_ALARM @ptr_0 @ptr_1 @ptr_2 [SL:PERIOD @ptr_3 @ptr_4 SL:PERIOD] [SL:DURATION @ptr_5 @ptr_6 @ptr_7 SL:DURATION] [SL:DATE_TIME @ptr_8 SL:DATE_TIME] IN:CREATE_ALARM]
Set an alarm for every 5 minutes for an hour	Set Ġan Ġalarm Ġfor Ġevery Ġ5 Ġminutes Ġfor Ġan Ġhour	[IN:CREATE_ALARM @ptr_0 @ptr_1 @ptr_2 @ptr_3 [SL:PERIOD @ptr_4 @ptr_5 @ptr_6 SL:PERIOD] [SL:DURATION @ptr_7 @ptr_8 @ptr_9 SL:DURATION] IN:CREATE_ALARM]
set alarms for Thursdays at 5 am and 5 pm for 6 weeks	set Ġalarms Ġfor ĠThurs days Ġat Ġ5 Ġam Ġand Ġ5 Ġpm Ġfor Ġ6 Ġweeks	[IN:CREATE_ALARM @ptr_0 @ptr_1 [SL:DATE_TIME_RECURRING @ptr_2 @ptr_3 @ptr_4 @ptr_5 @ptr_6 @ptr_7 @ptr_8 @ptr_9 @ptr_10 SL:DATE_TIME_RECURRING] [SL:DURATION @ptr_11 @ptr_12 @ptr_13 SL:DURATION] IN:CREATE_ALARM]
Create an alarm every Monday for one month .	Create Ġan Ġalarm Ġevery ĠMonday Ġfor Ġone Ġmonth Ġ.	[IN:CREATE_ALARM @ptr_0 @ptr_1 @ptr_2 [SL:DATE_TIME_RECURRING @ptr_3 @ptr_4 SL:DATE_TIME_RECURRING] [SL:DURATION @ptr_5 @ptr_6 @ptr_7 SL:DURATION] @ptr_8 IN:CREATE_ALARM]
Turn off all alarms for today .	Turn Ġoff Ġall Ġalarms Ġfor Ġtoday Ġ.	[IN:SILENCE_ALARM @ptr_0 @ptr_1 [SL:AMOUNT @ptr_2 SL:AMOUNT] @ptr_3 [SL:ALARM_NAME [IN:GET_TIME [SL:DATE_TIME @ptr_4 @ptr_5 SL:DATE_TIME] IN:GET_TIME] SL:ALARM_NAME] @ptr_6 IN:SILENCE_ALARM]
Please stop that noise	Please Ġstop Ġthat Ġnoise	[IN:SILENCE_ALARM @ptr_0 @ptr_1 @ptr_2 @ptr_3 IN:SILENCE_ALARM]
Disable alarm .	Disable Ġalarm Ġ.	[IN:SILENCE_ALARM @ptr_0 @ptr_1 @ptr_2 IN:SILENCE_ALARM]
Turn off all alarms	Turn Ġoff Ġall Ġalarms	[IN:SILENCE_ALARM @ptr_0 @ptr_1 [SL:AMOUNT @ptr_2 SL:AMOUNT] @ptr_3 IN:SILENCE_ALARM]
Turn off this alarm .	Turn Ġoff Ġthis Ġalarm Ġ.	[IN:SILENCE_ALARM @ptr_0 @ptr_1 @ptr_2 @ptr_3 @ptr_4 IN:SILENCE_ALARM]
Turn off all alarms	Turn Ġoff Ġall Ġalarms	[IN:SILENCE_ALARM @ptr_0 @ptr_1 [SL:AMOUNT @ptr_2 SL:AMOUNT] @ptr_3 IN:SILENCE_ALARM]
stop all alarms	stop Ġall Ġalarms	[IN:SILENCE_ALARM @ptr_0 [SL:AMOUNT @ptr_1 SL:AMOUNT] @ptr_2 IN:SILENCE_ALARM]
Turn off all alarms .	Turn Ġoff Ġall Ġalarms Ġ.	[IN:SILENCE_ALARM @ptr_0 @ptr_1 [SL:AMOUNT @ptr_2 SL:AMOUNT] @ptr_3 @ptr_4 IN:SILENCE_ALARM]
turn off all my alarms	turn Ġoff Ġall Ġmy Ġalarms	[IN:SILENCE_ALARM @ptr_0 @ptr_1 [SL:AMOUNT @ptr_2 SL:AMOUNT] @ptr_3 @ptr_4 IN:SILENCE_ALARM]
Stop alarm	Stop Ġalarm	[IN:SILENCE_ALARM @ptr_0 @ptr_1 IN:SILENCE_ALARM]
Shut off the alarm for tomorrow	Shut Ġoff Ġthe Ġalarm Ġfor Ġtomorrow	[IN:SILENCE_ALARM @ptr_0 @ptr_1 @ptr_2 @ptr_3 [SL:ALARM_NAME [IN:GET_TIME [SL:DATE_TIME @ptr_4 @ptr_5 SL:DATE_TIME] IN:GET_TIME] SL:ALARM_NAME] IN:SILENCE_ALARM]
skip all alarms from 5 pm to 8 pm	skip Ġall Ġalarms Ġfrom Ġ5 Ġpm Ġto Ġ8 Ġpm	[IN:SILENCE_ALARM @ptr_0 [SL:AMOUNT @ptr_1 SL:AMOUNT] @ptr_2 [SL:ALARM_NAME [IN:GET_TIME [SL:DATE_TIME @ptr_3 @ptr_4 @ptr_5 @ptr_6 @ptr_7 @ptr_8 SL:DATE_TIME] IN:GET_TIME] SL:ALARM_NAME] IN:SILENCE_ALARM]
Turn off all alarms	Turn Ġoff Ġall Ġalarms	[IN:SILENCE_ALARM @ptr_0 @ptr_1 [SL:AMOUNT @ptr_2 SL:AMOUNT] @ptr_3 IN:SILENCE_ALARM]
turn off all alarms for today	turn Ġoff Ġall Ġalarms Ġfor Ġtoday	[IN:SILENCE_ALARM @ptr_0 @ptr_1 [SL:AMOUNT @ptr_2 SL:AMOUNT] @ptr_3 [SL:ALARM_NAME [IN:GET_TIME [SL:DATE_TIME @ptr_4 @ptr_5 SL:DATE_TIME] IN:GET_TIME] SL:ALARM_NAME] IN:SILENCE_ALARM]
Disable Alarm	Disable ĠAl arm	[IN:SILENCE_ALARM @ptr_0 @ptr_1 @ptr_2 IN:SILENCE_ALARM]
turn off alarms	turn Ġoff Ġalarms	[IN:SILENCE_ALARM @ptr_0 @ptr_1 @ptr_2 IN:SILENCE_ALARM]
Turn off please	Turn Ġoff Ġplease	[IN:SILENCE_ALARM @ptr_0 @ptr_1 @ptr_2 IN:SILENCE_ALARM]
Stop all alarms for the day	Stop Ġall Ġalarms Ġfor Ġthe Ġday	[IN:SILENCE_ALARM @ptr_0 [SL:AMOUNT @ptr_1 SL:AMOUNT] @ptr_2 @ptr_3 @ptr_4 @ptr_5 IN:SILENCE_ALARM]
turn off current alarm	turn Ġoff Ġcurrent Ġalarm	[IN:SILENCE_ALARM @ptr_0 @ptr_1 @ptr_2 @ptr_3 IN:SILENCE_ALARM]
switch off my alarm please	switch Ġoff Ġmy Ġalarm Ġplease	[IN:SILENCE_ALARM @ptr_0 @ptr_1 @ptr_2 @ptr_3 @ptr_4 IN:SILENCE_ALARM]
Cancel the alarms ringing .	C ancel Ġthe Ġalarms Ġringing Ġ.	[IN:SILENCE_ALARM @ptr_0 @ptr_1 @ptr_2 @ptr_3 @ptr_4 @ptr_5 IN:SILENCE_ALARM]
shut the alarm up	shut Ġthe Ġalarm Ġup	[IN:SILENCE_ALARM @ptr_0 @ptr_1 @ptr_2 @ptr_3 IN:SILENCE_ALARM]
Can you turn off my alarm ?	Can Ġyou Ġturn Ġoff Ġmy Ġalarm Ġ?	[IN:SILENCE_ALARM @ptr_0 @ptr_1 @ptr_2 @ptr_3 @ptr_4 @ptr_5 @ptr_6 IN:SILENCE_ALARM]
turn off the alarm , please	turn Ġoff Ġthe Ġalarm Ġ, Ġplease	[IN:SILENCE_ALARM @ptr_0 @ptr_1 @ptr_2 @ptr_3 @ptr_4 @ptr_5 IN:SILENCE_ALARM]
Quiet please	Qu iet Ġplease	[IN:SILENCE_ALARM @ptr_0 @ptr_1 @ptr_2 IN:SILENCE_ALARM]
what do my next 8 alarms say	what Ġdo Ġmy Ġnext Ġ8 Ġalarms Ġsay	[IN:GET_ALARM @ptr_0 @ptr_1 @ptr_2 [SL:ORDINAL @ptr_3 SL:ORDINAL] [SL:AMOUNT @ptr_4 SL:AMOUNT] @ptr_5 @ptr_6 IN:GET_ALARM]
tell me my next alarm	tell Ġme Ġmy Ġnext Ġalarm	[IN:GET_ALARM @ptr_0 @ptr_1 @ptr_2 [SL:ORDINAL @ptr_3 SL:ORDINAL] @ptr_4 IN:GET_ALARM]
When time is my next alarm set for ?	When Ġtime Ġis Ġmy Ġnext Ġalarm Ġset Ġfor Ġ?	[IN:GET_ALARM @ptr_0 @ptr_1 @ptr_2 @ptr_3 [SL:ORDINAL @ptr_4 SL:ORDINAL] @ptr_5 @ptr_6 @ptr_7 @ptr_8 IN:GET_ALARM]
Cancel the next alarm	C ancel Ġthe Ġnext Ġalarm	[IN:SILENCE_ALARM @ptr_0 @ptr_1 @ptr_2 [SL:ORDINAL @ptr_3 SL:ORDINAL] @ptr_4 IN:SILENCE_ALARM]
Please show me my next alarm .	Please Ġshow Ġme Ġmy Ġnext Ġalarm Ġ.	[IN:GET_ALARM @ptr_0 @ptr_1 @ptr_2 @ptr_3 [SL:ORDINAL @ptr_4 SL:ORDINAL] @ptr_5 @ptr_6 IN:GET_ALARM]
How much time until my next alarm goes off	How Ġmuch Ġtime Ġuntil Ġmy Ġnext Ġalarm Ġgoes Ġoff	[IN:GET_ALARM @ptr_0 @ptr_1 @ptr_2 @ptr_3 @ptr_4 [SL:ORDINAL @ptr_5 SL:ORDINAL] @ptr_6 @ptr_7 @ptr_8 IN:GET_ALARM]
Change my next alarm to 3 pm	Change Ġmy Ġnext Ġalarm Ġto Ġ3 Ġpm	[IN:UPDATE_ALARM @ptr_0 @ptr_1 [SL:ORDINAL @ptr_2 SL:ORDINAL] @ptr_3 [SL:DATE_TIME @ptr_4 @ptr_5 @ptr_6 SL:DATE_TIME] IN:UPDATE_ALARM]
Cancel my next alarm .	C ancel Ġmy Ġnext Ġalarm Ġ.	[IN:DELETE_ALARM @ptr_0 @ptr_1 @ptr_2 [SL:ORDINAL @ptr_3 SL:ORDINAL] @ptr_4 @ptr_5 IN:DELETE_ALARM]
Snooze the next two alarms	Sn oo ze Ġthe Ġnext Ġtwo Ġalarms	[IN:SNOOZE_ALARM @ptr_0 @ptr_1 @ptr_2 @ptr_3 [SL:ORDINAL @ptr_4 @ptr_5 SL:ORDINAL] @ptr_6 IN:SNOOZE_ALARM]
When is my next alarm set to go off ?	When Ġis Ġmy Ġnext Ġalarm Ġset Ġto Ġgo Ġoff Ġ?	[IN:GET_ALARM @ptr_0 @ptr_1 @ptr_2 [SL:ORDINAL @ptr_3 SL:ORDINAL] @ptr_4 @ptr_5 @ptr_6 @ptr_7 @ptr_8 @ptr_9 IN:GET_ALARM]
Modify the next alarm from 4.00pm to 4.05pm	Mod ify Ġthe Ġnext Ġalarm Ġfrom Ġ4 . 00 pm Ġto Ġ4 . 05 pm	[IN:UPDATE_ALARM @ptr_0 @ptr_1 @ptr_2 [SL:ORDINAL @ptr_3 SL:ORDINAL] @ptr_4 [SL:ALARM_NAME [IN:GET_TIME [SL:DATE_TIME @ptr_5 @ptr_6 @ptr_7 @ptr_8 @ptr_9 SL:DATE_TIME] IN:GET_TIME] SL:ALARM_NAME] [SL:DATE_TIME @ptr_10 @ptr_11 @ptr_12 @ptr_13 @ptr_14 SL:DATE_TIME] IN:UPDATE_ALARM]
How much time before next alarm ?	How Ġmuch Ġtime Ġbefore Ġnext Ġalarm Ġ?	[IN:GET_ALARM @ptr_0 @ptr_1 @ptr_2 @ptr_3 [SL:ORDINAL @ptr_4 SL:ORDINAL] @ptr_5 @ptr_6 IN:GET_ALARM]
Notify the next alarm for Wednesday	Not ify Ġthe Ġnext Ġalarm Ġfor ĠWednesday	[IN:UPDATE_ALARM @ptr_0 @ptr_1 @ptr_2 [SL:ORDINAL @ptr_3 SL:ORDINAL] @ptr_4 [SL:DATE_TIME @ptr_5 @ptr_6 SL:DATE_TIME] IN:UPDATE_ALARM]
What time is my next alarm ?	What Ġtime Ġis Ġmy Ġnext Ġalarm Ġ?	[IN:GET_ALARM @ptr_0 @ptr_1 @ptr_2 @ptr_3 [SL:ORDINAL @ptr_4 SL:ORDINAL] @ptr_5 @ptr_6 IN:GET_ALARM]
Show me the next alarm	Show Ġme Ġthe Ġnext Ġalarm	[IN:GET_ALARM @ptr_0 @ptr_1 @ptr_2 [SL:ORDINAL @ptr_3 SL:ORDINAL] @ptr_4 IN:GET_ALARM]
cancel previous alarm	c ancel Ġprevious Ġalarm	[IN:DELETE_ALARM @ptr_0 @ptr_1 [SL:ORDINAL @ptr_2 SL:ORDINAL] @ptr_3 IN:DELETE_ALARM]
delete that last alarm we just created	delete Ġthat Ġlast Ġalarm Ġwe Ġjust Ġcreated	[IN:DELETE_ALARM @ptr_0 @ptr_1 [SL:ORDINAL @ptr_2 SL:ORDINAL] @ptr_3 @ptr_4 @ptr_5 @ptr_6 IN:DELETE_ALARM]
delete next alarm	delete Ġnext Ġalarm	[IN:DELETE_ALARM @ptr_0 [SL:ORDINAL @ptr_1 SL:ORDINAL] @ptr_2 IN:DELETE_ALARM]
Please display my next alarm	Please Ġdisplay Ġmy Ġnext Ġalarm	[IN:GET_ALARM @ptr_0 @ptr_1 @ptr_2 [SL:ORDINAL @ptr_3 SL:ORDINAL] @ptr_4 IN:GET_ALARM]
Change the next alarm to 8 : 15 P.M .	Change Ġthe Ġnext Ġalarm Ġto Ġ8 Ġ: Ġ15 ĠP . M Ġ.	[IN:UPDATE_ALARM @ptr_0 @ptr_1 [SL:ORDINAL @ptr_2 SL:ORDINAL] @ptr_3 [SL:DATE_TIME @ptr_4 @ptr_5 @ptr_6 @ptr_7 @ptr_8 @ptr_9 @ptr_10 SL:DATE_TIME] @ptr_11 IN:UPDATE_ALARM]
Turn on last alarm	Turn Ġon Ġlast Ġalarm	[IN:CREATE_ALARM @ptr_0 @ptr_1 [SL:ORDINAL @ptr_2 SL:ORDINAL] @ptr_3 IN:CREATE_ALARM]
what is my next alarm	what Ġis Ġmy Ġnext Ġalarm	[IN:GET_ALARM @ptr_0 @ptr_1 @ptr_2 [SL:ORDINAL @ptr_3 SL:ORDINAL] @ptr_4 IN:GET_ALARM]
cancel the next alarm	c ancel Ġthe Ġnext Ġalarm	[IN:DELETE_ALARM @ptr_0 @ptr_1 @ptr_2 [SL:ORDINAL @ptr_3 SL:ORDINAL] @ptr_4 IN:DELETE_ALARM]
Delete my next alarm .	Delete Ġmy Ġnext Ġalarm Ġ.	[IN:DELETE_ALARM @ptr_0 @ptr_1 [SL:ORDINAL @ptr_2 SL:ORDINAL] @ptr_3 @ptr_4 IN:DELETE_ALARM]
What time is my next alarm ?	What Ġtime Ġis Ġmy Ġnext Ġalarm Ġ?	[IN:GET_ALARM @ptr_0 @ptr_1 @ptr_2 @ptr_3 [SL:ORDINAL @ptr_4 SL:ORDINAL] @ptr_5 @ptr_6 IN:GET_ALARM]
Snooze the alarm for 15 minutes	Sn oo ze Ġthe Ġalarm Ġfor Ġ15 Ġminutes	[IN:SNOOZE_ALARM @ptr_0 @ptr_1 @ptr_2 @ptr_3 @ptr_4 [SL:DATE_TIME @ptr_5 @ptr_6 @ptr_7 SL:DATE_TIME] IN:SNOOZE_ALARM]
snooze the alarm for 12 minutes	sn oo ze Ġthe Ġalarm Ġfor Ġ12 Ġminutes	[IN:SNOOZE_ALARM @ptr_0 @ptr_1 @ptr_2 @ptr_3 @ptr_4 [SL:DATE_TIME @ptr_5 @ptr_6 @ptr_7 SL:DATE_TIME] IN:SNOOZE_ALARM]
silence alarm for 6 minutes	sil ence Ġalarm Ġfor Ġ6 Ġminutes	[IN:SNOOZE_ALARM @ptr_0 @ptr_1 @ptr_2 [SL:DATE_TIME @ptr_3 @ptr_4 @ptr_5 SL:DATE_TIME] IN:SNOOZE_ALARM]
Snooze alarm for 5 minutes	Sn oo ze Ġalarm Ġfor Ġ5 Ġminutes	[IN:SNOOZE_ALARM @ptr_0 @ptr_1 @ptr_2 @ptr_3 [SL:DATE_TIME @ptr_4 @ptr_5 @ptr_6 SL:DATE_TIME] IN:SNOOZE_ALARM]
set the snooze interval on alarm for 15 minutes	set Ġthe Ġsn oo ze Ġinterval Ġon Ġalarm Ġfor Ġ15 Ġminutes	[IN:SNOOZE_ALARM @ptr_0 @ptr_1 @ptr_2 @ptr_3 @ptr_4 @ptr_5 @ptr_6 @ptr_7 [SL:DATE_TIME @ptr_8 @ptr_9 @ptr_10 SL:DATE_TIME] IN:SNOOZE_ALARM]
pause alarm	pause Ġalarm	[IN:SNOOZE_ALARM @ptr_0 @ptr_1 IN:SNOOZE_ALARM]
Snooze alarm for an hour .	Sn oo ze Ġalarm Ġfor Ġan Ġhour Ġ.	[IN:SNOOZE_ALARM @ptr_0 @ptr_1 @ptr_2 @ptr_3 [SL:DATE_TIME @ptr_4 @ptr_5 @ptr_6 SL:DATE_TIME] @ptr_7 IN:SNOOZE_ALARM]
please snooze the alarm 10 minutes	please Ġsn oo ze Ġthe Ġalarm Ġ10 Ġminutes	[IN:SNOOZE_ALARM @ptr_0 @ptr_1 @ptr_2 @ptr_3 @ptr_4 @ptr_5 [SL:DATE_TIME @ptr_6 @ptr_7 SL:DATE_TIME] IN:SNOOZE_ALARM]
snooze my alarm for 10 minutes	sn oo ze Ġmy Ġalarm Ġfor Ġ10 Ġminutes	[IN:SNOOZE_ALARM @ptr_0 @ptr_1 @ptr_2 @ptr_3 @ptr_4 [SL:DATE_TIME @ptr_5 @ptr_6 @ptr_7 SL:DATE_TIME] IN:SNOOZE_ALARM]
Can you snooze my alarm ?	Can Ġyou Ġsn oo ze Ġmy Ġalarm Ġ?	[IN:SNOOZE_ALARM @ptr_0 @ptr_1 @ptr_2 @ptr_3 @ptr_4 @ptr_5 @ptr_6 @ptr_7 IN:SNOOZE_ALARM]
Please snooze the alarm for another 30 minutes	Please Ġsn oo ze Ġthe Ġalarm Ġfor Ġanother Ġ30 Ġminutes	[IN:SNOOZE_ALARM @ptr_0 @ptr_1 @ptr_2 @ptr_3 @ptr_4 @ptr_5 @ptr_6 @ptr_7 [SL:DATE_TIME @ptr_8 @ptr_9 SL:DATE_TIME] IN:SNOOZE_ALARM]
snooze after 5 minutes	sn oo ze Ġafter Ġ5 Ġminutes	[IN:SNOOZE_ALARM @ptr_0 @ptr_1 @ptr_2 [SL:DATE_TIME @ptr_3 @ptr_4 @ptr_5 SL:DATE_TIME] IN:SNOOZE_ALARM]
Sleep alarm for ten minutes .	Sleep Ġalarm Ġfor Ġten Ġminutes Ġ.	[IN:SNOOZE_ALARM @ptr_0 @ptr_1 [SL:DURATION @ptr_2 @ptr_3 @ptr_4 SL:DURATION] @ptr_5 IN:SNOOZE_ALARM]
Snooze my alarm for 10 minutes	Sn oo ze Ġmy Ġalarm Ġfor Ġ10 Ġminutes	[IN:SNOOZE_ALARM @ptr_0 @ptr_1 @ptr_2 @ptr_3 @ptr_4 [SL:DATE_TIME @ptr_5 @ptr_6 @ptr_7 SL:DATE_TIME] IN:SNOOZE_ALARM]
Stop alarm going off , but make sure it goes off again in 10 minutes .	Stop Ġalarm Ġgoing Ġoff Ġ, Ġbut Ġmake Ġsure Ġit Ġgoes Ġoff Ġagain Ġin Ġ10 Ġminutes Ġ.	[IN:SNOOZE_ALARM @ptr_0 @ptr_1 @ptr_2 @ptr_3 @ptr_4 @ptr_5 @ptr_6 @ptr_7 @ptr_8 @ptr_9 @ptr_10 @ptr_11 [SL:DATE_TIME @ptr_12 @ptr_13 @ptr_14 SL:DATE_TIME] @ptr_15 IN:SNOOZE_ALARM]
Snooze my alarm for 2 minutes .	Sn oo ze Ġmy Ġalarm Ġfor Ġ2 Ġminutes Ġ.	[IN:SNOOZE_ALARM @ptr_0 @ptr_1 @ptr_2 @ptr_3 @ptr_4 [SL:DURATION @ptr_5 @ptr_6 @ptr_7 SL:DURATION] @ptr_8 IN:SNOOZE_ALARM]
Set a snooze alarm for ten minutes	Set Ġa Ġsn oo ze Ġalarm Ġfor Ġten Ġminutes	[IN:SNOOZE_ALARM @ptr_0 @ptr_1 @ptr_2 @ptr_3 @ptr_4 @ptr_5 [SL:DATE_TIME @ptr_6 @ptr_7 @ptr_8 SL:DATE_TIME] IN:SNOOZE_ALARM]
Could you nooze my alarm for 20 minutes , please ?	Could Ġyou Ġno o ze Ġmy Ġalarm Ġfor Ġ20 Ġminutes Ġ, Ġplease Ġ?	[IN:SNOOZE_ALARM @ptr_0 @ptr_1 @ptr_2 @ptr_3 @ptr_4 @ptr_5 @ptr_6 [SL:DATE_TIME @ptr_7 @ptr_8 @ptr_9 SL:DATE_TIME] @ptr_10 @ptr_11 @ptr_12 IN:SNOOZE_ALARM]
Stop alarm for 5 mins .	Stop Ġalarm Ġfor Ġ5 Ġmins Ġ.	[IN:SNOOZE_ALARM @ptr_0 @ptr_1 [SL:DATE_TIME @ptr_2 @ptr_3 @ptr_4 SL:DATE_TIME] @ptr_5 IN:SNOOZE_ALARM]
Wake me up again in twenty minutes .	W ake Ġme Ġup Ġagain Ġin Ġtwenty Ġminutes Ġ.	[IN:SNOOZE_ALARM @ptr_0 @ptr_1 @ptr_2 @ptr_3 @ptr_4 [SL:DATE_TIME @ptr_5 @ptr_6 @ptr_7 SL:DATE_TIME] @ptr_8 IN:SNOOZE_ALARM]
snooze that alarm	sn oo ze Ġthat Ġalarm	[IN:SNOOZE_ALARM @ptr_0 @ptr_1 @ptr_2 @ptr_3 @ptr_4 IN:SNOOZE_ALARM]
Extend snooze on Sunday please	Ext end Ġsn oo ze Ġon ĠSunday Ġplease	[IN:SNOOZE_ALARM @ptr_0 @ptr_1 @ptr_2 @ptr_3 @ptr_4 [SL:DATE_TIME @ptr_5 @ptr_6 SL:DATE_TIME] @ptr_7 IN:SNOOZE_ALARM]
Snooze until 1 pm	Sn oo ze Ġuntil Ġ1 Ġpm	[IN:SNOOZE_ALARM @ptr_0 @ptr_1 @ptr_2 [SL:DATE_TIME @ptr_3 @ptr_4 @ptr_5 SL:DATE_TIME] IN:SNOOZE_ALARM]
Can you snooze for 8 minutes ?	Can Ġyou Ġsn oo ze Ġfor Ġ8 Ġminutes Ġ?	[IN:SNOOZE_ALARM @ptr_0 @ptr_1 @ptr_2 @ptr_3 @ptr_4 [SL:DATE_TIME @ptr_5 @ptr_6 @ptr_7 SL:DATE_TIME] @ptr_8 IN:SNOOZE_ALARM]
snooze current alarm	sn oo ze Ġcurrent Ġalarm	[IN:SNOOZE_ALARM @ptr_0 @ptr_1 @ptr_2 @ptr_3 @ptr_4 IN:SNOOZE_ALARM]
Edit my 3 pm alarm to 5 pm	Edit Ġmy Ġ3 Ġpm Ġalarm Ġto Ġ5 Ġpm	[IN:UPDATE_ALARM @ptr_0 @ptr_1 [SL:ALARM_NAME [IN:GET_TIME [SL:DATE_TIME @ptr_2 @ptr_3 SL:DATE_TIME] IN:GET_TIME] SL:ALARM_NAME] @ptr_4 [SL:DATE_TIME @ptr_5 @ptr_6 @ptr_7 SL:DATE_TIME] IN:UPDATE_ALARM]
Change my alarm from 7 : 00 am to 7 : 30 am for tomorrow .	Change Ġmy Ġalarm Ġfrom Ġ7 Ġ: Ġ00 Ġam Ġto Ġ7 Ġ: Ġ30 Ġam Ġfor Ġtomorrow Ġ.	[IN:UPDATE_ALARM @ptr_0 @ptr_1 @ptr_2 [SL:ALARM_NAME [IN:GET_TIME [SL:DATE_TIME @ptr_3 @ptr_4 @ptr_5 @ptr_6 @ptr_7 SL:DATE_TIME] IN:GET_TIME] SL:ALARM_NAME] [SL:DATE_TIME @ptr_8 @ptr_9 @ptr_10 @ptr_11 @ptr_12 @ptr_13 @ptr_14 SL:DATE_TIME] @ptr_15 IN:UPDATE_ALARM]
please make thurdays alarm go off at 4 pm instead of 3 pm	please Ġmake Ġth urd ays Ġalarm Ġgo Ġoff Ġat Ġ4 Ġpm Ġinstead Ġof Ġ3 Ġpm	[IN:UPDATE_ALARM @ptr_0 @ptr_1 [SL:ALARM_NAME [IN:GET_TIME [SL:DATE_TIME @ptr_2 @ptr_3 @ptr_4 SL:DATE_TIME] IN:GET_TIME] SL:ALARM_NAME] @ptr_5 @ptr_6 @ptr_7 [SL:DATE_TIME @ptr_8 @ptr_9 @ptr_10 SL:DATE_TIME] @ptr_11 [SL:ALARM_NAME [IN:GET_TIME [SL:DATE_TIME @ptr_12 @ptr_13 @ptr_14 SL:DATE_TIME] IN:GET_TIME] SL:ALARM_NAME] IN:UPDATE_ALARM]
change my alarm to 8 : 30 am	change Ġmy Ġalarm Ġto Ġ8 Ġ: Ġ30 Ġam	[IN:UPDATE_ALARM @ptr_0 @ptr_1 @ptr_2 [SL:DATE_TIME @ptr_3 @ptr_4 @ptr_5 @ptr_6 @ptr_7 SL:DATE_TIME] IN:UPDATE_ALARM]
Adjust my 7 : 30 alarm to 8 .	Adjust Ġmy Ġ7 Ġ: Ġ30 Ġalarm Ġto Ġ8 Ġ.	[IN:UPDATE_ALARM @ptr_0 @ptr_1 [SL:ALARM_NAME [IN:GET_TIME [SL:DATE_TIME @ptr_2 @ptr_3 @ptr_4 SL:DATE_TIME] IN:GET_TIME] SL:ALARM_NAME] @ptr_5 [SL:DATE_TIME @ptr_6 @ptr_7 SL:DATE_TIME] @ptr_8 IN:UPDATE_ALARM]
Change my 3 PM alarm to the next day	Change Ġmy Ġ3 ĠPM Ġalarm Ġto Ġthe Ġnext Ġday	[IN:UPDATE_ALARM @ptr_0 @ptr_1 [SL:ALARM_NAME [IN:GET_TIME [SL:DATE_TIME @ptr_2 @ptr_3 SL:DATE_TIME] IN:GET_TIME] SL:ALARM_NAME] @ptr_4 [SL:DATE_TIME @ptr_5 @ptr_6 @ptr_7 @ptr_8 SL:DATE_TIME] IN:UPDATE_ALARM]
Amend my alarm from 2 : 00 am to 3 : 00 am please .	Am end Ġmy Ġalarm Ġfrom Ġ2 Ġ: Ġ00 Ġam Ġto Ġ3 Ġ: Ġ00 Ġam Ġplease Ġ.	[IN:UPDATE_ALARM @ptr_0 @ptr_1 @ptr_2 @ptr_3 [SL:ALARM_NAME [IN:GET_TIME [SL:DATE_TIME @ptr_4 @ptr_5 @ptr_6 @ptr_7 @ptr_8 SL:DATE_TIME] IN:GET_TIME] SL:ALARM_NAME] [SL:DATE_TIME @ptr_9 @ptr_10 @ptr_11 @ptr_12 @ptr_13 SL:DATE_TIME] @ptr_14 @ptr_15 IN:UPDATE_ALARM]
Change 11 : 00 am alarm to 10 : 45 am	Change Ġ11 Ġ: Ġ00 Ġam Ġalarm Ġto Ġ10 Ġ: Ġ45 Ġam	[IN:UPDATE_ALARM @ptr_0 [SL:ALARM_NAME [IN:GET_TIME [SL:DATE_TIME @ptr_1 @ptr_2 @ptr_3 @ptr_4 SL:DATE_TIME] IN:GET_TIME] SL:ALARM_NAME] @ptr_5 [SL:DATE_TIME @ptr_6 @ptr_7 @ptr_8 @ptr_9 @ptr_10 SL:DATE_TIME] IN:UPDATE_ALARM]
Change my lunch alarm from 12 : 30 pm to 2 : 00 pm	Change Ġmy Ġlunch Ġalarm Ġfrom Ġ12 Ġ: Ġ30 Ġpm Ġto Ġ2 Ġ: Ġ00 Ġpm	[IN:UPDATE_ALARM @ptr_0 @ptr_1 [SL:ALARM_NAME @ptr_2 SL:ALARM_NAME] @ptr_3 [SL:ALARM_NAME [IN:GET_TIME [SL:DATE_TIME @ptr_4 @ptr_5 @ptr_6 @ptr_7 @ptr_8 SL:DATE_TIME] IN:GET_TIME] SL:ALARM_NAME] [SL:DATE_TIME @ptr_9 @ptr_10 @ptr_11 @ptr_12 @ptr_13 SL:DATE_TIME] IN:UPDATE_ALARM]
Move my nap alarm to 3 : 30 please .	Move Ġmy Ġnap Ġalarm Ġto Ġ3 Ġ: Ġ30 Ġplease Ġ.	[IN:UPDATE_ALARM @ptr_0 @ptr_1 [SL:ALARM_NAME @ptr_2 SL:ALARM_NAME] @ptr_3 [SL:DATE_TIME @ptr_4 @ptr_5 @ptr_6 @ptr_7 SL:DATE_TIME] @ptr_8 @ptr_9 IN:UPDATE_ALARM]
Please modify my medication alarms to 2 pm	Please Ġmodify Ġmy Ġmedication Ġalarms Ġto Ġ2 Ġpm	[IN:UPDATE_ALARM @ptr_0 @ptr_1 @ptr_2 [SL:ALARM_NAME @ptr_3 SL:ALARM_NAME] @ptr_4 [SL:DATE_TIME @ptr_5 @ptr_6 @ptr_7 SL:DATE_TIME] IN:UPDATE_ALARM]
change wake up alarm to 6 am on Thursday morning	change Ġwake Ġup Ġalarm Ġto Ġ6 Ġam Ġon ĠThursday Ġmorning	[IN:UPDATE_ALARM @ptr_0 [SL:ALARM_NAME @ptr_1 @ptr_2 SL:ALARM_NAME] @ptr_3 [SL:DATE_TIME @ptr_4 @ptr_5 @ptr_6 @ptr_7 @ptr_8 @ptr_9 SL:DATE_TIME] IN:UPDATE_ALARM]
change my alarm to 7 am	change Ġmy Ġalarm Ġto Ġ7 Ġam	[IN:UPDATE_ALARM @ptr_0 @ptr_1 @ptr_2 [SL:DATE_TIME @ptr_3 @ptr_4 @ptr_5 SL:DATE_TIME] IN:UPDATE_ALARM]
Change my alarm to 9 am tomorrow to 9 am the day after .	Change Ġmy Ġalarm Ġto Ġ9 Ġam Ġtomorrow Ġto Ġ9 Ġam Ġthe Ġday Ġafter Ġ.	[IN:UPDATE_ALARM @ptr_0 @ptr_1 @ptr_2 [SL:ALARM_NAME [IN:GET_TIME [SL:DATE_TIME @ptr_3 @ptr_4 @ptr_5 @ptr_6 SL:DATE_TIME] IN:GET_TIME] SL:ALARM_NAME] [SL:DATE_TIME @ptr_7 @ptr_8 @ptr_9 @ptr_10 @ptr_11 @ptr_12 SL:DATE_TIME] @ptr_13 IN:UPDATE_ALARM]
Change my wake	Change Ġmy Ġwake	[IN:UPDATE_ALARM @ptr_0 @ptr_1 [SL:ALARM_NAME @ptr_2 SL:ALARM_NAME] IN:UPDATE_ALARM]
Change my 8 pm alarm to 9 pm	Change Ġmy Ġ8 Ġpm Ġalarm Ġto Ġ9 Ġpm	[IN:UPDATE_ALARM @ptr_0 @ptr_1 [SL:ALARM_NAME [IN:GET_TIME [SL:DATE_TIME @ptr_2 @ptr_3 SL:DATE_TIME] IN:GET_TIME] SL:ALARM_NAME] @ptr_4 [SL:DATE_TIME @ptr_5 @ptr_6 @ptr_7 SL:DATE_TIME] IN:UPDATE_ALARM]
Change my Thursday sport alarm to 6 pm	Change Ġmy ĠThursday Ġsport Ġalarm Ġto Ġ6 Ġpm	[IN:UPDATE_ALARM @ptr_0 @ptr_1 [SL:ALARM_NAME [IN:GET_TIME [SL:DATE_TIME @ptr_2 SL:DATE_TIME] IN:GET_TIME] SL:ALARM_NAME] [SL:ALARM_NAME @ptr_3 SL:ALARM_NAME] @ptr_4 [SL:DATE_TIME @ptr_5 @ptr_6 @ptr_7 SL:DATE_TIME] IN:UPDATE_ALARM]
push the alarm back 30 minutes	push Ġthe Ġalarm Ġback Ġ30 Ġminutes	[IN:UPDATE_ALARM @ptr_0 @ptr_1 @ptr_2 [SL:DATE_TIME @ptr_3 @ptr_4 @ptr_5 SL:DATE_TIME] IN:UPDATE_ALARM]
Modify swimming alarm to 7 daily	Mod ify Ġswimming Ġalarm Ġto Ġ7 Ġdaily	[IN:UPDATE_ALARM @ptr_0 @ptr_1 [SL:ALARM_NAME @ptr_2 SL:ALARM_NAME] @ptr_3 [SL:DATE_TIME_RECURRING @ptr_4 @ptr_5 @ptr_6 SL:DATE_TIME_RECURRING] IN:UPDATE_ALARM]
Modify alarms I have for Thursday	Mod ify Ġalarms ĠI Ġhave Ġfor ĠThursday	[IN:UPDATE_ALARM @ptr_0 @ptr_1 @ptr_2 @ptr_3 @ptr_4 [SL:ALARM_NAME [IN:GET_TIME [SL:DATE_TIME @ptr_5 @ptr_6 SL:DATE_TIME] IN:GET_TIME] SL:ALARM_NAME] IN:UPDATE_ALARM]
change my alarm for Thursday at 6 pm to Thursday at 7 pm	change Ġmy Ġalarm Ġfor ĠThursday Ġat Ġ6 Ġpm Ġto ĠThursday Ġat Ġ7 Ġpm	[IN:UPDATE_ALARM @ptr_0 @ptr_1 @ptr_2 [SL:ALARM_NAME [IN:GET_TIME [SL:DATE_TIME @ptr_3 @ptr_4 @ptr_5 @ptr_6 @ptr_7 SL:DATE_TIME] IN:GET_TIME] SL:ALARM_NAME] [SL:DATE_TIME @ptr_8 @ptr_9 @ptr_10 @ptr_11 @ptr_12 SL:DATE_TIME] IN:UPDATE_ALARM]
Modify my alarms for tomorrow please	Mod ify Ġmy Ġalarms Ġfor Ġtomorrow Ġplease	[IN:UPDATE_ALARM @ptr_0 @ptr_1 @ptr_2 @ptr_3 [SL:ALARM_NAME [IN:GET_TIME [SL:DATE_TIME @ptr_4 @ptr_5 SL:DATE_TIME] IN:GET_TIME] SL:ALARM_NAME] @ptr_6 IN:UPDATE_ALARM]
Move my alarm from 6 am to 9 am	Move Ġmy Ġalarm Ġfrom Ġ6 Ġam Ġto Ġ9 Ġam	[IN:UPDATE_ALARM @ptr_0 @ptr_1 @ptr_2 [SL:ALARM_NAME [IN:GET_TIME [SL:DATE_TIME @ptr_3 @ptr_4 @ptr_5 SL:DATE_TIME] IN:GET_TIME] SL:ALARM_NAME] [SL:DATE_TIME @ptr_6 @ptr_7 @ptr_8 SL:DATE_TIME] IN:UPDATE_ALARM]
Change my 5 am alarm to Sunday 's only	Change Ġmy Ġ5 Ġam Ġalarm Ġto ĠSunday Ġ' s Ġonly	[IN:UPDATE_ALARM @ptr_0 @ptr_1 [SL:ALARM_NAME [IN:GET_TIME [SL:DATE_TIME @ptr_2 @ptr_3 SL:DATE_TIME] IN:GET_TIME] SL:ALARM_NAME] @ptr_4 [SL:DATE_TIME @ptr_5 @ptr_6 SL:DATE_TIME] @ptr_7 @ptr_8 @ptr_9 IN:UPDATE_ALARM]
please change my alarm from 5.30pm tp 7.30pm	please Ġchange Ġmy Ġalarm Ġfrom Ġ5 . 30 pm Ġt p Ġ7 . 30 pm	[IN:UPDATE_ALARM @ptr_0 @ptr_1 @ptr_2 @ptr_3 [SL:DATE_TIME @ptr_4 @ptr_5 @ptr_6 @ptr_7 @ptr_8 SL:DATE_TIME] [SL:DATE_TIME @ptr_9 @ptr_10 @ptr_11 @ptr_12 @ptr_13 @ptr_14 SL:DATE_TIME] IN:UPDATE_ALARM]
Set alarm for every 5 minutes	Set Ġalarm Ġfor Ġevery Ġ5 Ġminutes	[IN:CREATE_ALARM @ptr_0 @ptr_1 @ptr_2 [SL:PERIOD @ptr_3 @ptr_4 @ptr_5 SL:PERIOD] IN:CREATE_ALARM]
Set an alarm for every 5 minutes for 15 minutes	Set Ġan Ġalarm Ġfor Ġevery Ġ5 Ġminutes Ġfor Ġ15 Ġminutes	[IN:CREATE_ALARM @ptr_0 @ptr_1 @ptr_2 @ptr_3 [SL:PERIOD @ptr_4 @ptr_5 @ptr_6 SL:PERIOD] [SL:DURATION @ptr_7 @ptr_8 @ptr_9 SL:DURATION] IN:CREATE_ALARM]
Create recurring alarm 4 pm Tuesdays	Create Ġrecurring Ġalarm Ġ4 Ġpm ĠTues days	[IN:CREATE_ALARM @ptr_0 [SL:PERIOD @ptr_1 SL:PERIOD] @ptr_2 [SL:DATE_TIME_RECURRING @ptr_3 @ptr_4 @ptr_5 @ptr_6 SL:DATE_TIME_RECURRING] IN:CREATE_ALARM]
Make a repeating alarm that goes off at 8 am on Sunday for 2 weeks .	Make Ġa Ġrepeating Ġalarm Ġthat Ġgoes Ġoff Ġat Ġ8 Ġam Ġon ĠSunday Ġfor Ġ2 Ġweeks Ġ.	[IN:CREATE_ALARM @ptr_0 @ptr_1 [SL:PERIOD @ptr_2 SL:PERIOD] @ptr_3 @ptr_4 @ptr_5 @ptr_6 [SL:DATE_TIME_RECURRING @ptr_7 @ptr_8 @ptr_9 @ptr_10 @ptr_11 SL:DATE_TIME_RECURRING] [SL:DURATION @ptr_12 @ptr_13 @ptr_14 SL:DURATION] @ptr_15 IN:CREATE_ALARM]
Set alarm every 30 seconds for 5 minutes	Set Ġalarm Ġevery Ġ30 Ġseconds Ġfor Ġ5 Ġminutes	[IN:CREATE_ALARM @ptr_0 @ptr_1 [SL:PERIOD @ptr_2 @ptr_3 @ptr_4 SL:PERIOD] [SL:DURATION @ptr_5 @ptr_6 @ptr_7 SL:DURATION] IN:CREATE_ALARM]
Set alarm every hour for the next three hours	Set Ġalarm Ġevery Ġhour Ġfor Ġthe Ġnext Ġthree Ġhours	[IN:CREATE_ALARM @ptr_0 @ptr_1 [SL:PERIOD @ptr_2 @ptr_3 SL:PERIOD] [SL:DURATION @ptr_4 @ptr_5 @ptr_6 @ptr_7 @ptr_8 SL:DURATION] IN:CREATE_ALARM]
Set alarm every minute for 5 minutes .	Set Ġalarm Ġevery Ġminute Ġfor Ġ5 Ġminutes Ġ.	[IN:CREATE_ALARM @ptr_0 @ptr_1 [SL:PERIOD @ptr_2 @ptr_3 SL:PERIOD] [SL:DURATION @ptr_4 @ptr_5 @ptr_6 SL:DURATION] @ptr_7 IN:CREATE_ALARM]
Set an alarm to go off every 5 minutes for the next arrow .	Set Ġan Ġalarm Ġto Ġgo Ġoff Ġevery Ġ5 Ġminutes Ġfor Ġthe Ġnext Ġarrow Ġ.	[IN:CREATE_ALARM @ptr_0 @ptr_1 @ptr_2 @ptr_3 @ptr_4 @ptr_5 [SL:PERIOD @ptr_6 @ptr_7 @ptr_8 SL:PERIOD] @ptr_9 [SL:ALARM_NAME @ptr_10 @ptr_11 @ptr_12 SL:ALARM_NAME] @ptr_13 IN:CREATE_ALARM]
set an alarm every minute for 10 minutes	set Ġan Ġalarm Ġevery Ġminute Ġfor Ġ10 Ġminutes	[IN:CREATE_ALARM @ptr_0 @ptr_1 @ptr_2 [SL:PERIOD @ptr_3 @ptr_4 SL:PERIOD] [SL:DURATION @ptr_5 @ptr_6 @ptr_7 SL:DURATION] IN:CREATE_ALARM]
Create an alarm every other week for Tuesdays at 9 am .	Create Ġan Ġalarm Ġevery Ġother Ġweek Ġfor ĠTues days Ġat Ġ9 Ġam Ġ.	[IN:CREATE_ALARM @ptr_0 @ptr_1 @ptr_2 [SL:PERIOD @ptr_3 @ptr_4 @ptr_5 SL:PERIOD] [SL:DATE_TIME_RECURRING @ptr_6 @ptr_7 @ptr_8 @ptr_9 @ptr_10 @ptr_11 SL:DATE_TIME_RECURRING] @ptr_12 IN:CREATE_ALARM]
Have alarm go off every 5 minutes	Have Ġalarm Ġgo Ġoff Ġevery Ġ5 Ġminutes	[IN:CREATE_ALARM @ptr_0 @ptr_1 @ptr_2 @ptr_3 [SL:PERIOD @ptr_4 @ptr_5 @ptr_6 SL:PERIOD] IN:CREATE_ALARM]
Set alarm every 3 minutes for 15 minutes	Set Ġalarm Ġevery Ġ3 Ġminutes Ġfor Ġ15 Ġminutes	[IN:CREATE_ALARM @ptr_0 @ptr_1 [SL:PERIOD @ptr_2 @ptr_3 @ptr_4 SL:PERIOD] [SL:DURATION @ptr_5 @ptr_6 @ptr_7 SL:DURATION] IN:CREATE_ALARM]
Set 12 : 00 pm alarm for every other Thursday for the next six weeks	Set Ġ12 Ġ: Ġ00 Ġpm Ġalarm Ġfor Ġevery Ġother ĠThursday Ġfor Ġthe Ġnext Ġsix Ġweeks	[IN:CREATE_ALARM @ptr_0 [SL:DATE_TIME @ptr_1 @ptr_2 @ptr_3 @ptr_4 SL:DATE_TIME] @ptr_5 @ptr_6 [SL:PERIOD @ptr_7 @ptr_8 @ptr_9 SL:PERIOD] [SL:DURATION @ptr_10 @ptr_11 @ptr_12 @ptr_13 @ptr_14 SL:DURATION] IN:CREATE_ALARM]
set an alarm for every 30 seconds for the next 5 minutes	set Ġan Ġalarm Ġfor Ġevery Ġ30 Ġseconds Ġfor Ġthe Ġnext Ġ5 Ġminutes	[IN:CREATE_ALARM @ptr_0 @ptr_1 @ptr_2 @ptr_3 [SL:PERIOD @ptr_4 @ptr_5 @ptr_6 SL:PERIOD] [SL:DURATION @ptr_7 @ptr_8 @ptr_9 @ptr_10 @ptr_11 SL:DURATION] IN:CREATE_ALARM]
Set alarm every minute for 30 minutes .	Set Ġalarm Ġevery Ġminute Ġfor Ġ30 Ġminutes Ġ.	[IN:CREATE_ALARM @ptr_0 @ptr_1 [SL:PERIOD @ptr_2 @ptr_3 SL:PERIOD] [SL:DURATION @ptr_4 @ptr_5 @ptr_6 SL:DURATION] @ptr_7 IN:CREATE_ALARM]
Set a repeating alarm for every 5 minutes for an hour	Set Ġa Ġrepeating Ġalarm Ġfor Ġevery Ġ5 Ġminutes Ġfor Ġan Ġhour	[IN:CREATE_ALARM @ptr_0 @ptr_1 [SL:PERIOD @ptr_2 SL:PERIOD] @ptr_3 @ptr_4 [SL:PERIOD @ptr_5 @ptr_6 @ptr_7 SL:PERIOD] [SL:DURATION @ptr_8 @ptr_9 @ptr_10 SL:DURATION] IN:CREATE_ALARM]
Set alarm every 30 minutes	Set Ġalarm Ġevery Ġ30 Ġminutes	[IN:CREATE_ALARM @ptr_0 @ptr_1 [SL:PERIOD @ptr_2 @ptr_3 @ptr_4 SL:PERIOD] IN:CREATE_ALARM]
Set a repeating alarm for 8 am every Thursday .	Set Ġa Ġrepeating Ġalarm Ġfor Ġ8 Ġam Ġevery ĠThursday Ġ.	[IN:CREATE_ALARM @ptr_0 @ptr_1 [SL:PERIOD @ptr_2 SL:PERIOD] @ptr_3 [SL:DATE_TIME_RECURRING @ptr_4 @ptr_5 @ptr_6 @ptr_7 @ptr_8 SL:DATE_TIME_RECURRING] @ptr_9 IN:CREATE_ALARM]
Set a weekly alarm , for Thursday , all day , for a month	Set Ġa Ġweekly Ġalarm Ġ, Ġfor ĠThursday Ġ, Ġall Ġday Ġ, Ġfor Ġa Ġmonth	[IN:CREATE_ALARM @ptr_0 @ptr_1 [SL:PERIOD @ptr_2 SL:PERIOD] @ptr_3 @ptr_4 [SL:DATE_TIME_RECURRING @ptr_5 @ptr_6 @ptr_7 @ptr_8 @ptr_9 SL:DATE_TIME_RECURRING] @ptr_10 [SL:DURATION @ptr_11 @ptr_12 @ptr_13 SL:DURATION] IN:CREATE_ALARM]
I want to set a repeating alarm for Sundays at 8 am and 10 pm .	I Ġwant Ġto Ġset Ġa Ġrepeating Ġalarm Ġfor ĠSundays Ġat Ġ8 Ġam Ġand Ġ10 Ġpm Ġ.	[IN:CREATE_ALARM @ptr_0 @ptr_1 @ptr_2 @ptr_3 @ptr_4 [SL:PERIOD @ptr_5 SL:PERIOD] @ptr_6 [SL:DATE_TIME_RECURRING @ptr_7 @ptr_8 @ptr_9 @ptr_10 @ptr_11 @ptr_12 @ptr_13 @ptr_14 SL:DATE_TIME_RECURRING] @ptr_15 IN:CREATE_ALARM]
Please create a recurring alarm for 7 am everyday this week	Please Ġcreate Ġa Ġrecurring Ġalarm Ġfor Ġ7 Ġam Ġeveryday Ġthis Ġweek	[IN:CREATE_ALARM @ptr_0 @ptr_1 @ptr_2 [SL:PERIOD @ptr_3 SL:PERIOD] @ptr_4 [SL:DATE_TIME_RECURRING @ptr_5 @ptr_6 @ptr_7 @ptr_8 @ptr_9 @ptr_10 SL:DATE_TIME_RECURRING] IN:CREATE_ALARM]
Show my daily alarms	Show Ġmy Ġdaily Ġalarms	[IN:GET_ALARM @ptr_0 @ptr_1 [SL:PERIOD @ptr_2 SL:PERIOD] @ptr_3 IN:GET_ALARM]
set alarm for every half an hour for 3 hours	set Ġalarm Ġfor Ġevery Ġhalf Ġan Ġhour Ġfor Ġ3 Ġhours	[IN:CREATE_ALARM @ptr_0 @ptr_1 @ptr_2 [SL:PERIOD @ptr_3 @ptr_4 @ptr_5 @ptr_6 SL:PERIOD] [SL:DURATION @ptr_7 @ptr_8 @ptr_9 SL:DURATION] IN:CREATE_ALARM]
Set weekly alarms for every Sunday at noon and at midnight for the next eight months .	Set Ġweekly Ġalarms Ġfor Ġevery ĠSunday Ġat Ġnoon Ġand Ġat Ġmidnight Ġfor Ġthe Ġnext Ġeight Ġmonths Ġ.	[IN:CREATE_ALARM @ptr_0 [SL:PERIOD @ptr_1 SL:PERIOD] @ptr_2 [SL:DATE_TIME_RECURRING @ptr_3 @ptr_4 @ptr_5 @ptr_6 @ptr_7 @ptr_8 @ptr_9 @ptr_10 SL:DATE_TIME_RECURRING] [SL:DURATION @ptr_11 @ptr_12 @ptr_13 @ptr_14 @ptr_15 SL:DURATION] @ptr_16 IN:CREATE_ALARM]
Create annual alarm for 25 April at 11 am	Create Ġannual Ġalarm Ġfor Ġ25 ĠApril Ġat Ġ11 Ġam	[IN:CREATE_ALARM @ptr_0 [SL:PERIOD @ptr_1 SL:PERIOD] @ptr_2 [SL:DATE_TIME @ptr_3 @ptr_4 @ptr_5 @ptr_6 @ptr_7 @ptr_8 SL:DATE_TIME] IN:CREATE_ALARM]
Change my alarm to 6 am from 7 am	Change Ġmy Ġalarm Ġto Ġ6 Ġam Ġfrom Ġ7 Ġam	[IN:UPDATE_ALARM @ptr_0 @ptr_1 @ptr_2 [SL:DATE_TIME @ptr_3 @ptr_4 @ptr_5 SL:DATE_TIME] [SL:ALARM_NAME [IN:GET_TIME [SL:TIME_ZONE @ptr_6 @ptr_7 @ptr_8 SL:TIME_ZONE] IN:GET_TIME] SL:ALARM_NAME] IN:UPDATE_ALARM]
I want two alarms set for Fridays at 2 pm and 4 pm	I Ġwant Ġtwo Ġalarms Ġset Ġfor ĠFridays Ġat Ġ2 Ġpm Ġand Ġ4 Ġpm	[IN:CREATE_ALARM @ptr_0 @ptr_1 [SL:AMOUNT @ptr_2 SL:AMOUNT] @ptr_3 @ptr_4 [SL:RECURRING_DATE_TIME @ptr_5 @ptr_6 @ptr_7 @ptr_8 @ptr_9 @ptr_10 @ptr_11 @ptr_12 SL:RECURRING_DATE_TIME] IN:CREATE_ALARM]
