Set a new timer for an hour .	Set Ġa Ġnew Ġtimer Ġfor Ġan Ġhour Ġ.	[IN:CREATE_TIMER @ptr_0 @ptr_1 @ptr_2 [SL:METHOD_TIMER @ptr_3 SL:METHOD_TIMER] [SL:DATE_TIME @ptr_4 @ptr_5 @ptr_6 SL:DATE_TIME] @ptr_7 IN:CREATE_TIMER]
Set the timer for one minute .	Set Ġthe Ġtimer Ġfor Ġone Ġminute Ġ.	[IN:CREATE_TIMER @ptr_0 @ptr_1 [SL:METHOD_TIMER @ptr_2 SL:METHOD_TIMER] [SL:DATE_TIME @ptr_3 @ptr_4 @ptr_5 SL:DATE_TIME] @ptr_6 IN:CREATE_TIMER]
10 minutes on the timer	10 Ġminutes Ġon Ġthe Ġtimer	[IN:CREATE_TIMER [SL:DATE_TIME @ptr_0 @ptr_1 SL:DATE_TIME] @ptr_2 @ptr_3 [SL:METHOD_TIMER @ptr_4 SL:METHOD_TIMER] IN:CREATE_TIMER]
Set my timer for 20 seconds	Set Ġmy Ġtimer Ġfor Ġ20 Ġseconds	[IN:CREATE_TIMER @ptr_0 @ptr_1 [SL:METHOD_TIMER @ptr_2 SL:METHOD_TIMER] [SL:DATE_TIME @ptr_3 @ptr_4 @ptr_5 SL:DATE_TIME] IN:CREATE_TIMER]
Set a timer for 6 am	Set Ġa Ġtimer Ġfor Ġ6 Ġam	[IN:CREATE_TIMER @ptr_0 @ptr_1 [SL:METHOD_TIMER @ptr_2 SL:METHOD_TIMER] [SL:DATE_TIME @ptr_3 @ptr_4 @ptr_5 SL:DATE_TIME] IN:CREATE_TIMER]
Set a new timer for 10 minutes	Set Ġa Ġnew Ġtimer Ġfor Ġ10 Ġminutes	[IN:CREATE_TIMER @ptr_0 @ptr_1 @ptr_2 [SL:METHOD_TIMER @ptr_3 SL:METHOD_TIMER] [SL:DATE_TIME @ptr_4 @ptr_5 @ptr_6 SL:DATE_TIME] IN:CREATE_TIMER]
start the timer now for 4 minutes	start Ġthe Ġtimer Ġnow Ġfor Ġ4 Ġminutes	[IN:CREATE_TIMER @ptr_0 @ptr_1 [SL:METHOD_TIMER @ptr_2 SL:METHOD_TIMER] @ptr_3 [SL:DATE_TIME @ptr_4 @ptr_5 @ptr_6 SL:DATE_TIME] IN:CREATE_TIMER]
set a timer for 30 seconds	set Ġa Ġtimer Ġfor Ġ30 Ġseconds	[IN:CREATE_TIMER @ptr_0 @ptr_1 [SL:METHOD_TIMER @ptr_2 SL:METHOD_TIMER] [SL:DATE_TIME @ptr_3 @ptr_4 @ptr_5 SL:DATE_TIME] IN:CREATE_TIMER]
set a timer for 55 minutes	set Ġa Ġtimer Ġfor Ġ55 Ġminutes	[IN:CREATE_TIMER @ptr_0 @ptr_1 [SL:METHOD_TIMER @ptr_2 SL:METHOD_TIMER] [SL:DATE_TIME @ptr_3 @ptr_4 @ptr_5 SL:DATE_TIME] IN:CREATE_TIMER]
Set timer for 1 hour	Set Ġtimer Ġfor Ġ1 Ġhour	[IN:CREATE_TIMER @ptr_0 [SL:METHOD_TIMER @ptr_1 SL:METHOD_TIMER] [SL:DATE_TIME @ptr_2 @ptr_3 @ptr_4 SL:DATE_TIME] IN:CREATE_TIMER]
begin two timers for me	begin Ġtwo Ġtimers Ġfor Ġme	[IN:CREATE_TIMER @ptr_0 [SL:AMOUNT @ptr_1 SL:AMOUNT] [SL:METHOD_TIMER @ptr_2 SL:METHOD_TIMER] @ptr_3 @ptr_4 IN:CREATE_TIMER]
Start timer in 1 minute	Start Ġtimer Ġin Ġ1 Ġminute	[IN:CREATE_TIMER @ptr_0 [SL:METHOD_TIMER @ptr_1 SL:METHOD_TIMER] [SL:DATE_TIME @ptr_2 @ptr_3 @ptr_4 SL:DATE_TIME] IN:CREATE_TIMER]
Set a timer for 30 minutes	Set Ġa Ġtimer Ġfor Ġ30 Ġminutes	[IN:CREATE_TIMER @ptr_0 @ptr_1 [SL:METHOD_TIMER @ptr_2 SL:METHOD_TIMER] [SL:DATE_TIME @ptr_3 @ptr_4 @ptr_5 SL:DATE_TIME] IN:CREATE_TIMER]
set my timer now	set Ġmy Ġtimer Ġnow	[IN:CREATE_TIMER @ptr_0 @ptr_1 [SL:METHOD_TIMER @ptr_2 SL:METHOD_TIMER] @ptr_3 IN:CREATE_TIMER]
Set timer for parking space .	Set Ġtimer Ġfor Ġparking Ġspace Ġ.	[IN:CREATE_TIMER @ptr_0 [SL:METHOD_TIMER @ptr_1 SL:METHOD_TIMER] @ptr_2 [SL:TIMER_NAME @ptr_3 @ptr_4 SL:TIMER_NAME] @ptr_5 IN:CREATE_TIMER]
Set the timer to zero	Set Ġthe Ġtimer Ġto Ġzero	[IN:CREATE_TIMER @ptr_0 @ptr_1 [SL:METHOD_TIMER @ptr_2 SL:METHOD_TIMER] [SL:DATE_TIME @ptr_3 @ptr_4 SL:DATE_TIME] IN:CREATE_TIMER]
set a timer for ten minutes	set Ġa Ġtimer Ġfor Ġten Ġminutes	[IN:CREATE_TIMER @ptr_0 @ptr_1 [SL:METHOD_TIMER @ptr_2 SL:METHOD_TIMER] [SL:DATE_TIME @ptr_3 @ptr_4 @ptr_5 SL:DATE_TIME] IN:CREATE_TIMER]
Set timer for 33 minutes and remind .	Set Ġtimer Ġfor Ġ33 Ġminutes Ġand Ġremind Ġ.	[IN:CREATE_TIMER @ptr_0 [SL:METHOD_TIMER @ptr_1 SL:METHOD_TIMER] [SL:DATE_TIME @ptr_2 @ptr_3 @ptr_4 SL:DATE_TIME] @ptr_5 @ptr_6 @ptr_7 IN:CREATE_TIMER]
Set a timer for 3 PM	Set Ġa Ġtimer Ġfor Ġ3 ĠPM	[IN:CREATE_TIMER @ptr_0 @ptr_1 [SL:METHOD_TIMER @ptr_2 SL:METHOD_TIMER] [SL:DATE_TIME @ptr_3 @ptr_4 @ptr_5 SL:DATE_TIME] IN:CREATE_TIMER]
Set a timer for 5 minutes	Set Ġa Ġtimer Ġfor Ġ5 Ġminutes	[IN:CREATE_TIMER @ptr_0 @ptr_1 [SL:METHOD_TIMER @ptr_2 SL:METHOD_TIMER] [SL:DATE_TIME @ptr_3 @ptr_4 @ptr_5 SL:DATE_TIME] IN:CREATE_TIMER]
add a timer for 60 seconds	add Ġa Ġtimer Ġfor Ġ60 Ġseconds	[IN:CREATE_TIMER @ptr_0 @ptr_1 [SL:METHOD_TIMER @ptr_2 SL:METHOD_TIMER] [SL:DATE_TIME @ptr_3 @ptr_4 @ptr_5 SL:DATE_TIME] IN:CREATE_TIMER]
start timer for one minute	start Ġtimer Ġfor Ġone Ġminute	[IN:CREATE_TIMER @ptr_0 [SL:METHOD_TIMER @ptr_1 SL:METHOD_TIMER] [SL:DATE_TIME @ptr_2 @ptr_3 @ptr_4 SL:DATE_TIME] IN:CREATE_TIMER]
Set the timer to an hour	Set Ġthe Ġtimer Ġto Ġan Ġhour	[IN:CREATE_TIMER @ptr_0 @ptr_1 [SL:METHOD_TIMER @ptr_2 SL:METHOD_TIMER] [SL:DATE_TIME @ptr_3 @ptr_4 @ptr_5 SL:DATE_TIME] IN:CREATE_TIMER]
How do I set a timer for ninety five minutes ?	How Ġdo ĠI Ġset Ġa Ġtimer Ġfor Ġninety Ġfive Ġminutes Ġ?	[IN:CREATE_TIMER @ptr_0 @ptr_1 @ptr_2 @ptr_3 @ptr_4 [SL:METHOD_TIMER @ptr_5 SL:METHOD_TIMER] [SL:DATE_TIME @ptr_6 @ptr_7 @ptr_8 @ptr_9 SL:DATE_TIME] @ptr_10 IN:CREATE_TIMER]
set timer for 4 minutes	set Ġtimer Ġfor Ġ4 Ġminutes	[IN:CREATE_TIMER @ptr_0 [SL:METHOD_TIMER @ptr_1 SL:METHOD_TIMER] [SL:DATE_TIME @ptr_2 @ptr_3 @ptr_4 SL:DATE_TIME] IN:CREATE_TIMER]
I need a 30 minute time to start at 1 o'clock	I Ġneed Ġa Ġ30 Ġminute Ġtime Ġto Ġstart Ġat Ġ1 Ġo ' clock	[IN:CREATE_TIMER @ptr_0 @ptr_1 @ptr_2 [SL:DATE_TIME @ptr_3 @ptr_4 SL:DATE_TIME] [SL:METHOD_TIMER @ptr_5 SL:METHOD_TIMER] @ptr_6 @ptr_7 [SL:DATE_TIME @ptr_8 @ptr_9 @ptr_10 @ptr_11 @ptr_12 SL:DATE_TIME] IN:CREATE_TIMER]
Restart the timer	Rest art Ġthe Ġtimer	[IN:RESTART_TIMER @ptr_0 @ptr_1 @ptr_2 [SL:METHOD_TIMER @ptr_3 SL:METHOD_TIMER] IN:RESTART_TIMER]
Cancel the timer	C ancel Ġthe Ġtimer	[IN:DELETE_TIMER @ptr_0 @ptr_1 @ptr_2 [SL:METHOD_TIMER @ptr_3 SL:METHOD_TIMER] IN:DELETE_TIMER]
pause the timer	pause Ġthe Ġtimer	[IN:PAUSE_TIMER @ptr_0 @ptr_1 [SL:METHOD_TIMER @ptr_2 SL:METHOD_TIMER] IN:PAUSE_TIMER]
pause timer	pause Ġtimer	[IN:PAUSE_TIMER @ptr_0 [SL:METHOD_TIMER @ptr_1 SL:METHOD_TIMER] IN:PAUSE_TIMER]
At 5 pm start timer for 30 minutes .	At Ġ5 Ġpm Ġstart Ġtimer Ġfor Ġ30 Ġminutes Ġ.	[IN:CREATE_TIMER [SL:DATE_TIME @ptr_0 @ptr_1 @ptr_2 SL:DATE_TIME] @ptr_3 [SL:METHOD_TIMER @ptr_4 SL:METHOD_TIMER] [SL:DATE_TIME @ptr_5 @ptr_6 @ptr_7 SL:DATE_TIME] @ptr_8 IN:CREATE_TIMER]
Start a timer in one hour .	Start Ġa Ġtimer Ġin Ġone Ġhour Ġ.	[IN:CREATE_TIMER @ptr_0 @ptr_1 [SL:METHOD_TIMER @ptr_2 SL:METHOD_TIMER] [SL:DATE_TIME @ptr_3 @ptr_4 @ptr_5 SL:DATE_TIME] @ptr_6 IN:CREATE_TIMER]
Add 2 minutes to the timer	Add Ġ2 Ġminutes Ġto Ġthe Ġtimer	[IN:ADD_TIME_TIMER @ptr_0 [SL:DATE_TIME @ptr_1 @ptr_2 SL:DATE_TIME] @ptr_3 @ptr_4 [SL:METHOD_TIMER @ptr_5 SL:METHOD_TIMER] IN:ADD_TIME_TIMER]
turn off first timer	turn Ġoff Ġfirst Ġtimer	[IN:PAUSE_TIMER @ptr_0 @ptr_1 [SL:ORDINAL @ptr_2 SL:ORDINAL] [SL:METHOD_TIMER @ptr_3 SL:METHOD_TIMER] IN:PAUSE_TIMER]
modify timer	mod ify Ġtimer	[IN:UPDATE_TIMER @ptr_0 @ptr_1 [SL:METHOD_TIMER @ptr_2 SL:METHOD_TIMER] IN:UPDATE_TIMER]
how much time is left in my run	how Ġmuch Ġtime Ġis Ġleft Ġin Ġmy Ġrun	[IN:GET_TIMER @ptr_0 @ptr_1 [SL:METHOD_TIMER @ptr_2 SL:METHOD_TIMER] @ptr_3 @ptr_4 @ptr_5 @ptr_6 @ptr_7 IN:GET_TIMER]
Add timer for 30 minutes .	Add Ġtimer Ġfor Ġ30 Ġminutes Ġ.	[IN:CREATE_TIMER @ptr_0 [SL:METHOD_TIMER @ptr_1 SL:METHOD_TIMER] [SL:DATE_TIME @ptr_2 @ptr_3 @ptr_4 SL:DATE_TIME] @ptr_5 IN:CREATE_TIMER]
Decrease timer by 5 minutes	Decre ase Ġtimer Ġby Ġ5 Ġminutes	[IN:SUBTRACT_TIME_TIMER @ptr_0 @ptr_1 [SL:METHOD_TIMER @ptr_2 SL:METHOD_TIMER] [SL:DATE_TIME @ptr_3 @ptr_4 @ptr_5 SL:DATE_TIME] IN:SUBTRACT_TIME_TIMER]
Set timer for 30 minutes	Set Ġtimer Ġfor Ġ30 Ġminutes	[IN:CREATE_TIMER @ptr_0 [SL:METHOD_TIMER @ptr_1 SL:METHOD_TIMER] [SL:DATE_TIME @ptr_2 @ptr_3 @ptr_4 SL:DATE_TIME] IN:CREATE_TIMER]
resume my timer	res ume Ġmy Ġtimer	[IN:RESUME_TIMER @ptr_0 @ptr_1 @ptr_2 [SL:METHOD_TIMER @ptr_3 SL:METHOD_TIMER] IN:RESUME_TIMER]
cancel all timers	c ancel Ġall Ġtimers	[IN:DELETE_TIMER @ptr_0 @ptr_1 [SL:AMOUNT @ptr_2 SL:AMOUNT] [SL:METHOD_TIMER @ptr_3 SL:METHOD_TIMER] IN:DELETE_TIMER]
Add an hour to my time	Add Ġan Ġhour Ġto Ġmy Ġtime	[IN:ADD_TIME_TIMER @ptr_0 @ptr_1 [SL:DATE_TIME @ptr_2 SL:DATE_TIME] @ptr_3 @ptr_4 [SL:METHOD_TIMER @ptr_5 SL:METHOD_TIMER] IN:ADD_TIME_TIMER]
please add 1 more hour to my current timer	please Ġadd Ġ1 Ġmore Ġhour Ġto Ġmy Ġcurrent Ġtimer	[IN:ADD_TIME_TIMER @ptr_0 @ptr_1 [SL:DATE_TIME @ptr_2 @ptr_3 @ptr_4 SL:DATE_TIME] @ptr_5 @ptr_6 @ptr_7 [SL:METHOD_TIMER @ptr_8 SL:METHOD_TIMER] IN:ADD_TIME_TIMER]
reset the timer	reset Ġthe Ġtimer	[IN:RESTART_TIMER @ptr_0 @ptr_1 [SL:METHOD_TIMER @ptr_2 SL:METHOD_TIMER] IN:RESTART_TIMER]
how much time left on timer	how Ġmuch Ġtime Ġleft Ġon Ġtimer	[IN:GET_TIMER @ptr_0 @ptr_1 @ptr_2 @ptr_3 @ptr_4 [SL:METHOD_TIMER @ptr_5 SL:METHOD_TIMER] IN:GET_TIMER]
I need my timer set to 57 minutes in 5 minutes	I Ġneed Ġmy Ġtimer Ġset Ġto Ġ57 Ġminutes Ġin Ġ5 Ġminutes	[IN:CREATE_TIMER @ptr_0 @ptr_1 @ptr_2 [SL:METHOD_TIMER @ptr_3 SL:METHOD_TIMER] @ptr_4 [SL:DATE_TIME @ptr_5 @ptr_6 @ptr_7 @ptr_8 @ptr_9 @ptr_10 SL:DATE_TIME] IN:CREATE_TIMER]
how much time is left now	how Ġmuch Ġtime Ġis Ġleft Ġnow	[IN:GET_TIMER @ptr_0 @ptr_1 [SL:METHOD_TIMER @ptr_2 SL:METHOD_TIMER] @ptr_3 @ptr_4 @ptr_5 IN:GET_TIMER]
resume timer	res ume Ġtimer	[IN:RESUME_TIMER @ptr_0 @ptr_1 [SL:METHOD_TIMER @ptr_2 SL:METHOD_TIMER] IN:RESUME_TIMER]
restart timer	rest art Ġtimer	[IN:RESTART_TIMER @ptr_0 @ptr_1 [SL:METHOD_TIMER @ptr_2 SL:METHOD_TIMER] IN:RESTART_TIMER]
Set the timer for 30 minutes ?	Set Ġthe Ġtimer Ġfor Ġ30 Ġminutes Ġ?	[IN:CREATE_TIMER @ptr_0 @ptr_1 [SL:METHOD_TIMER @ptr_2 SL:METHOD_TIMER] [SL:DATE_TIME @ptr_3 @ptr_4 @ptr_5 SL:DATE_TIME] @ptr_6 IN:CREATE_TIMER]
set timer for 30 minutes	set Ġtimer Ġfor Ġ30 Ġminutes	[IN:CREATE_TIMER @ptr_0 [SL:METHOD_TIMER @ptr_1 SL:METHOD_TIMER] [SL:DATE_TIME @ptr_2 @ptr_3 @ptr_4 SL:DATE_TIME] IN:CREATE_TIMER]
change timer to 5 min	change Ġtimer Ġto Ġ5 Ġmin	[IN:UPDATE_TIMER @ptr_0 [SL:METHOD_TIMER @ptr_1 SL:METHOD_TIMER] [SL:DATE_TIME @ptr_2 @ptr_3 @ptr_4 SL:DATE_TIME] IN:UPDATE_TIMER]
set the timer for 12 minutes	set Ġthe Ġtimer Ġfor Ġ12 Ġminutes	[IN:CREATE_TIMER @ptr_0 @ptr_1 [SL:METHOD_TIMER @ptr_2 SL:METHOD_TIMER] [SL:DATE_TIME @ptr_3 @ptr_4 @ptr_5 SL:DATE_TIME] IN:CREATE_TIMER]
add 12 extra minute to the timer	add Ġ12 Ġextra Ġminute Ġto Ġthe Ġtimer	[IN:ADD_TIME_TIMER @ptr_0 [SL:DATE_TIME @ptr_1 @ptr_2 @ptr_3 SL:DATE_TIME] @ptr_4 @ptr_5 [SL:METHOD_TIMER @ptr_6 SL:METHOD_TIMER] IN:ADD_TIME_TIMER]
Create a timer for ten minutes	Create Ġa Ġtimer Ġfor Ġten Ġminutes	[IN:CREATE_TIMER @ptr_0 @ptr_1 [SL:METHOD_TIMER @ptr_2 SL:METHOD_TIMER] [SL:DATE_TIME @ptr_3 @ptr_4 @ptr_5 SL:DATE_TIME] IN:CREATE_TIMER]
Set a timer for 27 minutes for my nap	Set Ġa Ġtimer Ġfor Ġ27 Ġminutes Ġfor Ġmy Ġnap	[IN:CREATE_TIMER @ptr_0 @ptr_1 [SL:METHOD_TIMER @ptr_2 SL:METHOD_TIMER] [SL:DATE_TIME @ptr_3 @ptr_4 @ptr_5 SL:DATE_TIME] @ptr_6 @ptr_7 [SL:TIMER_NAME @ptr_8 SL:TIMER_NAME] IN:CREATE_TIMER]
add a minute	add Ġa Ġminute	[IN:ADD_TIME_TIMER @ptr_0 @ptr_1 [SL:DATE_TIME @ptr_2 SL:DATE_TIME] IN:ADD_TIME_TIMER]
Start the timer in 10 seconds .	Start Ġthe Ġtimer Ġin Ġ10 Ġseconds Ġ.	[IN:CREATE_TIMER @ptr_0 @ptr_1 [SL:METHOD_TIMER @ptr_2 SL:METHOD_TIMER] [SL:DATE_TIME @ptr_3 @ptr_4 @ptr_5 SL:DATE_TIME] @ptr_6 IN:CREATE_TIMER]
Set the timer for 5 minutes	Set Ġthe Ġtimer Ġfor Ġ5 Ġminutes	[IN:CREATE_TIMER @ptr_0 @ptr_1 [SL:METHOD_TIMER @ptr_2 SL:METHOD_TIMER] [SL:DATE_TIME @ptr_3 @ptr_4 @ptr_5 SL:DATE_TIME] IN:CREATE_TIMER]
add 10 seconds	add Ġ10 Ġseconds	[IN:ADD_TIME_TIMER @ptr_0 [SL:DATE_TIME @ptr_1 @ptr_2 SL:DATE_TIME] IN:ADD_TIME_TIMER]
resume timer in 10 minutes	res ume Ġtimer Ġin Ġ10 Ġminutes	[IN:RESUME_TIMER @ptr_0 @ptr_1 [SL:METHOD_TIMER @ptr_2 SL:METHOD_TIMER] [SL:DATE_TIME @ptr_3 @ptr_4 @ptr_5 SL:DATE_TIME] IN:RESUME_TIMER]
does my timer have 10 minutes left ?	does Ġmy Ġtimer Ġhave Ġ10 Ġminutes Ġleft Ġ?	[IN:GET_TIMER @ptr_0 @ptr_1 [SL:METHOD_TIMER @ptr_2 SL:METHOD_TIMER] @ptr_3 [SL:TIMER_NAME [IN:GET_TIME [SL:DATE_TIME @ptr_4 @ptr_5 SL:DATE_TIME] IN:GET_TIME] SL:TIMER_NAME] @ptr_6 @ptr_7 IN:GET_TIMER]
I will set the timer of my cellphone to 30 minutes before the quiz	I Ġwill Ġset Ġthe Ġtimer Ġof Ġmy Ġcellphone Ġto Ġ30 Ġminutes Ġbefore Ġthe Ġquiz	[IN:CREATE_TIMER @ptr_0 @ptr_1 @ptr_2 @ptr_3 [SL:METHOD_TIMER @ptr_4 SL:METHOD_TIMER] @ptr_5 @ptr_6 @ptr_7 [SL:DATE_TIME @ptr_8 @ptr_9 @ptr_10 SL:DATE_TIME] @ptr_11 @ptr_12 @ptr_13 IN:CREATE_TIMER]
set my timer for 2 hours	set Ġmy Ġtimer Ġfor Ġ2 Ġhours	[IN:CREATE_TIMER @ptr_0 @ptr_1 [SL:METHOD_TIMER @ptr_2 SL:METHOD_TIMER] [SL:DATE_TIME @ptr_3 @ptr_4 @ptr_5 SL:DATE_TIME] IN:CREATE_TIMER]
Set the timer for 32 minutes please .	Set Ġthe Ġtimer Ġfor Ġ32 Ġminutes Ġplease Ġ.	[IN:CREATE_TIMER @ptr_0 @ptr_1 [SL:METHOD_TIMER @ptr_2 SL:METHOD_TIMER] [SL:DATE_TIME @ptr_3 @ptr_4 @ptr_5 SL:DATE_TIME] @ptr_6 @ptr_7 IN:CREATE_TIMER]
Add timer for 30 minutes .	Add Ġtimer Ġfor Ġ30 Ġminutes Ġ.	[IN:CREATE_TIMER @ptr_0 [SL:METHOD_TIMER @ptr_1 SL:METHOD_TIMER] [SL:DATE_TIME @ptr_2 @ptr_3 @ptr_4 SL:DATE_TIME] @ptr_5 IN:CREATE_TIMER]
Add 20 minutes to my timer	Add Ġ20 Ġminutes Ġto Ġmy Ġtimer	[IN:ADD_TIME_TIMER @ptr_0 [SL:DATE_TIME @ptr_1 @ptr_2 SL:DATE_TIME] @ptr_3 @ptr_4 [SL:METHOD_TIMER @ptr_5 SL:METHOD_TIMER] IN:ADD_TIME_TIMER]
Time me for 6 minutes	Time Ġme Ġfor Ġ6 Ġminutes	[IN:CREATE_TIMER @ptr_0 @ptr_1 [SL:DATE_TIME @ptr_2 @ptr_3 @ptr_4 SL:DATE_TIME] IN:CREATE_TIMER]
Set timer for 1 minute	Set Ġtimer Ġfor Ġ1 Ġminute	[IN:CREATE_TIMER @ptr_0 [SL:METHOD_TIMER @ptr_1 SL:METHOD_TIMER] [SL:DATE_TIME @ptr_2 @ptr_3 @ptr_4 SL:DATE_TIME] IN:CREATE_TIMER]
Add three more minutes to my timer	Add Ġthree Ġmore Ġminutes Ġto Ġmy Ġtimer	[IN:ADD_TIME_TIMER @ptr_0 [SL:DATE_TIME @ptr_1 @ptr_2 @ptr_3 SL:DATE_TIME] @ptr_4 @ptr_5 [SL:METHOD_TIMER @ptr_6 SL:METHOD_TIMER] IN:ADD_TIME_TIMER]
Add 45 minutes to my current timer	Add Ġ45 Ġminutes Ġto Ġmy Ġcurrent Ġtimer	[IN:ADD_TIME_TIMER @ptr_0 [SL:DATE_TIME @ptr_1 @ptr_2 SL:DATE_TIME] @ptr_3 @ptr_4 @ptr_5 [SL:METHOD_TIMER @ptr_6 SL:METHOD_TIMER] IN:ADD_TIME_TIMER]
set stopwatch to 3 minutes	set Ġstop watch Ġto Ġ3 Ġminutes	[IN:CREATE_TIMER @ptr_0 [SL:METHOD_TIMER @ptr_1 @ptr_2 SL:METHOD_TIMER] [SL:DATE_TIME @ptr_3 @ptr_4 @ptr_5 SL:DATE_TIME] IN:CREATE_TIMER]
Set a timer for 20 minutes to bake the brownies	Set Ġa Ġtimer Ġfor Ġ20 Ġminutes Ġto Ġbake Ġthe Ġbrown ies	[IN:CREATE_TIMER @ptr_0 @ptr_1 [SL:METHOD_TIMER @ptr_2 SL:METHOD_TIMER] [SL:DATE_TIME @ptr_3 @ptr_4 @ptr_5 SL:DATE_TIME] @ptr_6 @ptr_7 @ptr_8 @ptr_9 @ptr_10 IN:CREATE_TIMER]
Add 20 minutes to timer	Add Ġ20 Ġminutes Ġto Ġtimer	[IN:ADD_TIME_TIMER @ptr_0 [SL:DATE_TIME @ptr_1 @ptr_2 SL:DATE_TIME] @ptr_3 [SL:METHOD_TIMER @ptr_4 SL:METHOD_TIMER] IN:ADD_TIME_TIMER]
Set the timer for 5 minutes	Set Ġthe Ġtimer Ġfor Ġ5 Ġminutes	[IN:CREATE_TIMER @ptr_0 @ptr_1 [SL:METHOD_TIMER @ptr_2 SL:METHOD_TIMER] [SL:DATE_TIME @ptr_3 @ptr_4 @ptr_5 SL:DATE_TIME] IN:CREATE_TIMER]
pause the timer and resume in 15 minutes	pause Ġthe Ġtimer Ġand Ġresume Ġin Ġ15 Ġminutes	[IN:PAUSE_TIMER @ptr_0 @ptr_1 [SL:METHOD_TIMER @ptr_2 SL:METHOD_TIMER] @ptr_3 @ptr_4 @ptr_5 @ptr_6 @ptr_7 IN:PAUSE_TIMER]
pause timer	pause Ġtimer	[IN:PAUSE_TIMER @ptr_0 [SL:METHOD_TIMER @ptr_1 SL:METHOD_TIMER] IN:PAUSE_TIMER]
Turn off the timer	Turn Ġoff Ġthe Ġtimer	[IN:PAUSE_TIMER @ptr_0 @ptr_1 @ptr_2 [SL:METHOD_TIMER @ptr_3 SL:METHOD_TIMER] IN:PAUSE_TIMER]
Turn off timer	Turn Ġoff Ġtimer	[IN:PAUSE_TIMER @ptr_0 @ptr_1 [SL:METHOD_TIMER @ptr_2 SL:METHOD_TIMER] IN:PAUSE_TIMER]
pause my timer	pause Ġmy Ġtimer	[IN:PAUSE_TIMER @ptr_0 @ptr_1 [SL:METHOD_TIMER @ptr_2 SL:METHOD_TIMER] IN:PAUSE_TIMER]
stop timer for the oven	stop Ġtimer Ġfor Ġthe Ġoven	[IN:PAUSE_TIMER @ptr_0 [SL:METHOD_TIMER @ptr_1 SL:METHOD_TIMER] @ptr_2 @ptr_3 @ptr_4 IN:PAUSE_TIMER]
Stop timer .	Stop Ġtimer Ġ.	[IN:PAUSE_TIMER @ptr_0 [SL:METHOD_TIMER @ptr_1 SL:METHOD_TIMER] @ptr_2 IN:PAUSE_TIMER]
turn off the current timer	turn Ġoff Ġthe Ġcurrent Ġtimer	[IN:PAUSE_TIMER @ptr_0 @ptr_1 @ptr_2 @ptr_3 [SL:METHOD_TIMER @ptr_4 SL:METHOD_TIMER] IN:PAUSE_TIMER]
Pause timer until I say to restart it	Pause Ġtimer Ġuntil ĠI Ġsay Ġto Ġrestart Ġit	[IN:PAUSE_TIMER @ptr_0 [SL:METHOD_TIMER @ptr_1 SL:METHOD_TIMER] @ptr_2 @ptr_3 @ptr_4 @ptr_5 @ptr_6 @ptr_7 IN:PAUSE_TIMER]
turn off my daily timer	turn Ġoff Ġmy Ġdaily Ġtimer	[IN:PAUSE_TIMER @ptr_0 @ptr_1 @ptr_2 @ptr_3 [SL:METHOD_TIMER @ptr_4 SL:METHOD_TIMER] IN:PAUSE_TIMER]
pause my timer	pause Ġmy Ġtimer	[IN:PAUSE_TIMER @ptr_0 @ptr_1 [SL:METHOD_TIMER @ptr_2 SL:METHOD_TIMER] IN:PAUSE_TIMER]
Pause my timer .	Pause Ġmy Ġtimer Ġ.	[IN:PAUSE_TIMER @ptr_0 @ptr_1 [SL:METHOD_TIMER @ptr_2 SL:METHOD_TIMER] @ptr_3 IN:PAUSE_TIMER]
stop timing	stop Ġtiming	[IN:PAUSE_TIMER @ptr_0 [SL:METHOD_TIMER @ptr_1 SL:METHOD_TIMER] IN:PAUSE_TIMER]
Pause time	Pause Ġtime	[IN:PAUSE_TIMER @ptr_0 [SL:METHOD_TIMER @ptr_1 SL:METHOD_TIMER] IN:PAUSE_TIMER]
stop timer	stop Ġtimer	[IN:PAUSE_TIMER @ptr_0 [SL:METHOD_TIMER @ptr_1 SL:METHOD_TIMER] IN:PAUSE_TIMER]
Pause timer	Pause Ġtimer	[IN:PAUSE_TIMER @ptr_0 [SL:METHOD_TIMER @ptr_1 SL:METHOD_TIMER] IN:PAUSE_TIMER]
pause timer	pause Ġtimer	[IN:PAUSE_TIMER @ptr_0 [SL:METHOD_TIMER @ptr_1 SL:METHOD_TIMER] IN:PAUSE_TIMER]
stop the timer	stop Ġthe Ġtimer	[IN:PAUSE_TIMER @ptr_0 @ptr_1 [SL:METHOD_TIMER @ptr_2 SL:METHOD_TIMER] IN:PAUSE_TIMER]
pause the timer	pause Ġthe Ġtimer	[IN:PAUSE_TIMER @ptr_0 @ptr_1 [SL:METHOD_TIMER @ptr_2 SL:METHOD_TIMER] IN:PAUSE_TIMER]
Pause timer , please .	Pause Ġtimer Ġ, Ġplease Ġ.	[IN:PAUSE_TIMER @ptr_0 [SL:METHOD_TIMER @ptr_1 SL:METHOD_TIMER] @ptr_2 @ptr_3 @ptr_4 IN:PAUSE_TIMER]
shut the timer off	shut Ġthe Ġtimer Ġoff	[IN:PAUSE_TIMER @ptr_0 @ptr_1 [SL:METHOD_TIMER @ptr_2 SL:METHOD_TIMER] @ptr_3 IN:PAUSE_TIMER]
stop timer please	stop Ġtimer Ġplease	[IN:PAUSE_TIMER @ptr_0 [SL:METHOD_TIMER @ptr_1 SL:METHOD_TIMER] @ptr_2 IN:PAUSE_TIMER]
Pause 30 minute timer	Pause Ġ30 Ġminute Ġtimer	[IN:PAUSE_TIMER @ptr_0 [SL:TIMER_NAME [IN:GET_TIME [SL:DATE_TIME @ptr_1 @ptr_2 SL:DATE_TIME] IN:GET_TIME] SL:TIMER_NAME] [SL:METHOD_TIMER @ptr_3 SL:METHOD_TIMER] IN:PAUSE_TIMER]
pause the timer	pause Ġthe Ġtimer	[IN:PAUSE_TIMER @ptr_0 @ptr_1 [SL:METHOD_TIMER @ptr_2 SL:METHOD_TIMER] IN:PAUSE_TIMER]
turn off timer	turn Ġoff Ġtimer	[IN:PAUSE_TIMER @ptr_0 @ptr_1 [SL:METHOD_TIMER @ptr_2 SL:METHOD_TIMER] IN:PAUSE_TIMER]
Delete all times	Delete Ġall Ġtimes	[IN:DELETE_TIMER @ptr_0 [SL:AMOUNT @ptr_1 SL:AMOUNT] [SL:METHOD_TIMER @ptr_2 SL:METHOD_TIMER] IN:DELETE_TIMER]
Delete all timers set	Delete Ġall Ġtimers Ġset	[IN:DELETE_TIMER @ptr_0 [SL:AMOUNT @ptr_1 SL:AMOUNT] [SL:METHOD_TIMER @ptr_2 SL:METHOD_TIMER] @ptr_3 IN:DELETE_TIMER]
erase all timers	er ase Ġall Ġtimers	[IN:DELETE_TIMER @ptr_0 @ptr_1 [SL:AMOUNT @ptr_2 SL:AMOUNT] [SL:METHOD_TIMER @ptr_3 SL:METHOD_TIMER] IN:DELETE_TIMER]
cancel all timers	c ancel Ġall Ġtimers	[IN:DELETE_TIMER @ptr_0 @ptr_1 [SL:AMOUNT @ptr_2 SL:AMOUNT] [SL:METHOD_TIMER @ptr_3 SL:METHOD_TIMER] IN:DELETE_TIMER]
Restart all timers .	Rest art Ġall Ġtimers Ġ.	[IN:RESTART_TIMER @ptr_0 @ptr_1 [SL:AMOUNT @ptr_2 SL:AMOUNT] [SL:METHOD_TIMER @ptr_3 SL:METHOD_TIMER] @ptr_4 IN:RESTART_TIMER]
delete all timers	delete Ġall Ġtimers	[IN:DELETE_TIMER @ptr_0 [SL:AMOUNT @ptr_1 SL:AMOUNT] [SL:METHOD_TIMER @ptr_2 SL:METHOD_TIMER] IN:DELETE_TIMER]
read all current running timers	read Ġall Ġcurrent Ġrunning Ġtimers	[IN:GET_TIMER @ptr_0 [SL:AMOUNT @ptr_1 SL:AMOUNT] @ptr_2 @ptr_3 [SL:METHOD_TIMER @ptr_4 SL:METHOD_TIMER] IN:GET_TIMER]
set two timers for 30 minutes	set Ġtwo Ġtimers Ġfor Ġ30 Ġminutes	[IN:CREATE_TIMER @ptr_0 [SL:AMOUNT @ptr_1 SL:AMOUNT] [SL:METHOD_TIMER @ptr_2 SL:METHOD_TIMER] [SL:DATE_TIME @ptr_3 @ptr_4 @ptr_5 SL:DATE_TIME] IN:CREATE_TIMER]
Cancel all timers .	C ancel Ġall Ġtimers Ġ.	[IN:DELETE_TIMER @ptr_0 @ptr_1 [SL:AMOUNT @ptr_2 SL:AMOUNT] [SL:METHOD_TIMER @ptr_3 SL:METHOD_TIMER] @ptr_4 IN:DELETE_TIMER]
Turn timer volume all the way up	Turn Ġtimer Ġvolume Ġall Ġthe Ġway Ġup	[IN:UNSUPPORTED_TIMER @ptr_0 @ptr_1 @ptr_2 [SL:AMOUNT @ptr_3 SL:AMOUNT] @ptr_4 @ptr_5 @ptr_6 IN:UNSUPPORTED_TIMER]
show all timers	show Ġall Ġtimers	[IN:GET_TIMER @ptr_0 [SL:AMOUNT @ptr_1 SL:AMOUNT] [SL:METHOD_TIMER @ptr_2 SL:METHOD_TIMER] IN:GET_TIMER]
clear all timers	clear Ġall Ġtimers	[IN:DELETE_TIMER @ptr_0 [SL:AMOUNT @ptr_1 SL:AMOUNT] [SL:METHOD_TIMER @ptr_2 SL:METHOD_TIMER] IN:DELETE_TIMER]
Cancel all timers for today only .	C ancel Ġall Ġtimers Ġfor Ġtoday Ġonly Ġ.	[IN:DELETE_TIMER @ptr_0 @ptr_1 [SL:AMOUNT @ptr_2 SL:AMOUNT] [SL:METHOD_TIMER @ptr_3 SL:METHOD_TIMER] @ptr_4 @ptr_5 @ptr_6 @ptr_7 IN:DELETE_TIMER]
Reset all timers	Res et Ġall Ġtimers	[IN:RESTART_TIMER @ptr_0 @ptr_1 [SL:AMOUNT @ptr_2 SL:AMOUNT] [SL:METHOD_TIMER @ptr_3 SL:METHOD_TIMER] IN:RESTART_TIMER]
Delete all timers .	Delete Ġall Ġtimers Ġ.	[IN:DELETE_TIMER @ptr_0 [SL:AMOUNT @ptr_1 SL:AMOUNT] [SL:METHOD_TIMER @ptr_2 SL:METHOD_TIMER] @ptr_3 IN:DELETE_TIMER]
Delete all timers	Delete Ġall Ġtimers	[IN:DELETE_TIMER @ptr_0 [SL:AMOUNT @ptr_1 SL:AMOUNT] [SL:METHOD_TIMER @ptr_2 SL:METHOD_TIMER] IN:DELETE_TIMER]
Cancel all timers .	C ancel Ġall Ġtimers Ġ.	[IN:DELETE_TIMER @ptr_0 @ptr_1 [SL:AMOUNT @ptr_2 SL:AMOUNT] [SL:METHOD_TIMER @ptr_3 SL:METHOD_TIMER] @ptr_4 IN:DELETE_TIMER]
Resume all timers	Res ume Ġall Ġtimers	[IN:RESUME_TIMER @ptr_0 @ptr_1 [SL:AMOUNT @ptr_2 SL:AMOUNT] [SL:METHOD_TIMER @ptr_3 SL:METHOD_TIMER] IN:RESUME_TIMER]
Cancel all timers .	C ancel Ġall Ġtimers Ġ.	[IN:DELETE_TIMER @ptr_0 @ptr_1 [SL:AMOUNT @ptr_2 SL:AMOUNT] [SL:METHOD_TIMER @ptr_3 SL:METHOD_TIMER] @ptr_4 IN:DELETE_TIMER]
delete all timers	delete Ġall Ġtimers	[IN:DELETE_TIMER @ptr_0 [SL:AMOUNT @ptr_1 SL:AMOUNT] [SL:METHOD_TIMER @ptr_2 SL:METHOD_TIMER] IN:DELETE_TIMER]
Cancel all timers	C ancel Ġall Ġtimers	[IN:DELETE_TIMER @ptr_0 @ptr_1 [SL:AMOUNT @ptr_2 SL:AMOUNT] [SL:METHOD_TIMER @ptr_3 SL:METHOD_TIMER] IN:DELETE_TIMER]
restart all timers	rest art Ġall Ġtimers	[IN:RESTART_TIMER @ptr_0 @ptr_1 [SL:AMOUNT @ptr_2 SL:AMOUNT] [SL:METHOD_TIMER @ptr_3 SL:METHOD_TIMER] IN:RESTART_TIMER]
delete all old timers	delete Ġall Ġold Ġtimers	[IN:DELETE_TIMER @ptr_0 [SL:AMOUNT @ptr_1 SL:AMOUNT] @ptr_2 [SL:METHOD_TIMER @ptr_3 SL:METHOD_TIMER] IN:DELETE_TIMER]
show all timers left	show Ġall Ġtimers Ġleft	[IN:GET_TIMER @ptr_0 [SL:AMOUNT @ptr_1 SL:AMOUNT] [SL:METHOD_TIMER @ptr_2 SL:METHOD_TIMER] @ptr_3 IN:GET_TIMER]
What are the times left on all timers ?	What Ġare Ġthe Ġtimes Ġleft Ġon Ġall Ġtimers Ġ?	[IN:GET_TIMER @ptr_0 @ptr_1 @ptr_2 @ptr_3 @ptr_4 @ptr_5 [SL:AMOUNT @ptr_6 SL:AMOUNT] [SL:METHOD_TIMER @ptr_7 SL:METHOD_TIMER] @ptr_8 IN:GET_TIMER]
Has the timer stopped ?	Has Ġthe Ġtimer Ġstopped Ġ?	[IN:GET_TIMER @ptr_0 @ptr_1 [SL:METHOD_TIMER @ptr_2 SL:METHOD_TIMER] @ptr_3 @ptr_4 IN:GET_TIMER]
How much time is left on my timer ?	How Ġmuch Ġtime Ġis Ġleft Ġon Ġmy Ġtimer Ġ?	[IN:GET_TIMER @ptr_0 @ptr_1 @ptr_2 @ptr_3 @ptr_4 @ptr_5 @ptr_6 [SL:METHOD_TIMER @ptr_7 SL:METHOD_TIMER] @ptr_8 IN:GET_TIMER]
How much time is left on the timer ?	How Ġmuch Ġtime Ġis Ġleft Ġon Ġthe Ġtimer Ġ?	[IN:GET_TIMER @ptr_0 @ptr_1 [SL:METHOD_TIMER @ptr_2 SL:METHOD_TIMER] @ptr_3 @ptr_4 @ptr_5 @ptr_6 [SL:METHOD_TIMER @ptr_7 SL:METHOD_TIMER] @ptr_8 IN:GET_TIMER]
whats the time left on the timer	wh ats Ġthe Ġtime Ġleft Ġon Ġthe Ġtimer	[IN:GET_TIMER @ptr_0 @ptr_1 @ptr_2 @ptr_3 @ptr_4 @ptr_5 @ptr_6 [SL:METHOD_TIMER @ptr_7 SL:METHOD_TIMER] IN:GET_TIMER]
How much time do I have left on the timer to workout ?	How Ġmuch Ġtime Ġdo ĠI Ġhave Ġleft Ġon Ġthe Ġtimer Ġto Ġworkout Ġ?	[IN:GET_TIMER @ptr_0 @ptr_1 @ptr_2 @ptr_3 @ptr_4 @ptr_5 @ptr_6 @ptr_7 @ptr_8 [SL:METHOD_TIMER @ptr_9 SL:METHOD_TIMER] @ptr_10 @ptr_11 @ptr_12 IN:GET_TIMER]
Show me a timer for 1 minute	Show Ġme Ġa Ġtimer Ġfor Ġ1 Ġminute	[IN:GET_TIMER @ptr_0 @ptr_1 @ptr_2 [SL:METHOD_TIMER @ptr_3 SL:METHOD_TIMER] [SL:TIMER_NAME [IN:GET_TIME [SL:DATE_TIME @ptr_4 @ptr_5 @ptr_6 SL:DATE_TIME] IN:GET_TIME] SL:TIMER_NAME] IN:GET_TIMER]
How much time is left on the timer ?	How Ġmuch Ġtime Ġis Ġleft Ġon Ġthe Ġtimer Ġ?	[IN:GET_TIMER @ptr_0 @ptr_1 [SL:METHOD_TIMER @ptr_2 SL:METHOD_TIMER] @ptr_3 @ptr_4 @ptr_5 @ptr_6 [SL:METHOD_TIMER @ptr_7 SL:METHOD_TIMER] @ptr_8 IN:GET_TIMER]
How much time is left on my timer ?	How Ġmuch Ġtime Ġis Ġleft Ġon Ġmy Ġtimer Ġ?	[IN:GET_TIMER @ptr_0 @ptr_1 @ptr_2 @ptr_3 @ptr_4 @ptr_5 @ptr_6 [SL:METHOD_TIMER @ptr_7 SL:METHOD_TIMER] @ptr_8 IN:GET_TIMER]
how long do I have on my timer ?	how Ġlong Ġdo ĠI Ġhave Ġon Ġmy Ġtimer Ġ?	[IN:GET_TIMER @ptr_0 @ptr_1 @ptr_2 @ptr_3 @ptr_4 @ptr_5 @ptr_6 [SL:METHOD_TIMER @ptr_7 SL:METHOD_TIMER] @ptr_8 IN:GET_TIMER]
How much longer until my timer goes off ?	How Ġmuch Ġlonger Ġuntil Ġmy Ġtimer Ġgoes Ġoff Ġ?	[IN:GET_TIMER @ptr_0 @ptr_1 @ptr_2 @ptr_3 @ptr_4 [SL:METHOD_TIMER @ptr_5 SL:METHOD_TIMER] @ptr_6 @ptr_7 @ptr_8 IN:GET_TIMER]
how much time is left	how Ġmuch Ġtime Ġis Ġleft	[IN:GET_TIMER @ptr_0 @ptr_1 [SL:METHOD_TIMER @ptr_2 SL:METHOD_TIMER] @ptr_3 @ptr_4 IN:GET_TIMER]
Is my second timer still going	Is Ġmy Ġsecond Ġtimer Ġstill Ġgoing	[IN:GET_TIMER @ptr_0 @ptr_1 [SL:ORDINAL @ptr_2 SL:ORDINAL] [SL:METHOD_TIMER @ptr_3 SL:METHOD_TIMER] @ptr_4 @ptr_5 IN:GET_TIMER]
How many seconds left on the timer ?	How Ġmany Ġseconds Ġleft Ġon Ġthe Ġtimer Ġ?	[IN:GET_TIMER @ptr_0 @ptr_1 @ptr_2 @ptr_3 @ptr_4 @ptr_5 [SL:METHOD_TIMER @ptr_6 SL:METHOD_TIMER] @ptr_7 IN:GET_TIMER]
Time remaining	Time Ġremaining	[IN:GET_TIMER [SL:METHOD_TIMER @ptr_0 SL:METHOD_TIMER] @ptr_1 IN:GET_TIMER]
I need to know how much time I have on the souffle timer	I Ġneed Ġto Ġknow Ġhow Ġmuch Ġtime ĠI Ġhave Ġon Ġthe Ġsou ff le Ġtimer	[IN:GET_TIMER @ptr_0 @ptr_1 @ptr_2 @ptr_3 @ptr_4 @ptr_5 @ptr_6 @ptr_7 @ptr_8 @ptr_9 @ptr_10 [SL:TIMER_NAME @ptr_11 @ptr_12 @ptr_13 SL:TIMER_NAME] [SL:METHOD_TIMER @ptr_14 SL:METHOD_TIMER] IN:GET_TIMER]
How many more minutes left in my timer ?	How Ġmany Ġmore Ġminutes Ġleft Ġin Ġmy Ġtimer Ġ?	[IN:GET_TIMER @ptr_0 @ptr_1 @ptr_2 @ptr_3 @ptr_4 @ptr_5 @ptr_6 [SL:METHOD_TIMER @ptr_7 SL:METHOD_TIMER] @ptr_8 IN:GET_TIMER]
how much longer for my timer	how Ġmuch Ġlonger Ġfor Ġmy Ġtimer	[IN:GET_TIMER @ptr_0 @ptr_1 @ptr_2 @ptr_3 @ptr_4 [SL:METHOD_TIMER @ptr_5 SL:METHOD_TIMER] IN:GET_TIMER]
How must time is left	How Ġmust Ġtime Ġis Ġleft	[IN:GET_TIMER @ptr_0 @ptr_1 @ptr_2 @ptr_3 @ptr_4 IN:GET_TIMER]
How much time do I have left ?	How Ġmuch Ġtime Ġdo ĠI Ġhave Ġleft Ġ?	[IN:GET_TIMER @ptr_0 @ptr_1 [SL:METHOD_TIMER @ptr_2 SL:METHOD_TIMER] @ptr_3 @ptr_4 @ptr_5 @ptr_6 @ptr_7 IN:GET_TIMER]
How much time is left on the second timer ?	How Ġmuch Ġtime Ġis Ġleft Ġon Ġthe Ġsecond Ġtimer Ġ?	[IN:GET_TIMER @ptr_0 @ptr_1 @ptr_2 @ptr_3 @ptr_4 @ptr_5 @ptr_6 [SL:ORDINAL @ptr_7 SL:ORDINAL] [SL:METHOD_TIMER @ptr_8 SL:METHOD_TIMER] @ptr_9 IN:GET_TIMER]
how much time is remaining on the timer	how Ġmuch Ġtime Ġis Ġremaining Ġon Ġthe Ġtimer	[IN:GET_TIMER @ptr_0 @ptr_1 @ptr_2 @ptr_3 @ptr_4 @ptr_5 @ptr_6 [SL:METHOD_TIMER @ptr_7 SL:METHOD_TIMER] IN:GET_TIMER]
How much is left on the timer ?	How Ġmuch Ġis Ġleft Ġon Ġthe Ġtimer Ġ?	[IN:GET_TIMER @ptr_0 @ptr_1 @ptr_2 @ptr_3 @ptr_4 @ptr_5 [SL:METHOD_TIMER @ptr_6 SL:METHOD_TIMER] @ptr_7 IN:GET_TIMER]
How much time left on timer ?	How Ġmuch Ġtime Ġleft Ġon Ġtimer Ġ?	[IN:GET_TIMER @ptr_0 @ptr_1 [SL:METHOD_TIMER @ptr_2 SL:METHOD_TIMER] @ptr_3 @ptr_4 [SL:METHOD_TIMER @ptr_5 SL:METHOD_TIMER] @ptr_6 IN:GET_TIMER]
How much time is left on my timer ?	How Ġmuch Ġtime Ġis Ġleft Ġon Ġmy Ġtimer Ġ?	[IN:GET_TIMER @ptr_0 @ptr_1 @ptr_2 @ptr_3 @ptr_4 @ptr_5 @ptr_6 [SL:METHOD_TIMER @ptr_7 SL:METHOD_TIMER] @ptr_8 IN:GET_TIMER]
how much time is left	how Ġmuch Ġtime Ġis Ġleft	[IN:GET_TIMER @ptr_0 @ptr_1 [SL:METHOD_TIMER @ptr_2 SL:METHOD_TIMER] @ptr_3 @ptr_4 IN:GET_TIMER]
Add 5 minutes to my timer	Add Ġ5 Ġminutes Ġto Ġmy Ġtimer	[IN:ADD_TIME_TIMER @ptr_0 [SL:DATE_TIME @ptr_1 @ptr_2 SL:DATE_TIME] @ptr_3 @ptr_4 [SL:METHOD_TIMER @ptr_5 SL:METHOD_TIMER] IN:ADD_TIME_TIMER]
please add 10 minutes to my timer	please Ġadd Ġ10 Ġminutes Ġto Ġmy Ġtimer	[IN:ADD_TIME_TIMER @ptr_0 @ptr_1 [SL:DATE_TIME @ptr_2 @ptr_3 SL:DATE_TIME] @ptr_4 @ptr_5 [SL:METHOD_TIMER @ptr_6 SL:METHOD_TIMER] IN:ADD_TIME_TIMER]
Add 2 minutes to	Add Ġ2 Ġminutes Ġto	[IN:ADD_TIME_TIMER @ptr_0 [SL:DATE_TIME @ptr_1 @ptr_2 SL:DATE_TIME] @ptr_3 IN:ADD_TIME_TIMER]
Can you add 15 minutes to the timer ?	Can Ġyou Ġadd Ġ15 Ġminutes Ġto Ġthe Ġtimer Ġ?	[IN:ADD_TIME_TIMER @ptr_0 @ptr_1 @ptr_2 [SL:DATE_TIME @ptr_3 @ptr_4 SL:DATE_TIME] @ptr_5 @ptr_6 [SL:METHOD_TIMER @ptr_7 SL:METHOD_TIMER] @ptr_8 IN:ADD_TIME_TIMER]
Add 5 minutes to the countdown	Add Ġ5 Ġminutes Ġto Ġthe Ġcountdown	[IN:ADD_TIME_TIMER @ptr_0 [SL:DATE_TIME @ptr_1 @ptr_2 SL:DATE_TIME] @ptr_3 @ptr_4 [SL:METHOD_TIMER @ptr_5 SL:METHOD_TIMER] IN:ADD_TIME_TIMER]
Add 3 minutes to the time .	Add Ġ3 Ġminutes Ġto Ġthe Ġtime Ġ.	[IN:ADD_TIME_TIMER @ptr_0 [SL:DATE_TIME @ptr_1 @ptr_2 SL:DATE_TIME] @ptr_3 @ptr_4 @ptr_5 @ptr_6 IN:ADD_TIME_TIMER]
add 10 min to the timer	add Ġ10 Ġmin Ġto Ġthe Ġtimer	[IN:ADD_TIME_TIMER @ptr_0 [SL:DATE_TIME @ptr_1 @ptr_2 SL:DATE_TIME] @ptr_3 @ptr_4 [SL:METHOD_TIMER @ptr_5 SL:METHOD_TIMER] IN:ADD_TIME_TIMER]
add five minutes to my timer	add Ġfive Ġminutes Ġto Ġmy Ġtimer	[IN:ADD_TIME_TIMER @ptr_0 [SL:DATE_TIME @ptr_1 @ptr_2 SL:DATE_TIME] @ptr_3 @ptr_4 [SL:METHOD_TIMER @ptr_5 SL:METHOD_TIMER] IN:ADD_TIME_TIMER]
Can we extend the timer 10 minutes ?	Can Ġwe Ġextend Ġthe Ġtimer Ġ10 Ġminutes Ġ?	[IN:ADD_TIME_TIMER @ptr_0 @ptr_1 @ptr_2 @ptr_3 [SL:METHOD_TIMER @ptr_4 SL:METHOD_TIMER] [SL:DATE_TIME @ptr_5 @ptr_6 SL:DATE_TIME] @ptr_7 IN:ADD_TIME_TIMER]
Add timer	Add Ġtimer	[IN:ADD_TIME_TIMER @ptr_0 [SL:METHOD_TIMER @ptr_1 SL:METHOD_TIMER] IN:ADD_TIME_TIMER]
Add 30 minutes to my timer	Add Ġ30 Ġminutes Ġto Ġmy Ġtimer	[IN:ADD_TIME_TIMER @ptr_0 [SL:DATE_TIME @ptr_1 @ptr_2 SL:DATE_TIME] @ptr_3 @ptr_4 [SL:METHOD_TIMER @ptr_5 SL:METHOD_TIMER] IN:ADD_TIME_TIMER]
add 30 minutes to timer	add Ġ30 Ġminutes Ġto Ġtimer	[IN:ADD_TIME_TIMER @ptr_0 [SL:DATE_TIME @ptr_1 @ptr_2 SL:DATE_TIME] @ptr_3 [SL:METHOD_TIMER @ptr_4 SL:METHOD_TIMER] IN:ADD_TIME_TIMER]
Extend my timer by 30 minutes .	Ext end Ġmy Ġtimer Ġby Ġ30 Ġminutes Ġ.	[IN:ADD_TIME_TIMER @ptr_0 @ptr_1 @ptr_2 [SL:METHOD_TIMER @ptr_3 SL:METHOD_TIMER] [SL:DATE_TIME @ptr_4 @ptr_5 @ptr_6 SL:DATE_TIME] @ptr_7 IN:ADD_TIME_TIMER]
Add 12 minutes to my timer .	Add Ġ12 Ġminutes Ġto Ġmy Ġtimer Ġ.	[IN:ADD_TIME_TIMER @ptr_0 [SL:DATE_TIME @ptr_1 @ptr_2 SL:DATE_TIME] @ptr_3 @ptr_4 [SL:METHOD_TIMER @ptr_5 SL:METHOD_TIMER] @ptr_6 IN:ADD_TIME_TIMER]
Add 2 hours to my timer	Add Ġ2 Ġhours Ġto Ġmy Ġtimer	[IN:ADD_TIME_TIMER @ptr_0 [SL:DATE_TIME @ptr_1 @ptr_2 SL:DATE_TIME] @ptr_3 @ptr_4 [SL:METHOD_TIMER @ptr_5 SL:METHOD_TIMER] IN:ADD_TIME_TIMER]
Add 9 minutes to my baking timer	Add Ġ9 Ġminutes Ġto Ġmy Ġbaking Ġtimer	[IN:ADD_TIME_TIMER @ptr_0 [SL:DATE_TIME @ptr_1 @ptr_2 SL:DATE_TIME] @ptr_3 @ptr_4 @ptr_5 [SL:METHOD_TIMER @ptr_6 SL:METHOD_TIMER] IN:ADD_TIME_TIMER]
Add 10 minutes to my timer	Add Ġ10 Ġminutes Ġto Ġmy Ġtimer	[IN:ADD_TIME_TIMER @ptr_0 [SL:DATE_TIME @ptr_1 @ptr_2 SL:DATE_TIME] @ptr_3 @ptr_4 [SL:METHOD_TIMER @ptr_5 SL:METHOD_TIMER] IN:ADD_TIME_TIMER]
Add another 15 minutes to timer	Add Ġanother Ġ15 Ġminutes Ġto Ġtimer	[IN:ADD_TIME_TIMER @ptr_0 @ptr_1 [SL:DATE_TIME @ptr_2 @ptr_3 SL:DATE_TIME] @ptr_4 [SL:METHOD_TIMER @ptr_5 SL:METHOD_TIMER] IN:ADD_TIME_TIMER]
Can you add more time to my timer ?	Can Ġyou Ġadd Ġmore Ġtime Ġto Ġmy Ġtimer Ġ?	[IN:ADD_TIME_TIMER @ptr_0 @ptr_1 @ptr_2 @ptr_3 @ptr_4 @ptr_5 @ptr_6 [SL:METHOD_TIMER @ptr_7 SL:METHOD_TIMER] @ptr_8 IN:ADD_TIME_TIMER]
Let 's add 17 minutes to my timer	Let Ġ' s Ġadd Ġ17 Ġminutes Ġto Ġmy Ġtimer	[IN:ADD_TIME_TIMER @ptr_0 @ptr_1 @ptr_2 @ptr_3 [SL:DATE_TIME @ptr_4 @ptr_5 SL:DATE_TIME] @ptr_6 @ptr_7 [SL:METHOD_TIMER @ptr_8 SL:METHOD_TIMER] IN:ADD_TIME_TIMER]
add 15 minutes to the timer	add Ġ15 Ġminutes Ġto Ġthe Ġtimer	[IN:ADD_TIME_TIMER @ptr_0 [SL:DATE_TIME @ptr_1 @ptr_2 SL:DATE_TIME] @ptr_3 @ptr_4 [SL:METHOD_TIMER @ptr_5 SL:METHOD_TIMER] IN:ADD_TIME_TIMER]
Add 10 minutes to my timer	Add Ġ10 Ġminutes Ġto Ġmy Ġtimer	[IN:ADD_TIME_TIMER @ptr_0 [SL:DATE_TIME @ptr_1 @ptr_2 SL:DATE_TIME] @ptr_3 @ptr_4 [SL:METHOD_TIMER @ptr_5 SL:METHOD_TIMER] IN:ADD_TIME_TIMER]
Add 4 minutes to my current timer	Add Ġ4 Ġminutes Ġto Ġmy Ġcurrent Ġtimer	[IN:ADD_TIME_TIMER @ptr_0 [SL:DATE_TIME @ptr_1 @ptr_2 SL:DATE_TIME] @ptr_3 @ptr_4 @ptr_5 [SL:METHOD_TIMER @ptr_6 SL:METHOD_TIMER] IN:ADD_TIME_TIMER]
Add 10 minutes to timer	Add Ġ10 Ġminutes Ġto Ġtimer	[IN:ADD_TIME_TIMER @ptr_0 [SL:DATE_TIME @ptr_1 @ptr_2 SL:DATE_TIME] @ptr_3 [SL:METHOD_TIMER @ptr_4 SL:METHOD_TIMER] IN:ADD_TIME_TIMER]
add one hour to the timer	add Ġone Ġhour Ġto Ġthe Ġtimer	[IN:ADD_TIME_TIMER @ptr_0 [SL:DATE_TIME @ptr_1 @ptr_2 SL:DATE_TIME] @ptr_3 @ptr_4 [SL:METHOD_TIMER @ptr_5 SL:METHOD_TIMER] IN:ADD_TIME_TIMER]
set a timer for sunset	set Ġa Ġtimer Ġfor Ġsunset	[IN:CREATE_TIMER @ptr_0 @ptr_1 [SL:METHOD_TIMER @ptr_2 SL:METHOD_TIMER] @ptr_3 [SL:TIMER_NAME @ptr_4 SL:TIMER_NAME] IN:CREATE_TIMER]
start workout timer	start Ġworkout Ġtimer	[IN:CREATE_TIMER @ptr_0 [SL:TIMER_NAME @ptr_1 SL:TIMER_NAME] [SL:METHOD_TIMER @ptr_2 SL:METHOD_TIMER] IN:CREATE_TIMER]
Perm timer can be deleted .	Per m Ġtimer Ġcan Ġbe Ġdeleted Ġ.	[IN:DELETE_TIMER [SL:TIMER_NAME @ptr_0 @ptr_1 SL:TIMER_NAME] [SL:METHOD_TIMER @ptr_2 SL:METHOD_TIMER] @ptr_3 @ptr_4 @ptr_5 @ptr_6 IN:DELETE_TIMER]
Display 30 minutes timer	Display Ġ30 Ġminutes Ġtimer	[IN:GET_TIMER @ptr_0 [SL:TIMER_NAME [IN:GET_TIMER [SL:TIMER_NAME [IN:GET_TIME [SL:DATE_TIME @ptr_1 @ptr_2 SL:DATE_TIME] IN:GET_TIME] SL:TIMER_NAME] IN:GET_TIMER] SL:TIMER_NAME] [SL:METHOD_TIMER @ptr_3 SL:METHOD_TIMER] IN:GET_TIMER]
Change my timer from 30 minutes to 50	Change Ġmy Ġtimer Ġfrom Ġ30 Ġminutes Ġto Ġ50	[IN:UPDATE_TIMER @ptr_0 @ptr_1 [SL:METHOD_TIMER @ptr_2 SL:METHOD_TIMER] [SL:TIMER_NAME [IN:GET_TIME [SL:DATE_TIME @ptr_3 @ptr_4 @ptr_5 SL:DATE_TIME] IN:GET_TIME] SL:TIMER_NAME] [SL:DATE_TIME @ptr_6 @ptr_7 SL:DATE_TIME] IN:UPDATE_TIMER]
reset timer with 5 minutes	reset Ġtimer Ġwith Ġ5 Ġminutes	[IN:RESTART_TIMER @ptr_0 [SL:METHOD_TIMER @ptr_1 SL:METHOD_TIMER] @ptr_2 [SL:TIMER_NAME [IN:GET_TIME [SL:DATE_TIME @ptr_3 @ptr_4 SL:DATE_TIME] IN:GET_TIME] SL:TIMER_NAME] IN:RESTART_TIMER]
Set a timer for my run ?	Set Ġa Ġtimer Ġfor Ġmy Ġrun Ġ?	[IN:CREATE_TIMER @ptr_0 @ptr_1 [SL:METHOD_TIMER @ptr_2 SL:METHOD_TIMER] @ptr_3 @ptr_4 [SL:TIMER_NAME @ptr_5 SL:TIMER_NAME] @ptr_6 IN:CREATE_TIMER]
Set a cookie timer	Set Ġa Ġcookie Ġtimer	[IN:CREATE_TIMER @ptr_0 @ptr_1 [SL:TIMER_NAME @ptr_2 SL:TIMER_NAME] [SL:METHOD_TIMER @ptr_3 SL:METHOD_TIMER] IN:CREATE_TIMER]
My clothesline timer needs modication .	My Ġclothes line Ġtimer Ġneeds Ġmod ication Ġ.	[IN:UPDATE_TIMER @ptr_0 [SL:TIMER_NAME @ptr_1 @ptr_2 SL:TIMER_NAME] [SL:METHOD_TIMER @ptr_3 SL:METHOD_TIMER] @ptr_4 @ptr_5 @ptr_6 @ptr_7 IN:UPDATE_TIMER]
Could you continue my break timer ?	Could Ġyou Ġcontinue Ġmy Ġbreak Ġtimer Ġ?	[IN:RESUME_TIMER @ptr_0 @ptr_1 @ptr_2 @ptr_3 [SL:TIMER_NAME @ptr_4 SL:TIMER_NAME] [SL:METHOD_TIMER @ptr_5 SL:METHOD_TIMER] @ptr_6 IN:RESUME_TIMER]
Make Turn Over timer less .	Make ĠTurn ĠOver Ġtimer Ġless Ġ.	[IN:SUBTRACT_TIME_TIMER @ptr_0 [SL:TIMER_NAME @ptr_1 @ptr_2 SL:TIMER_NAME] [SL:METHOD_TIMER @ptr_3 SL:METHOD_TIMER] @ptr_4 @ptr_5 IN:SUBTRACT_TIME_TIMER]
reset the timer for 15 minutes	reset Ġthe Ġtimer Ġfor Ġ15 Ġminutes	[IN:RESTART_TIMER @ptr_0 @ptr_1 [SL:METHOD_TIMER @ptr_2 SL:METHOD_TIMER] [SL:TIMER_NAME [IN:GET_TIME [SL:DATE_TIME @ptr_3 @ptr_4 @ptr_5 SL:DATE_TIME] IN:GET_TIME] SL:TIMER_NAME] IN:RESTART_TIMER]
Begin my gym timer now	Begin Ġmy Ġgym Ġtimer Ġnow	[IN:CREATE_TIMER @ptr_0 @ptr_1 [SL:TIMER_NAME @ptr_2 SL:TIMER_NAME] [SL:METHOD_TIMER @ptr_3 SL:METHOD_TIMER] @ptr_4 IN:CREATE_TIMER]
I need a 45 minute timer for my session with a client	I Ġneed Ġa Ġ45 Ġminute Ġtimer Ġfor Ġmy Ġsession Ġwith Ġa Ġclient	[IN:CREATE_TIMER @ptr_0 @ptr_1 @ptr_2 [SL:DATE_TIME @ptr_3 @ptr_4 SL:DATE_TIME] [SL:METHOD_TIMER @ptr_5 SL:METHOD_TIMER] @ptr_6 @ptr_7 [SL:TIMER_NAME @ptr_8 @ptr_9 @ptr_10 @ptr_11 SL:TIMER_NAME] IN:CREATE_TIMER]
whats minutes on my set timer for Monday	wh ats Ġminutes Ġon Ġmy Ġset Ġtimer Ġfor ĠMonday	[IN:GET_TIMER @ptr_0 @ptr_1 @ptr_2 @ptr_3 @ptr_4 @ptr_5 [SL:METHOD_TIMER @ptr_6 SL:METHOD_TIMER] [SL:TIMER_NAME [IN:GET_TIME [SL:DATE_TIME @ptr_7 @ptr_8 SL:DATE_TIME] IN:GET_TIME] SL:TIMER_NAME] IN:GET_TIMER]
set a timer for my drive home	set Ġa Ġtimer Ġfor Ġmy Ġdrive Ġhome	[IN:CREATE_TIMER @ptr_0 @ptr_1 [SL:METHOD_TIMER @ptr_2 SL:METHOD_TIMER] @ptr_3 @ptr_4 [SL:TIMER_NAME @ptr_5 @ptr_6 SL:TIMER_NAME] IN:CREATE_TIMER]
start the timer for the race	start Ġthe Ġtimer Ġfor Ġthe Ġrace	[IN:CREATE_TIMER @ptr_0 @ptr_1 [SL:METHOD_TIMER @ptr_2 SL:METHOD_TIMER] @ptr_3 @ptr_4 [SL:TIMER_NAME @ptr_5 SL:TIMER_NAME] IN:CREATE_TIMER]
Pause the coffee timer	Pause Ġthe Ġcoffee Ġtimer	[IN:PAUSE_TIMER @ptr_0 @ptr_1 [SL:TIMER_NAME @ptr_2 SL:TIMER_NAME] [SL:METHOD_TIMER @ptr_3 SL:METHOD_TIMER] IN:PAUSE_TIMER]
Begin cardio timer	Begin Ġcardio Ġtimer	[IN:CREATE_TIMER @ptr_0 [SL:TIMER_NAME @ptr_1 SL:TIMER_NAME] [SL:METHOD_TIMER @ptr_2 SL:METHOD_TIMER] IN:CREATE_TIMER]
set timer for my travel time	set Ġtimer Ġfor Ġmy Ġtravel Ġtime	[IN:CREATE_TIMER @ptr_0 [SL:METHOD_TIMER @ptr_1 SL:METHOD_TIMER] @ptr_2 @ptr_3 [SL:TIMER_NAME @ptr_4 @ptr_5 SL:TIMER_NAME] IN:CREATE_TIMER]
I need to add some more time to my bread timer	I Ġneed Ġto Ġadd Ġsome Ġmore Ġtime Ġto Ġmy Ġbread Ġtimer	[IN:ADD_TIME_TIMER @ptr_0 @ptr_1 @ptr_2 @ptr_3 @ptr_4 @ptr_5 @ptr_6 @ptr_7 @ptr_8 [SL:TIMER_NAME @ptr_9 SL:TIMER_NAME] [SL:METHOD_TIMER @ptr_10 SL:METHOD_TIMER] IN:ADD_TIME_TIMER]
Resume 40 minute timer	Res ume Ġ40 Ġminute Ġtimer	[IN:RESUME_TIMER @ptr_0 @ptr_1 [SL:TIMER_NAME [IN:GET_TIME [SL:DATE_TIME @ptr_2 @ptr_3 SL:DATE_TIME] IN:GET_TIME] SL:TIMER_NAME] [SL:METHOD_TIMER @ptr_4 SL:METHOD_TIMER] IN:RESUME_TIMER]
Would you resume the cookie timer ?	Would Ġyou Ġresume Ġthe Ġcookie Ġtimer Ġ?	[IN:RESUME_TIMER @ptr_0 @ptr_1 @ptr_2 @ptr_3 [SL:TIMER_NAME @ptr_4 SL:TIMER_NAME] [SL:METHOD_TIMER @ptr_5 SL:METHOD_TIMER] @ptr_6 IN:RESUME_TIMER]
How much time is left on the current 30 - minute timer ?	How Ġmuch Ġtime Ġis Ġleft Ġon Ġthe Ġcurrent Ġ30 Ġ- Ġminute Ġtimer Ġ?	[IN:GET_TIMER @ptr_0 @ptr_1 @ptr_2 @ptr_3 @ptr_4 @ptr_5 @ptr_6 @ptr_7 [SL:TIMER_NAME [IN:GET_TIME [SL:DATE_TIME @ptr_8 @ptr_9 @ptr_10 SL:DATE_TIME] IN:GET_TIME] SL:TIMER_NAME] [SL:METHOD_TIMER @ptr_11 SL:METHOD_TIMER] @ptr_12 IN:GET_TIMER]
start my walking timer	start Ġmy Ġwalking Ġtimer	[IN:CREATE_TIMER @ptr_0 @ptr_1 [SL:TIMER_NAME @ptr_2 SL:TIMER_NAME] [SL:METHOD_TIMER @ptr_3 SL:METHOD_TIMER] IN:CREATE_TIMER]
How long is left on timer ?	How Ġlong Ġis Ġleft Ġon Ġtimer Ġ?	[IN:GET_TIMER @ptr_0 @ptr_1 @ptr_2 @ptr_3 @ptr_4 [SL:METHOD_TIMER @ptr_5 SL:METHOD_TIMER] @ptr_6 IN:GET_TIMER]
how much time do I have left	how Ġmuch Ġtime Ġdo ĠI Ġhave Ġleft	[IN:GET_TIMER @ptr_0 @ptr_1 [SL:METHOD_TIMER @ptr_2 SL:METHOD_TIMER] @ptr_3 @ptr_4 @ptr_5 @ptr_6 IN:GET_TIMER]
how much time left on my timer please	how Ġmuch Ġtime Ġleft Ġon Ġmy Ġtimer Ġplease	[IN:GET_TIMER @ptr_0 @ptr_1 @ptr_2 @ptr_3 @ptr_4 @ptr_5 [SL:METHOD_TIMER @ptr_6 SL:METHOD_TIMER] @ptr_7 IN:GET_TIMER]
is there any time left of the timer	is Ġthere Ġany Ġtime Ġleft Ġof Ġthe Ġtimer	[IN:GET_TIMER @ptr_0 @ptr_1 @ptr_2 @ptr_3 @ptr_4 @ptr_5 @ptr_6 [SL:METHOD_TIMER @ptr_7 SL:METHOD_TIMER] IN:GET_TIMER]
How much time do I have left on my timer ?	How Ġmuch Ġtime Ġdo ĠI Ġhave Ġleft Ġon Ġmy Ġtimer Ġ?	[IN:GET_TIMER @ptr_0 @ptr_1 @ptr_2 @ptr_3 @ptr_4 @ptr_5 @ptr_6 @ptr_7 @ptr_8 [SL:METHOD_TIMER @ptr_9 SL:METHOD_TIMER] @ptr_10 IN:GET_TIMER]
do I have 20 minutes left on my timer	do ĠI Ġhave Ġ20 Ġminutes Ġleft Ġon Ġmy Ġtimer	[IN:GET_TIMER @ptr_0 @ptr_1 @ptr_2 [SL:TIMER_NAME [IN:GET_TIME [SL:DATE_TIME @ptr_3 @ptr_4 SL:DATE_TIME] IN:GET_TIME] SL:TIMER_NAME] @ptr_5 @ptr_6 @ptr_7 [SL:METHOD_TIMER @ptr_8 SL:METHOD_TIMER] IN:GET_TIMER]
What time will the timer go off	What Ġtime Ġwill Ġthe Ġtimer Ġgo Ġoff	[IN:GET_TIMER @ptr_0 @ptr_1 @ptr_2 @ptr_3 [SL:METHOD_TIMER @ptr_4 SL:METHOD_TIMER] @ptr_5 @ptr_6 IN:GET_TIMER]
How many timers did I create this month ?	How Ġmany Ġtimers Ġdid ĠI Ġcreate Ġthis Ġmonth Ġ?	[IN:GET_TIMER @ptr_0 @ptr_1 [SL:METHOD_TIMER @ptr_2 SL:METHOD_TIMER] @ptr_3 @ptr_4 @ptr_5 [SL:TIMER_NAME [IN:GET_TIME [SL:DATE_TIME @ptr_6 @ptr_7 SL:DATE_TIME] IN:GET_TIME] SL:TIMER_NAME] @ptr_8 IN:GET_TIMER]
How long did I set the timer ?	How Ġlong Ġdid ĠI Ġset Ġthe Ġtimer Ġ?	[IN:GET_TIMER @ptr_0 @ptr_1 @ptr_2 @ptr_3 @ptr_4 @ptr_5 [SL:METHOD_TIMER @ptr_6 SL:METHOD_TIMER] @ptr_7 IN:GET_TIMER]
What timers are saved	What Ġtimers Ġare Ġsaved	[IN:GET_TIMER @ptr_0 [SL:METHOD_TIMER @ptr_1 SL:METHOD_TIMER] @ptr_2 @ptr_3 IN:GET_TIMER]
Read me all current timers	Read Ġme Ġall Ġcurrent Ġtimers	[IN:GET_TIMER @ptr_0 @ptr_1 [SL:AMOUNT @ptr_2 SL:AMOUNT] @ptr_3 [SL:METHOD_TIMER @ptr_4 SL:METHOD_TIMER] IN:GET_TIMER]
how long until the timer goes off	how Ġlong Ġuntil Ġthe Ġtimer Ġgoes Ġoff	[IN:GET_TIMER @ptr_0 @ptr_1 @ptr_2 @ptr_3 [SL:METHOD_TIMER @ptr_4 SL:METHOD_TIMER] @ptr_5 @ptr_6 IN:GET_TIMER]
Show me time left on timer .	Show Ġme Ġtime Ġleft Ġon Ġtimer Ġ.	[IN:GET_TIMER @ptr_0 @ptr_1 @ptr_2 @ptr_3 @ptr_4 [SL:METHOD_TIMER @ptr_5 SL:METHOD_TIMER] @ptr_6 IN:GET_TIMER]
whats the time left on my timer	wh ats Ġthe Ġtime Ġleft Ġon Ġmy Ġtimer	[IN:GET_TIMER @ptr_0 @ptr_1 @ptr_2 @ptr_3 @ptr_4 @ptr_5 @ptr_6 [SL:METHOD_TIMER @ptr_7 SL:METHOD_TIMER] IN:GET_TIMER]
Is it almost done	Is Ġit Ġalmost Ġdone	[IN:GET_TIMER @ptr_0 @ptr_1 @ptr_2 @ptr_3 IN:GET_TIMER]
return to timer in progress	return Ġto Ġtimer Ġin Ġprogress	[IN:GET_TIMER @ptr_0 @ptr_1 [SL:METHOD_TIMER @ptr_2 SL:METHOD_TIMER] @ptr_3 @ptr_4 IN:GET_TIMER]
Time left on timer	Time Ġleft Ġon Ġtimer	[IN:GET_TIMER @ptr_0 @ptr_1 @ptr_2 [SL:METHOD_TIMER @ptr_3 SL:METHOD_TIMER] IN:GET_TIMER]
how much time is left on the timer	how Ġmuch Ġtime Ġis Ġleft Ġon Ġthe Ġtimer	[IN:GET_TIMER @ptr_0 @ptr_1 @ptr_2 @ptr_3 @ptr_4 @ptr_5 @ptr_6 [SL:METHOD_TIMER @ptr_7 SL:METHOD_TIMER] IN:GET_TIMER]
reset timer for 60 seconds	reset Ġtimer Ġfor Ġ60 Ġseconds	[IN:RESTART_TIMER @ptr_0 [SL:METHOD_TIMER @ptr_1 SL:METHOD_TIMER] [SL:TIMER_NAME [IN:GET_TIME [SL:DATE_TIME @ptr_2 @ptr_3 @ptr_4 SL:DATE_TIME] IN:GET_TIME] SL:TIMER_NAME] IN:RESTART_TIMER]
how much time is left on my lunch time timer	how Ġmuch Ġtime Ġis Ġleft Ġon Ġmy Ġlunch Ġtime Ġtimer	[IN:GET_TIMER @ptr_0 @ptr_1 @ptr_2 @ptr_3 @ptr_4 @ptr_5 @ptr_6 @ptr_7 @ptr_8 [SL:METHOD_TIMER @ptr_9 SL:METHOD_TIMER] IN:GET_TIMER]
how much time left on timer ?	how Ġmuch Ġtime Ġleft Ġon Ġtimer Ġ?	[IN:GET_TIMER @ptr_0 @ptr_1 [SL:METHOD_TIMER @ptr_2 SL:METHOD_TIMER] @ptr_3 @ptr_4 [SL:METHOD_TIMER @ptr_5 SL:METHOD_TIMER] @ptr_6 IN:GET_TIMER]
when will my timer go off	when Ġwill Ġmy Ġtimer Ġgo Ġoff	[IN:GET_TIMER @ptr_0 @ptr_1 @ptr_2 [SL:METHOD_TIMER @ptr_3 SL:METHOD_TIMER] @ptr_4 @ptr_5 IN:GET_TIMER]
How much time is on the stopwatch	How Ġmuch Ġtime Ġis Ġon Ġthe Ġstop watch	[IN:GET_TIMER @ptr_0 @ptr_1 @ptr_2 @ptr_3 @ptr_4 @ptr_5 [SL:METHOD_TIMER @ptr_6 @ptr_7 SL:METHOD_TIMER] IN:GET_TIMER]
How long is left on timer 1 ?	How Ġlong Ġis Ġleft Ġon Ġtimer Ġ1 Ġ?	[IN:GET_TIMER @ptr_0 @ptr_1 @ptr_2 @ptr_3 @ptr_4 [SL:METHOD_TIMER @ptr_5 SL:METHOD_TIMER] @ptr_6 @ptr_7 IN:GET_TIMER]
How much time is left in the timer	How Ġmuch Ġtime Ġis Ġleft Ġin Ġthe Ġtimer	[IN:GET_TIMER @ptr_0 @ptr_1 @ptr_2 @ptr_3 @ptr_4 @ptr_5 @ptr_6 [SL:METHOD_TIMER @ptr_7 SL:METHOD_TIMER] IN:GET_TIMER]
Restart timer	Rest art Ġtimer	[IN:RESTART_TIMER @ptr_0 @ptr_1 [SL:METHOD_TIMER @ptr_2 SL:METHOD_TIMER] IN:RESTART_TIMER]
restart my 30 minute timer	rest art Ġmy Ġ30 Ġminute Ġtimer	[IN:RESTART_TIMER @ptr_0 @ptr_1 @ptr_2 [SL:TIMER_NAME @ptr_3 @ptr_4 SL:TIMER_NAME] [SL:METHOD_TIMER @ptr_5 SL:METHOD_TIMER] IN:RESTART_TIMER]
Restart the timer	Rest art Ġthe Ġtimer	[IN:RESTART_TIMER @ptr_0 @ptr_1 @ptr_2 [SL:METHOD_TIMER @ptr_3 SL:METHOD_TIMER] IN:RESTART_TIMER]
reset the timer to 0	reset Ġthe Ġtimer Ġto Ġ0	[IN:RESTART_TIMER @ptr_0 @ptr_1 [SL:METHOD_TIMER @ptr_2 SL:METHOD_TIMER] [SL:DATE_TIME @ptr_3 @ptr_4 SL:DATE_TIME] IN:RESTART_TIMER]
Restart timer .	Rest art Ġtimer Ġ.	[IN:RESTART_TIMER @ptr_0 @ptr_1 [SL:METHOD_TIMER @ptr_2 SL:METHOD_TIMER] @ptr_3 IN:RESTART_TIMER]
reset the timer	reset Ġthe Ġtimer	[IN:RESTART_TIMER @ptr_0 @ptr_1 [SL:METHOD_TIMER @ptr_2 SL:METHOD_TIMER] IN:RESTART_TIMER]
Restart the timer	Rest art Ġthe Ġtimer	[IN:RESTART_TIMER @ptr_0 @ptr_1 @ptr_2 [SL:METHOD_TIMER @ptr_3 SL:METHOD_TIMER] IN:RESTART_TIMER]
Please restart my timer	Please Ġrestart Ġmy Ġtimer	[IN:RESTART_TIMER @ptr_0 @ptr_1 @ptr_2 [SL:METHOD_TIMER @ptr_3 SL:METHOD_TIMER] IN:RESTART_TIMER]
Reset the timer .	Res et Ġthe Ġtimer Ġ.	[IN:RESTART_TIMER @ptr_0 @ptr_1 @ptr_2 [SL:METHOD_TIMER @ptr_3 SL:METHOD_TIMER] @ptr_4 IN:RESTART_TIMER]
reset timer	reset Ġtimer	[IN:RESTART_TIMER @ptr_0 [SL:METHOD_TIMER @ptr_1 SL:METHOD_TIMER] IN:RESTART_TIMER]
Ok restart the alarm timer	Ok Ġrestart Ġthe Ġalarm Ġtimer	[IN:RESTART_TIMER @ptr_0 @ptr_1 @ptr_2 @ptr_3 [SL:METHOD_TIMER @ptr_4 SL:METHOD_TIMER] IN:RESTART_TIMER]
Restart the timer .	Rest art Ġthe Ġtimer Ġ.	[IN:RESTART_TIMER @ptr_0 @ptr_1 @ptr_2 [SL:METHOD_TIMER @ptr_3 SL:METHOD_TIMER] @ptr_4 IN:RESTART_TIMER]
restart timer for 10 minutes	rest art Ġtimer Ġfor Ġ10 Ġminutes	[IN:RESTART_TIMER @ptr_0 @ptr_1 [SL:METHOD_TIMER @ptr_2 SL:METHOD_TIMER] [SL:TIMER_NAME [IN:GET_TIME [SL:DATE_TIME @ptr_3 @ptr_4 @ptr_5 SL:DATE_TIME] IN:GET_TIME] SL:TIMER_NAME] IN:RESTART_TIMER]
restart kitchen timer	rest art Ġkitchen Ġtimer	[IN:RESTART_TIMER @ptr_0 @ptr_1 [SL:TIMER_NAME @ptr_2 SL:TIMER_NAME] [SL:METHOD_TIMER @ptr_3 SL:METHOD_TIMER] IN:RESTART_TIMER]
Reset the timer .	Res et Ġthe Ġtimer Ġ.	[IN:RESTART_TIMER @ptr_0 @ptr_1 @ptr_2 [SL:METHOD_TIMER @ptr_3 SL:METHOD_TIMER] @ptr_4 IN:RESTART_TIMER]
restart timer	rest art Ġtimer	[IN:RESTART_TIMER @ptr_0 @ptr_1 [SL:METHOD_TIMER @ptr_2 SL:METHOD_TIMER] IN:RESTART_TIMER]
Restart the timer in 30 seconds	Rest art Ġthe Ġtimer Ġin Ġ30 Ġseconds	[IN:RESTART_TIMER @ptr_0 @ptr_1 @ptr_2 [SL:METHOD_TIMER @ptr_3 SL:METHOD_TIMER] [SL:DATE_TIME @ptr_4 @ptr_5 @ptr_6 SL:DATE_TIME] IN:RESTART_TIMER]
restart time	rest art Ġtime	[IN:RESTART_TIMER @ptr_0 @ptr_1 [SL:METHOD_TIMER @ptr_2 SL:METHOD_TIMER] IN:RESTART_TIMER]
Reset my timer to zero	Res et Ġmy Ġtimer Ġto Ġzero	[IN:RESTART_TIMER @ptr_0 @ptr_1 [SL:METHOD_TIMER @ptr_2 @ptr_3 SL:METHOD_TIMER] [SL:DATE_TIME @ptr_4 @ptr_5 SL:DATE_TIME] IN:RESTART_TIMER]
Reset timer	Res et Ġtimer	[IN:RESTART_TIMER @ptr_0 @ptr_1 [SL:METHOD_TIMER @ptr_2 SL:METHOD_TIMER] IN:RESTART_TIMER]
Restart jogging timer now	Rest art Ġj ogging Ġtimer Ġnow	[IN:RESTART_TIMER @ptr_0 @ptr_1 [SL:TIMER_NAME @ptr_2 @ptr_3 SL:TIMER_NAME] [SL:METHOD_TIMER @ptr_4 SL:METHOD_TIMER] @ptr_5 IN:RESTART_TIMER]
reset timer now	reset Ġtimer Ġnow	[IN:RESTART_TIMER @ptr_0 [SL:METHOD_TIMER @ptr_1 SL:METHOD_TIMER] @ptr_2 IN:RESTART_TIMER]
Reset timer	Res et Ġtimer	[IN:RESTART_TIMER @ptr_0 @ptr_1 [SL:METHOD_TIMER @ptr_2 SL:METHOD_TIMER] IN:RESTART_TIMER]
start timer again	start Ġtimer Ġagain	[IN:RESTART_TIMER @ptr_0 [SL:METHOD_TIMER @ptr_1 SL:METHOD_TIMER] @ptr_2 IN:RESTART_TIMER]
Restart my timer for cardio .	Rest art Ġmy Ġtimer Ġfor Ġcardio Ġ.	[IN:RESTART_TIMER @ptr_0 @ptr_1 @ptr_2 [SL:METHOD_TIMER @ptr_3 SL:METHOD_TIMER] @ptr_4 @ptr_5 @ptr_6 IN:RESTART_TIMER]
Take five minutes off the timer .	Take Ġfive Ġminutes Ġoff Ġthe Ġtimer Ġ.	[IN:SUBTRACT_TIME_TIMER @ptr_0 [SL:DATE_TIME @ptr_1 @ptr_2 SL:DATE_TIME] @ptr_3 @ptr_4 [SL:METHOD_TIMER @ptr_5 SL:METHOD_TIMER] @ptr_6 IN:SUBTRACT_TIME_TIMER]
Subtract five minutes from the current timer	Sub t ract Ġfive Ġminutes Ġfrom Ġthe Ġcurrent Ġtimer	[IN:SUBTRACT_TIME_TIMER @ptr_0 @ptr_1 @ptr_2 [SL:DATE_TIME @ptr_3 @ptr_4 SL:DATE_TIME] @ptr_5 @ptr_6 @ptr_7 [SL:METHOD_TIMER @ptr_8 SL:METHOD_TIMER] IN:SUBTRACT_TIME_TIMER]
Subtract 5 minutes from the timer	Sub t ract Ġ5 Ġminutes Ġfrom Ġthe Ġtimer	[IN:SUBTRACT_TIME_TIMER @ptr_0 @ptr_1 @ptr_2 [SL:DATE_TIME @ptr_3 @ptr_4 SL:DATE_TIME] @ptr_5 @ptr_6 [SL:METHOD_TIMER @ptr_7 SL:METHOD_TIMER] IN:SUBTRACT_TIME_TIMER]
Delete 5 minutes from timer	Delete Ġ5 Ġminutes Ġfrom Ġtimer	[IN:SUBTRACT_TIME_TIMER @ptr_0 [SL:DATE_TIME @ptr_1 @ptr_2 SL:DATE_TIME] @ptr_3 [SL:METHOD_TIMER @ptr_4 SL:METHOD_TIMER] IN:SUBTRACT_TIME_TIMER]
take 5 minutes off of timer	take Ġ5 Ġminutes Ġoff Ġof Ġtimer	[IN:SUBTRACT_TIME_TIMER @ptr_0 [SL:DATE_TIME @ptr_1 @ptr_2 SL:DATE_TIME] @ptr_3 @ptr_4 [SL:METHOD_TIMER @ptr_5 SL:METHOD_TIMER] IN:SUBTRACT_TIME_TIMER]
take five minutes off of my timer	take Ġfive Ġminutes Ġoff Ġof Ġmy Ġtimer	[IN:SUBTRACT_TIME_TIMER @ptr_0 [SL:DATE_TIME @ptr_1 @ptr_2 SL:DATE_TIME] @ptr_3 @ptr_4 @ptr_5 [SL:METHOD_TIMER @ptr_6 SL:METHOD_TIMER] IN:SUBTRACT_TIME_TIMER]
take 20 minutes off the timer	take Ġ20 Ġminutes Ġoff Ġthe Ġtimer	[IN:SUBTRACT_TIME_TIMER @ptr_0 [SL:DATE_TIME @ptr_1 @ptr_2 SL:DATE_TIME] @ptr_3 @ptr_4 [SL:METHOD_TIMER @ptr_5 SL:METHOD_TIMER] IN:SUBTRACT_TIME_TIMER]
Cut training time by 15 minutes	Cut Ġtraining Ġtime Ġby Ġ15 Ġminutes	[IN:SUBTRACT_TIME_TIMER @ptr_0 @ptr_1 [SL:METHOD_TIMER @ptr_2 SL:METHOD_TIMER] [SL:DATE_TIME @ptr_3 @ptr_4 @ptr_5 SL:DATE_TIME] IN:SUBTRACT_TIME_TIMER]
take eight minutes off the timer	take Ġeight Ġminutes Ġoff Ġthe Ġtimer	[IN:SUBTRACT_TIME_TIMER @ptr_0 [SL:DATE_TIME @ptr_1 @ptr_2 SL:DATE_TIME] @ptr_3 @ptr_4 [SL:METHOD_TIMER @ptr_5 SL:METHOD_TIMER] IN:SUBTRACT_TIME_TIMER]
Take two minutes off timer	Take Ġtwo Ġminutes Ġoff Ġtimer	[IN:SUBTRACT_TIME_TIMER @ptr_0 [SL:DATE_TIME @ptr_1 @ptr_2 SL:DATE_TIME] @ptr_3 [SL:METHOD_TIMER @ptr_4 SL:METHOD_TIMER] IN:SUBTRACT_TIME_TIMER]
take 23 seconds off the timer	take Ġ23 Ġseconds Ġoff Ġthe Ġtimer	[IN:SUBTRACT_TIME_TIMER @ptr_0 [SL:DATE_TIME @ptr_1 @ptr_2 SL:DATE_TIME] @ptr_3 @ptr_4 [SL:METHOD_TIMER @ptr_5 SL:METHOD_TIMER] IN:SUBTRACT_TIME_TIMER]
remove 1 hour from my timer	remove Ġ1 Ġhour Ġfrom Ġmy Ġtimer	[IN:SUBTRACT_TIME_TIMER @ptr_0 [SL:DATE_TIME @ptr_1 @ptr_2 SL:DATE_TIME] @ptr_3 @ptr_4 [SL:METHOD_TIMER @ptr_5 SL:METHOD_TIMER] IN:SUBTRACT_TIME_TIMER]
Subtract ten minutes from the current timer .	Sub t ract Ġten Ġminutes Ġfrom Ġthe Ġcurrent Ġtimer Ġ.	[IN:SUBTRACT_TIME_TIMER @ptr_0 @ptr_1 @ptr_2 [SL:DATE_TIME @ptr_3 @ptr_4 SL:DATE_TIME] @ptr_5 @ptr_6 @ptr_7 [SL:METHOD_TIMER @ptr_8 SL:METHOD_TIMER] @ptr_9 IN:SUBTRACT_TIME_TIMER]
Take 10 minutes off the timer	Take Ġ10 Ġminutes Ġoff Ġthe Ġtimer	[IN:SUBTRACT_TIME_TIMER @ptr_0 [SL:DATE_TIME @ptr_1 @ptr_2 SL:DATE_TIME] @ptr_3 @ptr_4 [SL:METHOD_TIMER @ptr_5 SL:METHOD_TIMER] IN:SUBTRACT_TIME_TIMER]
remove 5 minutes from this timer	remove Ġ5 Ġminutes Ġfrom Ġthis Ġtimer	[IN:SUBTRACT_TIME_TIMER @ptr_0 [SL:DATE_TIME @ptr_1 @ptr_2 SL:DATE_TIME] @ptr_3 @ptr_4 [SL:METHOD_TIMER @ptr_5 SL:METHOD_TIMER] IN:SUBTRACT_TIME_TIMER]
reduce timer by 6 minutes	red uce Ġtimer Ġby Ġ6 Ġminutes	[IN:SUBTRACT_TIME_TIMER @ptr_0 @ptr_1 [SL:METHOD_TIMER @ptr_2 SL:METHOD_TIMER] [SL:DATE_TIME @ptr_3 @ptr_4 @ptr_5 SL:DATE_TIME] IN:SUBTRACT_TIME_TIMER]
Take off a few seconds from the coffee timer	Take Ġoff Ġa Ġfew Ġseconds Ġfrom Ġthe Ġcoffee Ġtimer	[IN:SUBTRACT_TIME_TIMER @ptr_0 @ptr_1 @ptr_2 [SL:DATE_TIME @ptr_3 @ptr_4 SL:DATE_TIME] @ptr_5 @ptr_6 [SL:TIMER_NAME @ptr_7 SL:TIMER_NAME] [SL:METHOD_TIMER @ptr_8 SL:METHOD_TIMER] IN:SUBTRACT_TIME_TIMER]
delete 2 minutes from steve 's running timer	delete Ġ2 Ġminutes Ġfrom Ġste ve Ġ' s Ġrunning Ġtimer	[IN:SUBTRACT_TIME_TIMER @ptr_0 [SL:DATE_TIME @ptr_1 @ptr_2 SL:DATE_TIME] @ptr_3 @ptr_4 @ptr_5 @ptr_6 @ptr_7 @ptr_8 [SL:METHOD_TIMER @ptr_9 SL:METHOD_TIMER] IN:SUBTRACT_TIME_TIMER]
Remove 5 minutes from my jogging timer	Remove Ġ5 Ġminutes Ġfrom Ġmy Ġj ogging Ġtimer	[IN:SUBTRACT_TIME_TIMER @ptr_0 [SL:DATE_TIME @ptr_1 @ptr_2 SL:DATE_TIME] @ptr_3 @ptr_4 @ptr_5 @ptr_6 [SL:METHOD_TIMER @ptr_7 SL:METHOD_TIMER] IN:SUBTRACT_TIME_TIMER]
Remove 5 minutes from timer	Remove Ġ5 Ġminutes Ġfrom Ġtimer	[IN:SUBTRACT_TIME_TIMER @ptr_0 [SL:DATE_TIME @ptr_1 @ptr_2 SL:DATE_TIME] @ptr_3 [SL:METHOD_TIMER @ptr_4 SL:METHOD_TIMER] IN:SUBTRACT_TIME_TIMER]
From the timer , please subtract 5 minutes .	From Ġthe Ġtimer Ġ, Ġplease Ġsubtract Ġ5 Ġminutes Ġ.	[IN:SUBTRACT_TIME_TIMER @ptr_0 @ptr_1 [SL:METHOD_TIMER @ptr_2 SL:METHOD_TIMER] @ptr_3 @ptr_4 @ptr_5 [SL:DATE_TIME @ptr_6 @ptr_7 SL:DATE_TIME] @ptr_8 IN:SUBTRACT_TIME_TIMER]
take 5 minutes off the timer	take Ġ5 Ġminutes Ġoff Ġthe Ġtimer	[IN:SUBTRACT_TIME_TIMER @ptr_0 [SL:DATE_TIME @ptr_1 @ptr_2 SL:DATE_TIME] @ptr_3 @ptr_4 [SL:METHOD_TIMER @ptr_5 SL:METHOD_TIMER] IN:SUBTRACT_TIME_TIMER]
Remove 1 hour from my current timer .	Remove Ġ1 Ġhour Ġfrom Ġmy Ġcurrent Ġtimer Ġ.	[IN:SUBTRACT_TIME_TIMER @ptr_0 [SL:DATE_TIME @ptr_1 @ptr_2 SL:DATE_TIME] @ptr_3 @ptr_4 @ptr_5 [SL:METHOD_TIMER @ptr_6 SL:METHOD_TIMER] @ptr_7 IN:SUBTRACT_TIME_TIMER]
decrease the timer by half an hour	dec re ase Ġthe Ġtimer Ġby Ġhalf Ġan Ġhour	[IN:SUBTRACT_TIME_TIMER @ptr_0 @ptr_1 @ptr_2 @ptr_3 [SL:METHOD_TIMER @ptr_4 SL:METHOD_TIMER] [SL:DATE_TIME @ptr_5 @ptr_6 @ptr_7 @ptr_8 SL:DATE_TIME] IN:SUBTRACT_TIME_TIMER]
remove two minutes from the timer	remove Ġtwo Ġminutes Ġfrom Ġthe Ġtimer	[IN:SUBTRACT_TIME_TIMER @ptr_0 [SL:DATE_TIME @ptr_1 @ptr_2 SL:DATE_TIME] @ptr_3 @ptr_4 [SL:METHOD_TIMER @ptr_5 SL:METHOD_TIMER] IN:SUBTRACT_TIME_TIMER]
delete current timer	delete Ġcurrent Ġtimer	[IN:DELETE_TIMER @ptr_0 @ptr_1 [SL:METHOD_TIMER @ptr_2 SL:METHOD_TIMER] IN:DELETE_TIMER]
Cancel my timer .	C ancel Ġmy Ġtimer Ġ.	[IN:DELETE_TIMER @ptr_0 @ptr_1 @ptr_2 [SL:METHOD_TIMER @ptr_3 SL:METHOD_TIMER] @ptr_4 IN:DELETE_TIMER]
delete timer	delete Ġtimer	[IN:DELETE_TIMER @ptr_0 [SL:METHOD_TIMER @ptr_1 SL:METHOD_TIMER] IN:DELETE_TIMER]
cancel all timers	c ancel Ġall Ġtimers	[IN:DELETE_TIMER @ptr_0 @ptr_1 [SL:AMOUNT @ptr_2 SL:AMOUNT] [SL:METHOD_TIMER @ptr_3 SL:METHOD_TIMER] IN:DELETE_TIMER]
Cancel timer .	C ancel Ġtimer Ġ.	[IN:DELETE_TIMER @ptr_0 @ptr_1 [SL:METHOD_TIMER @ptr_2 SL:METHOD_TIMER] @ptr_3 IN:DELETE_TIMER]
Delete HIIT timer .	Delete ĠHI IT Ġtimer Ġ.	[IN:DELETE_TIMER @ptr_0 @ptr_1 @ptr_2 [SL:METHOD_TIMER @ptr_3 SL:METHOD_TIMER] @ptr_4 IN:DELETE_TIMER]
Delete cooking timer	Delete Ġcooking Ġtimer	[IN:DELETE_TIMER @ptr_0 @ptr_1 [SL:METHOD_TIMER @ptr_2 SL:METHOD_TIMER] IN:DELETE_TIMER]
cancel this timer please	c ancel Ġthis Ġtimer Ġplease	[IN:DELETE_TIMER @ptr_0 @ptr_1 @ptr_2 [SL:METHOD_TIMER @ptr_3 SL:METHOD_TIMER] @ptr_4 IN:DELETE_TIMER]
cancel timer	c ancel Ġtimer	[IN:DELETE_TIMER @ptr_0 @ptr_1 [SL:METHOD_TIMER @ptr_2 SL:METHOD_TIMER] IN:DELETE_TIMER]
delete timer , make a new one for a minute	delete Ġtimer Ġ, Ġmake Ġa Ġnew Ġone Ġfor Ġa Ġminute	[IN:DELETE_TIMER @ptr_0 [SL:METHOD_TIMER @ptr_1 SL:METHOD_TIMER] @ptr_2 @ptr_3 @ptr_4 @ptr_5 @ptr_6 @ptr_7 @ptr_8 @ptr_9 IN:DELETE_TIMER]
Delete the timer for later	Delete Ġthe Ġtimer Ġfor Ġlater	[IN:DELETE_TIMER @ptr_0 @ptr_1 [SL:METHOD_TIMER @ptr_2 SL:METHOD_TIMER] @ptr_3 @ptr_4 IN:DELETE_TIMER]
Delete all timers	Delete Ġall Ġtimers	[IN:DELETE_TIMER @ptr_0 [SL:AMOUNT @ptr_1 SL:AMOUNT] [SL:METHOD_TIMER @ptr_2 SL:METHOD_TIMER] IN:DELETE_TIMER]
I'm done with my tea timer , please get rid of it	I 'm Ġdone Ġwith Ġmy Ġtea Ġtimer Ġ, Ġplease Ġget Ġrid Ġof Ġit	[IN:DELETE_TIMER @ptr_0 @ptr_1 @ptr_2 @ptr_3 @ptr_4 [SL:TIMER_NAME @ptr_5 SL:TIMER_NAME] [SL:METHOD_TIMER @ptr_6 SL:METHOD_TIMER] @ptr_7 @ptr_8 @ptr_9 @ptr_10 @ptr_11 @ptr_12 IN:DELETE_TIMER]
Delete all times	Delete Ġall Ġtimes	[IN:DELETE_TIMER @ptr_0 [SL:AMOUNT @ptr_1 SL:AMOUNT] [SL:METHOD_TIMER @ptr_2 SL:METHOD_TIMER] IN:DELETE_TIMER]
delete the last timer	delete Ġthe Ġlast Ġtimer	[IN:DELETE_TIMER @ptr_0 @ptr_1 [SL:ORDINAL @ptr_2 SL:ORDINAL] [SL:METHOD_TIMER @ptr_3 SL:METHOD_TIMER] IN:DELETE_TIMER]
delete all my timer	delete Ġall Ġmy Ġtimer	[IN:DELETE_TIMER @ptr_0 [SL:AMOUNT @ptr_1 SL:AMOUNT] @ptr_2 [SL:METHOD_TIMER @ptr_3 SL:METHOD_TIMER] IN:DELETE_TIMER]
please drop timer	please Ġdrop Ġtimer	[IN:DELETE_TIMER @ptr_0 @ptr_1 [SL:METHOD_TIMER @ptr_2 SL:METHOD_TIMER] IN:DELETE_TIMER]
Clear all timers	Clear Ġall Ġtimers	[IN:DELETE_TIMER @ptr_0 [SL:AMOUNT @ptr_1 SL:AMOUNT] [SL:METHOD_TIMER @ptr_2 SL:METHOD_TIMER] IN:DELETE_TIMER]
Cancel all active timers	C ancel Ġall Ġactive Ġtimers	[IN:DELETE_TIMER @ptr_0 @ptr_1 [SL:AMOUNT @ptr_2 SL:AMOUNT] @ptr_3 [SL:METHOD_TIMER @ptr_4 SL:METHOD_TIMER] IN:DELETE_TIMER]
Delete the current timer .	Delete Ġthe Ġcurrent Ġtimer Ġ.	[IN:DELETE_TIMER @ptr_0 @ptr_1 @ptr_2 [SL:METHOD_TIMER @ptr_3 SL:METHOD_TIMER] @ptr_4 IN:DELETE_TIMER]
Cancel the timer	C ancel Ġthe Ġtimer	[IN:DELETE_TIMER @ptr_0 @ptr_1 @ptr_2 [SL:METHOD_TIMER @ptr_3 SL:METHOD_TIMER] IN:DELETE_TIMER]
delete all old timers	delete Ġall Ġold Ġtimers	[IN:DELETE_TIMER @ptr_0 [SL:AMOUNT @ptr_1 SL:AMOUNT] @ptr_2 [SL:METHOD_TIMER @ptr_3 SL:METHOD_TIMER] IN:DELETE_TIMER]
Cancel the timer	C ancel Ġthe Ġtimer	[IN:DELETE_TIMER @ptr_0 @ptr_1 @ptr_2 [SL:METHOD_TIMER @ptr_3 SL:METHOD_TIMER] IN:DELETE_TIMER]
delete timer	delete Ġtimer	[IN:DELETE_TIMER @ptr_0 [SL:METHOD_TIMER @ptr_1 SL:METHOD_TIMER] IN:DELETE_TIMER]
end timer	end Ġtimer	[IN:DELETE_TIMER @ptr_0 [SL:METHOD_TIMER @ptr_1 SL:METHOD_TIMER] IN:DELETE_TIMER]
resume timer	res ume Ġtimer	[IN:RESUME_TIMER @ptr_0 @ptr_1 [SL:METHOD_TIMER @ptr_2 SL:METHOD_TIMER] IN:RESUME_TIMER]
Resume the 15 minute timer	Res ume Ġthe Ġ15 Ġminute Ġtimer	[IN:RESUME_TIMER @ptr_0 @ptr_1 @ptr_2 [SL:TIMER_NAME [IN:GET_TIME [SL:DATE_TIME @ptr_3 @ptr_4 SL:DATE_TIME] IN:GET_TIME] SL:TIMER_NAME] [SL:METHOD_TIMER @ptr_5 SL:METHOD_TIMER] IN:RESUME_TIMER]
repeat timer	repeat Ġtimer	[IN:RESUME_TIMER @ptr_0 [SL:METHOD_TIMER @ptr_1 SL:METHOD_TIMER] IN:RESUME_TIMER]
Initiate timer for toast from where I left it off .	In iti ate Ġtimer Ġfor Ġtoast Ġfrom Ġwhere ĠI Ġleft Ġit Ġoff Ġ.	[IN:RESUME_TIMER @ptr_0 @ptr_1 @ptr_2 [SL:METHOD_TIMER @ptr_3 SL:METHOD_TIMER] @ptr_4 [SL:TIMER_NAME @ptr_5 SL:TIMER_NAME] @ptr_6 @ptr_7 @ptr_8 @ptr_9 @ptr_10 @ptr_11 @ptr_12 IN:RESUME_TIMER]
resume timer	res ume Ġtimer	[IN:RESUME_TIMER @ptr_0 @ptr_1 [SL:METHOD_TIMER @ptr_2 SL:METHOD_TIMER] IN:RESUME_TIMER]
resume timer	res ume Ġtimer	[IN:RESUME_TIMER @ptr_0 @ptr_1 [SL:METHOD_TIMER @ptr_2 SL:METHOD_TIMER] IN:RESUME_TIMER]
Resume the timer in 18 minutes	Res ume Ġthe Ġtimer Ġin Ġ18 Ġminutes	[IN:RESUME_TIMER @ptr_0 @ptr_1 @ptr_2 [SL:METHOD_TIMER @ptr_3 SL:METHOD_TIMER] [SL:DATE_TIME @ptr_4 @ptr_5 @ptr_6 SL:DATE_TIME] IN:RESUME_TIMER]
The timer may be resumed .	The Ġtimer Ġmay Ġbe Ġresumed Ġ.	[IN:RESUME_TIMER @ptr_0 [SL:METHOD_TIMER @ptr_1 SL:METHOD_TIMER] @ptr_2 @ptr_3 @ptr_4 @ptr_5 IN:RESUME_TIMER]
Resume my paused timer at 10 : 00 AM	Res ume Ġmy Ġpaused Ġtimer Ġat Ġ10 Ġ: Ġ00 ĠAM	[IN:RESUME_TIMER @ptr_0 @ptr_1 @ptr_2 @ptr_3 [SL:METHOD_TIMER @ptr_4 SL:METHOD_TIMER] [SL:DATE_TIME @ptr_5 @ptr_6 @ptr_7 @ptr_8 @ptr_9 SL:DATE_TIME] IN:RESUME_TIMER]
Start the timer over again	Start Ġthe Ġtimer Ġover Ġagain	[IN:RESUME_TIMER @ptr_0 @ptr_1 [SL:METHOD_TIMER @ptr_2 SL:METHOD_TIMER] @ptr_3 @ptr_4 IN:RESUME_TIMER]
Resume my timer in 2 minutes .	Res ume Ġmy Ġtimer Ġin Ġ2 Ġminutes Ġ.	[IN:RESUME_TIMER @ptr_0 @ptr_1 @ptr_2 [SL:METHOD_TIMER @ptr_3 SL:METHOD_TIMER] [SL:DATE_TIME @ptr_4 @ptr_5 @ptr_6 SL:DATE_TIME] @ptr_7 IN:RESUME_TIMER]
Resume my timer .	Res ume Ġmy Ġtimer Ġ.	[IN:RESUME_TIMER @ptr_0 @ptr_1 @ptr_2 [SL:METHOD_TIMER @ptr_3 SL:METHOD_TIMER] @ptr_4 IN:RESUME_TIMER]
Please resume the timer .	Please Ġresume Ġthe Ġtimer Ġ.	[IN:RESUME_TIMER @ptr_0 @ptr_1 @ptr_2 [SL:METHOD_TIMER @ptr_3 SL:METHOD_TIMER] @ptr_4 IN:RESUME_TIMER]
Can you resume my timer ?	Can Ġyou Ġresume Ġmy Ġtimer Ġ?	[IN:RESUME_TIMER @ptr_0 @ptr_1 @ptr_2 @ptr_3 [SL:METHOD_TIMER @ptr_4 SL:METHOD_TIMER] @ptr_5 IN:RESUME_TIMER]
Resume this timer , please	Res ume Ġthis Ġtimer Ġ, Ġplease	[IN:RESUME_TIMER @ptr_0 @ptr_1 @ptr_2 [SL:METHOD_TIMER @ptr_3 SL:METHOD_TIMER] @ptr_4 @ptr_5 IN:RESUME_TIMER]
Resume my timer	Res ume Ġmy Ġtimer	[IN:RESUME_TIMER @ptr_0 @ptr_1 @ptr_2 [SL:METHOD_TIMER @ptr_3 SL:METHOD_TIMER] IN:RESUME_TIMER]
resume timer	res ume Ġtimer	[IN:RESUME_TIMER @ptr_0 @ptr_1 [SL:METHOD_TIMER @ptr_2 SL:METHOD_TIMER] IN:RESUME_TIMER]
resume the timer	res ume Ġthe Ġtimer	[IN:RESUME_TIMER @ptr_0 @ptr_1 @ptr_2 [SL:METHOD_TIMER @ptr_3 SL:METHOD_TIMER] IN:RESUME_TIMER]
keep that timer going	keep Ġthat Ġtimer Ġgoing	[IN:RESUME_TIMER @ptr_0 @ptr_1 [SL:METHOD_TIMER @ptr_2 SL:METHOD_TIMER] @ptr_3 IN:RESUME_TIMER]
continue on with timing	continue Ġon Ġwith Ġtiming	[IN:RESUME_TIMER @ptr_0 @ptr_1 @ptr_2 @ptr_3 IN:RESUME_TIMER]
resume timer	res ume Ġtimer	[IN:RESUME_TIMER @ptr_0 @ptr_1 [SL:METHOD_TIMER @ptr_2 SL:METHOD_TIMER] IN:RESUME_TIMER]
Resume 17 minutes timer	Res ume Ġ17 Ġminutes Ġtimer	[IN:RESUME_TIMER @ptr_0 @ptr_1 [SL:TIMER_NAME [IN:GET_TIME [SL:DATE_TIME @ptr_2 @ptr_3 SL:DATE_TIME] IN:GET_TIME] SL:TIMER_NAME] [SL:METHOD_TIMER @ptr_4 SL:METHOD_TIMER] IN:RESUME_TIMER]
Resume the timer now .	Res ume Ġthe Ġtimer Ġnow Ġ.	[IN:RESUME_TIMER @ptr_0 @ptr_1 @ptr_2 [SL:METHOD_TIMER @ptr_3 SL:METHOD_TIMER] @ptr_4 @ptr_5 IN:RESUME_TIMER]
Continue the study timer .	Continue Ġthe Ġstudy Ġtimer Ġ.	[IN:RESUME_TIMER @ptr_0 @ptr_1 @ptr_2 [SL:METHOD_TIMER @ptr_3 SL:METHOD_TIMER] @ptr_4 IN:RESUME_TIMER]
resume my timer for running	res ume Ġmy Ġtimer Ġfor Ġrunning	[IN:RESUME_TIMER @ptr_0 @ptr_1 @ptr_2 [SL:METHOD_TIMER @ptr_3 SL:METHOD_TIMER] @ptr_4 @ptr_5 IN:RESUME_TIMER]
give me a 10 minute alarm before the timer runs out	give Ġme Ġa Ġ10 Ġminute Ġalarm Ġbefore Ġthe Ġtimer Ġruns Ġout	[IN:UNSUPPORTED_TIMER @ptr_0 @ptr_1 @ptr_2 @ptr_3 @ptr_4 @ptr_5 @ptr_6 @ptr_7 @ptr_8 @ptr_9 @ptr_10 IN:UNSUPPORTED_TIMER]
Can I change the tone of my timer	Can ĠI Ġchange Ġthe Ġtone Ġof Ġmy Ġtimer	[IN:UNSUPPORTED_TIMER @ptr_0 @ptr_1 @ptr_2 @ptr_3 @ptr_4 @ptr_5 @ptr_6 @ptr_7 IN:UNSUPPORTED_TIMER]
Set treadmill timer for every 15 minutes	Set Ġtreadmill Ġtimer Ġfor Ġevery Ġ15 Ġminutes	[IN:UNSUPPORTED_TIMER @ptr_0 @ptr_1 @ptr_2 @ptr_3 @ptr_4 @ptr_5 @ptr_6 IN:UNSUPPORTED_TIMER]
Please set my timer for 2 minute increments over the next 20 minutes	Please Ġset Ġmy Ġtimer Ġfor Ġ2 Ġminute Ġincrements Ġover Ġthe Ġnext Ġ20 Ġminutes	[IN:UNSUPPORTED_TIMER @ptr_0 @ptr_1 @ptr_2 @ptr_3 @ptr_4 @ptr_5 @ptr_6 @ptr_7 @ptr_8 @ptr_9 [SL:ORDINAL @ptr_10 SL:ORDINAL] @ptr_11 @ptr_12 IN:UNSUPPORTED_TIMER]
Time how long it takes me to clean my room	Time Ġhow Ġlong Ġit Ġtakes Ġme Ġto Ġclean Ġmy Ġroom	[IN:UNSUPPORTED_TIMER [SL:METHOD_TIMER @ptr_0 SL:METHOD_TIMER] @ptr_1 @ptr_2 @ptr_3 @ptr_4 @ptr_5 @ptr_6 @ptr_7 @ptr_8 @ptr_9 IN:UNSUPPORTED_TIMER]
set 15 minute timer but set an alarm for every 5 minutes	set Ġ15 Ġminute Ġtimer Ġbut Ġset Ġan Ġalarm Ġfor Ġevery Ġ5 Ġminutes	[IN:UNSUPPORTED_TIMER @ptr_0 @ptr_1 @ptr_2 @ptr_3 @ptr_4 @ptr_5 @ptr_6 @ptr_7 @ptr_8 @ptr_9 @ptr_10 @ptr_11 IN:UNSUPPORTED_TIMER]
Label my timer as Jumping Jacks	Label Ġmy Ġtimer Ġas ĠJump ing ĠJack s	[IN:UNSUPPORTED_TIMER @ptr_0 @ptr_1 @ptr_2 @ptr_3 @ptr_4 @ptr_5 @ptr_6 @ptr_7 IN:UNSUPPORTED_TIMER]
Set interval timers for two minutes each	Set Ġinterval Ġtimers Ġfor Ġtwo Ġminutes Ġeach	[IN:UNSUPPORTED_TIMER @ptr_0 @ptr_1 @ptr_2 @ptr_3 @ptr_4 @ptr_5 @ptr_6 IN:UNSUPPORTED_TIMER]
make the timer go off every 2 minutes for a half hour	make Ġthe Ġtimer Ġgo Ġoff Ġevery Ġ2 Ġminutes Ġfor Ġa Ġhalf Ġhour	[IN:UNSUPPORTED_TIMER @ptr_0 @ptr_1 @ptr_2 @ptr_3 @ptr_4 @ptr_5 @ptr_6 @ptr_7 @ptr_8 @ptr_9 @ptr_10 @ptr_11 IN:UNSUPPORTED_TIMER]
Create three timers during my running routine for every 5 minutes to walk	Create Ġthree Ġtimers Ġduring Ġmy Ġrunning Ġroutine Ġfor Ġevery Ġ5 Ġminutes Ġto Ġwalk	[IN:UNSUPPORTED_TIMER @ptr_0 @ptr_1 @ptr_2 @ptr_3 @ptr_4 @ptr_5 @ptr_6 @ptr_7 @ptr_8 @ptr_9 @ptr_10 @ptr_11 @ptr_12 IN:UNSUPPORTED_TIMER]
I want to use the timer to remind me in 20 minutes then again remind me 20 minutes after that	I Ġwant Ġto Ġuse Ġthe Ġtimer Ġto Ġremind Ġme Ġin Ġ20 Ġminutes Ġthen Ġagain Ġremind Ġme Ġ20 Ġminutes Ġafter Ġthat	[IN:UNSUPPORTED_TIMER @ptr_0 @ptr_1 @ptr_2 @ptr_3 @ptr_4 @ptr_5 @ptr_6 @ptr_7 @ptr_8 @ptr_9 @ptr_10 @ptr_11 @ptr_12 @ptr_13 @ptr_14 @ptr_15 @ptr_16 @ptr_17 @ptr_18 @ptr_19 IN:UNSUPPORTED_TIMER]
Start a second timer of 30 minutes for rice when the existing timer for the chicken has 45 minutes left	Start Ġa Ġsecond Ġtimer Ġof Ġ30 Ġminutes Ġfor Ġrice Ġwhen Ġthe Ġexisting Ġtimer Ġfor Ġthe Ġchicken Ġhas Ġ45 Ġminutes Ġleft	[IN:UNSUPPORTED_TIMER @ptr_0 @ptr_1 [SL:ORDINAL @ptr_2 SL:ORDINAL] @ptr_3 @ptr_4 @ptr_5 @ptr_6 @ptr_7 @ptr_8 @ptr_9 @ptr_10 @ptr_11 @ptr_12 @ptr_13 @ptr_14 @ptr_15 @ptr_16 @ptr_17 @ptr_18 @ptr_19 IN:UNSUPPORTED_TIMER]
set a timer to repeat every two minutes	set Ġa Ġtimer Ġto Ġrepeat Ġevery Ġtwo Ġminutes	[IN:UNSUPPORTED_TIMER @ptr_0 @ptr_1 @ptr_2 @ptr_3 @ptr_4 @ptr_5 @ptr_6 @ptr_7 IN:UNSUPPORTED_TIMER]
cancel last appointment of the day	c ancel Ġlast Ġappointment Ġof Ġthe Ġday	[IN:UNSUPPORTED_TIMER @ptr_0 @ptr_1 [SL:ORDINAL @ptr_2 SL:ORDINAL] @ptr_3 @ptr_4 @ptr_5 @ptr_6 IN:UNSUPPORTED_TIMER]
how many minutes till 5 hours	how Ġmany Ġminutes Ġtill Ġ5 Ġhours	[IN:UNSUPPORTED_TIMER @ptr_0 @ptr_1 @ptr_2 @ptr_3 @ptr_4 @ptr_5 IN:UNSUPPORTED_TIMER]
Please pause the music for timer	Please Ġpause Ġthe Ġmusic Ġfor Ġtimer	[IN:UNSUPPORTED_TIMER @ptr_0 @ptr_1 @ptr_2 @ptr_3 @ptr_4 @ptr_5 IN:UNSUPPORTED_TIMER]
set the timer for 30 minutes in increments of 1 minute and then 3 minutes	set Ġthe Ġtimer Ġfor Ġ30 Ġminutes Ġin Ġincrements Ġof Ġ1 Ġminute Ġand Ġthen Ġ3 Ġminutes	[IN:UNSUPPORTED_TIMER @ptr_0 @ptr_1 @ptr_2 @ptr_3 @ptr_4 @ptr_5 @ptr_6 @ptr_7 @ptr_8 @ptr_9 @ptr_10 @ptr_11 @ptr_12 @ptr_13 @ptr_14 IN:UNSUPPORTED_TIMER]
Set interval time for 5 reps in 10 minutes	Set Ġinterval Ġtime Ġfor Ġ5 Ġreps Ġin Ġ10 Ġminutes	[IN:UNSUPPORTED_TIMER @ptr_0 @ptr_1 @ptr_2 @ptr_3 @ptr_4 @ptr_5 @ptr_6 @ptr_7 @ptr_8 IN:UNSUPPORTED_TIMER]
set timer for 4 intervals of 15 mins a piece	set Ġtimer Ġfor Ġ4 Ġintervals Ġof Ġ15 Ġmins Ġa Ġpiece	[IN:UNSUPPORTED_TIMER @ptr_0 @ptr_1 @ptr_2 @ptr_3 @ptr_4 @ptr_5 @ptr_6 @ptr_7 @ptr_8 @ptr_9 IN:UNSUPPORTED_TIMER]
ring when my time hits 5 minutes	ring Ġwhen Ġmy Ġtime Ġhits Ġ5 Ġminutes	[IN:UNSUPPORTED_TIMER @ptr_0 @ptr_1 @ptr_2 @ptr_3 @ptr_4 @ptr_5 @ptr_6 IN:UNSUPPORTED_TIMER]
Label this as work and start timing	Label Ġthis Ġas Ġwork Ġand Ġstart Ġtiming	[IN:UNSUPPORTED_TIMER @ptr_0 @ptr_1 @ptr_2 @ptr_3 @ptr_4 @ptr_5 [SL:METHOD_TIMER @ptr_6 SL:METHOD_TIMER] IN:UNSUPPORTED_TIMER]
Set 3 timers 5 minutes apart	Set Ġ3 Ġtimers Ġ5 Ġminutes Ġapart	[IN:UNSUPPORTED_TIMER @ptr_0 @ptr_1 @ptr_2 @ptr_3 @ptr_4 @ptr_5 IN:UNSUPPORTED_TIMER]
let me know when I have been running for 10 minutes	let Ġme Ġknow Ġwhen ĠI Ġhave Ġbeen Ġrunning Ġfor Ġ10 Ġminutes	[IN:UNSUPPORTED_TIMER @ptr_0 @ptr_1 @ptr_2 @ptr_3 @ptr_4 @ptr_5 @ptr_6 @ptr_7 [SL:DATE_TIME @ptr_8 @ptr_9 @ptr_10 SL:DATE_TIME] IN:UNSUPPORTED_TIMER]
Who is in tne AFC championship game	Who Ġis Ġin Ġt ne ĠAFC Ġchampionship Ġgame	[IN:UNSUPPORTED_TIMER @ptr_0 @ptr_1 @ptr_2 @ptr_3 @ptr_4 @ptr_5 @ptr_6 @ptr_7 IN:UNSUPPORTED_TIMER]
I will run until timer goes off	I Ġwill Ġrun Ġuntil Ġtimer Ġgoes Ġoff	[IN:UNSUPPORTED_TIMER @ptr_0 @ptr_1 @ptr_2 @ptr_3 @ptr_4 @ptr_5 @ptr_6 IN:UNSUPPORTED_TIMER]
count out the last 60 seconds	count Ġout Ġthe Ġlast Ġ60 Ġseconds	[IN:UPDATE_TIMER @ptr_0 @ptr_1 @ptr_2 [SL:ORDINAL @ptr_3 SL:ORDINAL] [SL:DATE_TIME @ptr_4 @ptr_5 SL:DATE_TIME] IN:UPDATE_TIMER]
Cancel my next meeting	C ancel Ġmy Ġnext Ġmeeting	[IN:UNSUPPORTED_TIMER @ptr_0 @ptr_1 @ptr_2 [SL:ORDINAL @ptr_3 SL:ORDINAL] @ptr_4 IN:UNSUPPORTED_TIMER]
Set 3 timers for 20 minutes over the next 60 minutes	Set Ġ3 Ġtimers Ġfor Ġ20 Ġminutes Ġover Ġthe Ġnext Ġ60 Ġminutes	[IN:UNSUPPORTED_TIMER @ptr_0 @ptr_1 @ptr_2 @ptr_3 @ptr_4 @ptr_5 @ptr_6 @ptr_7 [SL:ORDINAL @ptr_8 SL:ORDINAL] @ptr_9 @ptr_10 IN:UNSUPPORTED_TIMER]
remove last timer	remove Ġlast Ġtimer	[IN:DELETE_TIMER @ptr_0 [SL:ORDINAL @ptr_1 SL:ORDINAL] [SL:METHOD_TIMER @ptr_2 SL:METHOD_TIMER] IN:DELETE_TIMER]
Set a continuous timer to go off every minute for the next 20 minutes	Set Ġa Ġcontinuous Ġtimer Ġto Ġgo Ġoff Ġevery Ġminute Ġfor Ġthe Ġnext Ġ20 Ġminutes	[IN:UNSUPPORTED_TIMER @ptr_0 @ptr_1 @ptr_2 @ptr_3 @ptr_4 @ptr_5 @ptr_6 @ptr_7 @ptr_8 @ptr_9 @ptr_10 [SL:ORDINAL @ptr_11 SL:ORDINAL] @ptr_12 @ptr_13 IN:UNSUPPORTED_TIMER]
How many minutes are left on the last timer I set ?	How Ġmany Ġminutes Ġare Ġleft Ġon Ġthe Ġlast Ġtimer ĠI Ġset Ġ?	[IN:GET_TIMER @ptr_0 @ptr_1 @ptr_2 @ptr_3 @ptr_4 @ptr_5 @ptr_6 [SL:ORDINAL @ptr_7 SL:ORDINAL] [SL:METHOD_TIMER @ptr_8 SL:METHOD_TIMER] @ptr_9 @ptr_10 @ptr_11 IN:GET_TIMER]
cancel last timer	c ancel Ġlast Ġtimer	[IN:DELETE_TIMER @ptr_0 @ptr_1 [SL:ORDINAL @ptr_2 SL:ORDINAL] [SL:METHOD_TIMER @ptr_3 SL:METHOD_TIMER] IN:DELETE_TIMER]
time my next 1500 meter splits	time Ġmy Ġnext Ġ1500 Ġmeter Ġsplits	[IN:UNSUPPORTED_TIMER @ptr_0 @ptr_1 [SL:ORDINAL @ptr_2 SL:ORDINAL] @ptr_3 @ptr_4 @ptr_5 IN:UNSUPPORTED_TIMER]
COULD YOU PLEASE PAUSE THE FIRST TIMER .	C OULD ĠYOU ĠPLEASE ĠPA USE ĠTHE ĠFIRST ĠTIM ER Ġ.	[IN:PAUSE_TIMER @ptr_0 @ptr_1 @ptr_2 @ptr_3 @ptr_4 @ptr_5 @ptr_6 [SL:ORDINAL @ptr_7 SL:ORDINAL] [SL:METHOD_TIMER @ptr_8 @ptr_9 SL:METHOD_TIMER] @ptr_10 IN:PAUSE_TIMER]
resume the last timer please	res ume Ġthe Ġlast Ġtimer Ġplease	[IN:RESUME_TIMER @ptr_0 @ptr_1 @ptr_2 [SL:ORDINAL @ptr_3 SL:ORDINAL] [SL:METHOD_TIMER @ptr_4 SL:METHOD_TIMER] @ptr_5 IN:RESUME_TIMER]
cancel that last timer request	c ancel Ġthat Ġlast Ġtimer Ġrequest	[IN:DELETE_TIMER @ptr_0 @ptr_1 @ptr_2 [SL:ORDINAL @ptr_3 SL:ORDINAL] [SL:METHOD_TIMER @ptr_4 SL:METHOD_TIMER] @ptr_5 IN:DELETE_TIMER]
Countdown the last 30 seconds on the timer	Count down Ġthe Ġlast Ġ30 Ġseconds Ġon Ġthe Ġtimer	[IN:CREATE_TIMER [SL:METHOD_TIMER @ptr_0 @ptr_1 SL:METHOD_TIMER] @ptr_2 [SL:ORDINAL @ptr_3 SL:ORDINAL] [SL:DATE_TIME @ptr_4 @ptr_5 SL:DATE_TIME] @ptr_6 @ptr_7 [SL:METHOD_TIMER @ptr_8 SL:METHOD_TIMER] IN:CREATE_TIMER]
Set a timer for every 2 minutes for the next 30 minutes	Set Ġa Ġtimer Ġfor Ġevery Ġ2 Ġminutes Ġfor Ġthe Ġnext Ġ30 Ġminutes	[IN:UNSUPPORTED_TIMER @ptr_0 @ptr_1 @ptr_2 @ptr_3 @ptr_4 @ptr_5 @ptr_6 @ptr_7 @ptr_8 [SL:ORDINAL @ptr_9 SL:ORDINAL] @ptr_10 @ptr_11 IN:UNSUPPORTED_TIMER]
I need to set a timer for once an hour for the next 6 hours	I Ġneed Ġto Ġset Ġa Ġtimer Ġfor Ġonce Ġan Ġhour Ġfor Ġthe Ġnext Ġ6 Ġhours	[IN:UNSUPPORTED_TIMER @ptr_0 @ptr_1 @ptr_2 @ptr_3 @ptr_4 @ptr_5 @ptr_6 @ptr_7 @ptr_8 @ptr_9 @ptr_10 @ptr_11 [SL:ORDINAL @ptr_12 SL:ORDINAL] @ptr_13 @ptr_14 IN:UNSUPPORTED_TIMER]
set my timer for 1 minute intervals with a 20 second rest time	set Ġmy Ġtimer Ġfor Ġ1 Ġminute Ġintervals Ġwith Ġa Ġ20 Ġsecond Ġrest Ġtime	[IN:UNSUPPORTED_TIMER @ptr_0 @ptr_1 @ptr_2 @ptr_3 @ptr_4 @ptr_5 @ptr_6 @ptr_7 @ptr_8 @ptr_9 [SL:ORDINAL @ptr_10 SL:ORDINAL] @ptr_11 @ptr_12 IN:UNSUPPORTED_TIMER]
Start the next timer	Start Ġthe Ġnext Ġtimer	[IN:CREATE_TIMER @ptr_0 @ptr_1 [SL:ORDINAL @ptr_2 SL:ORDINAL] [SL:METHOD_TIMER @ptr_3 SL:METHOD_TIMER] IN:CREATE_TIMER]
restart the last timer	rest art Ġthe Ġlast Ġtimer	[IN:RESTART_TIMER @ptr_0 @ptr_1 @ptr_2 [SL:ORDINAL @ptr_3 SL:ORDINAL] [SL:METHOD_TIMER @ptr_4 SL:METHOD_TIMER] IN:RESTART_TIMER]
show me my last time	show Ġme Ġmy Ġlast Ġtime	[IN:GET_TIMER @ptr_0 @ptr_1 @ptr_2 [SL:ORDINAL @ptr_3 SL:ORDINAL] @ptr_4 IN:GET_TIMER]
delete my last timer	delete Ġmy Ġlast Ġtimer	[IN:DELETE_TIMER @ptr_0 @ptr_1 [SL:ORDINAL @ptr_2 SL:ORDINAL] [SL:METHOD_TIMER @ptr_3 SL:METHOD_TIMER] IN:DELETE_TIMER]
Time my next mile	Time Ġmy Ġnext Ġmile	[IN:CREATE_TIMER @ptr_0 @ptr_1 [SL:ORDINAL @ptr_2 SL:ORDINAL] @ptr_3 IN:CREATE_TIMER]
delete my second timer	delete Ġmy Ġsecond Ġtimer	[IN:DELETE_TIMER @ptr_0 @ptr_1 [SL:ORDINAL @ptr_2 SL:ORDINAL] [SL:METHOD_TIMER @ptr_3 SL:METHOD_TIMER] IN:DELETE_TIMER]
Set a timer for every 15 minutes for the next three hours	Set Ġa Ġtimer Ġfor Ġevery Ġ15 Ġminutes Ġfor Ġthe Ġnext Ġthree Ġhours	[IN:UNSUPPORTED_TIMER @ptr_0 @ptr_1 @ptr_2 @ptr_3 @ptr_4 @ptr_5 @ptr_6 @ptr_7 @ptr_8 [SL:ORDINAL @ptr_9 SL:ORDINAL] @ptr_10 @ptr_11 IN:UNSUPPORTED_TIMER]
Start a second timer of 30 minutes for rice when the existing timer for the chicken has 45 minutes left	Start Ġa Ġsecond Ġtimer Ġof Ġ30 Ġminutes Ġfor Ġrice Ġwhen Ġthe Ġexisting Ġtimer Ġfor Ġthe Ġchicken Ġhas Ġ45 Ġminutes Ġleft	[IN:UNSUPPORTED_TIMER @ptr_0 @ptr_1 [SL:ORDINAL @ptr_2 SL:ORDINAL] @ptr_3 @ptr_4 @ptr_5 @ptr_6 @ptr_7 @ptr_8 @ptr_9 @ptr_10 @ptr_11 @ptr_12 @ptr_13 @ptr_14 @ptr_15 @ptr_16 @ptr_17 @ptr_18 @ptr_19 IN:UNSUPPORTED_TIMER]
remove the last two timers	remove Ġthe Ġlast Ġtwo Ġtimers	[IN:DELETE_TIMER @ptr_0 @ptr_1 [SL:ORDINAL @ptr_2 SL:ORDINAL] @ptr_3 [SL:METHOD_TIMER @ptr_4 SL:METHOD_TIMER] IN:DELETE_TIMER]
delete the last timer	delete Ġthe Ġlast Ġtimer	[IN:DELETE_TIMER @ptr_0 @ptr_1 [SL:ORDINAL @ptr_2 SL:ORDINAL] [SL:METHOD_TIMER @ptr_3 SL:METHOD_TIMER] IN:DELETE_TIMER]
change timer to 1 minute	change Ġtimer Ġto Ġ1 Ġminute	[IN:UPDATE_TIMER @ptr_0 [SL:METHOD_TIMER @ptr_1 SL:METHOD_TIMER] [SL:DATE_TIME @ptr_2 @ptr_3 @ptr_4 SL:DATE_TIME] IN:UPDATE_TIMER]
change my timer to 20 minutes	change Ġmy Ġtimer Ġto Ġ20 Ġminutes	[IN:UPDATE_TIMER @ptr_0 @ptr_1 [SL:METHOD_TIMER @ptr_2 SL:METHOD_TIMER] [SL:DATE_TIME @ptr_3 @ptr_4 @ptr_5 SL:DATE_TIME] IN:UPDATE_TIMER]
make the timer thirty minutes later	make Ġthe Ġtimer Ġthirty Ġminutes Ġlater	[IN:UPDATE_TIMER @ptr_0 @ptr_1 [SL:METHOD_TIMER @ptr_2 SL:METHOD_TIMER] [SL:DATE_TIME @ptr_3 @ptr_4 @ptr_5 SL:DATE_TIME] IN:UPDATE_TIMER]
Change the timer to 10 minutes .	Change Ġthe Ġtimer Ġto Ġ10 Ġminutes Ġ.	[IN:UPDATE_TIMER @ptr_0 @ptr_1 [SL:METHOD_TIMER @ptr_2 SL:METHOD_TIMER] [SL:DATE_TIME @ptr_3 @ptr_4 @ptr_5 SL:DATE_TIME] @ptr_6 IN:UPDATE_TIMER]
would you reduce the timer in half	would Ġyou Ġreduce Ġthe Ġtimer Ġin Ġhalf	[IN:UPDATE_TIMER @ptr_0 @ptr_1 @ptr_2 @ptr_3 [SL:METHOD_TIMER @ptr_4 SL:METHOD_TIMER] @ptr_5 @ptr_6 IN:UPDATE_TIMER]
change time to five minutes	change Ġtime Ġto Ġfive Ġminutes	[IN:UPDATE_TIMER @ptr_0 [SL:DATE_TIME @ptr_1 @ptr_2 @ptr_3 @ptr_4 SL:DATE_TIME] IN:UPDATE_TIMER]
change timer to 5 minutes	change Ġtimer Ġto Ġ5 Ġminutes	[IN:UPDATE_TIMER @ptr_0 [SL:METHOD_TIMER @ptr_1 SL:METHOD_TIMER] [SL:DATE_TIME @ptr_2 @ptr_3 @ptr_4 SL:DATE_TIME] IN:UPDATE_TIMER]
change timer to 35 minutes	change Ġtimer Ġto Ġ35 Ġminutes	[IN:UPDATE_TIMER @ptr_0 [SL:METHOD_TIMER @ptr_1 SL:METHOD_TIMER] [SL:DATE_TIME @ptr_2 @ptr_3 @ptr_4 SL:DATE_TIME] IN:UPDATE_TIMER]
change timer from 10 minutes to 15 minutes	change Ġtimer Ġfrom Ġ10 Ġminutes Ġto Ġ15 Ġminutes	[IN:UPDATE_TIMER @ptr_0 [SL:METHOD_TIMER @ptr_1 SL:METHOD_TIMER] [SL:TIMER_NAME [IN:GET_TIME [SL:DATE_TIME @ptr_2 @ptr_3 @ptr_4 SL:DATE_TIME] IN:GET_TIME] SL:TIMER_NAME] [SL:DATE_TIME @ptr_5 @ptr_6 @ptr_7 SL:DATE_TIME] IN:UPDATE_TIMER]
change timer to 10 min	change Ġtimer Ġto Ġ10 Ġmin	[IN:UPDATE_TIMER @ptr_0 [SL:METHOD_TIMER @ptr_1 SL:METHOD_TIMER] [SL:DATE_TIME @ptr_2 @ptr_3 @ptr_4 SL:DATE_TIME] IN:UPDATE_TIMER]
Could you adjust my tea timer ?	Could Ġyou Ġadjust Ġmy Ġtea Ġtimer Ġ?	[IN:UPDATE_TIMER @ptr_0 @ptr_1 @ptr_2 @ptr_3 [SL:TIMER_NAME @ptr_4 SL:TIMER_NAME] [SL:METHOD_TIMER @ptr_5 SL:METHOD_TIMER] @ptr_6 IN:UPDATE_TIMER]
Turn up the timeout timer to 25 minutes please	Turn Ġup Ġthe Ġtimeout Ġtimer Ġto Ġ25 Ġminutes Ġplease	[IN:UPDATE_TIMER @ptr_0 @ptr_1 @ptr_2 @ptr_3 [SL:METHOD_TIMER @ptr_4 SL:METHOD_TIMER] [SL:DATE_TIME @ptr_5 @ptr_6 @ptr_7 SL:DATE_TIME] @ptr_8 IN:UPDATE_TIMER]
on the timer set 5 more minutes	on Ġthe Ġtimer Ġset Ġ5 Ġmore Ġminutes	[IN:UPDATE_TIMER @ptr_0 @ptr_1 [SL:METHOD_TIMER @ptr_2 SL:METHOD_TIMER] @ptr_3 [SL:DATE_TIME @ptr_4 @ptr_5 @ptr_6 SL:DATE_TIME] IN:UPDATE_TIMER]
change the current timer to 5 minutes	change Ġthe Ġcurrent Ġtimer Ġto Ġ5 Ġminutes	[IN:UPDATE_TIMER @ptr_0 @ptr_1 @ptr_2 [SL:METHOD_TIMER @ptr_3 SL:METHOD_TIMER] [SL:DATE_TIME @ptr_4 @ptr_5 @ptr_6 SL:DATE_TIME] IN:UPDATE_TIMER]
Change my timer from 5 minutes to 4 minutes	Change Ġmy Ġtimer Ġfrom Ġ5 Ġminutes Ġto Ġ4 Ġminutes	[IN:UPDATE_TIMER @ptr_0 @ptr_1 [SL:METHOD_TIMER @ptr_2 SL:METHOD_TIMER] [SL:TIMER_NAME [IN:GET_TIME [SL:DATE_TIME @ptr_3 @ptr_4 @ptr_5 SL:DATE_TIME] IN:GET_TIME] SL:TIMER_NAME] [SL:DATE_TIME @ptr_6 @ptr_7 @ptr_8 SL:DATE_TIME] IN:UPDATE_TIMER]
fix the timer	fix Ġthe Ġtimer	[IN:UPDATE_TIMER @ptr_0 @ptr_1 [SL:METHOD_TIMER @ptr_2 SL:METHOD_TIMER] IN:UPDATE_TIMER]
please update my timer	please Ġupdate Ġmy Ġtimer	[IN:UPDATE_TIMER @ptr_0 @ptr_1 @ptr_2 [SL:METHOD_TIMER @ptr_3 SL:METHOD_TIMER] IN:UPDATE_TIMER]
Change start time to in 1 hour	Change Ġstart Ġtime Ġto Ġin Ġ1 Ġhour	[IN:UPDATE_TIMER @ptr_0 @ptr_1 @ptr_2 [SL:DATE_TIME @ptr_3 @ptr_4 @ptr_5 @ptr_6 SL:DATE_TIME] IN:UPDATE_TIMER]
Make my packing timer 30 minutes instead	Make Ġmy Ġpacking Ġtimer Ġ30 Ġminutes Ġinstead	[IN:UPDATE_TIMER @ptr_0 @ptr_1 [SL:TIMER_NAME @ptr_2 SL:TIMER_NAME] [SL:METHOD_TIMER @ptr_3 SL:METHOD_TIMER] [SL:DATE_TIME @ptr_4 @ptr_5 SL:DATE_TIME] @ptr_6 IN:UPDATE_TIMER]
Erase the last minute and a half	Er ase Ġthe Ġlast Ġminute Ġand Ġa Ġhalf	[IN:UPDATE_TIMER @ptr_0 @ptr_1 @ptr_2 [SL:ORDINAL @ptr_3 SL:ORDINAL] [SL:DATE_TIME @ptr_4 @ptr_5 @ptr_6 @ptr_7 SL:DATE_TIME] IN:UPDATE_TIMER]
change timer to 20mintues	change Ġtimer Ġto Ġ20 mint ues	[IN:UPDATE_TIMER @ptr_0 [SL:METHOD_TIMER @ptr_1 SL:METHOD_TIMER] [SL:DATE_TIME @ptr_2 @ptr_3 @ptr_4 @ptr_5 SL:DATE_TIME] IN:UPDATE_TIMER]
can you update the timer	can Ġyou Ġupdate Ġthe Ġtimer	[IN:UPDATE_TIMER @ptr_0 @ptr_1 @ptr_2 @ptr_3 [SL:METHOD_TIMER @ptr_4 SL:METHOD_TIMER] IN:UPDATE_TIMER]
Change the timer to 15 minutes	Change Ġthe Ġtimer Ġto Ġ15 Ġminutes	[IN:UPDATE_TIMER @ptr_0 @ptr_1 [SL:METHOD_TIMER @ptr_2 SL:METHOD_TIMER] [SL:DATE_TIME @ptr_3 @ptr_4 @ptr_5 SL:DATE_TIME] IN:UPDATE_TIMER]
update all timers	update Ġall Ġtimers	[IN:UPDATE_TIMER @ptr_0 [SL:AMOUNT @ptr_1 SL:AMOUNT] [SL:METHOD_TIMER @ptr_2 SL:METHOD_TIMER] IN:UPDATE_TIMER]
please reduce the timer in half	please Ġreduce Ġthe Ġtimer Ġin Ġhalf	[IN:UPDATE_TIMER @ptr_0 @ptr_1 @ptr_2 [SL:METHOD_TIMER @ptr_3 SL:METHOD_TIMER] @ptr_4 @ptr_5 IN:UPDATE_TIMER]
