Is it going to be above 54 f at Houston tomorrow	Is Ġit Ġgoing Ġto Ġbe Ġabove Ġ54 Ġf Ġat ĠHouston Ġtomorrow	[IN:GET_WEATHER @ptr_0 @ptr_1 @ptr_2 @ptr_3 @ptr_4 [SL:WEATHER_ATTRIBUTE @ptr_5 SL:WEATHER_ATTRIBUTE] [SL:WEATHER_ATTRIBUTE @ptr_6 SL:WEATHER_ATTRIBUTE] [SL:WEATHER_TEMPERATURE_UNIT @ptr_7 SL:WEATHER_TEMPERATURE_UNIT] @ptr_8 [SL:LOCATION @ptr_9 SL:LOCATION] [SL:DATE_TIME @ptr_10 SL:DATE_TIME] IN:GET_WEATHER]
what 's the weather going to be at 5 pm today	what Ġ' s Ġthe Ġweather Ġgoing Ġto Ġbe Ġat Ġ5 Ġpm Ġtoday	[IN:GET_WEATHER @ptr_0 @ptr_1 @ptr_2 @ptr_3 @ptr_4 @ptr_5 @ptr_6 @ptr_7 [SL:DATE_TIME @ptr_8 @ptr_9 @ptr_10 @ptr_11 SL:DATE_TIME] IN:GET_WEATHER]
How hot is it tomorrow at San Francisco in degrees C	How Ġhot Ġis Ġit Ġtomorrow Ġat ĠSan ĠFrancisco Ġin Ġdegrees ĠC	[IN:GET_WEATHER @ptr_0 [SL:WEATHER_ATTRIBUTE @ptr_1 SL:WEATHER_ATTRIBUTE] @ptr_2 @ptr_3 [SL:DATE_TIME @ptr_4 SL:DATE_TIME] @ptr_5 [SL:LOCATION @ptr_6 @ptr_7 SL:LOCATION] @ptr_8 @ptr_9 [SL:WEATHER_TEMPERATURE_UNIT @ptr_10 SL:WEATHER_TEMPERATURE_UNIT] IN:GET_WEATHER]
Is an umbrella needed in San Jose , CA today ?	Is Ġan Ġumbrella Ġneeded Ġin ĠSan ĠJose Ġ, ĠCA Ġtoday Ġ?	[IN:GET_WEATHER @ptr_0 @ptr_1 [SL:WEATHER_ATTRIBUTE @ptr_2 SL:WEATHER_ATTRIBUTE] @ptr_3 @ptr_4 [SL:LOCATION @ptr_5 @ptr_6 @ptr_7 @ptr_8 SL:LOCATION] [SL:DATE_TIME @ptr_9 SL:DATE_TIME] @ptr_10 IN:GET_WEATHER]
How hot is it now ?	How Ġhot Ġis Ġit Ġnow Ġ?	[IN:GET_WEATHER @ptr_0 [SL:WEATHER_ATTRIBUTE @ptr_1 SL:WEATHER_ATTRIBUTE] @ptr_2 @ptr_3 @ptr_4 @ptr_5 IN:GET_WEATHER]
What might be the weather on December 21st on Barcelona , Spain at 2 pm ?	What Ġmight Ġbe Ġthe Ġweather Ġon ĠDecember Ġ21 st Ġon ĠBarcelona Ġ, ĠSpain Ġat Ġ2 Ġpm Ġ?	[IN:GET_WEATHER @ptr_0 @ptr_1 @ptr_2 @ptr_3 @ptr_4 [SL:DATE_TIME @ptr_5 @ptr_6 @ptr_7 @ptr_8 SL:DATE_TIME] @ptr_9 [SL:LOCATION @ptr_10 @ptr_11 @ptr_12 SL:LOCATION] [SL:DATE_TIME @ptr_13 @ptr_14 @ptr_15 SL:DATE_TIME] @ptr_16 IN:GET_WEATHER]
What will be the high today ?	What Ġwill Ġbe Ġthe Ġhigh Ġtoday Ġ?	[IN:GET_WEATHER @ptr_0 @ptr_1 @ptr_2 @ptr_3 @ptr_4 [SL:DATE_TIME @ptr_5 SL:DATE_TIME] @ptr_6 IN:GET_WEATHER]
What will the weather be like for the next 3 days	What Ġwill Ġthe Ġweather Ġbe Ġlike Ġfor Ġthe Ġnext Ġ3 Ġdays	[IN:GET_WEATHER @ptr_0 @ptr_1 @ptr_2 @ptr_3 @ptr_4 @ptr_5 [SL:DATE_TIME @ptr_6 @ptr_7 @ptr_8 @ptr_9 @ptr_10 SL:DATE_TIME] IN:GET_WEATHER]
are there rain clouds today	are Ġthere Ġrain Ġclouds Ġtoday	[IN:GET_WEATHER @ptr_0 @ptr_1 @ptr_2 @ptr_3 [SL:DATE_TIME @ptr_4 SL:DATE_TIME] IN:GET_WEATHER]
Is it raining ?	Is Ġit Ġraining Ġ?	[IN:GET_WEATHER @ptr_0 @ptr_1 [SL:WEATHER_ATTRIBUTE @ptr_2 SL:WEATHER_ATTRIBUTE] @ptr_3 IN:GET_WEATHER]
is there any rain in forecast for boca today ?	is Ġthere Ġany Ġrain Ġin Ġforecast Ġfor Ġb oca Ġtoday Ġ?	[IN:GET_WEATHER @ptr_0 @ptr_1 @ptr_2 [SL:WEATHER_ATTRIBUTE @ptr_3 SL:WEATHER_ATTRIBUTE] @ptr_4 @ptr_5 @ptr_6 [SL:LOCATION @ptr_7 @ptr_8 SL:LOCATION] [SL:DATE_TIME @ptr_9 SL:DATE_TIME] @ptr_10 IN:GET_WEATHER]
What is the temperature going to be like this weekend	What Ġis Ġthe Ġtemperature Ġgoing Ġto Ġbe Ġlike Ġthis Ġweekend	[IN:GET_WEATHER @ptr_0 @ptr_1 @ptr_2 @ptr_3 @ptr_4 @ptr_5 @ptr_6 @ptr_7 [SL:DATE_TIME @ptr_8 @ptr_9 SL:DATE_TIME] IN:GET_WEATHER]
Tell me the humidity today in Phoenix .	Tell Ġme Ġthe Ġhumidity Ġtoday Ġin ĠPhoenix Ġ.	[IN:GET_WEATHER @ptr_0 @ptr_1 @ptr_2 [SL:WEATHER_ATTRIBUTE @ptr_3 SL:WEATHER_ATTRIBUTE] [SL:DATE_TIME @ptr_4 SL:DATE_TIME] @ptr_5 [SL:LOCATION @ptr_6 SL:LOCATION] @ptr_7 IN:GET_WEATHER]
What 's the high temperature for Tuesday ?	What Ġ' s Ġthe Ġhigh Ġtemperature Ġfor ĠTuesday Ġ?	[IN:GET_WEATHER @ptr_0 @ptr_1 @ptr_2 @ptr_3 @ptr_4 @ptr_5 [SL:DATE_TIME @ptr_6 @ptr_7 SL:DATE_TIME] @ptr_8 IN:GET_WEATHER]
what is friday 's weather	what Ġis Ġfr iday Ġ' s Ġweather	[IN:GET_WEATHER @ptr_0 @ptr_1 [SL:DATE_TIME @ptr_2 @ptr_3 SL:DATE_TIME] @ptr_4 @ptr_5 @ptr_6 IN:GET_WEATHER]
Should I pack waterproofs today ?	Should ĠI Ġpack Ġwaterproof s Ġtoday Ġ?	[IN:GET_WEATHER @ptr_0 @ptr_1 @ptr_2 [SL:WEATHER_ATTRIBUTE @ptr_3 @ptr_4 SL:WEATHER_ATTRIBUTE] [SL:DATE_TIME @ptr_5 SL:DATE_TIME] @ptr_6 IN:GET_WEATHER]
Can you tell me how many inches of rain are anticipated tomorrow	Can Ġyou Ġtell Ġme Ġhow Ġmany Ġinches Ġof Ġrain Ġare Ġanticipated Ġtomorrow	[IN:GET_WEATHER @ptr_0 @ptr_1 @ptr_2 @ptr_3 @ptr_4 @ptr_5 @ptr_6 @ptr_7 [SL:WEATHER_ATTRIBUTE @ptr_8 SL:WEATHER_ATTRIBUTE] @ptr_9 @ptr_10 [SL:DATE_TIME @ptr_11 SL:DATE_TIME] IN:GET_WEATHER]
Is there supposed to be flooding later today ?	Is Ġthere Ġsupposed Ġto Ġbe Ġflooding Ġlater Ġtoday Ġ?	[IN:GET_WEATHER @ptr_0 @ptr_1 @ptr_2 @ptr_3 @ptr_4 [SL:WEATHER_ATTRIBUTE @ptr_5 SL:WEATHER_ATTRIBUTE] @ptr_6 [SL:DATE_TIME @ptr_7 SL:DATE_TIME] @ptr_8 IN:GET_WEATHER]
Do I need an umbrella for tonight ?	Do ĠI Ġneed Ġan Ġumbrella Ġfor Ġtonight Ġ?	[IN:GET_WEATHER @ptr_0 @ptr_1 @ptr_2 @ptr_3 [SL:WEATHER_ATTRIBUTE @ptr_4 SL:WEATHER_ATTRIBUTE] [SL:DATE_TIME @ptr_5 @ptr_6 SL:DATE_TIME] @ptr_7 IN:GET_WEATHER]
Is it raining now ?	Is Ġit Ġraining Ġnow Ġ?	[IN:GET_WEATHER @ptr_0 @ptr_1 [SL:WEATHER_ATTRIBUTE @ptr_2 SL:WEATHER_ATTRIBUTE] @ptr_3 @ptr_4 IN:GET_WEATHER]
Will it be raining this weekend ?	Will Ġit Ġbe Ġraining Ġthis Ġweekend Ġ?	[IN:GET_WEATHER @ptr_0 @ptr_1 @ptr_2 [SL:WEATHER_ATTRIBUTE @ptr_3 SL:WEATHER_ATTRIBUTE] [SL:DATE_TIME @ptr_4 @ptr_5 SL:DATE_TIME] @ptr_6 IN:GET_WEATHER]
Temperature tonight for Tokyo C	Temperature Ġtonight Ġfor ĠTokyo ĠC	[IN:GET_WEATHER @ptr_0 [SL:DATE_TIME @ptr_1 SL:DATE_TIME] @ptr_2 [SL:LOCATION @ptr_3 SL:LOCATION] [SL:WEATHER_TEMPERATURE_UNIT @ptr_4 SL:WEATHER_TEMPERATURE_UNIT] IN:GET_WEATHER]
Weather news please	Weather Ġnews Ġplease	[IN:GET_WEATHER @ptr_0 @ptr_1 @ptr_2 IN:GET_WEATHER]
give me the weather in farenheit ?	give Ġme Ġthe Ġweather Ġin Ġf aren heit Ġ?	[IN:GET_WEATHER @ptr_0 @ptr_1 @ptr_2 @ptr_3 @ptr_4 [SL:WEATHER_TEMPERATURE_UNIT @ptr_5 @ptr_6 @ptr_7 SL:WEATHER_TEMPERATURE_UNIT] @ptr_8 IN:GET_WEATHER]
How windy is it outside ?	How Ġwind y Ġis Ġit Ġoutside Ġ?	[IN:GET_WEATHER @ptr_0 [SL:WEATHER_ATTRIBUTE @ptr_1 @ptr_2 SL:WEATHER_ATTRIBUTE] @ptr_3 @ptr_4 @ptr_5 @ptr_6 IN:GET_WEATHER]
What is the weather going to be like this weekend ?	What Ġis Ġthe Ġweather Ġgoing Ġto Ġbe Ġlike Ġthis Ġweekend Ġ?	[IN:GET_WEATHER @ptr_0 @ptr_1 @ptr_2 @ptr_3 @ptr_4 @ptr_5 @ptr_6 @ptr_7 [SL:DATE_TIME @ptr_8 @ptr_9 SL:DATE_TIME] @ptr_10 IN:GET_WEATHER]
should i bring an umbrella today	should Ġi Ġbring Ġan Ġumbrella Ġtoday	[IN:GET_WEATHER @ptr_0 @ptr_1 @ptr_2 @ptr_3 [SL:WEATHER_ATTRIBUTE @ptr_4 SL:WEATHER_ATTRIBUTE] [SL:DATE_TIME @ptr_5 SL:DATE_TIME] IN:GET_WEATHER]
Hey bot how many inches of snow will fall tonight	Hey Ġbot Ġhow Ġmany Ġinches Ġof Ġsnow Ġwill Ġfall Ġtonight	[IN:GET_WEATHER @ptr_0 @ptr_1 @ptr_2 @ptr_3 @ptr_4 @ptr_5 [SL:WEATHER_ATTRIBUTE @ptr_6 SL:WEATHER_ATTRIBUTE] @ptr_7 @ptr_8 [SL:DATE_TIME @ptr_9 SL:DATE_TIME] IN:GET_WEATHER]
Is it going to rain on Saturday ?	Is Ġit Ġgoing Ġto Ġrain Ġon ĠSaturday Ġ?	[IN:GET_WEATHER @ptr_0 @ptr_1 @ptr_2 @ptr_3 [SL:WEATHER_ATTRIBUTE @ptr_4 SL:WEATHER_ATTRIBUTE] [SL:DATE_TIME @ptr_5 @ptr_6 SL:DATE_TIME] @ptr_7 IN:GET_WEATHER]
Is it going to be sunny tomorrow ?	Is Ġit Ġgoing Ġto Ġbe Ġsunny Ġtomorrow Ġ?	[IN:GET_WEATHER @ptr_0 @ptr_1 @ptr_2 @ptr_3 @ptr_4 [SL:WEATHER_ATTRIBUTE @ptr_5 SL:WEATHER_ATTRIBUTE] [SL:DATE_TIME @ptr_6 SL:DATE_TIME] @ptr_7 IN:GET_WEATHER]
Can I have a weather summary for July the 4th ?	Can ĠI Ġhave Ġa Ġweather Ġsummary Ġfor ĠJuly Ġthe Ġ4 th Ġ?	[IN:GET_WEATHER @ptr_0 @ptr_1 @ptr_2 @ptr_3 @ptr_4 @ptr_5 [SL:DATE_TIME @ptr_6 @ptr_7 @ptr_8 @ptr_9 @ptr_10 SL:DATE_TIME] @ptr_11 IN:GET_WEATHER]
show me the weather on Father 's day ?	show Ġme Ġthe Ġweather Ġon ĠFather Ġ' s Ġday Ġ?	[IN:GET_WEATHER @ptr_0 @ptr_1 @ptr_2 @ptr_3 [SL:DATE_TIME @ptr_4 @ptr_5 @ptr_6 @ptr_7 @ptr_8 SL:DATE_TIME] @ptr_9 IN:GET_WEATHER]
What 's the forecast for thanksgiving	What Ġ' s Ġthe Ġforecast Ġfor Ġthanks giving	[IN:GET_WEATHER @ptr_0 @ptr_1 @ptr_2 @ptr_3 @ptr_4 [SL:DATE_TIME @ptr_5 @ptr_6 @ptr_7 SL:DATE_TIME] IN:GET_WEATHER]
How hot is it gonna get today ?	How Ġhot Ġis Ġit Ġgonna Ġget Ġtoday Ġ?	[IN:GET_WEATHER @ptr_0 [SL:WEATHER_ATTRIBUTE @ptr_1 SL:WEATHER_ATTRIBUTE] @ptr_2 @ptr_3 @ptr_4 @ptr_5 [SL:DATE_TIME @ptr_6 SL:DATE_TIME] @ptr_7 IN:GET_WEATHER]
is there a possibility of hail damage today ?	is Ġthere Ġa Ġpossibility Ġof Ġhail Ġdamage Ġtoday Ġ?	[IN:GET_WEATHER @ptr_0 @ptr_1 @ptr_2 @ptr_3 @ptr_4 [SL:WEATHER_ATTRIBUTE @ptr_5 SL:WEATHER_ATTRIBUTE] @ptr_6 [SL:DATE_TIME @ptr_7 SL:DATE_TIME] @ptr_8 IN:GET_WEATHER]
How many days has it rained this month	How Ġmany Ġdays Ġhas Ġit Ġr ained Ġthis Ġmonth	[IN:UNSUPPORTED_WEATHER @ptr_0 @ptr_1 @ptr_2 @ptr_3 @ptr_4 [SL:WEATHER_ATTRIBUTE @ptr_5 @ptr_6 SL:WEATHER_ATTRIBUTE] [SL:DATE_TIME @ptr_7 @ptr_8 SL:DATE_TIME] IN:UNSUPPORTED_WEATHER]
Will I need a rain coat today	Will ĠI Ġneed Ġa Ġrain Ġcoat Ġtoday	[IN:GET_WEATHER @ptr_0 @ptr_1 @ptr_2 @ptr_3 [SL:WEATHER_ATTRIBUTE @ptr_4 @ptr_5 SL:WEATHER_ATTRIBUTE] [SL:DATE_TIME @ptr_6 SL:DATE_TIME] IN:GET_WEATHER]
weather hamilton island 31 december 2020	weather Ġham ilton Ġisland Ġ31 Ġde cember Ġ2020	[IN:GET_WEATHER @ptr_0 [SL:LOCATION @ptr_1 @ptr_2 @ptr_3 SL:LOCATION] [SL:DATE_TIME @ptr_4 @ptr_5 @ptr_6 @ptr_7 SL:DATE_TIME] IN:GET_WEATHER]
do i need a jacket today ?	do Ġi Ġneed Ġa Ġjacket Ġtoday Ġ?	[IN:GET_WEATHER @ptr_0 @ptr_1 @ptr_2 @ptr_3 [SL:WEATHER_ATTRIBUTE @ptr_4 SL:WEATHER_ATTRIBUTE] [SL:DATE_TIME @ptr_5 SL:DATE_TIME] @ptr_6 IN:GET_WEATHER]
will it be warm tonight	will Ġit Ġbe Ġwarm Ġtonight	[IN:GET_WEATHER @ptr_0 @ptr_1 @ptr_2 [SL:WEATHER_ATTRIBUTE @ptr_3 SL:WEATHER_ATTRIBUTE] [SL:DATE_TIME @ptr_4 SL:DATE_TIME] IN:GET_WEATHER]
What is the low temperature today	What Ġis Ġthe Ġlow Ġtemperature Ġtoday	[IN:GET_WEATHER @ptr_0 @ptr_1 @ptr_2 @ptr_3 @ptr_4 [SL:DATE_TIME @ptr_5 SL:DATE_TIME] IN:GET_WEATHER]
How humid is it today ?	How Ġhumid Ġis Ġit Ġtoday Ġ?	[IN:GET_WEATHER @ptr_0 [SL:WEATHER_ATTRIBUTE @ptr_1 SL:WEATHER_ATTRIBUTE] @ptr_2 @ptr_3 [SL:DATE_TIME @ptr_4 SL:DATE_TIME] @ptr_5 IN:GET_WEATHER]
What is the weather in Edison at 2 am ?	What Ġis Ġthe Ġweather Ġin ĠEdison Ġat Ġ2 Ġam Ġ?	[IN:GET_WEATHER @ptr_0 @ptr_1 @ptr_2 @ptr_3 @ptr_4 [SL:LOCATION @ptr_5 SL:LOCATION] [SL:DATE_TIME @ptr_6 @ptr_7 @ptr_8 SL:DATE_TIME] @ptr_9 IN:GET_WEATHER]
Weather at Darwin on next public holiday ?	Weather Ġat ĠDarwin Ġon Ġnext Ġpublic Ġholiday Ġ?	[IN:GET_WEATHER @ptr_0 @ptr_1 [SL:LOCATION @ptr_2 SL:LOCATION] [SL:DATE_TIME @ptr_3 @ptr_4 @ptr_5 @ptr_6 SL:DATE_TIME] @ptr_7 IN:GET_WEATHER]
is it going to rain in the next 4 days ?	is Ġit Ġgoing Ġto Ġrain Ġin Ġthe Ġnext Ġ4 Ġdays Ġ?	[IN:GET_WEATHER @ptr_0 @ptr_1 @ptr_2 @ptr_3 [SL:WEATHER_ATTRIBUTE @ptr_4 SL:WEATHER_ATTRIBUTE] [SL:DATE_TIME @ptr_5 @ptr_6 @ptr_7 @ptr_8 @ptr_9 SL:DATE_TIME] @ptr_10 IN:GET_WEATHER]
What 's the forecast at 3 pm in death valley California	What Ġ' s Ġthe Ġforecast Ġat Ġ3 Ġpm Ġin Ġdeath Ġvalley ĠCalifornia	[IN:GET_WEATHER @ptr_0 @ptr_1 @ptr_2 @ptr_3 @ptr_4 [SL:DATE_TIME @ptr_5 @ptr_6 @ptr_7 SL:DATE_TIME] @ptr_8 @ptr_9 [SL:LOCATION @ptr_10 @ptr_11 SL:LOCATION] IN:GET_WEATHER]
What is the temperature for tomorrow ?	What Ġis Ġthe Ġtemperature Ġfor Ġtomorrow Ġ?	[IN:GET_WEATHER @ptr_0 @ptr_1 @ptr_2 @ptr_3 [SL:DATE_TIME @ptr_4 @ptr_5 SL:DATE_TIME] @ptr_6 IN:GET_WEATHER]
What 's the temperature for East Kilbride over next 3 days	What Ġ' s Ġthe Ġtemperature Ġfor ĠEast ĠKil br ide Ġover Ġnext Ġ3 Ġdays	[IN:GET_WEATHER @ptr_0 @ptr_1 @ptr_2 @ptr_3 @ptr_4 @ptr_5 [SL:LOCATION @ptr_6 @ptr_7 @ptr_8 @ptr_9 SL:LOCATION] [SL:DATE_TIME @ptr_10 @ptr_11 @ptr_12 @ptr_13 SL:DATE_TIME] IN:GET_WEATHER]
please compare the weather this year to last year	please Ġcompare Ġthe Ġweather Ġthis Ġyear Ġto Ġlast Ġyear	[IN:UNSUPPORTED_WEATHER @ptr_0 @ptr_1 @ptr_2 @ptr_3 [SL:DATE_TIME @ptr_4 @ptr_5 @ptr_6 @ptr_7 @ptr_8 SL:DATE_TIME] IN:UNSUPPORTED_WEATHER]
please give me the weather forecast for Kent today	please Ġgive Ġme Ġthe Ġweather Ġforecast Ġfor ĠKent Ġtoday	[IN:GET_WEATHER @ptr_0 @ptr_1 @ptr_2 @ptr_3 @ptr_4 @ptr_5 @ptr_6 [SL:LOCATION @ptr_7 SL:LOCATION] [SL:DATE_TIME @ptr_8 SL:DATE_TIME] IN:GET_WEATHER]
When is the lowest UV Index today ?	When Ġis Ġthe Ġlowest ĠUV ĠIndex Ġtoday Ġ?	[IN:GET_WEATHER @ptr_0 @ptr_1 @ptr_2 [SL:WEATHER_ATTRIBUTE @ptr_3 @ptr_4 @ptr_5 SL:WEATHER_ATTRIBUTE] [SL:DATE_TIME @ptr_6 SL:DATE_TIME] @ptr_7 IN:GET_WEATHER]
what US city has the coldest temperature today	what ĠUS Ġcity Ġhas Ġthe Ġcold est Ġtemperature Ġtoday	[IN:GET_WEATHER @ptr_0 [SL:LOCATION @ptr_1 SL:LOCATION] @ptr_2 @ptr_3 @ptr_4 [SL:WEATHER_ATTRIBUTE @ptr_5 @ptr_6 SL:WEATHER_ATTRIBUTE] @ptr_7 [SL:DATE_TIME @ptr_8 SL:DATE_TIME] IN:GET_WEATHER]
I don't know weather I should bring a jacket or not due to today 's weather .	I Ġdon 't Ġknow Ġweather ĠI Ġshould Ġbring Ġa Ġjacket Ġor Ġnot Ġdue Ġto Ġtoday Ġ' s Ġweather Ġ.	[IN:GET_WEATHER @ptr_0 @ptr_1 @ptr_2 @ptr_3 @ptr_4 @ptr_5 @ptr_6 @ptr_7 @ptr_8 [SL:WEATHER_ATTRIBUTE @ptr_9 SL:WEATHER_ATTRIBUTE] @ptr_10 @ptr_11 @ptr_12 [SL:DATE_TIME @ptr_13 @ptr_14 SL:DATE_TIME] @ptr_15 @ptr_16 @ptr_17 @ptr_18 IN:GET_WEATHER]
Is today going to be cold ?	Is Ġtoday Ġgoing Ġto Ġbe Ġcold Ġ?	[IN:GET_WEATHER @ptr_0 [SL:DATE_TIME @ptr_1 SL:DATE_TIME] @ptr_2 @ptr_3 @ptr_4 [SL:WEATHER_ATTRIBUTE @ptr_5 SL:WEATHER_ATTRIBUTE] @ptr_6 IN:GET_WEATHER]
how hot is the weather in dubai ?	how Ġhot Ġis Ġthe Ġweather Ġin Ġdub ai Ġ?	[IN:GET_WEATHER @ptr_0 [SL:WEATHER_ATTRIBUTE @ptr_1 SL:WEATHER_ATTRIBUTE] @ptr_2 @ptr_3 @ptr_4 @ptr_5 [SL:LOCATION @ptr_6 @ptr_7 SL:LOCATION] @ptr_8 IN:GET_WEATHER]
Forecast call for rain	Fore cast Ġcall Ġfor Ġrain	[IN:GET_WEATHER @ptr_0 @ptr_1 @ptr_2 @ptr_3 [SL:WEATHER_ATTRIBUTE @ptr_4 SL:WEATHER_ATTRIBUTE] IN:GET_WEATHER]
is it going to rain today	is Ġit Ġgoing Ġto Ġrain Ġtoday	[IN:GET_WEATHER @ptr_0 @ptr_1 @ptr_2 @ptr_3 [SL:WEATHER_ATTRIBUTE @ptr_4 SL:WEATHER_ATTRIBUTE] [SL:DATE_TIME @ptr_5 SL:DATE_TIME] IN:GET_WEATHER]
What percentage will it rain tomorrow at 6 pm	What Ġpercentage Ġwill Ġit Ġrain Ġtomorrow Ġat Ġ6 Ġpm	[IN:GET_WEATHER @ptr_0 @ptr_1 @ptr_2 @ptr_3 [SL:WEATHER_ATTRIBUTE @ptr_4 SL:WEATHER_ATTRIBUTE] [SL:DATE_TIME @ptr_5 @ptr_6 @ptr_7 @ptr_8 SL:DATE_TIME] IN:GET_WEATHER]
is it icy outside	is Ġit Ġicy Ġoutside	[IN:GET_WEATHER @ptr_0 @ptr_1 [SL:WEATHER_ATTRIBUTE @ptr_2 SL:WEATHER_ATTRIBUTE] @ptr_3 IN:GET_WEATHER]
Will it rain in Orlando tomorrow ?	Will Ġit Ġrain Ġin ĠOrlando Ġtomorrow Ġ?	[IN:GET_WEATHER @ptr_0 @ptr_1 [SL:WEATHER_ATTRIBUTE @ptr_2 SL:WEATHER_ATTRIBUTE] @ptr_3 [SL:LOCATION @ptr_4 SL:LOCATION] [SL:DATE_TIME @ptr_5 SL:DATE_TIME] @ptr_6 IN:GET_WEATHER]
Do I need an umbrella today ?	Do ĠI Ġneed Ġan Ġumbrella Ġtoday Ġ?	[IN:GET_WEATHER @ptr_0 @ptr_1 @ptr_2 @ptr_3 [SL:WEATHER_ATTRIBUTE @ptr_4 SL:WEATHER_ATTRIBUTE] [SL:DATE_TIME @ptr_5 SL:DATE_TIME] @ptr_6 IN:GET_WEATHER]
will it be chilly tonight	will Ġit Ġbe Ġchilly Ġtonight	[IN:GET_WEATHER @ptr_0 @ptr_1 @ptr_2 [SL:WEATHER_ATTRIBUTE @ptr_3 SL:WEATHER_ATTRIBUTE] [SL:DATE_TIME @ptr_4 SL:DATE_TIME] IN:GET_WEATHER]
Should I carry an umbrella ?	Should ĠI Ġcarry Ġan Ġumbrella Ġ?	[IN:GET_WEATHER @ptr_0 @ptr_1 @ptr_2 @ptr_3 [SL:WEATHER_ATTRIBUTE @ptr_4 SL:WEATHER_ATTRIBUTE] @ptr_5 IN:GET_WEATHER]
Is there going to be any rain this week ?	Is Ġthere Ġgoing Ġto Ġbe Ġany Ġrain Ġthis Ġweek Ġ?	[IN:GET_WEATHER @ptr_0 @ptr_1 @ptr_2 @ptr_3 @ptr_4 @ptr_5 [SL:WEATHER_ATTRIBUTE @ptr_6 SL:WEATHER_ATTRIBUTE] [SL:DATE_TIME @ptr_7 @ptr_8 SL:DATE_TIME] @ptr_9 IN:GET_WEATHER]
is it going to snow today	is Ġit Ġgoing Ġto Ġsnow Ġtoday	[IN:GET_WEATHER @ptr_0 @ptr_1 @ptr_2 @ptr_3 [SL:WEATHER_ATTRIBUTE @ptr_4 SL:WEATHER_ATTRIBUTE] [SL:DATE_TIME @ptr_5 SL:DATE_TIME] IN:GET_WEATHER]
What are the predicted highs and lows for NYC today ?	What Ġare Ġthe Ġpredicted Ġhighs Ġand Ġlows Ġfor ĠNYC Ġtoday Ġ?	[IN:GET_WEATHER @ptr_0 @ptr_1 @ptr_2 @ptr_3 [SL:WEATHER_ATTRIBUTE @ptr_4 SL:WEATHER_ATTRIBUTE] @ptr_5 [SL:WEATHER_ATTRIBUTE @ptr_6 SL:WEATHER_ATTRIBUTE] @ptr_7 [SL:LOCATION @ptr_8 SL:LOCATION] [SL:DATE_TIME @ptr_9 SL:DATE_TIME] @ptr_10 IN:GET_WEATHER]
monsoons in chandler	mon so ons Ġin Ġch and ler	[IN:GET_WEATHER [SL:WEATHER_ATTRIBUTE @ptr_0 @ptr_1 @ptr_2 SL:WEATHER_ATTRIBUTE] @ptr_3 [SL:LOCATION @ptr_4 @ptr_5 @ptr_6 SL:LOCATION] IN:GET_WEATHER]
is it going to snow wednesday	is Ġit Ġgoing Ġto Ġsnow Ġwed nesday	[IN:GET_WEATHER @ptr_0 @ptr_1 @ptr_2 @ptr_3 [SL:WEATHER_ATTRIBUTE @ptr_4 SL:WEATHER_ATTRIBUTE] [SL:DATE_TIME @ptr_5 @ptr_6 SL:DATE_TIME] IN:GET_WEATHER]
How cold is it next week at Shanghai in degrees celcius	How Ġcold Ġis Ġit Ġnext Ġweek Ġat ĠShanghai Ġin Ġdegrees Ġcel cius	[IN:GET_WEATHER @ptr_0 [SL:WEATHER_ATTRIBUTE @ptr_1 SL:WEATHER_ATTRIBUTE] @ptr_2 @ptr_3 [SL:DATE_TIME @ptr_4 @ptr_5 SL:DATE_TIME] @ptr_6 [SL:LOCATION @ptr_7 SL:LOCATION] @ptr_8 @ptr_9 [SL:WEATHER_TEMPERATURE_UNIT @ptr_10 @ptr_11 SL:WEATHER_TEMPERATURE_UNIT] IN:GET_WEATHER]
is it going to be windy	is Ġit Ġgoing Ġto Ġbe Ġwind y	[IN:GET_WEATHER @ptr_0 @ptr_1 @ptr_2 @ptr_3 @ptr_4 [SL:WEATHER_ATTRIBUTE @ptr_5 @ptr_6 SL:WEATHER_ATTRIBUTE] IN:GET_WEATHER]
How much precipitation is expected this week ?	How Ġmuch Ġprecipitation Ġis Ġexpected Ġthis Ġweek Ġ?	[IN:GET_WEATHER @ptr_0 @ptr_1 [SL:WEATHER_ATTRIBUTE @ptr_2 SL:WEATHER_ATTRIBUTE] @ptr_3 @ptr_4 [SL:DATE_TIME @ptr_5 @ptr_6 SL:DATE_TIME] @ptr_7 IN:GET_WEATHER]
Do I need my umbrella today ?	Do ĠI Ġneed Ġmy Ġumbrella Ġtoday Ġ?	[IN:GET_WEATHER @ptr_0 @ptr_1 @ptr_2 @ptr_3 [SL:WEATHER_ATTRIBUTE @ptr_4 SL:WEATHER_ATTRIBUTE] [SL:DATE_TIME @ptr_5 SL:DATE_TIME] @ptr_6 IN:GET_WEATHER]
is it going to storm tonight	is Ġit Ġgoing Ġto Ġstorm Ġtonight	[IN:GET_WEATHER @ptr_0 @ptr_1 @ptr_2 @ptr_3 [SL:WEATHER_ATTRIBUTE @ptr_4 SL:WEATHER_ATTRIBUTE] [SL:DATE_TIME @ptr_5 SL:DATE_TIME] IN:GET_WEATHER]
Is a storm rolling in ?	Is Ġa Ġstorm Ġrolling Ġin Ġ?	[IN:GET_WEATHER @ptr_0 @ptr_1 [SL:WEATHER_ATTRIBUTE @ptr_2 SL:WEATHER_ATTRIBUTE] @ptr_3 @ptr_4 @ptr_5 IN:GET_WEATHER]
How much rain are we expecting this week	How Ġmuch Ġrain Ġare Ġwe Ġexpecting Ġthis Ġweek	[IN:GET_WEATHER @ptr_0 @ptr_1 [SL:WEATHER_ATTRIBUTE @ptr_2 SL:WEATHER_ATTRIBUTE] @ptr_3 @ptr_4 @ptr_5 [SL:DATE_TIME @ptr_6 @ptr_7 SL:DATE_TIME] IN:GET_WEATHER]
update me on the forecast on London tomorrow	update Ġme Ġon Ġthe Ġforecast Ġon ĠLondon Ġtomorrow	[IN:GET_WEATHER @ptr_0 @ptr_1 @ptr_2 @ptr_3 @ptr_4 @ptr_5 [SL:LOCATION @ptr_6 SL:LOCATION] [SL:DATE_TIME @ptr_7 SL:DATE_TIME] IN:GET_WEATHER]
How hot will it be in Los Angeles , CA today ?	How Ġhot Ġwill Ġit Ġbe Ġin ĠLos ĠAngeles Ġ, ĠCA Ġtoday Ġ?	[IN:GET_WEATHER @ptr_0 [SL:WEATHER_ATTRIBUTE @ptr_1 SL:WEATHER_ATTRIBUTE] @ptr_2 @ptr_3 @ptr_4 @ptr_5 [SL:LOCATION @ptr_6 @ptr_7 @ptr_8 @ptr_9 SL:LOCATION] [SL:DATE_TIME @ptr_10 SL:DATE_TIME] @ptr_11 IN:GET_WEATHER]
what is the weather in New York ?	what Ġis Ġthe Ġweather Ġin ĠNew ĠYork Ġ?	[IN:GET_WEATHER @ptr_0 @ptr_1 @ptr_2 @ptr_3 @ptr_4 [SL:LOCATION @ptr_5 @ptr_6 SL:LOCATION] @ptr_7 IN:GET_WEATHER]
how 's the weather in Melbourne .	how Ġ' s Ġthe Ġweather Ġin ĠMelbourne Ġ.	[IN:GET_WEATHER @ptr_0 @ptr_1 @ptr_2 @ptr_3 @ptr_4 @ptr_5 [SL:LOCATION @ptr_6 SL:LOCATION] @ptr_7 IN:GET_WEATHER]
What is the temperature at the beach ?	What Ġis Ġthe Ġtemperature Ġat Ġthe Ġbeach Ġ?	[IN:GET_WEATHER @ptr_0 @ptr_1 @ptr_2 @ptr_3 @ptr_4 @ptr_5 [SL:LOCATION @ptr_6 SL:LOCATION] @ptr_7 IN:GET_WEATHER]
What is the weather like in Cancun in November ?	What Ġis Ġthe Ġweather Ġlike Ġin ĠC anc un Ġin ĠNovember Ġ?	[IN:GET_WEATHER @ptr_0 @ptr_1 @ptr_2 @ptr_3 @ptr_4 @ptr_5 [SL:LOCATION @ptr_6 @ptr_7 @ptr_8 SL:LOCATION] [SL:DATE_TIME @ptr_9 @ptr_10 SL:DATE_TIME] @ptr_11 IN:GET_WEATHER]
Weather for New York at 10 am	Weather Ġfor ĠNew ĠYork Ġat Ġ10 Ġam	[IN:GET_WEATHER @ptr_0 @ptr_1 [SL:LOCATION @ptr_2 @ptr_3 SL:LOCATION] [SL:DATE_TIME @ptr_4 @ptr_5 @ptr_6 SL:DATE_TIME] IN:GET_WEATHER]
is it raining by work ?	is Ġit Ġraining Ġby Ġwork Ġ?	[IN:GET_WEATHER @ptr_0 @ptr_1 [SL:WEATHER_ATTRIBUTE @ptr_2 SL:WEATHER_ATTRIBUTE] @ptr_3 [SL:LOCATION @ptr_4 SL:LOCATION] @ptr_5 IN:GET_WEATHER]
Tell me the whether in Italy	Tell Ġme Ġthe Ġwhether Ġin ĠItaly	[IN:GET_WEATHER @ptr_0 @ptr_1 @ptr_2 @ptr_3 @ptr_4 [SL:LOCATION @ptr_5 SL:LOCATION] IN:GET_WEATHER]
Please tell me the weather for Melbourne on June 11 .	Please Ġtell Ġme Ġthe Ġweather Ġfor ĠMelbourne Ġon ĠJune Ġ11 Ġ.	[IN:GET_WEATHER @ptr_0 @ptr_1 @ptr_2 @ptr_3 @ptr_4 @ptr_5 [SL:LOCATION @ptr_6 SL:LOCATION] [SL:DATE_TIME @ptr_7 @ptr_8 @ptr_9 SL:DATE_TIME] @ptr_10 IN:GET_WEATHER]
What 's the weather like today in Terengganu , Malaysia ?	What Ġ' s Ġthe Ġweather Ġlike Ġtoday Ġin ĠT ere ng gan u Ġ, ĠMalaysia Ġ?	[IN:GET_WEATHER @ptr_0 @ptr_1 @ptr_2 @ptr_3 @ptr_4 @ptr_5 [SL:DATE_TIME @ptr_6 SL:DATE_TIME] @ptr_7 [SL:LOCATION @ptr_8 @ptr_9 @ptr_10 @ptr_11 @ptr_12 @ptr_13 @ptr_14 SL:LOCATION] @ptr_15 IN:GET_WEATHER]
How hot is it right now in Atlanta ?	How Ġhot Ġis Ġit Ġright Ġnow Ġin ĠAtlanta Ġ?	[IN:GET_WEATHER @ptr_0 [SL:WEATHER_ATTRIBUTE @ptr_1 SL:WEATHER_ATTRIBUTE] @ptr_2 @ptr_3 @ptr_4 @ptr_5 @ptr_6 [SL:LOCATION @ptr_7 SL:LOCATION] @ptr_8 IN:GET_WEATHER]
Temperature inside F	Temperature Ġinside ĠF	[IN:GET_WEATHER @ptr_0 [SL:LOCATION @ptr_1 SL:LOCATION] [SL:WEATHER_TEMPERATURE_UNIT @ptr_2 SL:WEATHER_TEMPERATURE_UNIT] IN:GET_WEATHER]
I'd like to know if it 's raining in Lenoir City	I 'd Ġlike Ġto Ġknow Ġif Ġit Ġ' s Ġraining Ġin ĠLen oir ĠCity	[IN:GET_WEATHER @ptr_0 @ptr_1 @ptr_2 @ptr_3 @ptr_4 @ptr_5 @ptr_6 @ptr_7 @ptr_8 [SL:WEATHER_ATTRIBUTE @ptr_9 SL:WEATHER_ATTRIBUTE] @ptr_10 [SL:LOCATION @ptr_11 @ptr_12 @ptr_13 SL:LOCATION] IN:GET_WEATHER]
Tell me the weather for Chicago on Tuesday	Tell Ġme Ġthe Ġweather Ġfor ĠChicago Ġon ĠTuesday	[IN:GET_WEATHER @ptr_0 @ptr_1 @ptr_2 @ptr_3 @ptr_4 [SL:LOCATION @ptr_5 SL:LOCATION] [SL:DATE_TIME @ptr_6 @ptr_7 SL:DATE_TIME] IN:GET_WEATHER]
What 's the weather like in Egypt ?	What Ġ' s Ġthe Ġweather Ġlike Ġin ĠEgypt Ġ?	[IN:GET_WEATHER @ptr_0 @ptr_1 @ptr_2 @ptr_3 @ptr_4 @ptr_5 @ptr_6 [SL:LOCATION @ptr_7 SL:LOCATION] @ptr_8 IN:GET_WEATHER]
Let me know the weather for Estonia	Let Ġme Ġknow Ġthe Ġweather Ġfor ĠEstonia	[IN:GET_WEATHER @ptr_0 @ptr_1 @ptr_2 @ptr_3 @ptr_4 @ptr_5 [SL:LOCATION @ptr_6 SL:LOCATION] IN:GET_WEATHER]
Whats the weather like in Tokyo ?	Wh ats Ġthe Ġweather Ġlike Ġin ĠTokyo Ġ?	[IN:GET_WEATHER @ptr_0 @ptr_1 @ptr_2 @ptr_3 @ptr_4 @ptr_5 [SL:LOCATION @ptr_6 SL:LOCATION] @ptr_7 IN:GET_WEATHER]
Carbondale Forecast	Car b ond ale ĠFore cast	[IN:GET_WEATHER [SL:LOCATION @ptr_0 @ptr_1 @ptr_2 @ptr_3 SL:LOCATION] @ptr_4 @ptr_5 IN:GET_WEATHER]
Is tomorrow 's weather good for a beach day	Is Ġtomorrow Ġ' s Ġweather Ġgood Ġfor Ġa Ġbeach Ġday	[IN:GET_WEATHER @ptr_0 [SL:DATE_TIME @ptr_1 SL:DATE_TIME] @ptr_2 @ptr_3 @ptr_4 @ptr_5 @ptr_6 @ptr_7 [SL:LOCATION @ptr_8 SL:LOCATION] @ptr_9 IN:GET_WEATHER]
What is the weather in New York City ?	What Ġis Ġthe Ġweather Ġin ĠNew ĠYork ĠCity Ġ?	[IN:GET_WEATHER @ptr_0 @ptr_1 @ptr_2 @ptr_3 @ptr_4 [SL:LOCATION @ptr_5 @ptr_6 @ptr_7 SL:LOCATION] @ptr_8 IN:GET_WEATHER]
What is the weather in Seattle this morning	What Ġis Ġthe Ġweather Ġin ĠSeattle Ġthis Ġmorning	[IN:GET_WEATHER @ptr_0 @ptr_1 @ptr_2 @ptr_3 @ptr_4 [SL:LOCATION @ptr_5 SL:LOCATION] [SL:DATE_TIME @ptr_6 @ptr_7 SL:DATE_TIME] IN:GET_WEATHER]
Will it be above 88 in Celsius mumbai next week	Will Ġit Ġbe Ġabove Ġ88 Ġin ĠCelsius Ġm umbai Ġnext Ġweek	[IN:GET_WEATHER @ptr_0 @ptr_1 @ptr_2 [SL:WEATHER_ATTRIBUTE @ptr_3 SL:WEATHER_ATTRIBUTE] [SL:WEATHER_ATTRIBUTE @ptr_4 SL:WEATHER_ATTRIBUTE] @ptr_5 [SL:WEATHER_TEMPERATURE_UNIT @ptr_6 SL:WEATHER_TEMPERATURE_UNIT] [SL:LOCATION @ptr_7 @ptr_8 SL:LOCATION] [SL:DATE_TIME @ptr_9 @ptr_10 SL:DATE_TIME] IN:GET_WEATHER]
What time does the sun rise in Finland tomorrow	What Ġtime Ġdoes Ġthe Ġsun Ġrise Ġin ĠFinland Ġtomorrow	[IN:GET_SUNRISE @ptr_0 @ptr_1 @ptr_2 @ptr_3 @ptr_4 @ptr_5 @ptr_6 [SL:LOCATION @ptr_7 SL:LOCATION] [SL:DATE_TIME @ptr_8 SL:DATE_TIME] IN:GET_SUNRISE]
Is it windy today in Los Angeles ?	Is Ġit Ġwind y Ġtoday Ġin ĠLos ĠAngeles Ġ?	[IN:GET_WEATHER @ptr_0 @ptr_1 [SL:WEATHER_ATTRIBUTE @ptr_2 @ptr_3 SL:WEATHER_ATTRIBUTE] [SL:DATE_TIME @ptr_4 SL:DATE_TIME] @ptr_5 [SL:LOCATION @ptr_6 @ptr_7 SL:LOCATION] @ptr_8 IN:GET_WEATHER]
What time will the sun set today	What Ġtime Ġwill Ġthe Ġsun Ġset Ġtoday	[IN:GET_SUNSET @ptr_0 @ptr_1 @ptr_2 @ptr_3 @ptr_4 @ptr_5 [SL:DATE_TIME @ptr_6 SL:DATE_TIME] IN:GET_SUNSET]
When does the sunset	When Ġdoes Ġthe Ġsunset	[IN:GET_SUNSET @ptr_0 @ptr_1 @ptr_2 @ptr_3 IN:GET_SUNSET]
what time is sunset	what Ġtime Ġis Ġsunset	[IN:GET_SUNSET @ptr_0 @ptr_1 @ptr_2 @ptr_3 IN:GET_SUNSET]
what time is the sunset at	what Ġtime Ġis Ġthe Ġsunset Ġat	[IN:GET_SUNSET @ptr_0 @ptr_1 @ptr_2 @ptr_3 @ptr_4 @ptr_5 IN:GET_SUNSET]
what time is the sunset	what Ġtime Ġis Ġthe Ġsunset	[IN:GET_SUNSET @ptr_0 @ptr_1 @ptr_2 @ptr_3 @ptr_4 IN:GET_SUNSET]
what time is sunset tonight	what Ġtime Ġis Ġsunset Ġtonight	[IN:GET_SUNSET @ptr_0 @ptr_1 @ptr_2 @ptr_3 [SL:DATE_TIME @ptr_4 SL:DATE_TIME] IN:GET_SUNSET]
Today 's Sundown happens at what time ?	Today Ġ' s ĠSund own Ġhappens Ġat Ġwhat Ġtime Ġ?	[IN:GET_SUNSET [SL:DATE_TIME @ptr_0 SL:DATE_TIME] @ptr_1 @ptr_2 @ptr_3 @ptr_4 @ptr_5 @ptr_6 @ptr_7 @ptr_8 @ptr_9 IN:GET_SUNSET]
When is the sunset	When Ġis Ġthe Ġsunset	[IN:GET_SUNSET @ptr_0 @ptr_1 @ptr_2 @ptr_3 IN:GET_SUNSET]
What time is tonight 's sunset	What Ġtime Ġis Ġtonight Ġ' s Ġsunset	[IN:GET_SUNSET @ptr_0 @ptr_1 @ptr_2 [SL:DATE_TIME @ptr_3 SL:DATE_TIME] @ptr_4 @ptr_5 @ptr_6 IN:GET_SUNSET]
does the sun set later in Florida then NY	does Ġthe Ġsun Ġset Ġlater Ġin ĠFlorida Ġthen ĠNY	[IN:GET_SUNSET @ptr_0 @ptr_1 @ptr_2 @ptr_3 @ptr_4 @ptr_5 [SL:LOCATION @ptr_6 SL:LOCATION] @ptr_7 [SL:LOCATION @ptr_8 SL:LOCATION] IN:GET_SUNSET]
When is the sun going down ?	When Ġis Ġthe Ġsun Ġgoing Ġdown Ġ?	[IN:GET_SUNSET @ptr_0 @ptr_1 @ptr_2 @ptr_3 @ptr_4 @ptr_5 @ptr_6 IN:GET_SUNSET]
when is dusk tomorrow	when Ġis Ġdusk Ġtomorrow	[IN:GET_SUNSET @ptr_0 @ptr_1 @ptr_2 [SL:DATE_TIME @ptr_3 SL:DATE_TIME] IN:GET_SUNSET]
what time does the sun set in New Orleans	what Ġtime Ġdoes Ġthe Ġsun Ġset Ġin ĠNew ĠOrleans	[IN:GET_SUNSET @ptr_0 @ptr_1 @ptr_2 @ptr_3 @ptr_4 @ptr_5 @ptr_6 [SL:LOCATION @ptr_7 @ptr_8 SL:LOCATION] IN:GET_SUNSET]
when is dusk	when Ġis Ġdusk	[IN:GET_SUNSET @ptr_0 @ptr_1 @ptr_2 IN:GET_SUNSET]
When does the sun set tonight	When Ġdoes Ġthe Ġsun Ġset Ġtonight	[IN:GET_SUNSET @ptr_0 @ptr_1 @ptr_2 @ptr_3 @ptr_4 [SL:DATE_TIME @ptr_5 SL:DATE_TIME] IN:GET_SUNSET]
I need to know when it starts getting dark	I Ġneed Ġto Ġknow Ġwhen Ġit Ġstarts Ġgetting Ġdark	[IN:GET_SUNSET @ptr_0 @ptr_1 @ptr_2 @ptr_3 @ptr_4 @ptr_5 @ptr_6 @ptr_7 @ptr_8 IN:GET_SUNSET]
What time is sunset ?	What Ġtime Ġis Ġsunset Ġ?	[IN:GET_SUNSET @ptr_0 @ptr_1 @ptr_2 @ptr_3 @ptr_4 IN:GET_SUNSET]
Do you know when sundown is ?	Do Ġyou Ġknow Ġwhen Ġsund own Ġis Ġ?	[IN:GET_SUNSET @ptr_0 @ptr_1 @ptr_2 @ptr_3 @ptr_4 @ptr_5 @ptr_6 @ptr_7 IN:GET_SUNSET]
When does the sun set in Hong Kong	When Ġdoes Ġthe Ġsun Ġset Ġin ĠHong ĠKong	[IN:GET_SUNSET @ptr_0 @ptr_1 @ptr_2 @ptr_3 @ptr_4 @ptr_5 [SL:LOCATION @ptr_6 @ptr_7 SL:LOCATION] IN:GET_SUNSET]
when is sunset today ?	when Ġis Ġsunset Ġtoday Ġ?	[IN:GET_SUNSET @ptr_0 @ptr_1 @ptr_2 [SL:DATE_TIME @ptr_3 SL:DATE_TIME] @ptr_4 IN:GET_SUNSET]
What time is sunset ?	What Ġtime Ġis Ġsunset Ġ?	[IN:GET_SUNSET @ptr_0 @ptr_1 @ptr_2 @ptr_3 @ptr_4 IN:GET_SUNSET]
Tell me the sundown time .	Tell Ġme Ġthe Ġsund own Ġtime Ġ.	[IN:GET_SUNSET @ptr_0 @ptr_1 @ptr_2 @ptr_3 @ptr_4 @ptr_5 @ptr_6 IN:GET_SUNSET]
when will it start to get dark	when Ġwill Ġit Ġstart Ġto Ġget Ġdark	[IN:GET_SUNSET @ptr_0 @ptr_1 @ptr_2 @ptr_3 @ptr_4 @ptr_5 @ptr_6 IN:GET_SUNSET]
what time is the sunset in Miami	what Ġtime Ġis Ġthe Ġsunset Ġin ĠMiami	[IN:GET_SUNSET @ptr_0 @ptr_1 @ptr_2 @ptr_3 @ptr_4 @ptr_5 [SL:LOCATION @ptr_6 SL:LOCATION] IN:GET_SUNSET]
when will the sun set	when Ġwill Ġthe Ġsun Ġset	[IN:GET_SUNSET @ptr_0 @ptr_1 @ptr_2 @ptr_3 @ptr_4 IN:GET_SUNSET]
will there be a white christmas this year	will Ġthere Ġbe Ġa Ġwhite Ġchrist mas Ġthis Ġyear	[IN:UNSUPPORTED_WEATHER @ptr_0 @ptr_1 @ptr_2 @ptr_3 @ptr_4 [SL:DATE_TIME @ptr_5 @ptr_6 @ptr_7 @ptr_8 SL:DATE_TIME] IN:UNSUPPORTED_WEATHER]
When does the current warnings expire for my area	When Ġdoes Ġthe Ġcurrent Ġwarnings Ġexpire Ġfor Ġmy Ġarea	[IN:UNSUPPORTED_WEATHER @ptr_0 @ptr_1 @ptr_2 @ptr_3 @ptr_4 @ptr_5 @ptr_6 [SL:LOCATION @ptr_7 @ptr_8 SL:LOCATION] IN:UNSUPPORTED_WEATHER]
What was the hottest day in Wichita this year	What Ġwas Ġthe Ġhottest Ġday Ġin ĠWichita Ġthis Ġyear	[IN:UNSUPPORTED_WEATHER @ptr_0 @ptr_1 @ptr_2 [SL:WEATHER_ATTRIBUTE @ptr_3 SL:WEATHER_ATTRIBUTE] @ptr_4 @ptr_5 @ptr_6 [SL:DATE_TIME @ptr_7 @ptr_8 SL:DATE_TIME] IN:UNSUPPORTED_WEATHER]
what side of hurricane will we be on	what Ġside Ġof Ġhurricane Ġwill Ġwe Ġbe Ġon	[IN:UNSUPPORTED_WEATHER @ptr_0 @ptr_1 @ptr_2 [SL:WEATHER_ATTRIBUTE @ptr_3 SL:WEATHER_ATTRIBUTE] @ptr_4 @ptr_5 @ptr_6 @ptr_7 IN:UNSUPPORTED_WEATHER]
What 's the highest temperature we've seen in our area this year	What Ġ' s Ġthe Ġhighest Ġtemperature Ġwe 've Ġseen Ġin Ġour Ġarea Ġthis Ġyear	[IN:UNSUPPORTED_WEATHER @ptr_0 @ptr_1 @ptr_2 @ptr_3 @ptr_4 @ptr_5 @ptr_6 @ptr_7 @ptr_8 @ptr_9 @ptr_10 @ptr_11 [SL:DATE_TIME @ptr_12 @ptr_13 SL:DATE_TIME] IN:UNSUPPORTED_WEATHER]
what day was the last rainstorm in spokane	what Ġday Ġwas Ġthe Ġlast Ġrain storm Ġin Ġsp okane	[IN:UNSUPPORTED_WEATHER @ptr_0 @ptr_1 @ptr_2 @ptr_3 @ptr_4 [SL:WEATHER_ATTRIBUTE @ptr_5 @ptr_6 SL:WEATHER_ATTRIBUTE] @ptr_7 @ptr_8 @ptr_9 IN:UNSUPPORTED_WEATHER]
When is it summer in Australia	When Ġis Ġit Ġsummer Ġin ĠAustralia	[IN:UNSUPPORTED_WEATHER @ptr_0 @ptr_1 @ptr_2 [SL:DATE_TIME @ptr_3 SL:DATE_TIME] @ptr_4 [SL:LOCATION @ptr_5 SL:LOCATION] IN:UNSUPPORTED_WEATHER]
How often does it rain in Texas	How Ġoften Ġdoes Ġit Ġrain Ġin ĠTexas	[IN:UNSUPPORTED_WEATHER @ptr_0 @ptr_1 @ptr_2 @ptr_3 [SL:WEATHER_ATTRIBUTE @ptr_4 SL:WEATHER_ATTRIBUTE] @ptr_5 [SL:LOCATION @ptr_6 SL:LOCATION] IN:UNSUPPORTED_WEATHER]
Where does rain come from	Where Ġdoes Ġrain Ġcome Ġfrom	[IN:UNSUPPORTED_WEATHER @ptr_0 @ptr_1 [SL:WEATHER_ATTRIBUTE @ptr_2 SL:WEATHER_ATTRIBUTE] @ptr_3 @ptr_4 IN:UNSUPPORTED_WEATHER]
What is the allergy report for today	What Ġis Ġthe Ġallergy Ġreport Ġfor Ġtoday	[IN:UNSUPPORTED_WEATHER @ptr_0 @ptr_1 @ptr_2 @ptr_3 @ptr_4 [SL:DATE_TIME @ptr_5 @ptr_6 SL:DATE_TIME] IN:UNSUPPORTED_WEATHER]
Will I need to shovel show today	Will ĠI Ġneed Ġto Ġshovel Ġshow Ġtoday	[IN:UNSUPPORTED_WEATHER @ptr_0 @ptr_1 @ptr_2 @ptr_3 [SL:WEATHER_ATTRIBUTE @ptr_4 SL:WEATHER_ATTRIBUTE] @ptr_5 [SL:DATE_TIME @ptr_6 SL:DATE_TIME] IN:UNSUPPORTED_WEATHER]
when was the last hurricane	when Ġwas Ġthe Ġlast Ġhurricane	[IN:UNSUPPORTED_WEATHER @ptr_0 @ptr_1 @ptr_2 @ptr_3 [SL:WEATHER_ATTRIBUTE @ptr_4 SL:WEATHER_ATTRIBUTE] IN:UNSUPPORTED_WEATHER]
when did hurricane charlie hit florida	when Ġdid Ġhurricane Ġchar lie Ġhit Ġfl or ida	[IN:UNSUPPORTED_WEATHER @ptr_0 @ptr_1 [SL:WEATHER_ATTRIBUTE @ptr_2 SL:WEATHER_ATTRIBUTE] @ptr_3 @ptr_4 @ptr_5 [SL:LOCATION @ptr_6 @ptr_7 @ptr_8 SL:LOCATION] IN:UNSUPPORTED_WEATHER]
what is the average temperature in August in Tokyo	what Ġis Ġthe Ġaverage Ġtemperature Ġin ĠAugust Ġin ĠTokyo	[IN:UNSUPPORTED_WEATHER @ptr_0 @ptr_1 @ptr_2 @ptr_3 @ptr_4 [SL:DATE_TIME @ptr_5 @ptr_6 SL:DATE_TIME] @ptr_7 @ptr_8 IN:UNSUPPORTED_WEATHER]
What is the rainiest place on earth	What Ġis Ġthe Ġrain iest Ġplace Ġon Ġearth	[IN:UNSUPPORTED_WEATHER @ptr_0 @ptr_1 @ptr_2 [SL:WEATHER_ATTRIBUTE @ptr_3 @ptr_4 SL:WEATHER_ATTRIBUTE] @ptr_5 @ptr_6 @ptr_7 IN:UNSUPPORTED_WEATHER]
What day is the best day to drive with the least snow	What Ġday Ġis Ġthe Ġbest Ġday Ġto Ġdrive Ġwith Ġthe Ġleast Ġsnow	[IN:UNSUPPORTED_WEATHER @ptr_0 @ptr_1 @ptr_2 @ptr_3 @ptr_4 @ptr_5 @ptr_6 @ptr_7 @ptr_8 @ptr_9 @ptr_10 [SL:WEATHER_ATTRIBUTE @ptr_11 SL:WEATHER_ATTRIBUTE] IN:UNSUPPORTED_WEATHER]
What is the name of the latest hurricane	What Ġis Ġthe Ġname Ġof Ġthe Ġlatest Ġhurricane	[IN:UNSUPPORTED_WEATHER @ptr_0 @ptr_1 @ptr_2 @ptr_3 @ptr_4 @ptr_5 [SL:DATE_TIME @ptr_6 SL:DATE_TIME] [SL:WEATHER_ATTRIBUTE @ptr_7 SL:WEATHER_ATTRIBUTE] IN:UNSUPPORTED_WEATHER]
What 's the weather at Disney like in July	What Ġ' s Ġthe Ġweather Ġat ĠDisney Ġlike Ġin ĠJuly	[IN:UNSUPPORTED_WEATHER @ptr_0 @ptr_1 @ptr_2 @ptr_3 @ptr_4 @ptr_5 [SL:LOCATION @ptr_6 SL:LOCATION] @ptr_7 [SL:DATE_TIME @ptr_8 @ptr_9 SL:DATE_TIME] IN:UNSUPPORTED_WEATHER]
What is the weather like in northern California compared to here in southern California	What Ġis Ġthe Ġweather Ġlike Ġin Ġnorthern ĠCalifornia Ġcompared Ġto Ġhere Ġin Ġsouthern ĠCalifornia	[IN:UNSUPPORTED_WEATHER @ptr_0 @ptr_1 @ptr_2 @ptr_3 @ptr_4 @ptr_5 @ptr_6 [SL:LOCATION @ptr_7 SL:LOCATION] @ptr_8 @ptr_9 [SL:LOCATION @ptr_10 SL:LOCATION] @ptr_11 @ptr_12 [SL:LOCATION @ptr_13 SL:LOCATION] IN:UNSUPPORTED_WEATHER]
What is the dew point today	What Ġis Ġthe Ġde w Ġpoint Ġtoday	[IN:UNSUPPORTED_WEATHER @ptr_0 @ptr_1 @ptr_2 [SL:WEATHER_ATTRIBUTE @ptr_3 @ptr_4 @ptr_5 SL:WEATHER_ATTRIBUTE] [SL:DATE_TIME @ptr_6 SL:DATE_TIME] IN:UNSUPPORTED_WEATHER]
Where in the US does it snow in November	Where Ġin Ġthe ĠUS Ġdoes Ġit Ġsnow Ġin ĠNovember	[IN:UNSUPPORTED_WEATHER @ptr_0 @ptr_1 @ptr_2 @ptr_3 @ptr_4 @ptr_5 [SL:WEATHER_ATTRIBUTE @ptr_6 SL:WEATHER_ATTRIBUTE] [SL:DATE_TIME @ptr_7 @ptr_8 SL:DATE_TIME] IN:UNSUPPORTED_WEATHER]
When was the last time we had rain in Orlando	When Ġwas Ġthe Ġlast Ġtime Ġwe Ġhad Ġrain Ġin ĠOrlando	[IN:UNSUPPORTED_WEATHER @ptr_0 @ptr_1 @ptr_2 @ptr_3 @ptr_4 @ptr_5 @ptr_6 [SL:WEATHER_ATTRIBUTE @ptr_7 SL:WEATHER_ATTRIBUTE] @ptr_8 [SL:LOCATION @ptr_9 SL:LOCATION] IN:UNSUPPORTED_WEATHER]
Tell me the ski forecast for The Alps in Switzerland .	Tell Ġme Ġthe Ġski Ġforecast Ġfor ĠThe ĠAlps Ġin ĠSwitzerland Ġ.	[IN:UNSUPPORTED_WEATHER @ptr_0 @ptr_1 @ptr_2 @ptr_3 @ptr_4 @ptr_5 @ptr_6 @ptr_7 @ptr_8 @ptr_9 @ptr_10 IN:UNSUPPORTED_WEATHER]
How cold does it get in London in the winter	How Ġcold Ġdoes Ġit Ġget Ġin ĠLondon Ġin Ġthe Ġwinter	[IN:UNSUPPORTED_WEATHER @ptr_0 [SL:WEATHER_ATTRIBUTE @ptr_1 SL:WEATHER_ATTRIBUTE] @ptr_2 @ptr_3 @ptr_4 @ptr_5 [SL:LOCATION @ptr_6 SL:LOCATION] [SL:DATE_TIME @ptr_7 @ptr_8 @ptr_9 SL:DATE_TIME] IN:UNSUPPORTED_WEATHER]
How should I pack for traveling to LA next week	How Ġshould ĠI Ġpack Ġfor Ġtraveling Ġto ĠLA Ġnext Ġweek	[IN:UNSUPPORTED_WEATHER @ptr_0 @ptr_1 @ptr_2 @ptr_3 @ptr_4 @ptr_5 @ptr_6 [SL:LOCATION @ptr_7 SL:LOCATION] [SL:DATE_TIME @ptr_8 @ptr_9 SL:DATE_TIME] IN:UNSUPPORTED_WEATHER]
tell me local radar	tell Ġme Ġlocal Ġradar	[IN:GET_WEATHER @ptr_0 @ptr_1 [SL:LOCATION [IN:GET_LOCATION [SL:LOCATION_MODIFIER @ptr_2 SL:LOCATION_MODIFIER] IN:GET_LOCATION] SL:LOCATION] @ptr_3 IN:GET_WEATHER]
I need the local radar	I Ġneed Ġthe Ġlocal Ġradar	[IN:GET_WEATHER @ptr_0 @ptr_1 @ptr_2 [SL:LOCATION [IN:GET_LOCATION [SL:LOCATION_MODIFIER @ptr_3 SL:LOCATION_MODIFIER] IN:GET_LOCATION] SL:LOCATION] @ptr_4 IN:GET_WEATHER]
Weather here 10th June	Weather Ġhere Ġ10 th ĠJune	[IN:GET_WEATHER @ptr_0 [SL:LOCATION [IN:GET_LOCATION [SL:LOCATION_USER @ptr_1 SL:LOCATION_USER] IN:GET_LOCATION] SL:LOCATION] [SL:DATE_TIME @ptr_2 @ptr_3 @ptr_4 SL:DATE_TIME] IN:GET_WEATHER]
what is the weather here ?	what Ġis Ġthe Ġweather Ġhere Ġ?	[IN:GET_WEATHER @ptr_0 @ptr_1 @ptr_2 @ptr_3 [SL:LOCATION [IN:GET_LOCATION [SL:LOCATION_USER @ptr_4 SL:LOCATION_USER] IN:GET_LOCATION] SL:LOCATION] @ptr_5 IN:GET_WEATHER]
what 's the local radar like tomorrow	what Ġ' s Ġthe Ġlocal Ġradar Ġlike Ġtomorrow	[IN:GET_WEATHER @ptr_0 @ptr_1 @ptr_2 @ptr_3 [SL:LOCATION [IN:GET_LOCATION [SL:LOCATION_MODIFIER @ptr_4 SL:LOCATION_MODIFIER] IN:GET_LOCATION] SL:LOCATION] @ptr_5 @ptr_6 [SL:DATE_TIME @ptr_7 SL:DATE_TIME] IN:GET_WEATHER]
radar for my region	rad ar Ġfor Ġmy Ġregion	[IN:GET_WEATHER @ptr_0 @ptr_1 @ptr_2 [SL:LOCATION [IN:GET_LOCATION [SL:LOCATION_USER @ptr_3 @ptr_4 SL:LOCATION_USER] IN:GET_LOCATION] SL:LOCATION] IN:GET_WEATHER]
can you tell me the local radar prediction	can Ġyou Ġtell Ġme Ġthe Ġlocal Ġradar Ġprediction	[IN:GET_WEATHER @ptr_0 @ptr_1 @ptr_2 @ptr_3 @ptr_4 [SL:LOCATION [IN:GET_LOCATION [SL:LOCATION_MODIFIER @ptr_5 SL:LOCATION_MODIFIER] IN:GET_LOCATION] SL:LOCATION] @ptr_6 @ptr_7 IN:GET_WEATHER]
show me weather radar in my area	show Ġme Ġweather Ġradar Ġin Ġmy Ġarea	[IN:GET_WEATHER @ptr_0 @ptr_1 @ptr_2 @ptr_3 @ptr_4 [SL:LOCATION [IN:GET_LOCATION [SL:LOCATION_USER @ptr_5 @ptr_6 SL:LOCATION_USER] IN:GET_LOCATION] SL:LOCATION] IN:GET_WEATHER]
What time is dusk in my town	What Ġtime Ġis Ġdusk Ġin Ġmy Ġtown	[IN:GET_SUNSET @ptr_0 @ptr_1 @ptr_2 @ptr_3 @ptr_4 [SL:LOCATION [IN:GET_LOCATION [SL:LOCATION_USER @ptr_5 @ptr_6 SL:LOCATION_USER] IN:GET_LOCATION] SL:LOCATION] IN:GET_SUNSET]
what 's the radar look like in my area	what Ġ' s Ġthe Ġradar Ġlook Ġlike Ġin Ġmy Ġarea	[IN:GET_WEATHER @ptr_0 @ptr_1 @ptr_2 @ptr_3 @ptr_4 @ptr_5 @ptr_6 @ptr_7 [SL:LOCATION [IN:GET_LOCATION [SL:LOCATION_USER @ptr_8 @ptr_9 SL:LOCATION_USER] IN:GET_LOCATION] SL:LOCATION] IN:GET_WEATHER]
What time does the sun set this time of year in my city	What Ġtime Ġdoes Ġthe Ġsun Ġset Ġthis Ġtime Ġof Ġyear Ġin Ġmy Ġcity	[IN:GET_SUNSET @ptr_0 @ptr_1 @ptr_2 @ptr_3 @ptr_4 @ptr_5 @ptr_6 @ptr_7 @ptr_8 @ptr_9 @ptr_10 [SL:LOCATION [IN:GET_LOCATION [SL:LOCATION_USER @ptr_11 @ptr_12 SL:LOCATION_USER] IN:GET_LOCATION] SL:LOCATION] IN:GET_SUNSET]
gimmie that local radar readout	g imm ie Ġthat Ġlocal Ġradar Ġread out	[IN:GET_WEATHER @ptr_0 @ptr_1 @ptr_2 @ptr_3 [SL:LOCATION [IN:GET_LOCATION [SL:LOCATION_MODIFIER @ptr_4 SL:LOCATION_MODIFIER] IN:GET_LOCATION] SL:LOCATION] @ptr_5 @ptr_6 @ptr_7 IN:GET_WEATHER]
what 's the local radar	what Ġ' s Ġthe Ġlocal Ġradar	[IN:GET_WEATHER @ptr_0 @ptr_1 @ptr_2 @ptr_3 [SL:LOCATION [IN:GET_LOCATION [SL:LOCATION_MODIFIER @ptr_4 SL:LOCATION_MODIFIER] IN:GET_LOCATION] SL:LOCATION] @ptr_5 IN:GET_WEATHER]
Pull up the radar for my current area	Pull Ġup Ġthe Ġradar Ġfor Ġmy Ġcurrent Ġarea	[IN:GET_WEATHER @ptr_0 @ptr_1 @ptr_2 @ptr_3 @ptr_4 [SL:LOCATION [IN:GET_LOCATION [SL:LOCATION_USER @ptr_5 @ptr_6 @ptr_7 SL:LOCATION_USER] IN:GET_LOCATION] SL:LOCATION] IN:GET_WEATHER]
Can you guess the climate for next week here ?	Can Ġyou Ġguess Ġthe Ġclimate Ġfor Ġnext Ġweek Ġhere Ġ?	[IN:GET_WEATHER @ptr_0 @ptr_1 @ptr_2 @ptr_3 @ptr_4 [SL:DATE_TIME @ptr_5 @ptr_6 @ptr_7 SL:DATE_TIME] [SL:LOCATION [IN:GET_LOCATION [SL:LOCATION_USER @ptr_8 SL:LOCATION_USER] IN:GET_LOCATION] SL:LOCATION] @ptr_9 IN:GET_WEATHER]
Weather in current location	Weather Ġin Ġcurrent Ġlocation	[IN:GET_WEATHER @ptr_0 @ptr_1 [SL:LOCATION [IN:GET_LOCATION [SL:LOCATION_USER @ptr_2 @ptr_3 SL:LOCATION_USER] IN:GET_LOCATION] SL:LOCATION] IN:GET_WEATHER]
tell me local radar for today	tell Ġme Ġlocal Ġradar Ġfor Ġtoday	[IN:GET_WEATHER @ptr_0 @ptr_1 [SL:LOCATION [IN:GET_LOCATION [SL:LOCATION_MODIFIER @ptr_2 SL:LOCATION_MODIFIER] IN:GET_LOCATION] SL:LOCATION] @ptr_3 [SL:DATE_TIME @ptr_4 @ptr_5 SL:DATE_TIME] IN:GET_WEATHER]
what is the local radar forecast	what Ġis Ġthe Ġlocal Ġradar Ġforecast	[IN:GET_WEATHER @ptr_0 @ptr_1 @ptr_2 [SL:LOCATION [IN:GET_LOCATION [SL:LOCATION_MODIFIER @ptr_3 SL:LOCATION_MODIFIER] IN:GET_LOCATION] SL:LOCATION] @ptr_4 @ptr_5 IN:GET_WEATHER]
SHOW ME THE RADAR FOR MY AREA	SH OW ĠME ĠTHE ĠRAD AR ĠFOR ĠMY ĠARE A	[IN:GET_WEATHER @ptr_0 @ptr_1 @ptr_2 @ptr_3 @ptr_4 @ptr_5 @ptr_6 [SL:LOCATION [IN:GET_LOCATION [SL:LOCATION_USER @ptr_7 @ptr_8 @ptr_9 SL:LOCATION_USER] IN:GET_LOCATION] SL:LOCATION] IN:GET_WEATHER]
tell me the local radar for tomorrow	tell Ġme Ġthe Ġlocal Ġradar Ġfor Ġtomorrow	[IN:GET_WEATHER @ptr_0 @ptr_1 @ptr_2 [SL:LOCATION [IN:GET_LOCATION [SL:LOCATION_MODIFIER @ptr_3 SL:LOCATION_MODIFIER] IN:GET_LOCATION] SL:LOCATION] @ptr_4 [SL:DATE_TIME @ptr_5 @ptr_6 SL:DATE_TIME] IN:GET_WEATHER]
whats the weather radar look like near me	wh ats Ġthe Ġweather Ġradar Ġlook Ġlike Ġnear Ġme	[IN:GET_WEATHER @ptr_0 @ptr_1 @ptr_2 @ptr_3 @ptr_4 @ptr_5 @ptr_6 [SL:LOCATION [IN:GET_LOCATION [SL:SEARCH_RADIUS @ptr_7 SL:SEARCH_RADIUS] [SL:LOCATION_USER @ptr_8 SL:LOCATION_USER] IN:GET_LOCATION] SL:LOCATION] IN:GET_WEATHER]
What time does the sun set this time of year in my city	What Ġtime Ġdoes Ġthe Ġsun Ġset Ġthis Ġtime Ġof Ġyear Ġin Ġmy Ġcity	[IN:GET_SUNSET @ptr_0 @ptr_1 @ptr_2 @ptr_3 @ptr_4 @ptr_5 @ptr_6 @ptr_7 @ptr_8 @ptr_9 @ptr_10 [SL:LOCATION [IN:GET_LOCATION [SL:LOCATION_USER @ptr_11 @ptr_12 SL:LOCATION_USER] IN:GET_LOCATION] SL:LOCATION] IN:GET_SUNSET]
What time is dusk in my town	What Ġtime Ġis Ġdusk Ġin Ġmy Ġtown	[IN:GET_SUNSET @ptr_0 @ptr_1 @ptr_2 @ptr_3 @ptr_4 [SL:LOCATION [IN:GET_LOCATION [SL:LOCATION_USER @ptr_5 @ptr_6 SL:LOCATION_USER] IN:GET_LOCATION] SL:LOCATION] IN:GET_SUNSET]
Pull up the radar for my current area	Pull Ġup Ġthe Ġradar Ġfor Ġmy Ġcurrent Ġarea	[IN:GET_WEATHER @ptr_0 @ptr_1 @ptr_2 @ptr_3 @ptr_4 [SL:LOCATION [IN:GET_LOCATION [SL:LOCATION_USER @ptr_5 @ptr_6 @ptr_7 SL:LOCATION_USER] IN:GET_LOCATION] SL:LOCATION] IN:GET_WEATHER]
Weather here 10th June	Weather Ġhere Ġ10 th ĠJune	[IN:GET_WEATHER @ptr_0 [SL:LOCATION [IN:GET_LOCATION [SL:LOCATION_USER @ptr_1 SL:LOCATION_USER] IN:GET_LOCATION] SL:LOCATION] [SL:DATE_TIME @ptr_2 @ptr_3 @ptr_4 SL:DATE_TIME] IN:GET_WEATHER]
what is the weather here ?	what Ġis Ġthe Ġweather Ġhere Ġ?	[IN:GET_WEATHER @ptr_0 @ptr_1 @ptr_2 @ptr_3 [SL:LOCATION [IN:GET_LOCATION [SL:LOCATION_USER @ptr_4 SL:LOCATION_USER] IN:GET_LOCATION] SL:LOCATION] @ptr_5 IN:GET_WEATHER]
Weather in current location	Weather Ġin Ġcurrent Ġlocation	[IN:GET_WEATHER @ptr_0 @ptr_1 [SL:LOCATION [IN:GET_LOCATION [SL:LOCATION_USER @ptr_2 @ptr_3 SL:LOCATION_USER] IN:GET_LOCATION] SL:LOCATION] IN:GET_WEATHER]
whats the weather radar look like near me	wh ats Ġthe Ġweather Ġradar Ġlook Ġlike Ġnear Ġme	[IN:GET_WEATHER @ptr_0 @ptr_1 @ptr_2 @ptr_3 @ptr_4 @ptr_5 @ptr_6 [SL:LOCATION [IN:GET_LOCATION [SL:SEARCH_RADIUS @ptr_7 SL:SEARCH_RADIUS] [SL:LOCATION_USER @ptr_8 SL:LOCATION_USER] IN:GET_LOCATION] SL:LOCATION] IN:GET_WEATHER]
radar for my region	rad ar Ġfor Ġmy Ġregion	[IN:GET_WEATHER @ptr_0 @ptr_1 @ptr_2 [SL:LOCATION [IN:GET_LOCATION [SL:LOCATION_USER @ptr_3 @ptr_4 SL:LOCATION_USER] IN:GET_LOCATION] SL:LOCATION] IN:GET_WEATHER]
what 's the radar look like in my area	what Ġ' s Ġthe Ġradar Ġlook Ġlike Ġin Ġmy Ġarea	[IN:GET_WEATHER @ptr_0 @ptr_1 @ptr_2 @ptr_3 @ptr_4 @ptr_5 @ptr_6 @ptr_7 [SL:LOCATION [IN:GET_LOCATION [SL:LOCATION_USER @ptr_8 @ptr_9 SL:LOCATION_USER] IN:GET_LOCATION] SL:LOCATION] IN:GET_WEATHER]
SHOW ME THE RADAR FOR MY AREA	SH OW ĠME ĠTHE ĠRAD AR ĠFOR ĠMY ĠARE A	[IN:GET_WEATHER @ptr_0 @ptr_1 @ptr_2 @ptr_3 @ptr_4 @ptr_5 @ptr_6 [SL:LOCATION [IN:GET_LOCATION [SL:LOCATION_USER @ptr_7 @ptr_8 @ptr_9 SL:LOCATION_USER] IN:GET_LOCATION] SL:LOCATION] IN:GET_WEATHER]
Can you guess the climate for next week here ?	Can Ġyou Ġguess Ġthe Ġclimate Ġfor Ġnext Ġweek Ġhere Ġ?	[IN:GET_WEATHER @ptr_0 @ptr_1 @ptr_2 @ptr_3 @ptr_4 [SL:DATE_TIME @ptr_5 @ptr_6 @ptr_7 SL:DATE_TIME] [SL:LOCATION [IN:GET_LOCATION [SL:LOCATION_USER @ptr_8 SL:LOCATION_USER] IN:GET_LOCATION] SL:LOCATION] @ptr_9 IN:GET_WEATHER]
show me weather radar in my area	show Ġme Ġweather Ġradar Ġin Ġmy Ġarea	[IN:GET_WEATHER @ptr_0 @ptr_1 @ptr_2 @ptr_3 @ptr_4 [SL:LOCATION [IN:GET_LOCATION [SL:LOCATION_USER @ptr_5 @ptr_6 SL:LOCATION_USER] IN:GET_LOCATION] SL:LOCATION] IN:GET_WEATHER]
when does the sunrise on the east coast	when Ġdoes Ġthe Ġsunrise Ġon Ġthe Ġeast Ġcoast	[IN:GET_SUNRISE @ptr_0 @ptr_1 @ptr_2 @ptr_3 @ptr_4 @ptr_5 [SL:LOCATION @ptr_6 @ptr_7 SL:LOCATION] IN:GET_SUNRISE]
What time does the sun come up tomorrow	What Ġtime Ġdoes Ġthe Ġsun Ġcome Ġup Ġtomorrow	[IN:GET_SUNRISE @ptr_0 @ptr_1 @ptr_2 @ptr_3 @ptr_4 @ptr_5 @ptr_6 [SL:DATE_TIME @ptr_7 SL:DATE_TIME] IN:GET_SUNRISE]
when will it be sunrise	when Ġwill Ġit Ġbe Ġsunrise	[IN:GET_SUNRISE @ptr_0 @ptr_1 @ptr_2 @ptr_3 @ptr_4 IN:GET_SUNRISE]
when is sunrise tomorrow	when Ġis Ġsunrise Ġtomorrow	[IN:GET_SUNRISE @ptr_0 @ptr_1 @ptr_2 [SL:DATE_TIME @ptr_3 SL:DATE_TIME] IN:GET_SUNRISE]
When time does the sunrise in New York	When Ġtime Ġdoes Ġthe Ġsunrise Ġin ĠNew ĠYork	[IN:GET_SUNRISE @ptr_0 @ptr_1 @ptr_2 @ptr_3 @ptr_4 @ptr_5 [SL:LOCATION @ptr_6 @ptr_7 SL:LOCATION] IN:GET_SUNRISE]
what time is sunrise	what Ġtime Ġis Ġsunrise	[IN:GET_SUNRISE @ptr_0 @ptr_1 @ptr_2 @ptr_3 IN:GET_SUNRISE]
when does the sun rise	when Ġdoes Ġthe Ġsun Ġrise	[IN:GET_SUNRISE @ptr_0 @ptr_1 @ptr_2 @ptr_3 @ptr_4 IN:GET_SUNRISE]
When will the sunrise in Bristol	When Ġwill Ġthe Ġsunrise Ġin ĠBristol	[IN:GET_SUNRISE @ptr_0 @ptr_1 @ptr_2 @ptr_3 @ptr_4 [SL:LOCATION @ptr_5 SL:LOCATION] IN:GET_SUNRISE]
what time does the sun rise tomorrow	what Ġtime Ġdoes Ġthe Ġsun Ġrise Ġtomorrow	[IN:GET_SUNRISE @ptr_0 @ptr_1 @ptr_2 @ptr_3 @ptr_4 @ptr_5 [SL:DATE_TIME @ptr_6 SL:DATE_TIME] IN:GET_SUNRISE]
What time did the sunrise today	What Ġtime Ġdid Ġthe Ġsunrise Ġtoday	[IN:GET_SUNRISE @ptr_0 @ptr_1 @ptr_2 @ptr_3 @ptr_4 [SL:DATE_TIME @ptr_5 SL:DATE_TIME] IN:GET_SUNRISE]
What is sunrise tomorrow	What Ġis Ġsunrise Ġtomorrow	[IN:GET_SUNRISE @ptr_0 @ptr_1 @ptr_2 [SL:DATE_TIME @ptr_3 SL:DATE_TIME] IN:GET_SUNRISE]
What time is sunrise tomorrow	What Ġtime Ġis Ġsunrise Ġtomorrow	[IN:GET_SUNRISE @ptr_0 @ptr_1 @ptr_2 @ptr_3 [SL:DATE_TIME @ptr_4 SL:DATE_TIME] IN:GET_SUNRISE]
when 's sunrise	when Ġ' s Ġsunrise	[IN:GET_SUNRISE @ptr_0 @ptr_1 @ptr_2 @ptr_3 IN:GET_SUNRISE]
What time is sun rise tomorrow	What Ġtime Ġis Ġsun Ġrise Ġtomorrow	[IN:GET_SUNRISE @ptr_0 @ptr_1 @ptr_2 @ptr_3 @ptr_4 [SL:DATE_TIME @ptr_5 SL:DATE_TIME] IN:GET_SUNRISE]
what time is the sunrise tomorrow	what Ġtime Ġis Ġthe Ġsunrise Ġtomorrow	[IN:GET_SUNRISE @ptr_0 @ptr_1 @ptr_2 @ptr_3 @ptr_4 [SL:DATE_TIME @ptr_5 SL:DATE_TIME] IN:GET_SUNRISE]
What time is sunrise tomorrow	What Ġtime Ġis Ġsunrise Ġtomorrow	[IN:GET_SUNRISE @ptr_0 @ptr_1 @ptr_2 @ptr_3 [SL:DATE_TIME @ptr_4 SL:DATE_TIME] IN:GET_SUNRISE]
What time is sunrise tomorrow ?	What Ġtime Ġis Ġsunrise Ġtomorrow Ġ?	[IN:GET_SUNRISE @ptr_0 @ptr_1 @ptr_2 @ptr_3 [SL:DATE_TIME @ptr_4 SL:DATE_TIME] @ptr_5 IN:GET_SUNRISE]
What time does the sun rise in Finland tomorrow	What Ġtime Ġdoes Ġthe Ġsun Ġrise Ġin ĠFinland Ġtomorrow	[IN:GET_SUNRISE @ptr_0 @ptr_1 @ptr_2 @ptr_3 @ptr_4 @ptr_5 @ptr_6 [SL:LOCATION @ptr_7 SL:LOCATION] [SL:DATE_TIME @ptr_8 SL:DATE_TIME] IN:GET_SUNRISE]
when does the sun rise	when Ġdoes Ġthe Ġsun Ġrise	[IN:GET_SUNRISE @ptr_0 @ptr_1 @ptr_2 @ptr_3 @ptr_4 IN:GET_SUNRISE]
what time does the sun come up	what Ġtime Ġdoes Ġthe Ġsun Ġcome Ġup	[IN:GET_SUNRISE @ptr_0 @ptr_1 @ptr_2 @ptr_3 @ptr_4 @ptr_5 @ptr_6 IN:GET_SUNRISE]
What time is sun rise	What Ġtime Ġis Ġsun Ġrise	[IN:GET_SUNRISE @ptr_0 @ptr_1 @ptr_2 @ptr_3 @ptr_4 IN:GET_SUNRISE]
What time is sunrise	What Ġtime Ġis Ġsunrise	[IN:GET_SUNRISE @ptr_0 @ptr_1 @ptr_2 @ptr_3 IN:GET_SUNRISE]
When 's sunrise	When Ġ' s Ġsunrise	[IN:GET_SUNRISE @ptr_0 @ptr_1 @ptr_2 @ptr_3 IN:GET_SUNRISE]
at what time will the sun rise in Calaveras County tomorrow	at Ġwhat Ġtime Ġwill Ġthe Ġsun Ġrise Ġin ĠCal aver as ĠCounty Ġtomorrow	[IN:GET_SUNRISE @ptr_0 @ptr_1 @ptr_2 @ptr_3 @ptr_4 @ptr_5 @ptr_6 @ptr_7 [SL:LOCATION @ptr_8 @ptr_9 @ptr_10 @ptr_11 SL:LOCATION] [SL:DATE_TIME @ptr_12 SL:DATE_TIME] IN:GET_SUNRISE]
What time is the sunrise	What Ġtime Ġis Ġthe Ġsunrise	[IN:GET_SUNRISE @ptr_0 @ptr_1 @ptr_2 @ptr_3 @ptr_4 IN:GET_SUNRISE]
How warm is it next week at Chicago in f	How Ġwarm Ġis Ġit Ġnext Ġweek Ġat ĠChicago Ġin Ġf	[IN:GET_WEATHER @ptr_0 [SL:WEATHER_ATTRIBUTE @ptr_1 SL:WEATHER_ATTRIBUTE] @ptr_2 @ptr_3 [SL:DATE_TIME @ptr_4 @ptr_5 SL:DATE_TIME] @ptr_6 [SL:LOCATION @ptr_7 SL:LOCATION] @ptr_8 [SL:WEATHER_TEMPERATURE_UNIT @ptr_9 SL:WEATHER_TEMPERATURE_UNIT] IN:GET_WEATHER]
Temperature inside Celsius	Temperature Ġinside ĠCelsius	[IN:GET_WEATHER @ptr_0 [SL:LOCATION @ptr_1 SL:LOCATION] [SL:WEATHER_TEMPERATURE_UNIT @ptr_2 SL:WEATHER_TEMPERATURE_UNIT] IN:GET_WEATHER]
Is it above 94 in degree c dublin tomorrow morning	Is Ġit Ġabove Ġ94 Ġin Ġdegree Ġc Ġdub lin Ġtomorrow Ġmorning	[IN:GET_WEATHER @ptr_0 @ptr_1 [SL:WEATHER_ATTRIBUTE @ptr_2 SL:WEATHER_ATTRIBUTE] [SL:WEATHER_ATTRIBUTE @ptr_3 SL:WEATHER_ATTRIBUTE] @ptr_4 @ptr_5 [SL:WEATHER_TEMPERATURE_UNIT @ptr_6 SL:WEATHER_TEMPERATURE_UNIT] [SL:LOCATION @ptr_7 @ptr_8 SL:LOCATION] [SL:DATE_TIME @ptr_9 @ptr_10 SL:DATE_TIME] IN:GET_WEATHER]
How hot is it this weekend paris in degree celsius	How Ġhot Ġis Ġit Ġthis Ġweekend Ġpar is Ġin Ġdegree Ġc elsius	[IN:GET_WEATHER @ptr_0 [SL:WEATHER_ATTRIBUTE @ptr_1 SL:WEATHER_ATTRIBUTE] @ptr_2 @ptr_3 [SL:DATE_TIME @ptr_4 @ptr_5 SL:DATE_TIME] [SL:LOCATION @ptr_6 @ptr_7 SL:LOCATION] @ptr_8 @ptr_9 [SL:WEATHER_TEMPERATURE_UNIT @ptr_10 @ptr_11 SL:WEATHER_TEMPERATURE_UNIT] IN:GET_WEATHER]
Is it going to be above 9 degrees fahrenheit at Houston today	Is Ġit Ġgoing Ġto Ġbe Ġabove Ġ9 Ġdegrees Ġf ah renheit Ġat ĠHouston Ġtoday	[IN:GET_WEATHER @ptr_0 @ptr_1 @ptr_2 @ptr_3 @ptr_4 [SL:WEATHER_ATTRIBUTE @ptr_5 SL:WEATHER_ATTRIBUTE] [SL:WEATHER_ATTRIBUTE @ptr_6 SL:WEATHER_ATTRIBUTE] @ptr_7 [SL:WEATHER_TEMPERATURE_UNIT @ptr_8 @ptr_9 @ptr_10 SL:WEATHER_TEMPERATURE_UNIT] @ptr_11 [SL:LOCATION @ptr_12 SL:LOCATION] [SL:DATE_TIME @ptr_13 SL:DATE_TIME] IN:GET_WEATHER]
Is it going to be below 1 in degree Fahrenheit madrid tomorrow	Is Ġit Ġgoing Ġto Ġbe Ġbelow Ġ1 Ġin Ġdegree ĠFahrenheit Ġmad rid Ġtomorrow	[IN:GET_WEATHER @ptr_0 @ptr_1 @ptr_2 @ptr_3 @ptr_4 [SL:WEATHER_ATTRIBUTE @ptr_5 SL:WEATHER_ATTRIBUTE] [SL:WEATHER_ATTRIBUTE @ptr_6 SL:WEATHER_ATTRIBUTE] @ptr_7 @ptr_8 [SL:WEATHER_TEMPERATURE_UNIT @ptr_9 SL:WEATHER_TEMPERATURE_UNIT] [SL:LOCATION @ptr_10 @ptr_11 SL:LOCATION] [SL:DATE_TIME @ptr_12 SL:DATE_TIME] IN:GET_WEATHER]
How warm is it for Madrid tonight Fahrenheit	How Ġwarm Ġis Ġit Ġfor ĠMadrid Ġtonight ĠFahrenheit	[IN:GET_WEATHER @ptr_0 [SL:WEATHER_ATTRIBUTE @ptr_1 SL:WEATHER_ATTRIBUTE] @ptr_2 @ptr_3 @ptr_4 [SL:LOCATION @ptr_5 SL:LOCATION] [SL:DATE_TIME @ptr_6 SL:DATE_TIME] [SL:WEATHER_TEMPERATURE_UNIT @ptr_7 SL:WEATHER_TEMPERATURE_UNIT] IN:GET_WEATHER]
Temperature tonight for Houston c	Temperature Ġtonight Ġfor ĠHouston Ġc	[IN:GET_WEATHER @ptr_0 [SL:DATE_TIME @ptr_1 SL:DATE_TIME] @ptr_2 [SL:LOCATION @ptr_3 SL:LOCATION] [SL:WEATHER_TEMPERATURE_UNIT @ptr_4 SL:WEATHER_TEMPERATURE_UNIT] IN:GET_WEATHER]
Temperature today paris celcius	Temperature Ġtoday Ġpar is Ġcel cius	[IN:GET_WEATHER @ptr_0 [SL:DATE_TIME @ptr_1 SL:DATE_TIME] [SL:LOCATION @ptr_2 @ptr_3 SL:LOCATION] [SL:WEATHER_TEMPERATURE_UNIT @ptr_4 @ptr_5 SL:WEATHER_TEMPERATURE_UNIT] IN:GET_WEATHER]
Is it going to be below 88 in F inside this weekend	Is Ġit Ġgoing Ġto Ġbe Ġbelow Ġ88 Ġin ĠF Ġinside Ġthis Ġweekend	[IN:GET_WEATHER @ptr_0 @ptr_1 @ptr_2 @ptr_3 @ptr_4 [SL:WEATHER_ATTRIBUTE @ptr_5 SL:WEATHER_ATTRIBUTE] [SL:WEATHER_ATTRIBUTE @ptr_6 SL:WEATHER_ATTRIBUTE] @ptr_7 [SL:WEATHER_TEMPERATURE_UNIT @ptr_8 SL:WEATHER_TEMPERATURE_UNIT] [SL:LOCATION @ptr_9 SL:LOCATION] [SL:DATE_TIME @ptr_10 @ptr_11 SL:DATE_TIME] IN:GET_WEATHER]
How warm is it for Palo Alto tomorrow morning in degree fahrenheit	How Ġwarm Ġis Ġit Ġfor ĠPalo ĠAlto Ġtomorrow Ġmorning Ġin Ġdegree Ġf ah renheit	[IN:GET_WEATHER @ptr_0 [SL:WEATHER_ATTRIBUTE @ptr_1 SL:WEATHER_ATTRIBUTE] @ptr_2 @ptr_3 @ptr_4 [SL:LOCATION @ptr_5 @ptr_6 SL:LOCATION] [SL:DATE_TIME @ptr_7 @ptr_8 SL:DATE_TIME] @ptr_9 @ptr_10 [SL:WEATHER_TEMPERATURE_UNIT @ptr_11 @ptr_12 @ptr_13 SL:WEATHER_TEMPERATURE_UNIT] IN:GET_WEATHER]
Is it below 98 in fahrenheit sao paulo next week	Is Ġit Ġbelow Ġ98 Ġin Ġf ah renheit Ġsa o Ġp aul o Ġnext Ġweek	[IN:GET_WEATHER @ptr_0 @ptr_1 [SL:WEATHER_ATTRIBUTE @ptr_2 SL:WEATHER_ATTRIBUTE] [SL:WEATHER_ATTRIBUTE @ptr_3 SL:WEATHER_ATTRIBUTE] @ptr_4 [SL:WEATHER_TEMPERATURE_UNIT @ptr_5 @ptr_6 @ptr_7 SL:WEATHER_TEMPERATURE_UNIT] [SL:LOCATION @ptr_8 @ptr_9 @ptr_10 @ptr_11 @ptr_12 SL:LOCATION] [SL:DATE_TIME @ptr_13 @ptr_14 SL:DATE_TIME] IN:GET_WEATHER]
Is it going to be around 12 degrees celcius new york tomorrow morning	Is Ġit Ġgoing Ġto Ġbe Ġaround Ġ12 Ġdegrees Ġcel cius Ġnew Ġy ork Ġtomorrow Ġmorning	[IN:GET_WEATHER @ptr_0 @ptr_1 @ptr_2 @ptr_3 @ptr_4 [SL:WEATHER_ATTRIBUTE @ptr_5 SL:WEATHER_ATTRIBUTE] [SL:WEATHER_ATTRIBUTE @ptr_6 SL:WEATHER_ATTRIBUTE] @ptr_7 [SL:WEATHER_TEMPERATURE_UNIT @ptr_8 @ptr_9 SL:WEATHER_TEMPERATURE_UNIT] [SL:LOCATION @ptr_10 @ptr_11 @ptr_12 SL:LOCATION] [SL:DATE_TIME @ptr_13 @ptr_14 SL:DATE_TIME] IN:GET_WEATHER]
Will it be below 93 in degrees C inside this weekend	Will Ġit Ġbe Ġbelow Ġ93 Ġin Ġdegrees ĠC Ġinside Ġthis Ġweekend	[IN:GET_WEATHER @ptr_0 @ptr_1 @ptr_2 [SL:WEATHER_ATTRIBUTE @ptr_3 SL:WEATHER_ATTRIBUTE] [SL:WEATHER_ATTRIBUTE @ptr_4 SL:WEATHER_ATTRIBUTE] @ptr_5 @ptr_6 [SL:WEATHER_TEMPERATURE_UNIT @ptr_7 SL:WEATHER_TEMPERATURE_UNIT] [SL:LOCATION @ptr_8 SL:LOCATION] [SL:DATE_TIME @ptr_9 @ptr_10 SL:DATE_TIME] IN:GET_WEATHER]
How hot is it this weekend outside in degrees fahrenheit	How Ġhot Ġis Ġit Ġthis Ġweekend Ġoutside Ġin Ġdegrees Ġf ah renheit	[IN:GET_WEATHER @ptr_0 [SL:WEATHER_ATTRIBUTE @ptr_1 SL:WEATHER_ATTRIBUTE] @ptr_2 @ptr_3 [SL:DATE_TIME @ptr_4 @ptr_5 SL:DATE_TIME] @ptr_6 @ptr_7 @ptr_8 [SL:WEATHER_TEMPERATURE_UNIT @ptr_9 @ptr_10 @ptr_11 SL:WEATHER_TEMPERATURE_UNIT] IN:GET_WEATHER]
Temperature in London this weekend C	Temperature Ġin ĠLondon Ġthis Ġweekend ĠC	[IN:GET_WEATHER @ptr_0 @ptr_1 [SL:LOCATION @ptr_2 SL:LOCATION] [SL:DATE_TIME @ptr_3 @ptr_4 SL:DATE_TIME] [SL:WEATHER_TEMPERATURE_UNIT @ptr_5 SL:WEATHER_TEMPERATURE_UNIT] IN:GET_WEATHER]
Temperature out there tomorrow morning F	Temperature Ġout Ġthere Ġtomorrow Ġmorning ĠF	[IN:GET_WEATHER @ptr_0 [SL:LOCATION @ptr_1 @ptr_2 SL:LOCATION] [SL:DATE_TIME @ptr_3 @ptr_4 SL:DATE_TIME] [SL:WEATHER_TEMPERATURE_UNIT @ptr_5 SL:WEATHER_TEMPERATURE_UNIT] IN:GET_WEATHER]
Is it going to be around 80 in degree Fahrenheit here this weekend	Is Ġit Ġgoing Ġto Ġbe Ġaround Ġ80 Ġin Ġdegree ĠFahrenheit Ġhere Ġthis Ġweekend	[IN:GET_WEATHER @ptr_0 @ptr_1 @ptr_2 @ptr_3 @ptr_4 [SL:WEATHER_ATTRIBUTE @ptr_5 SL:WEATHER_ATTRIBUTE] [SL:WEATHER_ATTRIBUTE @ptr_6 SL:WEATHER_ATTRIBUTE] @ptr_7 @ptr_8 [SL:WEATHER_TEMPERATURE_UNIT @ptr_9 SL:WEATHER_TEMPERATURE_UNIT] [SL:LOCATION @ptr_10 SL:LOCATION] [SL:DATE_TIME @ptr_11 @ptr_12 SL:DATE_TIME] IN:GET_WEATHER]
Temperature tomorrow near Boston F	Temperature Ġtomorrow Ġnear ĠBoston ĠF	[IN:GET_WEATHER @ptr_0 [SL:DATE_TIME @ptr_1 SL:DATE_TIME] @ptr_2 [SL:LOCATION @ptr_3 SL:LOCATION] [SL:WEATHER_TEMPERATURE_UNIT @ptr_4 SL:WEATHER_TEMPERATURE_UNIT] IN:GET_WEATHER]
How hot is it in London tonight in degree C	How Ġhot Ġis Ġit Ġin ĠLondon Ġtonight Ġin Ġdegree ĠC	[IN:GET_WEATHER @ptr_0 [SL:WEATHER_ATTRIBUTE @ptr_1 SL:WEATHER_ATTRIBUTE] @ptr_2 @ptr_3 @ptr_4 [SL:LOCATION @ptr_5 SL:LOCATION] [SL:DATE_TIME @ptr_6 SL:DATE_TIME] @ptr_7 @ptr_8 [SL:WEATHER_TEMPERATURE_UNIT @ptr_9 SL:WEATHER_TEMPERATURE_UNIT] IN:GET_WEATHER]
Temperature houston today F	Temperature Ġh ouston Ġtoday ĠF	[IN:GET_WEATHER @ptr_0 [SL:LOCATION @ptr_1 @ptr_2 SL:LOCATION] [SL:DATE_TIME @ptr_3 SL:DATE_TIME] [SL:WEATHER_TEMPERATURE_UNIT @ptr_4 SL:WEATHER_TEMPERATURE_UNIT] IN:GET_WEATHER]
Will it be around 74 degree C in Mumbai today	Will Ġit Ġbe Ġaround Ġ74 Ġdegree ĠC Ġin ĠMumbai Ġtoday	[IN:GET_WEATHER @ptr_0 @ptr_1 @ptr_2 [SL:WEATHER_ATTRIBUTE @ptr_3 SL:WEATHER_ATTRIBUTE] [SL:WEATHER_ATTRIBUTE @ptr_4 SL:WEATHER_ATTRIBUTE] @ptr_5 [SL:WEATHER_TEMPERATURE_UNIT @ptr_6 SL:WEATHER_TEMPERATURE_UNIT] @ptr_7 [SL:LOCATION @ptr_8 SL:LOCATION] [SL:DATE_TIME @ptr_9 SL:DATE_TIME] IN:GET_WEATHER]
what the current temperature in degrees celsius	what Ġthe Ġcurrent Ġtemperature Ġin Ġdegrees Ġc elsius	[IN:GET_WEATHER @ptr_0 @ptr_1 @ptr_2 @ptr_3 @ptr_4 [SL:WEATHER_TEMPERATURE_UNIT @ptr_5 @ptr_6 @ptr_7 SL:WEATHER_TEMPERATURE_UNIT] IN:GET_WEATHER]
How warm is it madrid tomorrow f	How Ġwarm Ġis Ġit Ġmad rid Ġtomorrow Ġf	[IN:GET_WEATHER @ptr_0 [SL:WEATHER_ATTRIBUTE @ptr_1 SL:WEATHER_ATTRIBUTE] @ptr_2 @ptr_3 [SL:LOCATION @ptr_4 @ptr_5 SL:LOCATION] [SL:DATE_TIME @ptr_6 SL:DATE_TIME] [SL:WEATHER_TEMPERATURE_UNIT @ptr_7 SL:WEATHER_TEMPERATURE_UNIT] IN:GET_WEATHER]
Temperature next week inside Fahrenheit	Temperature Ġnext Ġweek Ġinside ĠFahrenheit	[IN:GET_WEATHER @ptr_0 [SL:DATE_TIME @ptr_1 @ptr_2 SL:DATE_TIME] [SL:LOCATION @ptr_3 SL:LOCATION] [SL:WEATHER_TEMPERATURE_UNIT @ptr_4 SL:WEATHER_TEMPERATURE_UNIT] IN:GET_WEATHER]
whats the weather radar look like near me	wh ats Ġthe Ġweather Ġradar Ġlook Ġlike Ġnear Ġme	[IN:GET_WEATHER @ptr_0 @ptr_1 @ptr_2 @ptr_3 @ptr_4 @ptr_5 @ptr_6 [SL:LOCATION [IN:GET_LOCATION [SL:SEARCH_RADIUS @ptr_7 SL:SEARCH_RADIUS] [SL:LOCATION_USER @ptr_8 SL:LOCATION_USER] IN:GET_LOCATION] SL:LOCATION] IN:GET_WEATHER]
in centimeters , how much rain will we be getting tonight	in Ġcentimeters Ġ, Ġhow Ġmuch Ġrain Ġwill Ġwe Ġbe Ġgetting Ġtonight	[IN:GET_WEATHER @ptr_0 [SL:MEASUREMENT_UNIT @ptr_1 SL:MEASUREMENT_UNIT] @ptr_2 @ptr_3 @ptr_4 [SL:WEATHER_ATTRIBUTE @ptr_5 SL:WEATHER_ATTRIBUTE] @ptr_6 @ptr_7 @ptr_8 @ptr_9 [SL:DATE_TIME @ptr_10 SL:DATE_TIME] IN:GET_WEATHER]
how many millimetres of rain is expected ?	how Ġmany Ġmill imet res Ġof Ġrain Ġis Ġexpected Ġ?	[IN:GET_WEATHER @ptr_0 @ptr_1 [SL:MEASUREMENT_UNIT @ptr_2 @ptr_3 @ptr_4 SL:MEASUREMENT_UNIT] @ptr_5 [SL:WEATHER_ATTRIBUTE @ptr_6 SL:WEATHER_ATTRIBUTE] @ptr_7 @ptr_8 @ptr_9 IN:GET_WEATHER]
How many mm of rain are we expecting this evening .	How Ġmany Ġmm Ġof Ġrain Ġare Ġwe Ġexpecting Ġthis Ġevening Ġ.	[IN:GET_WEATHER @ptr_0 @ptr_1 [SL:MEASUREMENT_UNIT @ptr_2 SL:MEASUREMENT_UNIT] @ptr_3 [SL:WEATHER_ATTRIBUTE @ptr_4 SL:WEATHER_ATTRIBUTE] @ptr_5 @ptr_6 @ptr_7 [SL:DATE_TIME @ptr_8 @ptr_9 SL:DATE_TIME] @ptr_10 IN:GET_WEATHER]
How many cm of snow are we expecting ?	How Ġmany Ġcm Ġof Ġsnow Ġare Ġwe Ġexpecting Ġ?	[IN:GET_WEATHER @ptr_0 @ptr_1 [SL:MEASUREMENT_UNIT @ptr_2 SL:MEASUREMENT_UNIT] @ptr_3 [SL:WEATHER_ATTRIBUTE @ptr_4 SL:WEATHER_ATTRIBUTE] @ptr_5 @ptr_6 @ptr_7 @ptr_8 IN:GET_WEATHER]
advise me on how many cm of rain is due tomorrow	adv ise Ġme Ġon Ġhow Ġmany Ġcm Ġof Ġrain Ġis Ġdue Ġtomorrow	[IN:GET_WEATHER @ptr_0 @ptr_1 @ptr_2 @ptr_3 @ptr_4 @ptr_5 [SL:MEASUREMENT_UNIT @ptr_6 SL:MEASUREMENT_UNIT] @ptr_7 [SL:WEATHER_ATTRIBUTE @ptr_8 SL:WEATHER_ATTRIBUTE] @ptr_9 @ptr_10 [SL:DATE_TIME @ptr_11 SL:DATE_TIME] IN:GET_WEATHER]
What is the forecast for this weekend at my mums ?	What Ġis Ġthe Ġforecast Ġfor Ġthis Ġweekend Ġat Ġmy Ġm ums Ġ?	[IN:GET_WEATHER @ptr_0 @ptr_1 @ptr_2 @ptr_3 [SL:DATE_TIME @ptr_4 @ptr_5 @ptr_6 SL:DATE_TIME] @ptr_7 [SL:LOCATION [IN:GET_INFO_CONTACT [SL:CONTACT [IN:GET_CONTACT [SL:CONTACT_RELATED @ptr_8 SL:CONTACT_RELATED] [SL:TYPE_RELATION @ptr_9 @ptr_10 SL:TYPE_RELATION] IN:GET_CONTACT] SL:CONTACT] IN:GET_INFO_CONTACT] SL:LOCATION] @ptr_11 IN:GET_WEATHER]
What is the forecast for this weekend at my mums ?	What Ġis Ġthe Ġforecast Ġfor Ġthis Ġweekend Ġat Ġmy Ġm ums Ġ?	[IN:GET_WEATHER @ptr_0 @ptr_1 @ptr_2 @ptr_3 [SL:DATE_TIME @ptr_4 @ptr_5 @ptr_6 SL:DATE_TIME] @ptr_7 [SL:LOCATION [IN:GET_INFO_CONTACT [SL:CONTACT [IN:GET_CONTACT [SL:CONTACT_RELATED @ptr_8 SL:CONTACT_RELATED] [SL:TYPE_RELATION @ptr_9 @ptr_10 SL:TYPE_RELATION] IN:GET_CONTACT] SL:CONTACT] IN:GET_INFO_CONTACT] SL:LOCATION] @ptr_11 IN:GET_WEATHER]
What is the forecast for this weekend at my mums ?	What Ġis Ġthe Ġforecast Ġfor Ġthis Ġweekend Ġat Ġmy Ġm ums Ġ?	[IN:GET_WEATHER @ptr_0 @ptr_1 @ptr_2 @ptr_3 [SL:DATE_TIME @ptr_4 @ptr_5 @ptr_6 SL:DATE_TIME] @ptr_7 [SL:LOCATION [IN:GET_INFO_CONTACT [SL:CONTACT [IN:GET_CONTACT [SL:CONTACT_RELATED @ptr_8 SL:CONTACT_RELATED] [SL:TYPE_RELATION @ptr_9 @ptr_10 SL:TYPE_RELATION] IN:GET_CONTACT] SL:CONTACT] IN:GET_INFO_CONTACT] SL:LOCATION] @ptr_11 IN:GET_WEATHER]
What is the forecast for this weekend at my mums ?	What Ġis Ġthe Ġforecast Ġfor Ġthis Ġweekend Ġat Ġmy Ġm ums Ġ?	[IN:GET_WEATHER @ptr_0 @ptr_1 @ptr_2 @ptr_3 [SL:DATE_TIME @ptr_4 @ptr_5 @ptr_6 SL:DATE_TIME] @ptr_7 [SL:LOCATION [IN:GET_INFO_CONTACT [SL:CONTACT [IN:GET_CONTACT [SL:CONTACT_RELATED @ptr_8 SL:CONTACT_RELATED] [SL:TYPE_RELATION @ptr_9 @ptr_10 SL:TYPE_RELATION] IN:GET_CONTACT] SL:CONTACT] IN:GET_INFO_CONTACT] SL:LOCATION] @ptr_11 IN:GET_WEATHER]
What is the forecast for this weekend at my mums ?	What Ġis Ġthe Ġforecast Ġfor Ġthis Ġweekend Ġat Ġmy Ġm ums Ġ?	[IN:GET_WEATHER @ptr_0 @ptr_1 @ptr_2 @ptr_3 [SL:DATE_TIME @ptr_4 @ptr_5 @ptr_6 SL:DATE_TIME] @ptr_7 [SL:LOCATION [IN:GET_INFO_CONTACT [SL:CONTACT [IN:GET_CONTACT [SL:CONTACT_RELATED @ptr_8 SL:CONTACT_RELATED] [SL:TYPE_RELATION @ptr_9 @ptr_10 SL:TYPE_RELATION] IN:GET_CONTACT] SL:CONTACT] IN:GET_INFO_CONTACT] SL:LOCATION] @ptr_11 IN:GET_WEATHER]
what 's the local radar	what Ġ' s Ġthe Ġlocal Ġradar	[IN:GET_WEATHER @ptr_0 @ptr_1 @ptr_2 @ptr_3 [SL:LOCATION [IN:GET_LOCATION [SL:LOCATION_MODIFIER @ptr_4 SL:LOCATION_MODIFIER] IN:GET_LOCATION] SL:LOCATION] @ptr_5 IN:GET_WEATHER]
gimmie that local radar readout	g imm ie Ġthat Ġlocal Ġradar Ġread out	[IN:GET_WEATHER @ptr_0 @ptr_1 @ptr_2 @ptr_3 [SL:LOCATION [IN:GET_LOCATION [SL:LOCATION_MODIFIER @ptr_4 SL:LOCATION_MODIFIER] IN:GET_LOCATION] SL:LOCATION] @ptr_5 @ptr_6 @ptr_7 IN:GET_WEATHER]
I need the local radar	I Ġneed Ġthe Ġlocal Ġradar	[IN:GET_WEATHER @ptr_0 @ptr_1 @ptr_2 [SL:LOCATION [IN:GET_LOCATION [SL:LOCATION_MODIFIER @ptr_3 SL:LOCATION_MODIFIER] IN:GET_LOCATION] SL:LOCATION] @ptr_4 IN:GET_WEATHER]
tell me the local radar for tomorrow	tell Ġme Ġthe Ġlocal Ġradar Ġfor Ġtomorrow	[IN:GET_WEATHER @ptr_0 @ptr_1 @ptr_2 [SL:LOCATION [IN:GET_LOCATION [SL:LOCATION_MODIFIER @ptr_3 SL:LOCATION_MODIFIER] IN:GET_LOCATION] SL:LOCATION] @ptr_4 [SL:DATE_TIME @ptr_5 @ptr_6 SL:DATE_TIME] IN:GET_WEATHER]
what 's the local radar like tomorrow	what Ġ' s Ġthe Ġlocal Ġradar Ġlike Ġtomorrow	[IN:GET_WEATHER @ptr_0 @ptr_1 @ptr_2 @ptr_3 [SL:LOCATION [IN:GET_LOCATION [SL:LOCATION_MODIFIER @ptr_4 SL:LOCATION_MODIFIER] IN:GET_LOCATION] SL:LOCATION] @ptr_5 @ptr_6 [SL:DATE_TIME @ptr_7 SL:DATE_TIME] IN:GET_WEATHER]
tell me local radar	tell Ġme Ġlocal Ġradar	[IN:GET_WEATHER @ptr_0 @ptr_1 [SL:LOCATION [IN:GET_LOCATION [SL:LOCATION_MODIFIER @ptr_2 SL:LOCATION_MODIFIER] IN:GET_LOCATION] SL:LOCATION] @ptr_3 IN:GET_WEATHER]
tell me local radar for today	tell Ġme Ġlocal Ġradar Ġfor Ġtoday	[IN:GET_WEATHER @ptr_0 @ptr_1 [SL:LOCATION [IN:GET_LOCATION [SL:LOCATION_MODIFIER @ptr_2 SL:LOCATION_MODIFIER] IN:GET_LOCATION] SL:LOCATION] @ptr_3 [SL:DATE_TIME @ptr_4 @ptr_5 SL:DATE_TIME] IN:GET_WEATHER]
can you tell me the local radar prediction	can Ġyou Ġtell Ġme Ġthe Ġlocal Ġradar Ġprediction	[IN:GET_WEATHER @ptr_0 @ptr_1 @ptr_2 @ptr_3 @ptr_4 [SL:LOCATION [IN:GET_LOCATION [SL:LOCATION_MODIFIER @ptr_5 SL:LOCATION_MODIFIER] IN:GET_LOCATION] SL:LOCATION] @ptr_6 @ptr_7 IN:GET_WEATHER]
what is the local radar forecast	what Ġis Ġthe Ġlocal Ġradar Ġforecast	[IN:GET_WEATHER @ptr_0 @ptr_1 @ptr_2 [SL:LOCATION [IN:GET_LOCATION [SL:LOCATION_MODIFIER @ptr_3 SL:LOCATION_MODIFIER] IN:GET_LOCATION] SL:LOCATION] @ptr_4 @ptr_5 IN:GET_WEATHER]
