Set timer for 45 minutes .	Set Ġtimer Ġfor Ġ45 Ġminutes Ġ.	[IN:CREATE_TIMER @ptr_0 [SL:METHOD_TIMER @ptr_1 SL:METHOD_TIMER] [SL:DATE_TIME @ptr_2 @ptr_3 @ptr_4 SL:DATE_TIME] @ptr_5 IN:CREATE_TIMER]
Timer 20 minutes .	Timer Ġ20 Ġminutes Ġ.	[IN:CREATE_TIMER [SL:METHOD_TIMER @ptr_0 SL:METHOD_TIMER] [SL:DATE_TIME @ptr_1 @ptr_2 SL:DATE_TIME] @ptr_3 IN:CREATE_TIMER]
Set a timer for 8 hours today .	Set Ġa Ġtimer Ġfor Ġ8 Ġhours Ġtoday Ġ.	[IN:CREATE_TIMER @ptr_0 @ptr_1 [SL:METHOD_TIMER @ptr_2 SL:METHOD_TIMER] [SL:DATE_TIME @ptr_3 @ptr_4 @ptr_5 @ptr_6 SL:DATE_TIME] @ptr_7 IN:CREATE_TIMER]
Start timer now	Start Ġtimer Ġnow	[IN:CREATE_TIMER @ptr_0 [SL:METHOD_TIMER @ptr_1 SL:METHOD_TIMER] @ptr_2 IN:CREATE_TIMER]
start workout timer	start Ġworkout Ġtimer	[IN:CREATE_TIMER @ptr_0 [SL:TIMER_NAME @ptr_1 SL:TIMER_NAME] [SL:METHOD_TIMER @ptr_2 SL:METHOD_TIMER] IN:CREATE_TIMER]
Set timer for 4 hours , 37 minutes and 17 seconds	Set Ġtimer Ġfor Ġ4 Ġhours Ġ, Ġ37 Ġminutes Ġand Ġ17 Ġseconds	[IN:CREATE_TIMER @ptr_0 [SL:METHOD_TIMER @ptr_1 SL:METHOD_TIMER] [SL:DATE_TIME @ptr_2 @ptr_3 @ptr_4 @ptr_5 @ptr_6 @ptr_7 @ptr_8 @ptr_9 @ptr_10 SL:DATE_TIME] IN:CREATE_TIMER]
Start timer now	Start Ġtimer Ġnow	[IN:CREATE_TIMER @ptr_0 [SL:METHOD_TIMER @ptr_1 SL:METHOD_TIMER] @ptr_2 IN:CREATE_TIMER]
Timer please ?	Timer Ġplease Ġ?	[IN:CREATE_TIMER [SL:METHOD_TIMER @ptr_0 SL:METHOD_TIMER] @ptr_1 @ptr_2 IN:CREATE_TIMER]
set timer for 60 mins	set Ġtimer Ġfor Ġ60 Ġmins	[IN:CREATE_TIMER @ptr_0 [SL:METHOD_TIMER @ptr_1 SL:METHOD_TIMER] [SL:DATE_TIME @ptr_2 @ptr_3 @ptr_4 SL:DATE_TIME] IN:CREATE_TIMER]
set the timer for 15 minutes	set Ġthe Ġtimer Ġfor Ġ15 Ġminutes	[IN:CREATE_TIMER @ptr_0 @ptr_1 [SL:METHOD_TIMER @ptr_2 SL:METHOD_TIMER] [SL:DATE_TIME @ptr_3 @ptr_4 @ptr_5 SL:DATE_TIME] IN:CREATE_TIMER]
Start a timer now	Start Ġa Ġtimer Ġnow	[IN:CREATE_TIMER @ptr_0 @ptr_1 [SL:METHOD_TIMER @ptr_2 SL:METHOD_TIMER] @ptr_3 IN:CREATE_TIMER]
set my timer for 5 minutes	set Ġmy Ġtimer Ġfor Ġ5 Ġminutes	[IN:CREATE_TIMER @ptr_0 @ptr_1 [SL:METHOD_TIMER @ptr_2 SL:METHOD_TIMER] [SL:DATE_TIME @ptr_3 @ptr_4 @ptr_5 SL:DATE_TIME] IN:CREATE_TIMER]
can you start the 3 minute timer	can Ġyou Ġstart Ġthe Ġ3 Ġminute Ġtimer	[IN:CREATE_TIMER @ptr_0 @ptr_1 @ptr_2 [SL:DATE_TIME @ptr_3 @ptr_4 @ptr_5 SL:DATE_TIME] [SL:METHOD_TIMER @ptr_6 SL:METHOD_TIMER] IN:CREATE_TIMER]
the chicken should be done in 20 minutes , set timer	the Ġchicken Ġshould Ġbe Ġdone Ġin Ġ20 Ġminutes Ġ, Ġset Ġtimer	[IN:CREATE_TIMER @ptr_0 @ptr_1 @ptr_2 @ptr_3 @ptr_4 [SL:DATE_TIME @ptr_5 @ptr_6 @ptr_7 SL:DATE_TIME] @ptr_8 @ptr_9 [SL:METHOD_TIMER @ptr_10 SL:METHOD_TIMER] IN:CREATE_TIMER]
Pie is in the oven , set a timer for 55 minutes .	Pie Ġis Ġin Ġthe Ġoven Ġ, Ġset Ġa Ġtimer Ġfor Ġ55 Ġminutes Ġ.	[IN:CREATE_TIMER @ptr_0 @ptr_1 @ptr_2 @ptr_3 @ptr_4 @ptr_5 @ptr_6 @ptr_7 [SL:METHOD_TIMER @ptr_8 SL:METHOD_TIMER] [SL:DATE_TIME @ptr_9 @ptr_10 @ptr_11 SL:DATE_TIME] @ptr_12 IN:CREATE_TIMER]
Set a timer for 2 minutes	Set Ġa Ġtimer Ġfor Ġ2 Ġminutes	[IN:CREATE_TIMER @ptr_0 @ptr_1 [SL:METHOD_TIMER @ptr_2 SL:METHOD_TIMER] [SL:DATE_TIME @ptr_3 @ptr_4 @ptr_5 SL:DATE_TIME] IN:CREATE_TIMER]
Set the timer for 50 minutes from now	Set Ġthe Ġtimer Ġfor Ġ50 Ġminutes Ġfrom Ġnow	[IN:CREATE_TIMER @ptr_0 @ptr_1 [SL:METHOD_TIMER @ptr_2 SL:METHOD_TIMER] [SL:DATE_TIME @ptr_3 @ptr_4 @ptr_5 @ptr_6 @ptr_7 SL:DATE_TIME] IN:CREATE_TIMER]
I want to set a timer	I Ġwant Ġto Ġset Ġa Ġtimer	[IN:CREATE_TIMER @ptr_0 @ptr_1 @ptr_2 @ptr_3 @ptr_4 [SL:METHOD_TIMER @ptr_5 SL:METHOD_TIMER] IN:CREATE_TIMER]
Put 58 minutes on the clock	Put Ġ58 Ġminutes Ġon Ġthe Ġclock	[IN:CREATE_TIMER @ptr_0 [SL:DATE_TIME @ptr_1 @ptr_2 SL:DATE_TIME] @ptr_3 @ptr_4 @ptr_5 IN:CREATE_TIMER]
Timer on for 10 minutes	Timer Ġon Ġfor Ġ10 Ġminutes	[IN:CREATE_TIMER [SL:METHOD_TIMER @ptr_0 SL:METHOD_TIMER] [SL:DATE_TIME @ptr_1 @ptr_2 @ptr_3 @ptr_4 SL:DATE_TIME] IN:CREATE_TIMER]
Set the timer for 10 minutes	Set Ġthe Ġtimer Ġfor Ġ10 Ġminutes	[IN:CREATE_TIMER @ptr_0 @ptr_1 [SL:METHOD_TIMER @ptr_2 SL:METHOD_TIMER] [SL:DATE_TIME @ptr_3 @ptr_4 @ptr_5 SL:DATE_TIME] IN:CREATE_TIMER]
Please set the timer for 15 minutes	Please Ġset Ġthe Ġtimer Ġfor Ġ15 Ġminutes	[IN:CREATE_TIMER @ptr_0 @ptr_1 @ptr_2 [SL:METHOD_TIMER @ptr_3 SL:METHOD_TIMER] [SL:DATE_TIME @ptr_4 @ptr_5 @ptr_6 SL:DATE_TIME] IN:CREATE_TIMER]
Set a timer for 6 hours from now .	Set Ġa Ġtimer Ġfor Ġ6 Ġhours Ġfrom Ġnow Ġ.	[IN:CREATE_TIMER @ptr_0 @ptr_1 [SL:METHOD_TIMER @ptr_2 SL:METHOD_TIMER] [SL:DATE_TIME @ptr_3 @ptr_4 @ptr_5 @ptr_6 @ptr_7 SL:DATE_TIME] @ptr_8 IN:CREATE_TIMER]
I need a timer started	I Ġneed Ġa Ġtimer Ġstarted	[IN:CREATE_TIMER @ptr_0 @ptr_1 @ptr_2 [SL:METHOD_TIMER @ptr_3 SL:METHOD_TIMER] @ptr_4 IN:CREATE_TIMER]
I need a timer set for 20 minutes .	I Ġneed Ġa Ġtimer Ġset Ġfor Ġ20 Ġminutes Ġ.	[IN:CREATE_TIMER @ptr_0 @ptr_1 @ptr_2 [SL:METHOD_TIMER @ptr_3 SL:METHOD_TIMER] @ptr_4 [SL:DATE_TIME @ptr_5 @ptr_6 @ptr_7 SL:DATE_TIME] @ptr_8 IN:CREATE_TIMER]
clear all timers	clear Ġall Ġtimers	[IN:DELETE_TIMER @ptr_0 [SL:AMOUNT @ptr_1 SL:AMOUNT] [SL:METHOD_TIMER @ptr_2 SL:METHOD_TIMER] IN:DELETE_TIMER]
Please pause the timer	Please Ġpause Ġthe Ġtimer	[IN:PAUSE_TIMER @ptr_0 @ptr_1 @ptr_2 [SL:METHOD_TIMER @ptr_3 SL:METHOD_TIMER] IN:PAUSE_TIMER]
Is it much longer for the fifteen minute brain break timer to end ?	Is Ġit Ġmuch Ġlonger Ġfor Ġthe Ġfifteen Ġminute Ġbrain Ġbreak Ġtimer Ġto Ġend Ġ?	[IN:GET_TIMER @ptr_0 @ptr_1 @ptr_2 @ptr_3 @ptr_4 @ptr_5 [SL:TIMER_NAME [IN:GET_TIME [SL:DATE_TIME @ptr_6 @ptr_7 SL:DATE_TIME] IN:GET_TIME] SL:TIMER_NAME] [SL:TIMER_NAME @ptr_8 @ptr_9 SL:TIMER_NAME] [SL:METHOD_TIMER @ptr_10 SL:METHOD_TIMER] @ptr_11 @ptr_12 @ptr_13 IN:GET_TIMER]
Restart timer	Rest art Ġtimer	[IN:RESTART_TIMER @ptr_0 @ptr_1 [SL:METHOD_TIMER @ptr_2 SL:METHOD_TIMER] IN:RESTART_TIMER]
Restart HIIT timer .	Rest art ĠHI IT Ġtimer Ġ.	[IN:RESTART_TIMER @ptr_0 @ptr_1 @ptr_2 @ptr_3 [SL:METHOD_TIMER @ptr_4 SL:METHOD_TIMER] @ptr_5 IN:RESTART_TIMER]
Timer pause	Timer Ġpause	[IN:PAUSE_TIMER [SL:METHOD_TIMER @ptr_0 SL:METHOD_TIMER] @ptr_1 IN:PAUSE_TIMER]
delete race timer	delete Ġrace Ġtimer	[IN:DELETE_TIMER @ptr_0 @ptr_1 [SL:METHOD_TIMER @ptr_2 SL:METHOD_TIMER] IN:DELETE_TIMER]
Set a timer for 20 minutes from now	Set Ġa Ġtimer Ġfor Ġ20 Ġminutes Ġfrom Ġnow	[IN:CREATE_TIMER @ptr_0 @ptr_1 [SL:METHOD_TIMER @ptr_2 SL:METHOD_TIMER] [SL:DATE_TIME @ptr_3 @ptr_4 @ptr_5 SL:DATE_TIME] @ptr_6 @ptr_7 IN:CREATE_TIMER]
Set a timer for 5 minutes .	Set Ġa Ġtimer Ġfor Ġ5 Ġminutes Ġ.	[IN:CREATE_TIMER @ptr_0 @ptr_1 [SL:METHOD_TIMER @ptr_2 SL:METHOD_TIMER] [SL:DATE_TIME @ptr_3 @ptr_4 @ptr_5 SL:DATE_TIME] @ptr_6 IN:CREATE_TIMER]
Pause the current 1 - hour timer and add 15 minutes	Pause Ġthe Ġcurrent Ġ1 Ġ- Ġhour Ġtimer Ġand Ġadd Ġ15 Ġminutes	[IN:ADD_TIME_TIMER @ptr_0 @ptr_1 @ptr_2 @ptr_3 @ptr_4 @ptr_5 [SL:METHOD_TIMER @ptr_6 SL:METHOD_TIMER] @ptr_7 @ptr_8 [SL:DATE_TIME @ptr_9 @ptr_10 SL:DATE_TIME] IN:ADD_TIME_TIMER]
Hold off a second on that half hour cooking timer .	Hold Ġoff Ġa Ġsecond Ġon Ġthat Ġhalf Ġhour Ġcooking Ġtimer Ġ.	[IN:PAUSE_TIMER @ptr_0 @ptr_1 @ptr_2 @ptr_3 @ptr_4 @ptr_5 [SL:DATE_TIME @ptr_6 @ptr_7 SL:DATE_TIME] [SL:TIMER_NAME @ptr_8 SL:TIMER_NAME] [SL:METHOD_TIMER @ptr_9 SL:METHOD_TIMER] @ptr_10 IN:PAUSE_TIMER]
Update my last timer to 40 minutes	Update Ġmy Ġlast Ġtimer Ġto Ġ40 Ġminutes	[IN:UPDATE_TIMER @ptr_0 @ptr_1 [SL:ORDINAL @ptr_2 SL:ORDINAL] [SL:METHOD_TIMER @ptr_3 SL:METHOD_TIMER] [SL:DATE_TIME @ptr_4 @ptr_5 @ptr_6 SL:DATE_TIME] IN:UPDATE_TIMER]
Will my timer alarm go off in less than 10 minutes	Will Ġmy Ġtimer Ġalarm Ġgo Ġoff Ġin Ġless Ġthan Ġ10 Ġminutes	[IN:GET_TIMER @ptr_0 @ptr_1 [SL:METHOD_TIMER @ptr_2 SL:METHOD_TIMER] @ptr_3 @ptr_4 @ptr_5 @ptr_6 @ptr_7 @ptr_8 @ptr_9 @ptr_10 IN:GET_TIMER]
cancel the timer	c ancel Ġthe Ġtimer	[IN:DELETE_TIMER @ptr_0 @ptr_1 @ptr_2 [SL:METHOD_TIMER @ptr_3 SL:METHOD_TIMER] IN:DELETE_TIMER]
Set timer for for 20 minutes	Set Ġtimer Ġfor Ġfor Ġ20 Ġminutes	[IN:CREATE_TIMER @ptr_0 [SL:METHOD_TIMER @ptr_1 SL:METHOD_TIMER] [SL:DATE_TIME @ptr_2 @ptr_3 @ptr_4 @ptr_5 SL:DATE_TIME] IN:CREATE_TIMER]
put the timers on screen	put Ġthe Ġtimers Ġon Ġscreen	[IN:GET_TIMER @ptr_0 @ptr_1 [SL:METHOD_TIMER @ptr_2 SL:METHOD_TIMER] @ptr_3 @ptr_4 IN:GET_TIMER]
set a timer for 15 minutes	set Ġa Ġtimer Ġfor Ġ15 Ġminutes	[IN:CREATE_TIMER @ptr_0 @ptr_1 [SL:METHOD_TIMER @ptr_2 SL:METHOD_TIMER] [SL:DATE_TIME @ptr_3 @ptr_4 @ptr_5 SL:DATE_TIME] IN:CREATE_TIMER]
What does the timer say ?	What Ġdoes Ġthe Ġtimer Ġsay Ġ?	[IN:GET_TIMER @ptr_0 @ptr_1 @ptr_2 [SL:METHOD_TIMER @ptr_3 SL:METHOD_TIMER] @ptr_4 @ptr_5 IN:GET_TIMER]
add fifteen minutes to current timer	add Ġfifteen Ġminutes Ġto Ġcurrent Ġtimer	[IN:ADD_TIME_TIMER @ptr_0 [SL:DATE_TIME @ptr_1 @ptr_2 SL:DATE_TIME] @ptr_3 @ptr_4 [SL:METHOD_TIMER @ptr_5 SL:METHOD_TIMER] IN:ADD_TIME_TIMER]
Delete that timer and start one for 30 minutes	Delete Ġthat Ġtimer Ġand Ġstart Ġone Ġfor Ġ30 Ġminutes	[IN:DELETE_TIMER @ptr_0 @ptr_1 [SL:METHOD_TIMER @ptr_2 SL:METHOD_TIMER] @ptr_3 @ptr_4 @ptr_5 @ptr_6 @ptr_7 @ptr_8 IN:DELETE_TIMER]
Please stop the current timer	Please Ġstop Ġthe Ġcurrent Ġtimer	[IN:PAUSE_TIMER @ptr_0 @ptr_1 @ptr_2 @ptr_3 [SL:METHOD_TIMER @ptr_4 SL:METHOD_TIMER] IN:PAUSE_TIMER]
Cancel the timer .	C ancel Ġthe Ġtimer Ġ.	[IN:DELETE_TIMER @ptr_0 @ptr_1 @ptr_2 [SL:METHOD_TIMER @ptr_3 SL:METHOD_TIMER] @ptr_4 IN:DELETE_TIMER]
Begin timer on treadmill .	Begin Ġtimer Ġon Ġtreadmill Ġ.	[IN:CREATE_TIMER @ptr_0 [SL:METHOD_TIMER @ptr_1 SL:METHOD_TIMER] @ptr_2 @ptr_3 @ptr_4 IN:CREATE_TIMER]
Set a timer for an hour	Set Ġa Ġtimer Ġfor Ġan Ġhour	[IN:CREATE_TIMER @ptr_0 @ptr_1 [SL:METHOD_TIMER @ptr_2 SL:METHOD_TIMER] [SL:DATE_TIME @ptr_3 @ptr_4 @ptr_5 SL:DATE_TIME] IN:CREATE_TIMER]
Set a timer for 30 minutes	Set Ġa Ġtimer Ġfor Ġ30 Ġminutes	[IN:CREATE_TIMER @ptr_0 @ptr_1 [SL:METHOD_TIMER @ptr_2 SL:METHOD_TIMER] [SL:DATE_TIME @ptr_3 @ptr_4 @ptr_5 SL:DATE_TIME] IN:CREATE_TIMER]
Add 10 minutes to timer .	Add Ġ10 Ġminutes Ġto Ġtimer Ġ.	[IN:ADD_TIME_TIMER @ptr_0 [SL:DATE_TIME @ptr_1 @ptr_2 SL:DATE_TIME] @ptr_3 [SL:METHOD_TIMER @ptr_4 SL:METHOD_TIMER] @ptr_5 IN:ADD_TIME_TIMER]
set a timer for 8 minutes	set Ġa Ġtimer Ġfor Ġ8 Ġminutes	[IN:CREATE_TIMER @ptr_0 @ptr_1 [SL:METHOD_TIMER @ptr_2 SL:METHOD_TIMER] [SL:DATE_TIME @ptr_3 @ptr_4 @ptr_5 SL:DATE_TIME] IN:CREATE_TIMER]
Add 30 minutes to this timer	Add Ġ30 Ġminutes Ġto Ġthis Ġtimer	[IN:ADD_TIME_TIMER @ptr_0 [SL:DATE_TIME @ptr_1 @ptr_2 SL:DATE_TIME] @ptr_3 @ptr_4 [SL:METHOD_TIMER @ptr_5 SL:METHOD_TIMER] IN:ADD_TIME_TIMER]
One minute timer please	One Ġminute Ġtimer Ġplease	[IN:CREATE_TIMER [SL:DATE_TIME @ptr_0 @ptr_1 SL:DATE_TIME] [SL:METHOD_TIMER @ptr_2 SL:METHOD_TIMER] @ptr_3 IN:CREATE_TIMER]
set my timer for two minutes	set Ġmy Ġtimer Ġfor Ġtwo Ġminutes	[IN:CREATE_TIMER @ptr_0 @ptr_1 [SL:METHOD_TIMER @ptr_2 SL:METHOD_TIMER] [SL:DATE_TIME @ptr_3 @ptr_4 @ptr_5 SL:DATE_TIME] IN:CREATE_TIMER]
Put up the 2 minute timer	Put Ġup Ġthe Ġ2 Ġminute Ġtimer	[IN:GET_TIMER @ptr_0 @ptr_1 @ptr_2 [SL:TIMER_NAME [IN:GET_TIMER [SL:TIMER_NAME [IN:GET_TIME [SL:DATE_TIME @ptr_3 @ptr_4 SL:DATE_TIME] IN:GET_TIME] SL:TIMER_NAME] IN:GET_TIMER] SL:TIMER_NAME] [SL:METHOD_TIMER @ptr_5 SL:METHOD_TIMER] IN:GET_TIMER]
Turn on timer in an hour , .	Turn Ġon Ġtimer Ġin Ġan Ġhour Ġ, Ġ.	[IN:CREATE_TIMER @ptr_0 @ptr_1 [SL:METHOD_TIMER @ptr_2 SL:METHOD_TIMER] [SL:DATE_TIME @ptr_3 @ptr_4 @ptr_5 SL:DATE_TIME] @ptr_6 @ptr_7 IN:CREATE_TIMER]
My workout timer needs to be set at 60 minutes	My Ġworkout Ġtimer Ġneeds Ġto Ġbe Ġset Ġat Ġ60 Ġminutes	[IN:CREATE_TIMER @ptr_0 @ptr_1 [SL:METHOD_TIMER @ptr_2 SL:METHOD_TIMER] @ptr_3 @ptr_4 @ptr_5 @ptr_6 [SL:DATE_TIME @ptr_7 @ptr_8 @ptr_9 SL:DATE_TIME] IN:CREATE_TIMER]
Add 30 more minutes to my timer	Add Ġ30 Ġmore Ġminutes Ġto Ġmy Ġtimer	[IN:ADD_TIME_TIMER @ptr_0 [SL:DATE_TIME @ptr_1 @ptr_2 @ptr_3 SL:DATE_TIME] @ptr_4 @ptr_5 [SL:METHOD_TIMER @ptr_6 SL:METHOD_TIMER] IN:ADD_TIME_TIMER]
add 1 minute to timer and resume	add Ġ1 Ġminute Ġto Ġtimer Ġand Ġresume	[IN:ADD_TIME_TIMER @ptr_0 [SL:DATE_TIME @ptr_1 @ptr_2 SL:DATE_TIME] @ptr_3 [SL:METHOD_TIMER @ptr_4 SL:METHOD_TIMER] @ptr_5 @ptr_6 IN:ADD_TIME_TIMER]
set a timer for 6 hours	set Ġa Ġtimer Ġfor Ġ6 Ġhours	[IN:CREATE_TIMER @ptr_0 @ptr_1 [SL:METHOD_TIMER @ptr_2 SL:METHOD_TIMER] [SL:DATE_TIME @ptr_3 @ptr_4 @ptr_5 SL:DATE_TIME] IN:CREATE_TIMER]
Please add 20 minutes to my timer .	Please Ġadd Ġ20 Ġminutes Ġto Ġmy Ġtimer Ġ.	[IN:ADD_TIME_TIMER @ptr_0 @ptr_1 [SL:DATE_TIME @ptr_2 @ptr_3 SL:DATE_TIME] @ptr_4 @ptr_5 [SL:METHOD_TIMER @ptr_6 SL:METHOD_TIMER] @ptr_7 IN:ADD_TIME_TIMER]
Start 7 minute cooking timer	Start Ġ7 Ġminute Ġcooking Ġtimer	[IN:CREATE_TIMER @ptr_0 [SL:DATE_TIME @ptr_1 @ptr_2 SL:DATE_TIME] @ptr_3 [SL:METHOD_TIMER @ptr_4 SL:METHOD_TIMER] IN:CREATE_TIMER]
What is my timer set to for Saturday mornings ?	What Ġis Ġmy Ġtimer Ġset Ġto Ġfor ĠSaturday Ġmornings Ġ?	[IN:GET_TIMER @ptr_0 @ptr_1 @ptr_2 [SL:METHOD_TIMER @ptr_3 SL:METHOD_TIMER] @ptr_4 [SL:TIMER_NAME [IN:GET_TIME [SL:DATE_TIME @ptr_5 @ptr_6 @ptr_7 @ptr_8 SL:DATE_TIME] IN:GET_TIME] SL:TIMER_NAME] @ptr_9 IN:GET_TIMER]
Start the timer in 2 minutes	Start Ġthe Ġtimer Ġin Ġ2 Ġminutes	[IN:CREATE_TIMER @ptr_0 @ptr_1 [SL:METHOD_TIMER @ptr_2 SL:METHOD_TIMER] [SL:DATE_TIME @ptr_3 @ptr_4 @ptr_5 SL:DATE_TIME] IN:CREATE_TIMER]
Subtract 5 minutes from the timer	Sub t ract Ġ5 Ġminutes Ġfrom Ġthe Ġtimer	[IN:SUBTRACT_TIME_TIMER @ptr_0 @ptr_1 @ptr_2 [SL:DATE_TIME @ptr_3 @ptr_4 SL:DATE_TIME] @ptr_5 @ptr_6 [SL:METHOD_TIMER @ptr_7 SL:METHOD_TIMER] IN:SUBTRACT_TIME_TIMER]
Add one minute to timer .	Add Ġone Ġminute Ġto Ġtimer Ġ.	[IN:ADD_TIME_TIMER @ptr_0 [SL:DATE_TIME @ptr_1 @ptr_2 SL:DATE_TIME] @ptr_3 [SL:METHOD_TIMER @ptr_4 SL:METHOD_TIMER] @ptr_5 IN:ADD_TIME_TIMER]
start timer in 90 seconds	start Ġtimer Ġin Ġ90 Ġseconds	[IN:CREATE_TIMER @ptr_0 [SL:METHOD_TIMER @ptr_1 SL:METHOD_TIMER] [SL:DATE_TIME @ptr_2 @ptr_3 @ptr_4 SL:DATE_TIME] IN:CREATE_TIMER]
Let 's add 52 minutes to the timer please .	Let Ġ' s Ġadd Ġ52 Ġminutes Ġto Ġthe Ġtimer Ġplease Ġ.	[IN:ADD_TIME_TIMER @ptr_0 @ptr_1 @ptr_2 @ptr_3 [SL:DATE_TIME @ptr_4 @ptr_5 SL:DATE_TIME] @ptr_6 @ptr_7 [SL:METHOD_TIMER @ptr_8 SL:METHOD_TIMER] @ptr_9 @ptr_10 IN:ADD_TIME_TIMER]
Set a timer for one hour .	Set Ġa Ġtimer Ġfor Ġone Ġhour Ġ.	[IN:CREATE_TIMER @ptr_0 @ptr_1 [SL:METHOD_TIMER @ptr_2 SL:METHOD_TIMER] [SL:DATE_TIME @ptr_3 @ptr_4 @ptr_5 SL:DATE_TIME] @ptr_6 IN:CREATE_TIMER]
Set timer to notify me in 5 minutes	Set Ġtimer Ġto Ġnotify Ġme Ġin Ġ5 Ġminutes	[IN:CREATE_TIMER @ptr_0 [SL:METHOD_TIMER @ptr_1 SL:METHOD_TIMER] @ptr_2 @ptr_3 @ptr_4 [SL:DATE_TIME @ptr_5 @ptr_6 @ptr_7 SL:DATE_TIME] IN:CREATE_TIMER]
give me a 5 minute warning before timer ends	give Ġme Ġa Ġ5 Ġminute Ġwarning Ġbefore Ġtimer Ġends	[IN:GET_TIMER @ptr_0 @ptr_1 @ptr_2 [SL:TIMER_NAME [IN:GET_TIME [SL:DATE_TIME @ptr_3 @ptr_4 SL:DATE_TIME] IN:GET_TIME] SL:TIMER_NAME] @ptr_5 @ptr_6 [SL:METHOD_TIMER @ptr_7 SL:METHOD_TIMER] @ptr_8 IN:GET_TIMER]
let me know when I am halfway through my 60 minute timer	let Ġme Ġknow Ġwhen ĠI Ġam Ġhalfway Ġthrough Ġmy Ġ60 Ġminute Ġtimer	[IN:GET_TIMER @ptr_0 @ptr_1 @ptr_2 @ptr_3 @ptr_4 @ptr_5 @ptr_6 @ptr_7 @ptr_8 [SL:TIMER_NAME [IN:GET_TIME [SL:DATE_TIME @ptr_9 @ptr_10 SL:DATE_TIME] IN:GET_TIME] SL:TIMER_NAME] [SL:METHOD_TIMER @ptr_11 SL:METHOD_TIMER] IN:GET_TIMER]
Change the timer from 10 minutes to 20 minutes	Change Ġthe Ġtimer Ġfrom Ġ10 Ġminutes Ġto Ġ20 Ġminutes	[IN:UPDATE_TIMER @ptr_0 @ptr_1 [SL:METHOD_TIMER @ptr_2 SL:METHOD_TIMER] [SL:TIMER_NAME [IN:GET_TIME [SL:DATE_TIME @ptr_3 @ptr_4 @ptr_5 SL:DATE_TIME] IN:GET_TIME] SL:TIMER_NAME] [SL:DATE_TIME @ptr_6 @ptr_7 @ptr_8 SL:DATE_TIME] IN:UPDATE_TIMER]
Set timer for 45 minutes	Set Ġtimer Ġfor Ġ45 Ġminutes	[IN:CREATE_TIMER @ptr_0 [SL:METHOD_TIMER @ptr_1 SL:METHOD_TIMER] [SL:DATE_TIME @ptr_2 @ptr_3 @ptr_4 SL:DATE_TIME] IN:CREATE_TIMER]
pause timer	pause Ġtimer	[IN:PAUSE_TIMER @ptr_0 [SL:METHOD_TIMER @ptr_1 SL:METHOD_TIMER] IN:PAUSE_TIMER]
Stop the timer .	Stop Ġthe Ġtimer Ġ.	[IN:PAUSE_TIMER @ptr_0 @ptr_1 [SL:METHOD_TIMER @ptr_2 SL:METHOD_TIMER] @ptr_3 IN:PAUSE_TIMER]
Pause the timer .	Pause Ġthe Ġtimer Ġ.	[IN:PAUSE_TIMER @ptr_0 @ptr_1 [SL:METHOD_TIMER @ptr_2 SL:METHOD_TIMER] @ptr_3 IN:PAUSE_TIMER]
Pause the current timer .	Pause Ġthe Ġcurrent Ġtimer Ġ.	[IN:PAUSE_TIMER @ptr_0 @ptr_1 @ptr_2 [SL:METHOD_TIMER @ptr_3 SL:METHOD_TIMER] @ptr_4 IN:PAUSE_TIMER]
pause workout timer	pause Ġworkout Ġtimer	[IN:PAUSE_TIMER @ptr_0 @ptr_1 [SL:METHOD_TIMER @ptr_2 SL:METHOD_TIMER] IN:PAUSE_TIMER]
Pause timer .	Pause Ġtimer Ġ.	[IN:PAUSE_TIMER @ptr_0 [SL:METHOD_TIMER @ptr_1 SL:METHOD_TIMER] @ptr_2 IN:PAUSE_TIMER]
Pause my current timer	Pause Ġmy Ġcurrent Ġtimer	[IN:PAUSE_TIMER @ptr_0 @ptr_1 @ptr_2 [SL:METHOD_TIMER @ptr_3 SL:METHOD_TIMER] IN:PAUSE_TIMER]
timer stop	timer Ġstop	[IN:PAUSE_TIMER [SL:METHOD_TIMER @ptr_0 SL:METHOD_TIMER] @ptr_1 IN:PAUSE_TIMER]
Stop timer	Stop Ġtimer	[IN:PAUSE_TIMER @ptr_0 [SL:METHOD_TIMER @ptr_1 SL:METHOD_TIMER] IN:PAUSE_TIMER]
pause timer	pause Ġtimer	[IN:PAUSE_TIMER @ptr_0 [SL:METHOD_TIMER @ptr_1 SL:METHOD_TIMER] IN:PAUSE_TIMER]
Stop timer .	Stop Ġtimer Ġ.	[IN:PAUSE_TIMER @ptr_0 [SL:METHOD_TIMER @ptr_1 SL:METHOD_TIMER] @ptr_2 IN:PAUSE_TIMER]
Pause the timer .	Pause Ġthe Ġtimer Ġ.	[IN:PAUSE_TIMER @ptr_0 @ptr_1 [SL:METHOD_TIMER @ptr_2 SL:METHOD_TIMER] @ptr_3 IN:PAUSE_TIMER]
Would you please stop that timer ?	Would Ġyou Ġplease Ġstop Ġthat Ġtimer Ġ?	[IN:PAUSE_TIMER @ptr_0 @ptr_1 @ptr_2 @ptr_3 @ptr_4 [SL:METHOD_TIMER @ptr_5 SL:METHOD_TIMER] @ptr_6 IN:PAUSE_TIMER]
hold timer	hold Ġtimer	[IN:PAUSE_TIMER @ptr_0 [SL:METHOD_TIMER @ptr_1 SL:METHOD_TIMER] IN:PAUSE_TIMER]
quit my workout timer	quit Ġmy Ġworkout Ġtimer	[IN:PAUSE_TIMER @ptr_0 @ptr_1 @ptr_2 [SL:METHOD_TIMER @ptr_3 SL:METHOD_TIMER] IN:PAUSE_TIMER]
stop timer	stop Ġtimer	[IN:PAUSE_TIMER @ptr_0 [SL:METHOD_TIMER @ptr_1 SL:METHOD_TIMER] IN:PAUSE_TIMER]
please pause both of my timers	please Ġpause Ġboth Ġof Ġmy Ġtimers	[IN:PAUSE_TIMER @ptr_0 @ptr_1 [SL:AMOUNT @ptr_2 SL:AMOUNT] @ptr_3 @ptr_4 [SL:METHOD_TIMER @ptr_5 SL:METHOD_TIMER] IN:PAUSE_TIMER]
Please stop the timer .	Please Ġstop Ġthe Ġtimer Ġ.	[IN:PAUSE_TIMER @ptr_0 @ptr_1 @ptr_2 [SL:METHOD_TIMER @ptr_3 SL:METHOD_TIMER] @ptr_4 IN:PAUSE_TIMER]
pause timer	pause Ġtimer	[IN:PAUSE_TIMER @ptr_0 [SL:METHOD_TIMER @ptr_1 SL:METHOD_TIMER] IN:PAUSE_TIMER]
Freeze game timer	Free ze Ġgame Ġtimer	[IN:PAUSE_TIMER @ptr_0 @ptr_1 [SL:TIMER_NAME @ptr_2 SL:TIMER_NAME] [SL:METHOD_TIMER @ptr_3 SL:METHOD_TIMER] IN:PAUSE_TIMER]
mute my countdown	m ute Ġmy Ġcountdown	[IN:PAUSE_TIMER @ptr_0 @ptr_1 @ptr_2 [SL:METHOD_TIMER @ptr_3 SL:METHOD_TIMER] IN:PAUSE_TIMER]
Stop timer	Stop Ġtimer	[IN:PAUSE_TIMER @ptr_0 [SL:METHOD_TIMER @ptr_1 SL:METHOD_TIMER] IN:PAUSE_TIMER]
pause timer	pause Ġtimer	[IN:PAUSE_TIMER @ptr_0 [SL:METHOD_TIMER @ptr_1 SL:METHOD_TIMER] IN:PAUSE_TIMER]
Stop timer	Stop Ġtimer	[IN:PAUSE_TIMER @ptr_0 [SL:METHOD_TIMER @ptr_1 SL:METHOD_TIMER] IN:PAUSE_TIMER]
get my timer to take a break	get Ġmy Ġtimer Ġto Ġtake Ġa Ġbreak	[IN:PAUSE_TIMER @ptr_0 @ptr_1 [SL:METHOD_TIMER @ptr_2 SL:METHOD_TIMER] @ptr_3 @ptr_4 @ptr_5 @ptr_6 IN:PAUSE_TIMER]
Remove all my timers .	Remove Ġall Ġmy Ġtimers Ġ.	[IN:DELETE_TIMER @ptr_0 [SL:AMOUNT @ptr_1 SL:AMOUNT] @ptr_2 [SL:METHOD_TIMER @ptr_3 SL:METHOD_TIMER] @ptr_4 IN:DELETE_TIMER]
Delete all timers I have .	Delete Ġall Ġtimers ĠI Ġhave Ġ.	[IN:DELETE_TIMER @ptr_0 [SL:AMOUNT @ptr_1 SL:AMOUNT] [SL:METHOD_TIMER @ptr_2 SL:METHOD_TIMER] @ptr_3 @ptr_4 @ptr_5 IN:DELETE_TIMER]
restart all timers	rest art Ġall Ġtimers	[IN:RESTART_TIMER @ptr_0 @ptr_1 [SL:AMOUNT @ptr_2 SL:AMOUNT] [SL:METHOD_TIMER @ptr_3 SL:METHOD_TIMER] IN:RESTART_TIMER]
Show me all of my timers	Show Ġme Ġall Ġof Ġmy Ġtimers	[IN:GET_TIMER @ptr_0 @ptr_1 [SL:AMOUNT @ptr_2 SL:AMOUNT] @ptr_3 @ptr_4 [SL:METHOD_TIMER @ptr_5 SL:METHOD_TIMER] IN:GET_TIMER]
delete all timers	delete Ġall Ġtimers	[IN:DELETE_TIMER @ptr_0 [SL:AMOUNT @ptr_1 SL:AMOUNT] [SL:METHOD_TIMER @ptr_2 SL:METHOD_TIMER] IN:DELETE_TIMER]
Clear all settings	Clear Ġall Ġsettings	[IN:UNSUPPORTED_TIMER @ptr_0 [SL:AMOUNT @ptr_1 SL:AMOUNT] @ptr_2 IN:UNSUPPORTED_TIMER]
Reset all timers	Res et Ġall Ġtimers	[IN:RESTART_TIMER @ptr_0 @ptr_1 [SL:AMOUNT @ptr_2 SL:AMOUNT] [SL:METHOD_TIMER @ptr_3 SL:METHOD_TIMER] IN:RESTART_TIMER]
please pause both of my timers	please Ġpause Ġboth Ġof Ġmy Ġtimers	[IN:PAUSE_TIMER @ptr_0 @ptr_1 [SL:AMOUNT @ptr_2 SL:AMOUNT] @ptr_3 @ptr_4 [SL:METHOD_TIMER @ptr_5 SL:METHOD_TIMER] IN:PAUSE_TIMER]
what is the status of all my timers	what Ġis Ġthe Ġstatus Ġof Ġall Ġmy Ġtimers	[IN:GET_TIMER @ptr_0 @ptr_1 @ptr_2 @ptr_3 @ptr_4 [SL:AMOUNT @ptr_5 SL:AMOUNT] @ptr_6 [SL:METHOD_TIMER @ptr_7 SL:METHOD_TIMER] IN:GET_TIMER]
End all timers	End Ġall Ġtimers	[IN:DELETE_TIMER @ptr_0 [SL:AMOUNT @ptr_1 SL:AMOUNT] [SL:METHOD_TIMER @ptr_2 SL:METHOD_TIMER] IN:DELETE_TIMER]
Show all active timers	Show Ġall Ġactive Ġtimers	[IN:GET_TIMER @ptr_0 [SL:AMOUNT @ptr_1 SL:AMOUNT] @ptr_2 [SL:METHOD_TIMER @ptr_3 SL:METHOD_TIMER] IN:GET_TIMER]
Reset all existing timers to 10 seconds	Res et Ġall Ġexisting Ġtimers Ġto Ġ10 Ġseconds	[IN:UNSUPPORTED_TIMER @ptr_0 @ptr_1 [SL:AMOUNT @ptr_2 SL:AMOUNT] @ptr_3 [SL:METHOD_TIMER @ptr_4 SL:METHOD_TIMER] [SL:DATE_TIME @ptr_5 @ptr_6 @ptr_7 SL:DATE_TIME] IN:UNSUPPORTED_TIMER]
pause all timers	pause Ġall Ġtimers	[IN:PAUSE_TIMER @ptr_0 [SL:AMOUNT @ptr_1 SL:AMOUNT] [SL:METHOD_TIMER @ptr_2 SL:METHOD_TIMER] IN:PAUSE_TIMER]
cancel all my timers	c ancel Ġall Ġmy Ġtimers	[IN:DELETE_TIMER @ptr_0 @ptr_1 [SL:AMOUNT @ptr_2 SL:AMOUNT] @ptr_3 [SL:METHOD_TIMER @ptr_4 SL:METHOD_TIMER] IN:DELETE_TIMER]
set two timers for me	set Ġtwo Ġtimers Ġfor Ġme	[IN:CREATE_TIMER @ptr_0 [SL:AMOUNT @ptr_1 SL:AMOUNT] [SL:METHOD_TIMER @ptr_2 SL:METHOD_TIMER] @ptr_3 @ptr_4 IN:CREATE_TIMER]
update all timers	update Ġall Ġtimers	[IN:UPDATE_TIMER @ptr_0 [SL:AMOUNT @ptr_1 SL:AMOUNT] [SL:METHOD_TIMER @ptr_2 SL:METHOD_TIMER] IN:UPDATE_TIMER]
Set 5 30 second timers please	Set Ġ5 Ġ30 Ġsecond Ġtimers Ġplease	[IN:UNSUPPORTED_TIMER @ptr_0 [SL:AMOUNT @ptr_1 SL:AMOUNT] [SL:DATE_TIME @ptr_2 @ptr_3 SL:DATE_TIME] [SL:METHOD_TIMER @ptr_4 SL:METHOD_TIMER] @ptr_5 IN:UNSUPPORTED_TIMER]
delete all the timers	delete Ġall Ġthe Ġtimers	[IN:DELETE_TIMER @ptr_0 [SL:AMOUNT @ptr_1 SL:AMOUNT] @ptr_2 [SL:METHOD_TIMER @ptr_3 SL:METHOD_TIMER] IN:DELETE_TIMER]
Delete all timers	Delete Ġall Ġtimers	[IN:DELETE_TIMER @ptr_0 [SL:AMOUNT @ptr_1 SL:AMOUNT] [SL:METHOD_TIMER @ptr_2 SL:METHOD_TIMER] IN:DELETE_TIMER]
Cancel all timers	C ancel Ġall Ġtimers	[IN:DELETE_TIMER @ptr_0 @ptr_1 [SL:AMOUNT @ptr_2 SL:AMOUNT] [SL:METHOD_TIMER @ptr_3 SL:METHOD_TIMER] IN:DELETE_TIMER]
add 2 minutes to all timers	add Ġ2 Ġminutes Ġto Ġall Ġtimers	[IN:UNSUPPORTED_TIMER @ptr_0 [SL:DATE_TIME @ptr_1 @ptr_2 SL:DATE_TIME] @ptr_3 [SL:AMOUNT @ptr_4 SL:AMOUNT] [SL:METHOD_TIMER @ptr_5 SL:METHOD_TIMER] IN:UNSUPPORTED_TIMER]
set two timers if you would	set Ġtwo Ġtimers Ġif Ġyou Ġwould	[IN:CREATE_TIMER @ptr_0 [SL:AMOUNT @ptr_1 SL:AMOUNT] [SL:METHOD_TIMER @ptr_2 SL:METHOD_TIMER] @ptr_3 @ptr_4 @ptr_5 IN:CREATE_TIMER]
Restart all timers	Rest art Ġall Ġtimers	[IN:RESTART_TIMER @ptr_0 @ptr_1 [SL:AMOUNT @ptr_2 SL:AMOUNT] [SL:METHOD_TIMER @ptr_3 SL:METHOD_TIMER] IN:RESTART_TIMER]
Restart all timers .	Rest art Ġall Ġtimers Ġ.	[IN:RESTART_TIMER @ptr_0 @ptr_1 [SL:AMOUNT @ptr_2 SL:AMOUNT] [SL:METHOD_TIMER @ptr_3 SL:METHOD_TIMER] @ptr_4 IN:RESTART_TIMER]
Turn vibrate off for all timers	Turn Ġvibr ate Ġoff Ġfor Ġall Ġtimers	[IN:PAUSE_TIMER @ptr_0 @ptr_1 @ptr_2 @ptr_3 @ptr_4 [SL:AMOUNT @ptr_5 SL:AMOUNT] [SL:METHOD_TIMER @ptr_6 SL:METHOD_TIMER] IN:PAUSE_TIMER]
How much left to the timer	How Ġmuch Ġleft Ġto Ġthe Ġtimer	[IN:GET_TIMER @ptr_0 @ptr_1 @ptr_2 @ptr_3 @ptr_4 [SL:METHOD_TIMER @ptr_5 SL:METHOD_TIMER] IN:GET_TIMER]
When is my timer going to go off ?	When Ġis Ġmy Ġtimer Ġgoing Ġto Ġgo Ġoff Ġ?	[IN:GET_TIMER @ptr_0 @ptr_1 @ptr_2 [SL:METHOD_TIMER @ptr_3 SL:METHOD_TIMER] @ptr_4 @ptr_5 @ptr_6 @ptr_7 @ptr_8 IN:GET_TIMER]
How much longer	How Ġmuch Ġlonger	[IN:GET_TIMER @ptr_0 @ptr_1 @ptr_2 IN:GET_TIMER]
how much time is left on the timer ?	how Ġmuch Ġtime Ġis Ġleft Ġon Ġthe Ġtimer Ġ?	[IN:GET_TIMER @ptr_0 @ptr_1 [SL:METHOD_TIMER @ptr_2 SL:METHOD_TIMER] @ptr_3 @ptr_4 @ptr_5 @ptr_6 [SL:METHOD_TIMER @ptr_7 SL:METHOD_TIMER] @ptr_8 IN:GET_TIMER]
How much time does the timer have left ?	How Ġmuch Ġtime Ġdoes Ġthe Ġtimer Ġhave Ġleft Ġ?	[IN:GET_TIMER @ptr_0 @ptr_1 @ptr_2 @ptr_3 @ptr_4 [SL:METHOD_TIMER @ptr_5 SL:METHOD_TIMER] @ptr_6 @ptr_7 @ptr_8 IN:GET_TIMER]
read all current running timers	read Ġall Ġcurrent Ġrunning Ġtimers	[IN:GET_TIMER @ptr_0 [SL:AMOUNT @ptr_1 SL:AMOUNT] @ptr_2 @ptr_3 [SL:METHOD_TIMER @ptr_4 SL:METHOD_TIMER] IN:GET_TIMER]
How much time is left on the timer ?	How Ġmuch Ġtime Ġis Ġleft Ġon Ġthe Ġtimer Ġ?	[IN:GET_TIMER @ptr_0 @ptr_1 [SL:METHOD_TIMER @ptr_2 SL:METHOD_TIMER] @ptr_3 @ptr_4 @ptr_5 @ptr_6 [SL:METHOD_TIMER @ptr_7 SL:METHOD_TIMER] @ptr_8 IN:GET_TIMER]
Do I have a timer set ?	Do ĠI Ġhave Ġa Ġtimer Ġset Ġ?	[IN:GET_TIMER @ptr_0 @ptr_1 @ptr_2 @ptr_3 [SL:METHOD_TIMER @ptr_4 SL:METHOD_TIMER] @ptr_5 @ptr_6 IN:GET_TIMER]
How much time left ?	How Ġmuch Ġtime Ġleft Ġ?	[IN:GET_TIMER @ptr_0 @ptr_1 [SL:METHOD_TIMER @ptr_2 SL:METHOD_TIMER] @ptr_3 @ptr_4 IN:GET_TIMER]
tell me when the timer go off	tell Ġme Ġwhen Ġthe Ġtimer Ġgo Ġoff	[IN:GET_TIMER @ptr_0 @ptr_1 @ptr_2 @ptr_3 [SL:METHOD_TIMER @ptr_4 SL:METHOD_TIMER] @ptr_5 @ptr_6 IN:GET_TIMER]
How much time left on Park run timer	How Ġmuch Ġtime Ġleft Ġon ĠPark Ġrun Ġtimer	[IN:GET_TIMER @ptr_0 @ptr_1 @ptr_2 @ptr_3 @ptr_4 @ptr_5 @ptr_6 [SL:METHOD_TIMER @ptr_7 SL:METHOD_TIMER] IN:GET_TIMER]
How many minutes are left on the timer ?	How Ġmany Ġminutes Ġare Ġleft Ġon Ġthe Ġtimer Ġ?	[IN:GET_TIMER @ptr_0 @ptr_1 @ptr_2 @ptr_3 @ptr_4 @ptr_5 @ptr_6 [SL:METHOD_TIMER @ptr_7 SL:METHOD_TIMER] @ptr_8 IN:GET_TIMER]
how much time left on timer	how Ġmuch Ġtime Ġleft Ġon Ġtimer	[IN:GET_TIMER @ptr_0 @ptr_1 @ptr_2 @ptr_3 @ptr_4 [SL:METHOD_TIMER @ptr_5 SL:METHOD_TIMER] IN:GET_TIMER]
When will my timer go off ?	When Ġwill Ġmy Ġtimer Ġgo Ġoff Ġ?	[IN:GET_TIMER @ptr_0 @ptr_1 @ptr_2 [SL:METHOD_TIMER @ptr_3 SL:METHOD_TIMER] @ptr_4 @ptr_5 @ptr_6 IN:GET_TIMER]
Let me know when the timer gets down to one minute	Let Ġme Ġknow Ġwhen Ġthe Ġtimer Ġgets Ġdown Ġto Ġone Ġminute	[IN:GET_TIMER @ptr_0 @ptr_1 @ptr_2 @ptr_3 @ptr_4 [SL:METHOD_TIMER @ptr_5 SL:METHOD_TIMER] @ptr_6 @ptr_7 [SL:TIMER_NAME [IN:GET_TIME [SL:DATE_TIME @ptr_8 @ptr_9 @ptr_10 SL:DATE_TIME] IN:GET_TIME] SL:TIMER_NAME] IN:GET_TIMER]
How much time to I have to getup	How Ġmuch Ġtime Ġto ĠI Ġhave Ġto Ġget up	[IN:GET_TIMER @ptr_0 @ptr_1 @ptr_2 @ptr_3 @ptr_4 @ptr_5 @ptr_6 @ptr_7 @ptr_8 IN:GET_TIMER]
how many minutes are left on my timer ?	how Ġmany Ġminutes Ġare Ġleft Ġon Ġmy Ġtimer Ġ?	[IN:GET_TIMER @ptr_0 @ptr_1 @ptr_2 @ptr_3 @ptr_4 @ptr_5 @ptr_6 [SL:METHOD_TIMER @ptr_7 SL:METHOD_TIMER] @ptr_8 IN:GET_TIMER]
how much time is left for the timer to finish	how Ġmuch Ġtime Ġis Ġleft Ġfor Ġthe Ġtimer Ġto Ġfinish	[IN:GET_TIMER @ptr_0 @ptr_1 @ptr_2 @ptr_3 @ptr_4 @ptr_5 @ptr_6 @ptr_7 @ptr_8 @ptr_9 IN:GET_TIMER]
Tell me what the timer says	Tell Ġme Ġwhat Ġthe Ġtimer Ġsays	[IN:GET_TIMER @ptr_0 @ptr_1 @ptr_2 @ptr_3 [SL:METHOD_TIMER @ptr_4 SL:METHOD_TIMER] @ptr_5 IN:GET_TIMER]
How much time is left on timer ?	How Ġmuch Ġtime Ġis Ġleft Ġon Ġtimer Ġ?	[IN:GET_TIMER @ptr_0 @ptr_1 @ptr_2 @ptr_3 @ptr_4 @ptr_5 [SL:METHOD_TIMER @ptr_6 SL:METHOD_TIMER] @ptr_7 IN:GET_TIMER]
How much time until the granola is done ?	How Ġmuch Ġtime Ġuntil Ġthe Ġgran ola Ġis Ġdone Ġ?	[IN:GET_TIMER @ptr_0 @ptr_1 [SL:METHOD_TIMER @ptr_2 SL:METHOD_TIMER] @ptr_3 @ptr_4 @ptr_5 @ptr_6 @ptr_7 @ptr_8 @ptr_9 IN:GET_TIMER]
how much time do I have do I have left for the calculations ?	how Ġmuch Ġtime Ġdo ĠI Ġhave Ġdo ĠI Ġhave Ġleft Ġfor Ġthe Ġcalculations Ġ?	[IN:GET_TIMER @ptr_0 @ptr_1 [SL:METHOD_TIMER @ptr_2 SL:METHOD_TIMER] @ptr_3 @ptr_4 @ptr_5 @ptr_6 @ptr_7 @ptr_8 @ptr_9 @ptr_10 @ptr_11 @ptr_12 @ptr_13 IN:GET_TIMER]
how much time is left on the timer ?	how Ġmuch Ġtime Ġis Ġleft Ġon Ġthe Ġtimer Ġ?	[IN:GET_TIMER @ptr_0 @ptr_1 [SL:METHOD_TIMER @ptr_2 SL:METHOD_TIMER] @ptr_3 @ptr_4 @ptr_5 @ptr_6 [SL:METHOD_TIMER @ptr_7 SL:METHOD_TIMER] @ptr_8 IN:GET_TIMER]
Tell me the time remaining on the timer	Tell Ġme Ġthe Ġtime Ġremaining Ġon Ġthe Ġtimer	[IN:GET_TIMER @ptr_0 @ptr_1 @ptr_2 @ptr_3 @ptr_4 @ptr_5 @ptr_6 [SL:METHOD_TIMER @ptr_7 SL:METHOD_TIMER] IN:GET_TIMER]
What time is left on my timer ?	What Ġtime Ġis Ġleft Ġon Ġmy Ġtimer Ġ?	[IN:GET_TIMER @ptr_0 @ptr_1 @ptr_2 @ptr_3 @ptr_4 @ptr_5 [SL:METHOD_TIMER @ptr_6 SL:METHOD_TIMER] @ptr_7 IN:GET_TIMER]
add 45 minutes to sleep timer	add Ġ45 Ġminutes Ġto Ġsleep Ġtimer	[IN:ADD_TIME_TIMER @ptr_0 [SL:DATE_TIME @ptr_1 @ptr_2 SL:DATE_TIME] @ptr_3 @ptr_4 [SL:METHOD_TIMER @ptr_5 SL:METHOD_TIMER] IN:ADD_TIME_TIMER]
Can you add more time to my timer ?	Can Ġyou Ġadd Ġmore Ġtime Ġto Ġmy Ġtimer Ġ?	[IN:ADD_TIME_TIMER @ptr_0 @ptr_1 @ptr_2 @ptr_3 @ptr_4 @ptr_5 @ptr_6 [SL:METHOD_TIMER @ptr_7 SL:METHOD_TIMER] @ptr_8 IN:ADD_TIME_TIMER]
Add timer to go off in 45 minutes	Add Ġtimer Ġto Ġgo Ġoff Ġin Ġ45 Ġminutes	[IN:ADD_TIME_TIMER @ptr_0 [SL:METHOD_TIMER @ptr_1 SL:METHOD_TIMER] @ptr_2 @ptr_3 @ptr_4 [SL:DATE_TIME @ptr_5 @ptr_6 @ptr_7 SL:DATE_TIME] IN:ADD_TIME_TIMER]
Add 50 minutes to the first timer	Add Ġ50 Ġminutes Ġto Ġthe Ġfirst Ġtimer	[IN:ADD_TIME_TIMER @ptr_0 [SL:DATE_TIME @ptr_1 @ptr_2 SL:DATE_TIME] @ptr_3 @ptr_4 [SL:ORDINAL @ptr_5 SL:ORDINAL] [SL:METHOD_TIMER @ptr_6 SL:METHOD_TIMER] IN:ADD_TIME_TIMER]
Add five more minutes	Add Ġfive Ġmore Ġminutes	[IN:ADD_TIME_TIMER @ptr_0 [SL:DATE_TIME @ptr_1 @ptr_2 @ptr_3 SL:DATE_TIME] IN:ADD_TIME_TIMER]
add 5 minutes to the timer	add Ġ5 Ġminutes Ġto Ġthe Ġtimer	[IN:ADD_TIME_TIMER @ptr_0 [SL:DATE_TIME @ptr_1 @ptr_2 SL:DATE_TIME] @ptr_3 @ptr_4 [SL:METHOD_TIMER @ptr_5 SL:METHOD_TIMER] IN:ADD_TIME_TIMER]
Please add 15 minutes to my timer .	Please Ġadd Ġ15 Ġminutes Ġto Ġmy Ġtimer Ġ.	[IN:ADD_TIME_TIMER @ptr_0 @ptr_1 [SL:DATE_TIME @ptr_2 @ptr_3 SL:DATE_TIME] @ptr_4 @ptr_5 [SL:METHOD_TIMER @ptr_6 SL:METHOD_TIMER] @ptr_7 IN:ADD_TIME_TIMER]
add 17 minutes to my timer	add Ġ17 Ġminutes Ġto Ġmy Ġtimer	[IN:ADD_TIME_TIMER @ptr_0 [SL:DATE_TIME @ptr_1 @ptr_2 SL:DATE_TIME] @ptr_3 @ptr_4 [SL:METHOD_TIMER @ptr_5 SL:METHOD_TIMER] IN:ADD_TIME_TIMER]
Give 10 more minutes to the timer	Give Ġ10 Ġmore Ġminutes Ġto Ġthe Ġtimer	[IN:ADD_TIME_TIMER @ptr_0 [SL:DATE_TIME @ptr_1 @ptr_2 @ptr_3 SL:DATE_TIME] @ptr_4 @ptr_5 @ptr_6 IN:ADD_TIME_TIMER]
add 5 minutes to the timer	add Ġ5 Ġminutes Ġto Ġthe Ġtimer	[IN:ADD_TIME_TIMER @ptr_0 [SL:DATE_TIME @ptr_1 @ptr_2 SL:DATE_TIME] @ptr_3 @ptr_4 [SL:METHOD_TIMER @ptr_5 SL:METHOD_TIMER] IN:ADD_TIME_TIMER]
Hi Bot ! Can you please add the 15 minutes I missed in yesterday 's music practice for today	Hi ĠBot Ġ! ĠCan Ġyou Ġplease Ġadd Ġthe Ġ15 Ġminutes ĠI Ġmissed Ġin Ġyesterday Ġ' s Ġmusic Ġpractice Ġfor Ġtoday	[IN:ADD_TIME_TIMER @ptr_0 @ptr_1 @ptr_2 @ptr_3 @ptr_4 @ptr_5 @ptr_6 [SL:DATE_TIME @ptr_7 @ptr_8 @ptr_9 SL:DATE_TIME] @ptr_10 @ptr_11 @ptr_12 @ptr_13 @ptr_14 @ptr_15 [SL:TIMER_NAME @ptr_16 @ptr_17 SL:TIMER_NAME] [SL:DATE_TIME @ptr_18 @ptr_19 SL:DATE_TIME] IN:ADD_TIME_TIMER]
add 30 seconds to timer	add Ġ30 Ġseconds Ġto Ġtimer	[IN:ADD_TIME_TIMER @ptr_0 [SL:DATE_TIME @ptr_1 @ptr_2 SL:DATE_TIME] @ptr_3 [SL:METHOD_TIMER @ptr_4 SL:METHOD_TIMER] IN:ADD_TIME_TIMER]
Add 1 hour to over time timer .	Add Ġ1 Ġhour Ġto Ġover Ġtime Ġtimer Ġ.	[IN:ADD_TIME_TIMER @ptr_0 [SL:DATE_TIME @ptr_1 @ptr_2 SL:DATE_TIME] @ptr_3 [SL:TIMER_NAME @ptr_4 @ptr_5 SL:TIMER_NAME] [SL:METHOD_TIMER @ptr_6 SL:METHOD_TIMER] @ptr_7 IN:ADD_TIME_TIMER]
change my timer and add 10 minutes	change Ġmy Ġtimer Ġand Ġadd Ġ10 Ġminutes	[IN:ADD_TIME_TIMER @ptr_0 @ptr_1 [SL:METHOD_TIMER @ptr_2 SL:METHOD_TIMER] @ptr_3 @ptr_4 [SL:DATE_TIME @ptr_5 @ptr_6 SL:DATE_TIME] IN:ADD_TIME_TIMER]
ADD 10 MINUTES TO THE TIMER	ADD Ġ10 ĠMIN UT ES ĠTO ĠTHE ĠTIM ER	[IN:ADD_TIME_TIMER @ptr_0 [SL:DATE_TIME @ptr_1 @ptr_2 @ptr_3 @ptr_4 SL:DATE_TIME] @ptr_5 @ptr_6 [SL:METHOD_TIMER @ptr_7 @ptr_8 SL:METHOD_TIMER] IN:ADD_TIME_TIMER]
Can you add 5 minutes to the timer ?	Can Ġyou Ġadd Ġ5 Ġminutes Ġto Ġthe Ġtimer Ġ?	[IN:ADD_TIME_TIMER @ptr_0 @ptr_1 @ptr_2 [SL:DATE_TIME @ptr_3 @ptr_4 SL:DATE_TIME] @ptr_5 @ptr_6 [SL:METHOD_TIMER @ptr_7 SL:METHOD_TIMER] @ptr_8 IN:ADD_TIME_TIMER]
Add 10 seconds to my timer .	Add Ġ10 Ġseconds Ġto Ġmy Ġtimer Ġ.	[IN:ADD_TIME_TIMER @ptr_0 [SL:DATE_TIME @ptr_1 @ptr_2 SL:DATE_TIME] @ptr_3 @ptr_4 [SL:METHOD_TIMER @ptr_5 SL:METHOD_TIMER] @ptr_6 IN:ADD_TIME_TIMER]
Add 1 more minute to the timer	Add Ġ1 Ġmore Ġminute Ġto Ġthe Ġtimer	[IN:ADD_TIME_TIMER @ptr_0 [SL:DATE_TIME @ptr_1 @ptr_2 @ptr_3 SL:DATE_TIME] @ptr_4 @ptr_5 [SL:METHOD_TIMER @ptr_6 SL:METHOD_TIMER] IN:ADD_TIME_TIMER]
Add 1 minute to my timer	Add Ġ1 Ġminute Ġto Ġmy Ġtimer	[IN:ADD_TIME_TIMER @ptr_0 [SL:DATE_TIME @ptr_1 @ptr_2 SL:DATE_TIME] @ptr_3 @ptr_4 [SL:METHOD_TIMER @ptr_5 SL:METHOD_TIMER] IN:ADD_TIME_TIMER]
Add 12 minutes to my timer .	Add Ġ12 Ġminutes Ġto Ġmy Ġtimer Ġ.	[IN:ADD_TIME_TIMER @ptr_0 [SL:DATE_TIME @ptr_1 @ptr_2 SL:DATE_TIME] @ptr_3 @ptr_4 [SL:METHOD_TIMER @ptr_5 SL:METHOD_TIMER] @ptr_6 IN:ADD_TIME_TIMER]
Add 5 minutes to my timer	Add Ġ5 Ġminutes Ġto Ġmy Ġtimer	[IN:ADD_TIME_TIMER @ptr_0 [SL:DATE_TIME @ptr_1 @ptr_2 SL:DATE_TIME] @ptr_3 @ptr_4 [SL:METHOD_TIMER @ptr_5 SL:METHOD_TIMER] IN:ADD_TIME_TIMER]
Add 10 minutes to my timer	Add Ġ10 Ġminutes Ġto Ġmy Ġtimer	[IN:ADD_TIME_TIMER @ptr_0 [SL:DATE_TIME @ptr_1 @ptr_2 SL:DATE_TIME] @ptr_3 @ptr_4 [SL:METHOD_TIMER @ptr_5 SL:METHOD_TIMER] IN:ADD_TIME_TIMER]
add ten minutes to the timer	add Ġten Ġminutes Ġto Ġthe Ġtimer	[IN:ADD_TIME_TIMER @ptr_0 [SL:DATE_TIME @ptr_1 @ptr_2 SL:DATE_TIME] @ptr_3 @ptr_4 [SL:METHOD_TIMER @ptr_5 SL:METHOD_TIMER] IN:ADD_TIME_TIMER]
add ten minutes to my timer	add Ġten Ġminutes Ġto Ġmy Ġtimer	[IN:ADD_TIME_TIMER @ptr_0 [SL:DATE_TIME @ptr_1 @ptr_2 SL:DATE_TIME] @ptr_3 @ptr_4 [SL:METHOD_TIMER @ptr_5 SL:METHOD_TIMER] IN:ADD_TIME_TIMER]
add 20 minutes to the timer	add Ġ20 Ġminutes Ġto Ġthe Ġtimer	[IN:ADD_TIME_TIMER @ptr_0 [SL:DATE_TIME @ptr_1 @ptr_2 SL:DATE_TIME] @ptr_3 @ptr_4 [SL:METHOD_TIMER @ptr_5 SL:METHOD_TIMER] IN:ADD_TIME_TIMER]
When time is done , restart timer for 12 minutes	When Ġtime Ġis Ġdone Ġ, Ġrestart Ġtimer Ġfor Ġ12 Ġminutes	[IN:RESTART_TIMER @ptr_0 @ptr_1 @ptr_2 @ptr_3 @ptr_4 @ptr_5 [SL:METHOD_TIMER @ptr_6 SL:METHOD_TIMER] [SL:TIMER_NAME [IN:GET_TIME [SL:DATE_TIME @ptr_7 @ptr_8 @ptr_9 SL:DATE_TIME] IN:GET_TIME] SL:TIMER_NAME] IN:RESTART_TIMER]
I need a 45 minute timer for my session with a client	I Ġneed Ġa Ġ45 Ġminute Ġtimer Ġfor Ġmy Ġsession Ġwith Ġa Ġclient	[IN:CREATE_TIMER @ptr_0 @ptr_1 @ptr_2 [SL:DATE_TIME @ptr_3 @ptr_4 SL:DATE_TIME] [SL:METHOD_TIMER @ptr_5 SL:METHOD_TIMER] @ptr_6 @ptr_7 [SL:TIMER_NAME @ptr_8 @ptr_9 @ptr_10 @ptr_11 SL:TIMER_NAME] IN:CREATE_TIMER]
Resume timer for 10 minutes	Res ume Ġtimer Ġfor Ġ10 Ġminutes	[IN:RESUME_TIMER @ptr_0 @ptr_1 [SL:METHOD_TIMER @ptr_2 SL:METHOD_TIMER] [SL:TIMER_NAME [IN:GET_TIME [SL:DATE_TIME @ptr_3 @ptr_4 @ptr_5 SL:DATE_TIME] IN:GET_TIME] SL:TIMER_NAME] IN:RESUME_TIMER]
Is timer set for 4 pm ?	Is Ġtimer Ġset Ġfor Ġ4 Ġpm Ġ?	[IN:GET_TIMER @ptr_0 [SL:METHOD_TIMER @ptr_1 SL:METHOD_TIMER] @ptr_2 [SL:TIMER_NAME [IN:GET_TIME [SL:DATE_TIME @ptr_3 @ptr_4 @ptr_5 SL:DATE_TIME] IN:GET_TIME] SL:TIMER_NAME] @ptr_6 IN:GET_TIMER]
Time my session	Time Ġmy Ġsession	[IN:CREATE_TIMER [SL:METHOD_TIMER @ptr_0 SL:METHOD_TIMER] @ptr_1 [SL:TIMER_NAME @ptr_2 SL:TIMER_NAME] IN:CREATE_TIMER]
How long do I have left on my 20 minute timer	How Ġlong Ġdo ĠI Ġhave Ġleft Ġon Ġmy Ġ20 Ġminute Ġtimer	[IN:GET_TIMER @ptr_0 @ptr_1 @ptr_2 @ptr_3 @ptr_4 @ptr_5 @ptr_6 @ptr_7 [SL:TIMER_NAME [IN:GET_TIME [SL:DATE_TIME @ptr_8 @ptr_9 SL:DATE_TIME] IN:GET_TIME] SL:TIMER_NAME] [SL:METHOD_TIMER @ptr_10 SL:METHOD_TIMER] IN:GET_TIMER]
Let me know when the timer has been running for 12 minutes .	Let Ġme Ġknow Ġwhen Ġthe Ġtimer Ġhas Ġbeen Ġrunning Ġfor Ġ12 Ġminutes Ġ.	[IN:GET_TIMER @ptr_0 @ptr_1 @ptr_2 @ptr_3 @ptr_4 [SL:METHOD_TIMER @ptr_5 SL:METHOD_TIMER] @ptr_6 @ptr_7 @ptr_8 [SL:TIMER_NAME [IN:GET_TIME [SL:DATE_TIME @ptr_9 @ptr_10 @ptr_11 SL:DATE_TIME] IN:GET_TIME] SL:TIMER_NAME] @ptr_12 IN:GET_TIMER]
set the timer for my 1 hour nap	set Ġthe Ġtimer Ġfor Ġmy Ġ1 Ġhour Ġnap	[IN:CREATE_TIMER @ptr_0 @ptr_1 [SL:METHOD_TIMER @ptr_2 SL:METHOD_TIMER] @ptr_3 @ptr_4 [SL:DATE_TIME @ptr_5 @ptr_6 SL:DATE_TIME] [SL:TIMER_NAME @ptr_7 SL:TIMER_NAME] IN:CREATE_TIMER]
Will my timer go off before 5 : 00	Will Ġmy Ġtimer Ġgo Ġoff Ġbefore Ġ5 Ġ: Ġ00	[IN:GET_TIMER @ptr_0 @ptr_1 [SL:METHOD_TIMER @ptr_2 SL:METHOD_TIMER] @ptr_3 @ptr_4 [SL:TIMER_NAME [IN:GET_TIME [SL:DATE_TIME @ptr_5 @ptr_6 @ptr_7 @ptr_8 SL:DATE_TIME] IN:GET_TIME] SL:TIMER_NAME] IN:GET_TIMER]
I need a 15 minute timer for cookies	I Ġneed Ġa Ġ15 Ġminute Ġtimer Ġfor Ġcookies	[IN:CREATE_TIMER @ptr_0 @ptr_1 @ptr_2 [SL:DATE_TIME @ptr_3 @ptr_4 SL:DATE_TIME] [SL:METHOD_TIMER @ptr_5 SL:METHOD_TIMER] @ptr_6 [SL:TIMER_NAME @ptr_7 SL:TIMER_NAME] IN:CREATE_TIMER]
Begin egg timer	Begin Ġegg Ġtimer	[IN:CREATE_TIMER @ptr_0 [SL:TIMER_NAME @ptr_1 SL:TIMER_NAME] [SL:METHOD_TIMER @ptr_2 SL:METHOD_TIMER] IN:CREATE_TIMER]
Create a timer labeled pick up tim for 25 minutes	Create Ġa Ġtimer Ġlabeled Ġpick Ġup Ġtim Ġfor Ġ25 Ġminutes	[IN:CREATE_TIMER @ptr_0 @ptr_1 [SL:METHOD_TIMER @ptr_2 SL:METHOD_TIMER] @ptr_3 [SL:TIMER_NAME @ptr_4 @ptr_5 @ptr_6 SL:TIMER_NAME] [SL:DATE_TIME @ptr_7 @ptr_8 @ptr_9 SL:DATE_TIME] IN:CREATE_TIMER]
Pull up the timer that 's running called foot massage .	Pull Ġup Ġthe Ġtimer Ġthat Ġ' s Ġrunning Ġcalled Ġfoot Ġmassage Ġ.	[IN:GET_TIMER @ptr_0 @ptr_1 @ptr_2 [SL:METHOD_TIMER @ptr_3 SL:METHOD_TIMER] @ptr_4 @ptr_5 @ptr_6 @ptr_7 @ptr_8 [SL:TIMER_NAME @ptr_9 @ptr_10 SL:TIMER_NAME] @ptr_11 IN:GET_TIMER]
Let me know when there are less than 4 minutes left on this timer	Let Ġme Ġknow Ġwhen Ġthere Ġare Ġless Ġthan Ġ4 Ġminutes Ġleft Ġon Ġthis Ġtimer	[IN:GET_TIMER @ptr_0 @ptr_1 @ptr_2 @ptr_3 @ptr_4 @ptr_5 [SL:TIMER_NAME [IN:GET_TIME [SL:DATE_TIME @ptr_6 @ptr_7 @ptr_8 @ptr_9 SL:DATE_TIME] IN:GET_TIME] SL:TIMER_NAME] @ptr_10 @ptr_11 @ptr_12 [SL:METHOD_TIMER @ptr_13 SL:METHOD_TIMER] IN:GET_TIMER]
Alert me when my timer reaches 20 minutes	Alert Ġme Ġwhen Ġmy Ġtimer Ġreaches Ġ20 Ġminutes	[IN:GET_TIMER @ptr_0 @ptr_1 @ptr_2 @ptr_3 [SL:METHOD_TIMER @ptr_4 SL:METHOD_TIMER] @ptr_5 [SL:TIMER_NAME [IN:GET_TIME [SL:DATE_TIME @ptr_6 @ptr_7 SL:DATE_TIME] IN:GET_TIME] SL:TIMER_NAME] IN:GET_TIMER]
14 minute timer resume now	14 Ġminute Ġtimer Ġresume Ġnow	[IN:RESUME_TIMER [SL:TIMER_NAME [IN:GET_TIME [SL:DATE_TIME @ptr_0 @ptr_1 SL:DATE_TIME] IN:GET_TIME] SL:TIMER_NAME] [SL:METHOD_TIMER @ptr_2 SL:METHOD_TIMER] @ptr_3 @ptr_4 IN:RESUME_TIMER]
Toss the timer I have set for homework .	T oss Ġthe Ġtimer ĠI Ġhave Ġset Ġfor Ġhomework Ġ.	[IN:DELETE_TIMER @ptr_0 @ptr_1 @ptr_2 [SL:METHOD_TIMER @ptr_3 SL:METHOD_TIMER] @ptr_4 @ptr_5 @ptr_6 @ptr_7 [SL:TIMER_NAME @ptr_8 SL:TIMER_NAME] @ptr_9 IN:DELETE_TIMER]
Put up the 2 minute timer	Put Ġup Ġthe Ġ2 Ġminute Ġtimer	[IN:GET_TIMER @ptr_0 @ptr_1 @ptr_2 [SL:TIMER_NAME [IN:GET_TIMER [SL:TIMER_NAME [IN:GET_TIME [SL:DATE_TIME @ptr_3 @ptr_4 SL:DATE_TIME] IN:GET_TIME] SL:TIMER_NAME] IN:GET_TIMER] SL:TIMER_NAME] [SL:METHOD_TIMER @ptr_5 SL:METHOD_TIMER] IN:GET_TIMER]
can you pause my 3 minute timer	can Ġyou Ġpause Ġmy Ġ3 Ġminute Ġtimer	[IN:PAUSE_TIMER @ptr_0 @ptr_1 @ptr_2 @ptr_3 [SL:TIMER_NAME [IN:GET_TIME [SL:DATE_TIME @ptr_4 @ptr_5 SL:DATE_TIME] IN:GET_TIME] SL:TIMER_NAME] [SL:METHOD_TIMER @ptr_6 SL:METHOD_TIMER] IN:PAUSE_TIMER]
restart the 10 min timer now	rest art Ġthe Ġ10 Ġmin Ġtimer Ġnow	[IN:RESTART_TIMER @ptr_0 @ptr_1 @ptr_2 [SL:TIMER_NAME [IN:GET_TIME [SL:DATE_TIME @ptr_3 @ptr_4 SL:DATE_TIME] IN:GET_TIME] SL:TIMER_NAME] [SL:METHOD_TIMER @ptr_5 SL:METHOD_TIMER] @ptr_6 IN:RESTART_TIMER]
are there more than 5 minutes left on the timer ?	are Ġthere Ġmore Ġthan Ġ5 Ġminutes Ġleft Ġon Ġthe Ġtimer Ġ?	[IN:GET_TIMER @ptr_0 @ptr_1 @ptr_2 @ptr_3 [SL:TIMER_NAME [IN:GET_TIME [SL:DATE_TIME @ptr_4 @ptr_5 SL:DATE_TIME] IN:GET_TIME] SL:TIMER_NAME] @ptr_6 @ptr_7 @ptr_8 [SL:METHOD_TIMER @ptr_9 SL:METHOD_TIMER] @ptr_10 IN:GET_TIMER]
drop the timer that is an hour	drop Ġthe Ġtimer Ġthat Ġis Ġan Ġhour	[IN:DELETE_TIMER @ptr_0 @ptr_1 [SL:METHOD_TIMER @ptr_2 SL:METHOD_TIMER] @ptr_3 @ptr_4 @ptr_5 [SL:TIMER_NAME [IN:GET_TIME [SL:DATE_TIME @ptr_6 SL:DATE_TIME] IN:GET_TIME] SL:TIMER_NAME] IN:DELETE_TIMER]
Update my dog walking timer	Update Ġmy Ġdog Ġwalking Ġtimer	[IN:UPDATE_TIMER @ptr_0 @ptr_1 [SL:TIMER_NAME @ptr_2 @ptr_3 SL:TIMER_NAME] [SL:METHOD_TIMER @ptr_4 SL:METHOD_TIMER] IN:UPDATE_TIMER]
Set a timer for the second batch of cookies .	Set Ġa Ġtimer Ġfor Ġthe Ġsecond Ġbatch Ġof Ġcookies Ġ.	[IN:CREATE_TIMER @ptr_0 @ptr_1 [SL:METHOD_TIMER @ptr_2 SL:METHOD_TIMER] @ptr_3 @ptr_4 [SL:TIMER_NAME @ptr_5 @ptr_6 @ptr_7 @ptr_8 SL:TIMER_NAME] @ptr_9 IN:CREATE_TIMER]
I don't need the workout timer anymore	I Ġdon 't Ġneed Ġthe Ġworkout Ġtimer Ġanymore	[IN:DELETE_TIMER @ptr_0 @ptr_1 @ptr_2 @ptr_3 @ptr_4 [SL:TIMER_NAME @ptr_5 SL:TIMER_NAME] [SL:METHOD_TIMER @ptr_6 SL:METHOD_TIMER] @ptr_7 IN:DELETE_TIMER]
How much longer on my timer ?	How Ġmuch Ġlonger Ġon Ġmy Ġtimer Ġ?	[IN:GET_TIMER @ptr_0 @ptr_1 @ptr_2 @ptr_3 @ptr_4 [SL:METHOD_TIMER @ptr_5 SL:METHOD_TIMER] @ptr_6 IN:GET_TIMER]
How much time is left on the timer ?	How Ġmuch Ġtime Ġis Ġleft Ġon Ġthe Ġtimer Ġ?	[IN:GET_TIMER @ptr_0 @ptr_1 [SL:METHOD_TIMER @ptr_2 SL:METHOD_TIMER] @ptr_3 @ptr_4 @ptr_5 @ptr_6 [SL:METHOD_TIMER @ptr_7 SL:METHOD_TIMER] @ptr_8 IN:GET_TIMER]
How many seconds are left on the timer ?	How Ġmany Ġseconds Ġare Ġleft Ġon Ġthe Ġtimer Ġ?	[IN:GET_TIMER @ptr_0 @ptr_1 @ptr_2 @ptr_3 @ptr_4 @ptr_5 @ptr_6 [SL:METHOD_TIMER @ptr_7 SL:METHOD_TIMER] @ptr_8 IN:GET_TIMER]
What is my current timer status now ?	What Ġis Ġmy Ġcurrent Ġtimer Ġstatus Ġnow Ġ?	[IN:GET_TIMER @ptr_0 @ptr_1 @ptr_2 @ptr_3 [SL:METHOD_TIMER @ptr_4 SL:METHOD_TIMER] @ptr_5 @ptr_6 @ptr_7 IN:GET_TIMER]
What time will the timer go off ?	What Ġtime Ġwill Ġthe Ġtimer Ġgo Ġoff Ġ?	[IN:GET_TIMER @ptr_0 @ptr_1 @ptr_2 @ptr_3 [SL:METHOD_TIMER @ptr_4 SL:METHOD_TIMER] @ptr_5 @ptr_6 @ptr_7 IN:GET_TIMER]
How long until the timer runs out ?	How Ġlong Ġuntil Ġthe Ġtimer Ġruns Ġout Ġ?	[IN:GET_TIMER @ptr_0 @ptr_1 @ptr_2 @ptr_3 [SL:METHOD_TIMER @ptr_4 SL:METHOD_TIMER] @ptr_5 @ptr_6 @ptr_7 IN:GET_TIMER]
How much longer before time runs out ?	How Ġmuch Ġlonger Ġbefore Ġtime Ġruns Ġout Ġ?	[IN:GET_TIMER @ptr_0 @ptr_1 @ptr_2 @ptr_3 [SL:METHOD_TIMER @ptr_4 SL:METHOD_TIMER] @ptr_5 @ptr_6 @ptr_7 IN:GET_TIMER]
How long til my timer hits 0	How Ġlong Ġtil Ġmy Ġtimer Ġhits Ġ0	[IN:GET_TIMER @ptr_0 @ptr_1 @ptr_2 @ptr_3 [SL:METHOD_TIMER @ptr_4 SL:METHOD_TIMER] @ptr_5 @ptr_6 IN:GET_TIMER]
Time left ?	Time Ġleft Ġ?	[IN:GET_TIMER [SL:METHOD_TIMER @ptr_0 SL:METHOD_TIMER] @ptr_1 @ptr_2 IN:GET_TIMER]
How much longer	How Ġmuch Ġlonger	[IN:GET_TIMER @ptr_0 @ptr_1 @ptr_2 IN:GET_TIMER]
How close am I to the stop time	How Ġclose Ġam ĠI Ġto Ġthe Ġstop Ġtime	[IN:GET_TIMER @ptr_0 @ptr_1 @ptr_2 @ptr_3 @ptr_4 @ptr_5 @ptr_6 @ptr_7 IN:GET_TIMER]
pause the 30 minute timer	pause Ġthe Ġ30 Ġminute Ġtimer	[IN:PAUSE_TIMER @ptr_0 [SL:TIMER_NAME [IN:GET_TIME [SL:DATE_TIME @ptr_1 @ptr_2 @ptr_3 SL:DATE_TIME] IN:GET_TIME] SL:TIMER_NAME] [SL:METHOD_TIMER @ptr_4 SL:METHOD_TIMER] IN:PAUSE_TIMER]
I need to see the 8 minute timer	I Ġneed Ġto Ġsee Ġthe Ġ8 Ġminute Ġtimer	[IN:GET_TIMER @ptr_0 @ptr_1 @ptr_2 @ptr_3 @ptr_4 [SL:TIMER_NAME [IN:GET_TIMER [SL:TIMER_NAME [IN:GET_TIME [SL:DATE_TIME @ptr_5 @ptr_6 SL:DATE_TIME] IN:GET_TIME] SL:TIMER_NAME] IN:GET_TIMER] SL:TIMER_NAME] [SL:METHOD_TIMER @ptr_7 SL:METHOD_TIMER] IN:GET_TIMER]
How many minutes left on the timer ?	How Ġmany Ġminutes Ġleft Ġon Ġthe Ġtimer Ġ?	[IN:GET_TIMER @ptr_0 @ptr_1 @ptr_2 @ptr_3 @ptr_4 @ptr_5 [SL:METHOD_TIMER @ptr_6 SL:METHOD_TIMER] @ptr_7 IN:GET_TIMER]
when is the timer going off ?	when Ġis Ġthe Ġtimer Ġgoing Ġoff Ġ?	[IN:GET_TIMER @ptr_0 @ptr_1 @ptr_2 [SL:METHOD_TIMER @ptr_3 SL:METHOD_TIMER] @ptr_4 @ptr_5 @ptr_6 IN:GET_TIMER]
How many minutes left	How Ġmany Ġminutes Ġleft	[IN:GET_TIMER @ptr_0 @ptr_1 @ptr_2 @ptr_3 IN:GET_TIMER]
what timers do i have set	what Ġtimers Ġdo Ġi Ġhave Ġset	[IN:GET_TIMER @ptr_0 [SL:METHOD_TIMER @ptr_1 SL:METHOD_TIMER] @ptr_2 @ptr_3 @ptr_4 @ptr_5 IN:GET_TIMER]
Show the cookie timer	Show Ġthe Ġcookie Ġtimer	[IN:GET_TIMER @ptr_0 @ptr_1 [SL:TIMER_NAME @ptr_2 SL:TIMER_NAME] [SL:METHOD_TIMER @ptr_3 SL:METHOD_TIMER] IN:GET_TIMER]
What is the time left on my timer ?	What Ġis Ġthe Ġtime Ġleft Ġon Ġmy Ġtimer Ġ?	[IN:GET_TIMER @ptr_0 @ptr_1 @ptr_2 @ptr_3 @ptr_4 @ptr_5 @ptr_6 [SL:METHOD_TIMER @ptr_7 SL:METHOD_TIMER] @ptr_8 IN:GET_TIMER]
what timers do I have going	what Ġtimers Ġdo ĠI Ġhave Ġgoing	[IN:GET_TIMER @ptr_0 [SL:METHOD_TIMER @ptr_1 SL:METHOD_TIMER] @ptr_2 @ptr_3 @ptr_4 @ptr_5 IN:GET_TIMER]
how long until alarm on timer goes off	how Ġlong Ġuntil Ġalarm Ġon Ġtimer Ġgoes Ġoff	[IN:GET_TIMER @ptr_0 @ptr_1 @ptr_2 @ptr_3 @ptr_4 @ptr_5 @ptr_6 @ptr_7 IN:GET_TIMER]
show me my timers	show Ġme Ġmy Ġtimers	[IN:GET_TIMER @ptr_0 @ptr_1 @ptr_2 [SL:METHOD_TIMER @ptr_3 SL:METHOD_TIMER] IN:GET_TIMER]
How long left on the 25 minute timer	How Ġlong Ġleft Ġon Ġthe Ġ25 Ġminute Ġtimer	[IN:GET_TIMER @ptr_0 @ptr_1 @ptr_2 [SL:TIMER_NAME [IN:GET_TIME [SL:DATE_TIME @ptr_3 @ptr_4 @ptr_5 @ptr_6 SL:DATE_TIME] IN:GET_TIME] SL:TIMER_NAME] [SL:METHOD_TIMER @ptr_7 SL:METHOD_TIMER] IN:GET_TIMER]
how much time left on timer ?	how Ġmuch Ġtime Ġleft Ġon Ġtimer Ġ?	[IN:GET_TIMER @ptr_0 @ptr_1 [SL:METHOD_TIMER @ptr_2 SL:METHOD_TIMER] @ptr_3 @ptr_4 [SL:METHOD_TIMER @ptr_5 SL:METHOD_TIMER] @ptr_6 IN:GET_TIMER]
How many more minutes do I have to go for	How Ġmany Ġmore Ġminutes Ġdo ĠI Ġhave Ġto Ġgo Ġfor	[IN:GET_TIMER @ptr_0 @ptr_1 @ptr_2 @ptr_3 @ptr_4 @ptr_5 @ptr_6 @ptr_7 @ptr_8 @ptr_9 IN:GET_TIMER]
Reset my timer please	Res et Ġmy Ġtimer Ġplease	[IN:RESTART_TIMER @ptr_0 @ptr_1 @ptr_2 [SL:METHOD_TIMER @ptr_3 SL:METHOD_TIMER] @ptr_4 IN:RESTART_TIMER]
Restart the timer , please .	Rest art Ġthe Ġtimer Ġ, Ġplease Ġ.	[IN:RESTART_TIMER @ptr_0 @ptr_1 @ptr_2 [SL:METHOD_TIMER @ptr_3 SL:METHOD_TIMER] @ptr_4 @ptr_5 @ptr_6 IN:RESTART_TIMER]
Reset the timer for 30 minutes	Res et Ġthe Ġtimer Ġfor Ġ30 Ġminutes	[IN:RESTART_TIMER @ptr_0 @ptr_1 @ptr_2 [SL:METHOD_TIMER @ptr_3 SL:METHOD_TIMER] [SL:TIMER_NAME [IN:GET_TIME [SL:DATE_TIME @ptr_4 @ptr_5 @ptr_6 SL:DATE_TIME] IN:GET_TIME] SL:TIMER_NAME] IN:RESTART_TIMER]
Restart the timer	Rest art Ġthe Ġtimer	[IN:RESTART_TIMER @ptr_0 @ptr_1 @ptr_2 [SL:METHOD_TIMER @ptr_3 SL:METHOD_TIMER] IN:RESTART_TIMER]
Reset time	Res et Ġtime	[IN:RESTART_TIMER @ptr_0 @ptr_1 [SL:METHOD_TIMER @ptr_2 SL:METHOD_TIMER] IN:RESTART_TIMER]
Start timer over	Start Ġtimer Ġover	[IN:RESTART_TIMER @ptr_0 [SL:METHOD_TIMER @ptr_1 SL:METHOD_TIMER] @ptr_2 IN:RESTART_TIMER]
will you restart the timer	will Ġyou Ġrestart Ġthe Ġtimer	[IN:RESTART_TIMER @ptr_0 @ptr_1 @ptr_2 @ptr_3 [SL:METHOD_TIMER @ptr_4 SL:METHOD_TIMER] IN:RESTART_TIMER]
reset timer	reset Ġtimer	[IN:RESTART_TIMER @ptr_0 [SL:METHOD_TIMER @ptr_1 SL:METHOD_TIMER] IN:RESTART_TIMER]
Reset timer	Res et Ġtimer	[IN:RESTART_TIMER @ptr_0 @ptr_1 [SL:METHOD_TIMER @ptr_2 SL:METHOD_TIMER] IN:RESTART_TIMER]
reset the baking time for one hour	reset Ġthe Ġbaking Ġtime Ġfor Ġone Ġhour	[IN:RESTART_TIMER @ptr_0 @ptr_1 @ptr_2 [SL:METHOD_TIMER @ptr_3 SL:METHOD_TIMER] [SL:TIMER_NAME [IN:GET_TIME [SL:DATE_TIME @ptr_4 @ptr_5 @ptr_6 SL:DATE_TIME] IN:GET_TIME] SL:TIMER_NAME] IN:RESTART_TIMER]
reset timer	reset Ġtimer	[IN:RESTART_TIMER @ptr_0 [SL:METHOD_TIMER @ptr_1 SL:METHOD_TIMER] IN:RESTART_TIMER]
restart the timer	rest art Ġthe Ġtimer	[IN:RESTART_TIMER @ptr_0 @ptr_1 @ptr_2 [SL:METHOD_TIMER @ptr_3 SL:METHOD_TIMER] IN:RESTART_TIMER]
Reset the dinner timer .	Res et Ġthe Ġdinner Ġtimer Ġ.	[IN:RESTART_TIMER @ptr_0 @ptr_1 @ptr_2 @ptr_3 [SL:METHOD_TIMER @ptr_4 SL:METHOD_TIMER] @ptr_5 IN:RESTART_TIMER]
remind me to restart my timer	rem ind Ġme Ġto Ġrestart Ġmy Ġtimer	[IN:RESTART_TIMER @ptr_0 @ptr_1 @ptr_2 @ptr_3 @ptr_4 @ptr_5 [SL:METHOD_TIMER @ptr_6 SL:METHOD_TIMER] IN:RESTART_TIMER]
restart timer at zero .	rest art Ġtimer Ġat Ġzero Ġ.	[IN:RESTART_TIMER @ptr_0 @ptr_1 [SL:METHOD_TIMER @ptr_2 SL:METHOD_TIMER] @ptr_3 @ptr_4 @ptr_5 IN:RESTART_TIMER]
Reset the microwave timer to 30 minutes .	Res et Ġthe Ġmicrowave Ġtimer Ġto Ġ30 Ġminutes Ġ.	[IN:RESTART_TIMER @ptr_0 @ptr_1 @ptr_2 @ptr_3 [SL:METHOD_TIMER @ptr_4 SL:METHOD_TIMER] [SL:DATE_TIME @ptr_5 @ptr_6 @ptr_7 SL:DATE_TIME] @ptr_8 IN:RESTART_TIMER]
reset all timers	reset Ġall Ġtimers	[IN:RESTART_TIMER @ptr_0 [SL:AMOUNT @ptr_1 SL:AMOUNT] [SL:METHOD_TIMER @ptr_2 SL:METHOD_TIMER] IN:RESTART_TIMER]
please reset the timer	please Ġreset Ġthe Ġtimer	[IN:RESTART_TIMER @ptr_0 @ptr_1 @ptr_2 [SL:METHOD_TIMER @ptr_3 SL:METHOD_TIMER] IN:RESTART_TIMER]
Restart the timer in 5 minutes	Rest art Ġthe Ġtimer Ġin Ġ5 Ġminutes	[IN:RESTART_TIMER @ptr_0 @ptr_1 @ptr_2 [SL:METHOD_TIMER @ptr_3 SL:METHOD_TIMER] [SL:DATE_TIME @ptr_4 @ptr_5 @ptr_6 SL:DATE_TIME] IN:RESTART_TIMER]
Restart timer .	Rest art Ġtimer Ġ.	[IN:RESTART_TIMER @ptr_0 @ptr_1 [SL:METHOD_TIMER @ptr_2 @ptr_3 SL:METHOD_TIMER] IN:RESTART_TIMER]
I want to reset timer	I Ġwant Ġto Ġreset Ġtimer	[IN:RESTART_TIMER @ptr_0 @ptr_1 @ptr_2 @ptr_3 [SL:METHOD_TIMER @ptr_4 SL:METHOD_TIMER] IN:RESTART_TIMER]
Restart timer	Rest art Ġtimer	[IN:RESTART_TIMER @ptr_0 @ptr_1 [SL:METHOD_TIMER @ptr_2 SL:METHOD_TIMER] IN:RESTART_TIMER]
restart the timer	rest art Ġthe Ġtimer	[IN:RESTART_TIMER @ptr_0 @ptr_1 @ptr_2 [SL:METHOD_TIMER @ptr_3 SL:METHOD_TIMER] IN:RESTART_TIMER]
Reset stopwatch	Res et Ġstop watch	[IN:RESTART_TIMER @ptr_0 @ptr_1 [SL:METHOD_TIMER @ptr_2 @ptr_3 SL:METHOD_TIMER] IN:RESTART_TIMER]
Restart the timer	Rest art Ġthe Ġtimer	[IN:RESTART_TIMER @ptr_0 @ptr_1 @ptr_2 [SL:METHOD_TIMER @ptr_3 SL:METHOD_TIMER] IN:RESTART_TIMER]
The paint dry timer should have less time on it .	The Ġpaint Ġdry Ġtimer Ġshould Ġhave Ġless Ġtime Ġon Ġit Ġ.	[IN:SUBTRACT_TIME_TIMER @ptr_0 [SL:TIMER_NAME @ptr_1 @ptr_2 SL:TIMER_NAME] [SL:METHOD_TIMER @ptr_3 SL:METHOD_TIMER] @ptr_4 @ptr_5 @ptr_6 @ptr_7 @ptr_8 @ptr_9 @ptr_10 IN:SUBTRACT_TIME_TIMER]
take 10 minutes off timer	take Ġ10 Ġminutes Ġoff Ġtimer	[IN:SUBTRACT_TIME_TIMER @ptr_0 [SL:DATE_TIME @ptr_1 @ptr_2 SL:DATE_TIME] @ptr_3 [SL:METHOD_TIMER @ptr_4 SL:METHOD_TIMER] IN:SUBTRACT_TIME_TIMER]
Subtract 7 minutes from the timer .	Sub t ract Ġ7 Ġminutes Ġfrom Ġthe Ġtimer Ġ.	[IN:SUBTRACT_TIME_TIMER @ptr_0 @ptr_1 @ptr_2 [SL:DATE_TIME @ptr_3 @ptr_4 SL:DATE_TIME] @ptr_5 @ptr_6 [SL:METHOD_TIMER @ptr_7 SL:METHOD_TIMER] @ptr_8 IN:SUBTRACT_TIME_TIMER]
fix the timer so that it goes off in 30 minutes .	fix Ġthe Ġtimer Ġso Ġthat Ġit Ġgoes Ġoff Ġin Ġ30 Ġminutes Ġ.	[IN:SUBTRACT_TIME_TIMER @ptr_0 @ptr_1 @ptr_2 @ptr_3 @ptr_4 @ptr_5 @ptr_6 @ptr_7 @ptr_8 @ptr_9 @ptr_10 @ptr_11 IN:SUBTRACT_TIME_TIMER]
Make the 25 minute mourning routine timer a 10 minute timer	Make Ġthe Ġ25 Ġminute Ġmourning Ġroutine Ġtimer Ġa Ġ10 Ġminute Ġtimer	[IN:SUBTRACT_TIME_TIMER @ptr_0 @ptr_1 [SL:TIMER_NAME [IN:GET_TIME [SL:DATE_TIME @ptr_2 @ptr_3 SL:DATE_TIME] IN:GET_TIME] SL:TIMER_NAME] [SL:TIMER_NAME @ptr_4 @ptr_5 SL:TIMER_NAME] [SL:METHOD_TIMER @ptr_6 SL:METHOD_TIMER] @ptr_7 [SL:DATE_TIME @ptr_8 @ptr_9 SL:DATE_TIME] [SL:METHOD_TIMER @ptr_10 SL:METHOD_TIMER] IN:SUBTRACT_TIME_TIMER]
Subtract 5 minutes from the baking timer .	Sub t ract Ġ5 Ġminutes Ġfrom Ġthe Ġbaking Ġtimer Ġ.	[IN:SUBTRACT_TIME_TIMER @ptr_0 @ptr_1 @ptr_2 [SL:DATE_TIME @ptr_3 @ptr_4 SL:DATE_TIME] @ptr_5 @ptr_6 @ptr_7 [SL:METHOD_TIMER @ptr_8 SL:METHOD_TIMER] @ptr_9 IN:SUBTRACT_TIME_TIMER]
Remove 17 minutes of my 1 hour timer .	Remove Ġ17 Ġminutes Ġof Ġmy Ġ1 Ġhour Ġtimer Ġ.	[IN:SUBTRACT_TIME_TIMER @ptr_0 [SL:DATE_TIME @ptr_1 @ptr_2 SL:DATE_TIME] @ptr_3 @ptr_4 [SL:DATE_TIME @ptr_5 @ptr_6 SL:DATE_TIME] [SL:METHOD_TIMER @ptr_7 SL:METHOD_TIMER] @ptr_8 IN:SUBTRACT_TIME_TIMER]
Reduce my timer by 10 minutes	Red uce Ġmy Ġtimer Ġby Ġ10 Ġminutes	[IN:SUBTRACT_TIME_TIMER @ptr_0 @ptr_1 @ptr_2 [SL:METHOD_TIMER @ptr_3 SL:METHOD_TIMER] [SL:DATE_TIME @ptr_4 @ptr_5 @ptr_6 SL:DATE_TIME] IN:SUBTRACT_TIME_TIMER]
Decrease timer by 5 minutes	Decre ase Ġtimer Ġby Ġ5 Ġminutes	[IN:SUBTRACT_TIME_TIMER @ptr_0 @ptr_1 [SL:METHOD_TIMER @ptr_2 SL:METHOD_TIMER] [SL:DATE_TIME @ptr_3 @ptr_4 @ptr_5 SL:DATE_TIME] IN:SUBTRACT_TIME_TIMER]
Please remove 10 minutes from my timer	Please Ġremove Ġ10 Ġminutes Ġfrom Ġmy Ġtimer	[IN:SUBTRACT_TIME_TIMER @ptr_0 @ptr_1 [SL:DATE_TIME @ptr_2 @ptr_3 SL:DATE_TIME] @ptr_4 @ptr_5 [SL:METHOD_TIMER @ptr_6 SL:METHOD_TIMER] IN:SUBTRACT_TIME_TIMER]
Take 3 minutes off of my timer .	Take Ġ3 Ġminutes Ġoff Ġof Ġmy Ġtimer Ġ.	[IN:SUBTRACT_TIME_TIMER @ptr_0 [SL:DATE_TIME @ptr_1 @ptr_2 SL:DATE_TIME] @ptr_3 @ptr_4 @ptr_5 [SL:METHOD_TIMER @ptr_6 SL:METHOD_TIMER] @ptr_7 IN:SUBTRACT_TIME_TIMER]
reduce my timer by 5 minutes	red uce Ġmy Ġtimer Ġby Ġ5 Ġminutes	[IN:SUBTRACT_TIME_TIMER @ptr_0 @ptr_1 @ptr_2 [SL:METHOD_TIMER @ptr_3 SL:METHOD_TIMER] [SL:DATE_TIME @ptr_4 @ptr_5 @ptr_6 SL:DATE_TIME] IN:SUBTRACT_TIME_TIMER]
Remove 10 minutes from timer	Remove Ġ10 Ġminutes Ġfrom Ġtimer	[IN:SUBTRACT_TIME_TIMER @ptr_0 [SL:DATE_TIME @ptr_1 @ptr_2 SL:DATE_TIME] @ptr_3 [SL:METHOD_TIMER @ptr_4 SL:METHOD_TIMER] IN:SUBTRACT_TIME_TIMER]
Decrease timer by 2 minutes .	Decre ase Ġtimer Ġby Ġ2 Ġminutes Ġ.	[IN:SUBTRACT_TIME_TIMER @ptr_0 @ptr_1 [SL:METHOD_TIMER @ptr_2 SL:METHOD_TIMER] [SL:DATE_TIME @ptr_3 @ptr_4 @ptr_5 SL:DATE_TIME] @ptr_6 IN:SUBTRACT_TIME_TIMER]
Subtract 30 minutes from my timer	Sub t ract Ġ30 Ġminutes Ġfrom Ġmy Ġtimer	[IN:SUBTRACT_TIME_TIMER @ptr_0 @ptr_1 @ptr_2 [SL:DATE_TIME @ptr_3 @ptr_4 SL:DATE_TIME] @ptr_5 @ptr_6 [SL:METHOD_TIMER @ptr_7 SL:METHOD_TIMER] IN:SUBTRACT_TIME_TIMER]
Shave off 30 minutes from the frittata timer	Sh ave Ġoff Ġ30 Ġminutes Ġfrom Ġthe Ġfr itt ata Ġtimer	[IN:SUBTRACT_TIME_TIMER @ptr_0 @ptr_1 @ptr_2 [SL:DATE_TIME @ptr_3 @ptr_4 SL:DATE_TIME] @ptr_5 @ptr_6 [SL:TIMER_NAME @ptr_7 @ptr_8 @ptr_9 SL:TIMER_NAME] [SL:METHOD_TIMER @ptr_10 SL:METHOD_TIMER] IN:SUBTRACT_TIME_TIMER]
Shorten the time on timer for face mask .	Short en Ġthe Ġtime Ġon Ġtimer Ġfor Ġface Ġmask Ġ.	[IN:SUBTRACT_TIME_TIMER @ptr_0 @ptr_1 @ptr_2 @ptr_3 @ptr_4 [SL:METHOD_TIMER @ptr_5 SL:METHOD_TIMER] @ptr_6 [SL:TIMER_NAME @ptr_7 @ptr_8 SL:TIMER_NAME] @ptr_9 IN:SUBTRACT_TIME_TIMER]
Deduct one minute from current timer .	D ed uct Ġone Ġminute Ġfrom Ġcurrent Ġtimer Ġ.	[IN:SUBTRACT_TIME_TIMER @ptr_0 @ptr_1 @ptr_2 [SL:DATE_TIME @ptr_3 @ptr_4 SL:DATE_TIME] @ptr_5 @ptr_6 [SL:METHOD_TIMER @ptr_7 SL:METHOD_TIMER] @ptr_8 IN:SUBTRACT_TIME_TIMER]
Can we remove 10 minutes from my workout timer ?	Can Ġwe Ġremove Ġ10 Ġminutes Ġfrom Ġmy Ġworkout Ġtimer Ġ?	[IN:SUBTRACT_TIME_TIMER @ptr_0 @ptr_1 @ptr_2 [SL:DATE_TIME @ptr_3 @ptr_4 SL:DATE_TIME] @ptr_5 @ptr_6 [SL:TIMER_NAME @ptr_7 SL:TIMER_NAME] [SL:METHOD_TIMER @ptr_8 SL:METHOD_TIMER] @ptr_9 IN:SUBTRACT_TIME_TIMER]
Take away from the time on my timer titled Jam Time .	Take Ġaway Ġfrom Ġthe Ġtime Ġon Ġmy Ġtimer Ġtitled ĠJam ĠTime Ġ.	[IN:SUBTRACT_TIME_TIMER @ptr_0 @ptr_1 @ptr_2 @ptr_3 @ptr_4 @ptr_5 @ptr_6 [SL:METHOD_TIMER @ptr_7 SL:METHOD_TIMER] @ptr_8 [SL:TIMER_NAME @ptr_9 @ptr_10 SL:TIMER_NAME] @ptr_11 IN:SUBTRACT_TIME_TIMER]
Take away 1 hour from boiled peanuts timer .	Take Ġaway Ġ1 Ġhour Ġfrom Ġboiled Ġpeanuts Ġtimer Ġ.	[IN:SUBTRACT_TIME_TIMER @ptr_0 @ptr_1 [SL:DATE_TIME @ptr_2 @ptr_3 SL:DATE_TIME] @ptr_4 [SL:TIMER_NAME @ptr_5 @ptr_6 SL:TIMER_NAME] [SL:METHOD_TIMER @ptr_7 SL:METHOD_TIMER] @ptr_8 IN:SUBTRACT_TIME_TIMER]
take 3 minutes off the timer	take Ġ3 Ġminutes Ġoff Ġthe Ġtimer	[IN:SUBTRACT_TIME_TIMER @ptr_0 [SL:DATE_TIME @ptr_1 @ptr_2 SL:DATE_TIME] @ptr_3 @ptr_4 [SL:METHOD_TIMER @ptr_5 SL:METHOD_TIMER] IN:SUBTRACT_TIME_TIMER]
Remove 10 minutes from the workout timer	Remove Ġ10 Ġminutes Ġfrom Ġthe Ġworkout Ġtimer	[IN:SUBTRACT_TIME_TIMER @ptr_0 [SL:DATE_TIME @ptr_1 @ptr_2 SL:DATE_TIME] @ptr_3 @ptr_4 [SL:TIMER_NAME @ptr_5 SL:TIMER_NAME] [SL:METHOD_TIMER @ptr_6 SL:METHOD_TIMER] IN:SUBTRACT_TIME_TIMER]
Remove 5 minutes off timer labeled gym	Remove Ġ5 Ġminutes Ġoff Ġtimer Ġlabeled Ġgym	[IN:SUBTRACT_TIME_TIMER @ptr_0 [SL:DATE_TIME @ptr_1 @ptr_2 SL:DATE_TIME] @ptr_3 [SL:METHOD_TIMER @ptr_4 SL:METHOD_TIMER] @ptr_5 @ptr_6 IN:SUBTRACT_TIME_TIMER]
Shorten timer by one hour	Short en Ġtimer Ġby Ġone Ġhour	[IN:SUBTRACT_TIME_TIMER @ptr_0 @ptr_1 [SL:METHOD_TIMER @ptr_2 SL:METHOD_TIMER] [SL:DATE_TIME @ptr_3 @ptr_4 @ptr_5 SL:DATE_TIME] IN:SUBTRACT_TIME_TIMER]
Cancel my current timers .	C ancel Ġmy Ġcurrent Ġtimers Ġ.	[IN:DELETE_TIMER @ptr_0 @ptr_1 @ptr_2 @ptr_3 [SL:METHOD_TIMER @ptr_4 SL:METHOD_TIMER] @ptr_5 IN:DELETE_TIMER]
Delete all timers	Delete Ġall Ġtimers	[IN:DELETE_TIMER @ptr_0 [SL:AMOUNT @ptr_1 SL:AMOUNT] [SL:METHOD_TIMER @ptr_2 SL:METHOD_TIMER] IN:DELETE_TIMER]
delete the current timer	delete Ġthe Ġcurrent Ġtimer	[IN:DELETE_TIMER @ptr_0 @ptr_1 @ptr_2 [SL:METHOD_TIMER @ptr_3 SL:METHOD_TIMER] IN:DELETE_TIMER]
end timer	end Ġtimer	[IN:DELETE_TIMER @ptr_0 [SL:METHOD_TIMER @ptr_1 SL:METHOD_TIMER] IN:DELETE_TIMER]
End timer	End Ġtimer	[IN:DELETE_TIMER @ptr_0 [SL:METHOD_TIMER @ptr_1 SL:METHOD_TIMER] IN:DELETE_TIMER]
Delete first five timers .	Delete Ġfirst Ġfive Ġtimers Ġ.	[IN:DELETE_TIMER @ptr_0 [SL:ORDINAL @ptr_1 SL:ORDINAL] @ptr_2 [SL:METHOD_TIMER @ptr_3 SL:METHOD_TIMER] @ptr_4 IN:DELETE_TIMER]
delete current timer	delete Ġcurrent Ġtimer	[IN:DELETE_TIMER @ptr_0 @ptr_1 [SL:METHOD_TIMER @ptr_2 SL:METHOD_TIMER] IN:DELETE_TIMER]
You can drop that workout timer	You Ġcan Ġdrop Ġthat Ġworkout Ġtimer	[IN:DELETE_TIMER @ptr_0 @ptr_1 @ptr_2 @ptr_3 [SL:TIMER_NAME @ptr_4 SL:TIMER_NAME] [SL:METHOD_TIMER @ptr_5 SL:METHOD_TIMER] IN:DELETE_TIMER]
Delete the timer .	Delete Ġthe Ġtimer Ġ.	[IN:DELETE_TIMER @ptr_0 @ptr_1 [SL:METHOD_TIMER @ptr_2 SL:METHOD_TIMER] @ptr_3 IN:DELETE_TIMER]
drop timer	drop Ġtimer	[IN:DELETE_TIMER @ptr_0 [SL:METHOD_TIMER @ptr_1 SL:METHOD_TIMER] IN:DELETE_TIMER]
cancel the timer	c ancel Ġthe Ġtimer	[IN:DELETE_TIMER @ptr_0 @ptr_1 @ptr_2 [SL:METHOD_TIMER @ptr_3 SL:METHOD_TIMER] IN:DELETE_TIMER]
Cancel that timer	C ancel Ġthat Ġtimer	[IN:DELETE_TIMER @ptr_0 @ptr_1 @ptr_2 [SL:METHOD_TIMER @ptr_3 SL:METHOD_TIMER] IN:DELETE_TIMER]
Cancel the timer	C ancel Ġthe Ġtimer	[IN:DELETE_TIMER @ptr_0 @ptr_1 @ptr_2 [SL:METHOD_TIMER @ptr_3 SL:METHOD_TIMER] IN:DELETE_TIMER]
End timer	End Ġtimer	[IN:DELETE_TIMER @ptr_0 [SL:METHOD_TIMER @ptr_1 SL:METHOD_TIMER] IN:DELETE_TIMER]
Delete all timers set	Delete Ġall Ġtimers Ġset	[IN:DELETE_TIMER @ptr_0 [SL:AMOUNT @ptr_1 SL:AMOUNT] [SL:METHOD_TIMER @ptr_2 SL:METHOD_TIMER] @ptr_3 IN:DELETE_TIMER]
delete next timer that is set	delete Ġnext Ġtimer Ġthat Ġis Ġset	[IN:DELETE_TIMER @ptr_0 [SL:ORDINAL @ptr_1 SL:ORDINAL] [SL:METHOD_TIMER @ptr_2 SL:METHOD_TIMER] @ptr_3 @ptr_4 @ptr_5 IN:DELETE_TIMER]
Cancel my current timer .	C ancel Ġmy Ġcurrent Ġtimer Ġ.	[IN:DELETE_TIMER @ptr_0 @ptr_1 @ptr_2 @ptr_3 [SL:METHOD_TIMER @ptr_4 SL:METHOD_TIMER] @ptr_5 IN:DELETE_TIMER]
Cancel the current timer	C ancel Ġthe Ġcurrent Ġtimer	[IN:DELETE_TIMER @ptr_0 @ptr_1 @ptr_2 @ptr_3 [SL:METHOD_TIMER @ptr_4 SL:METHOD_TIMER] IN:DELETE_TIMER]
End timer	End Ġtimer	[IN:DELETE_TIMER @ptr_0 [SL:METHOD_TIMER @ptr_1 SL:METHOD_TIMER] IN:DELETE_TIMER]
Cancel timer .	C ancel Ġtimer Ġ.	[IN:DELETE_TIMER @ptr_0 @ptr_1 [SL:METHOD_TIMER @ptr_2 SL:METHOD_TIMER] @ptr_3 IN:DELETE_TIMER]
abort timer	ab ort Ġtimer	[IN:DELETE_TIMER @ptr_0 @ptr_1 [SL:METHOD_TIMER @ptr_2 SL:METHOD_TIMER] IN:DELETE_TIMER]
Delete previous timer and add new one .	Delete Ġprevious Ġtimer Ġand Ġadd Ġnew Ġone Ġ.	[IN:DELETE_TIMER @ptr_0 @ptr_1 [SL:METHOD_TIMER @ptr_2 SL:METHOD_TIMER] @ptr_3 @ptr_4 @ptr_5 @ptr_6 @ptr_7 IN:DELETE_TIMER]
delete timer	delete Ġtimer	[IN:DELETE_TIMER @ptr_0 [SL:METHOD_TIMER @ptr_1 SL:METHOD_TIMER] IN:DELETE_TIMER]
Cancel my timer please .	C ancel Ġmy Ġtimer Ġplease Ġ.	[IN:DELETE_TIMER @ptr_0 @ptr_1 @ptr_2 [SL:METHOD_TIMER @ptr_3 SL:METHOD_TIMER] @ptr_4 @ptr_5 IN:DELETE_TIMER]
cancel my timer please .	c ancel Ġmy Ġtimer Ġplease Ġ.	[IN:DELETE_TIMER @ptr_0 @ptr_1 @ptr_2 [SL:METHOD_TIMER @ptr_3 SL:METHOD_TIMER] @ptr_4 @ptr_5 IN:DELETE_TIMER]
Resume the timer	Res ume Ġthe Ġtimer	[IN:RESUME_TIMER @ptr_0 @ptr_1 @ptr_2 [SL:METHOD_TIMER @ptr_3 SL:METHOD_TIMER] IN:RESUME_TIMER]
resume timer	res ume Ġtimer	[IN:RESUME_TIMER @ptr_0 @ptr_1 [SL:METHOD_TIMER @ptr_2 SL:METHOD_TIMER] IN:RESUME_TIMER]
Resume the current timer .	Res ume Ġthe Ġcurrent Ġtimer Ġ.	[IN:RESUME_TIMER @ptr_0 @ptr_1 @ptr_2 @ptr_3 [SL:METHOD_TIMER @ptr_4 SL:METHOD_TIMER] @ptr_5 IN:RESUME_TIMER]
resume the timer	res ume Ġthe Ġtimer	[IN:RESUME_TIMER @ptr_0 @ptr_1 @ptr_2 [SL:METHOD_TIMER @ptr_3 SL:METHOD_TIMER] IN:RESUME_TIMER]
Resume 45 minute timer and add 45 more minutes	Res ume Ġ45 Ġminute Ġtimer Ġand Ġadd Ġ45 Ġmore Ġminutes	[IN:RESUME_TIMER @ptr_0 @ptr_1 [SL:TIMER_NAME [IN:GET_TIME [SL:DATE_TIME @ptr_2 @ptr_3 SL:DATE_TIME] IN:GET_TIME] SL:TIMER_NAME] [SL:METHOD_TIMER @ptr_4 SL:METHOD_TIMER] @ptr_5 @ptr_6 @ptr_7 @ptr_8 @ptr_9 IN:RESUME_TIMER]
Resume my timer .	Res ume Ġmy Ġtimer Ġ.	[IN:RESUME_TIMER @ptr_0 @ptr_1 @ptr_2 [SL:METHOD_TIMER @ptr_3 SL:METHOD_TIMER] @ptr_4 IN:RESUME_TIMER]
Start it up again	Start Ġit Ġup Ġagain	[IN:RESUME_TIMER @ptr_0 @ptr_1 @ptr_2 @ptr_3 IN:RESUME_TIMER]
resume the timer in 5 minutes	res ume Ġthe Ġtimer Ġin Ġ5 Ġminutes	[IN:RESUME_TIMER @ptr_0 @ptr_1 @ptr_2 [SL:METHOD_TIMER @ptr_3 SL:METHOD_TIMER] [SL:DATE_TIME @ptr_4 @ptr_5 @ptr_6 SL:DATE_TIME] IN:RESUME_TIMER]
Resume timer .	Res ume Ġtimer Ġ.	[IN:RESUME_TIMER @ptr_0 @ptr_1 [SL:METHOD_TIMER @ptr_2 SL:METHOD_TIMER] @ptr_3 IN:RESUME_TIMER]
resume timer	res ume Ġtimer	[IN:RESUME_TIMER @ptr_0 @ptr_1 [SL:METHOD_TIMER @ptr_2 SL:METHOD_TIMER] IN:RESUME_TIMER]
resume the timer	res ume Ġthe Ġtimer	[IN:RESUME_TIMER @ptr_0 @ptr_1 @ptr_2 [SL:METHOD_TIMER @ptr_3 SL:METHOD_TIMER] IN:RESUME_TIMER]
resume timer please	res ume Ġtimer Ġplease	[IN:RESUME_TIMER @ptr_0 @ptr_1 [SL:METHOD_TIMER @ptr_2 SL:METHOD_TIMER] @ptr_3 IN:RESUME_TIMER]
Repeat the timer	Repeat Ġthe Ġtimer	[IN:RESUME_TIMER @ptr_0 @ptr_1 [SL:METHOD_TIMER @ptr_2 SL:METHOD_TIMER] IN:RESUME_TIMER]
pick back up on the timer	pick Ġback Ġup Ġon Ġthe Ġtimer	[IN:RESUME_TIMER @ptr_0 @ptr_1 @ptr_2 @ptr_3 @ptr_4 [SL:METHOD_TIMER @ptr_5 SL:METHOD_TIMER] IN:RESUME_TIMER]
resume the timer please	res ume Ġthe Ġtimer Ġplease	[IN:RESUME_TIMER @ptr_0 @ptr_1 @ptr_2 [SL:METHOD_TIMER @ptr_3 SL:METHOD_TIMER] @ptr_4 IN:RESUME_TIMER]
Resume the timer now .	Res ume Ġthe Ġtimer Ġnow Ġ.	[IN:RESUME_TIMER @ptr_0 @ptr_1 @ptr_2 [SL:METHOD_TIMER @ptr_3 SL:METHOD_TIMER] @ptr_4 @ptr_5 IN:RESUME_TIMER]
please resume both of my timers	please Ġresume Ġboth Ġof Ġmy Ġtimers	[IN:RESUME_TIMER @ptr_0 @ptr_1 [SL:AMOUNT @ptr_2 SL:AMOUNT] @ptr_3 @ptr_4 [SL:METHOD_TIMER @ptr_5 SL:METHOD_TIMER] IN:RESUME_TIMER]
resume timer	res ume Ġtimer	[IN:RESUME_TIMER @ptr_0 @ptr_1 [SL:METHOD_TIMER @ptr_2 SL:METHOD_TIMER] IN:RESUME_TIMER]
Resume the current timer	Res ume Ġthe Ġcurrent Ġtimer	[IN:RESUME_TIMER @ptr_0 @ptr_1 @ptr_2 @ptr_3 [SL:METHOD_TIMER @ptr_4 SL:METHOD_TIMER] IN:RESUME_TIMER]
You can now unstop the ironing timer	You Ġcan Ġnow Ġun stop Ġthe Ġiron ing Ġtimer	[IN:RESUME_TIMER @ptr_0 @ptr_1 @ptr_2 @ptr_3 @ptr_4 @ptr_5 [SL:TIMER_NAME @ptr_6 @ptr_7 SL:TIMER_NAME] [SL:METHOD_TIMER @ptr_8 SL:METHOD_TIMER] IN:RESUME_TIMER]
resume my timer in 5 minutes please	res ume Ġmy Ġtimer Ġin Ġ5 Ġminutes Ġplease	[IN:RESUME_TIMER @ptr_0 @ptr_1 @ptr_2 [SL:METHOD_TIMER @ptr_3 SL:METHOD_TIMER] [SL:DATE_TIME @ptr_4 @ptr_5 @ptr_6 SL:DATE_TIME] @ptr_7 IN:RESUME_TIMER]
Resume timer for my son 's time out	Res ume Ġtimer Ġfor Ġmy Ġson Ġ' s Ġtime Ġout	[IN:RESUME_TIMER @ptr_0 @ptr_1 [SL:METHOD_TIMER @ptr_2 SL:METHOD_TIMER] @ptr_3 @ptr_4 @ptr_5 @ptr_6 @ptr_7 @ptr_8 @ptr_9 IN:RESUME_TIMER]
Resume timer after 30 minutes	Res ume Ġtimer Ġafter Ġ30 Ġminutes	[IN:RESUME_TIMER @ptr_0 @ptr_1 [SL:METHOD_TIMER @ptr_2 SL:METHOD_TIMER] [SL:DATE_TIME @ptr_3 @ptr_4 @ptr_5 SL:DATE_TIME] IN:RESUME_TIMER]
resume timer	res ume Ġtimer	[IN:RESUME_TIMER @ptr_0 @ptr_1 [SL:METHOD_TIMER @ptr_2 SL:METHOD_TIMER] IN:RESUME_TIMER]
Please resume the timer	Please Ġresume Ġthe Ġtimer	[IN:RESUME_TIMER @ptr_0 @ptr_1 @ptr_2 [SL:METHOD_TIMER @ptr_3 SL:METHOD_TIMER] IN:RESUME_TIMER]
what 's the average time for the race	what Ġ' s Ġthe Ġaverage Ġtime Ġfor Ġthe Ġrace	[IN:UNSUPPORTED_TIMER @ptr_0 @ptr_1 @ptr_2 @ptr_3 @ptr_4 @ptr_5 @ptr_6 @ptr_7 @ptr_8 IN:UNSUPPORTED_TIMER]
Pause my timer for 10 seconds every 10 minutes	Pause Ġmy Ġtimer Ġfor Ġ10 Ġseconds Ġevery Ġ10 Ġminutes	[IN:UNSUPPORTED_TIMER @ptr_0 @ptr_1 @ptr_2 @ptr_3 @ptr_4 @ptr_5 @ptr_6 @ptr_7 @ptr_8 IN:UNSUPPORTED_TIMER]
what is going to happen when the timer is finished ?	what Ġis Ġgoing Ġto Ġhappen Ġwhen Ġthe Ġtimer Ġis Ġfinished Ġ?	[IN:UNSUPPORTED_TIMER @ptr_0 @ptr_1 @ptr_2 @ptr_3 @ptr_4 @ptr_5 @ptr_6 [SL:METHOD_TIMER @ptr_7 SL:METHOD_TIMER] @ptr_8 @ptr_9 @ptr_10 IN:UNSUPPORTED_TIMER]
Please time me until I say stop	Please Ġtime Ġme Ġuntil ĠI Ġsay Ġstop	[IN:UNSUPPORTED_TIMER @ptr_0 @ptr_1 @ptr_2 @ptr_3 @ptr_4 @ptr_5 @ptr_6 IN:UNSUPPORTED_TIMER]
merge the timers	mer ge Ġthe Ġtimers	[IN:UNSUPPORTED_TIMER @ptr_0 @ptr_1 @ptr_2 [SL:METHOD_TIMER @ptr_3 SL:METHOD_TIMER] IN:UNSUPPORTED_TIMER]
let me know when I have 10 minutes left on my timer	let Ġme Ġknow Ġwhen ĠI Ġhave Ġ10 Ġminutes Ġleft Ġon Ġmy Ġtimer	[IN:UNSUPPORTED_TIMER @ptr_0 @ptr_1 @ptr_2 @ptr_3 @ptr_4 @ptr_5 @ptr_6 @ptr_7 @ptr_8 @ptr_9 @ptr_10 @ptr_11 IN:UNSUPPORTED_TIMER]
set the timer to go off every 15 minutes	set Ġthe Ġtimer Ġto Ġgo Ġoff Ġevery Ġ15 Ġminutes	[IN:UNSUPPORTED_TIMER @ptr_0 @ptr_1 @ptr_2 @ptr_3 @ptr_4 @ptr_5 @ptr_6 @ptr_7 @ptr_8 IN:UNSUPPORTED_TIMER]
create 3 timers 1 minute each	create Ġ3 Ġtimers Ġ1 Ġminute Ġeach	[IN:UNSUPPORTED_TIMER @ptr_0 @ptr_1 @ptr_2 @ptr_3 @ptr_4 @ptr_5 IN:UNSUPPORTED_TIMER]
I want an alarm to go off every 5 minutes for a half hour	I Ġwant Ġan Ġalarm Ġto Ġgo Ġoff Ġevery Ġ5 Ġminutes Ġfor Ġa Ġhalf Ġhour	[IN:UNSUPPORTED_TIMER @ptr_0 @ptr_1 @ptr_2 @ptr_3 @ptr_4 @ptr_5 @ptr_6 @ptr_7 @ptr_8 @ptr_9 @ptr_10 @ptr_11 @ptr_12 @ptr_13 IN:UNSUPPORTED_TIMER]
sound an alarm once timer is complete	sound Ġan Ġalarm Ġonce Ġtimer Ġis Ġcomplete	[IN:UNSUPPORTED_TIMER @ptr_0 @ptr_1 @ptr_2 @ptr_3 [SL:METHOD_TIMER @ptr_4 SL:METHOD_TIMER] @ptr_5 @ptr_6 IN:UNSUPPORTED_TIMER]
Can you please set a timer to buzz every two minutes for the next ten minutes , then stop	Can Ġyou Ġplease Ġset Ġa Ġtimer Ġto Ġbuzz Ġevery Ġtwo Ġminutes Ġfor Ġthe Ġnext Ġten Ġminutes Ġ, Ġthen Ġstop	[IN:UNSUPPORTED_TIMER @ptr_0 @ptr_1 @ptr_2 @ptr_3 @ptr_4 @ptr_5 @ptr_6 @ptr_7 @ptr_8 @ptr_9 @ptr_10 @ptr_11 @ptr_12 [SL:ORDINAL @ptr_13 SL:ORDINAL] @ptr_14 @ptr_15 @ptr_16 @ptr_17 @ptr_18 IN:UNSUPPORTED_TIMER]
record time	record Ġtime	[IN:UNSUPPORTED_TIMER @ptr_0 [SL:METHOD_TIMER @ptr_1 SL:METHOD_TIMER] IN:UNSUPPORTED_TIMER]
Begin interval timers	Begin Ġinterval Ġtimers	[IN:UNSUPPORTED_TIMER @ptr_0 @ptr_1 @ptr_2 IN:UNSUPPORTED_TIMER]
how much longer can I nap for	how Ġmuch Ġlonger Ġcan ĠI Ġnap Ġfor	[IN:UNSUPPORTED_TIMER @ptr_0 @ptr_1 @ptr_2 @ptr_3 @ptr_4 @ptr_5 @ptr_6 IN:UNSUPPORTED_TIMER]
Set timer every minute for three days	Set Ġtimer Ġevery Ġminute Ġfor Ġthree Ġdays	[IN:UNSUPPORTED_TIMER @ptr_0 @ptr_1 @ptr_2 @ptr_3 @ptr_4 @ptr_5 @ptr_6 IN:UNSUPPORTED_TIMER]
resume current stop clock	res ume Ġcurrent Ġstop Ġclock	[IN:UNSUPPORTED_TIMER @ptr_0 @ptr_1 @ptr_2 @ptr_3 @ptr_4 IN:UNSUPPORTED_TIMER]
stop stop watch	stop Ġstop Ġwatch	[IN:UNSUPPORTED_TIMER @ptr_0 @ptr_1 @ptr_2 IN:UNSUPPORTED_TIMER]
Set timer for one minute every 10 minutes	Set Ġtimer Ġfor Ġone Ġminute Ġevery Ġ10 Ġminutes	[IN:UNSUPPORTED_TIMER @ptr_0 @ptr_1 @ptr_2 @ptr_3 @ptr_4 @ptr_5 @ptr_6 @ptr_7 IN:UNSUPPORTED_TIMER]
Restart timer in ten seconds	Rest art Ġtimer Ġin Ġten Ġseconds	[IN:UNSUPPORTED_TIMER @ptr_0 @ptr_1 @ptr_2 @ptr_3 @ptr_4 @ptr_5 IN:UNSUPPORTED_TIMER]
Time how long I can hold my breath	Time Ġhow Ġlong ĠI Ġcan Ġhold Ġmy Ġbreath	[IN:UNSUPPORTED_TIMER @ptr_0 @ptr_1 @ptr_2 @ptr_3 @ptr_4 @ptr_5 @ptr_6 @ptr_7 IN:UNSUPPORTED_TIMER]
Set alarm every fifteen minutes	Set Ġalarm Ġevery Ġfifteen Ġminutes	[IN:UNSUPPORTED_TIMER @ptr_0 @ptr_1 @ptr_2 @ptr_3 @ptr_4 IN:UNSUPPORTED_TIMER]
tell me when its been 18 minutes	tell Ġme Ġwhen Ġits Ġbeen Ġ18 Ġminutes	[IN:UNSUPPORTED_TIMER @ptr_0 @ptr_1 @ptr_2 @ptr_3 @ptr_4 @ptr_5 @ptr_6 IN:UNSUPPORTED_TIMER]
Start 3 new timer 2 minutes apart	Start Ġ3 Ġnew Ġtimer Ġ2 Ġminutes Ġapart	[IN:UNSUPPORTED_TIMER @ptr_0 @ptr_1 @ptr_2 @ptr_3 @ptr_4 @ptr_5 @ptr_6 IN:UNSUPPORTED_TIMER]
Set the timer to go off every 10 minutes to increase the speed of the treadmill	Set Ġthe Ġtimer Ġto Ġgo Ġoff Ġevery Ġ10 Ġminutes Ġto Ġincrease Ġthe Ġspeed Ġof Ġthe Ġtreadmill	[IN:UNSUPPORTED_TIMER @ptr_0 @ptr_1 @ptr_2 @ptr_3 @ptr_4 @ptr_5 @ptr_6 @ptr_7 @ptr_8 @ptr_9 @ptr_10 @ptr_11 @ptr_12 @ptr_13 @ptr_14 @ptr_15 IN:UNSUPPORTED_TIMER]
Set a 30 second timer every hour for two hours	Set Ġa Ġ30 Ġsecond Ġtimer Ġevery Ġhour Ġfor Ġtwo Ġhours	[IN:UNSUPPORTED_TIMER @ptr_0 @ptr_1 @ptr_2 [SL:ORDINAL @ptr_3 SL:ORDINAL] @ptr_4 @ptr_5 @ptr_6 @ptr_7 @ptr_8 @ptr_9 IN:UNSUPPORTED_TIMER]
Cancel the first timer	C ancel Ġthe Ġfirst Ġtimer	[IN:DELETE_TIMER @ptr_0 @ptr_1 @ptr_2 [SL:ORDINAL @ptr_3 SL:ORDINAL] [SL:METHOD_TIMER @ptr_4 SL:METHOD_TIMER] IN:DELETE_TIMER]
update second timer	update Ġsecond Ġtimer	[IN:UPDATE_TIMER @ptr_0 [SL:ORDINAL @ptr_1 SL:ORDINAL] [SL:METHOD_TIMER @ptr_2 SL:METHOD_TIMER] IN:UPDATE_TIMER]
Delete last timer	Delete Ġlast Ġtimer	[IN:DELETE_TIMER @ptr_0 [SL:ORDINAL @ptr_1 SL:ORDINAL] [SL:METHOD_TIMER @ptr_2 SL:METHOD_TIMER] IN:DELETE_TIMER]
delete last timer set	delete Ġlast Ġtimer Ġset	[IN:DELETE_TIMER @ptr_0 [SL:ORDINAL @ptr_1 SL:ORDINAL] [SL:METHOD_TIMER @ptr_2 SL:METHOD_TIMER] @ptr_3 IN:DELETE_TIMER]
set timer for every 5 minutes over the next hour	set Ġtimer Ġfor Ġevery Ġ5 Ġminutes Ġover Ġthe Ġnext Ġhour	[IN:UNSUPPORTED_TIMER @ptr_0 @ptr_1 @ptr_2 @ptr_3 @ptr_4 @ptr_5 @ptr_6 @ptr_7 [SL:ORDINAL @ptr_8 SL:ORDINAL] @ptr_9 IN:UNSUPPORTED_TIMER]
HOW LONG WAS THE LAST TIME RECORDED	HOW ĠLONG ĠWAS ĠTHE ĠLAST ĠTIME ĠREC ORD ED	[IN:GET_TIMER @ptr_0 @ptr_1 @ptr_2 @ptr_3 [SL:ORDINAL @ptr_4 SL:ORDINAL] [SL:METHOD_TIMER @ptr_5 SL:METHOD_TIMER] @ptr_6 @ptr_7 @ptr_8 IN:GET_TIMER]
delete last timer	delete Ġlast Ġtimer	[IN:DELETE_TIMER @ptr_0 [SL:ORDINAL @ptr_1 SL:ORDINAL] [SL:METHOD_TIMER @ptr_2 SL:METHOD_TIMER] IN:DELETE_TIMER]
cancel last timer	c ancel Ġlast Ġtimer	[IN:DELETE_TIMER @ptr_0 @ptr_1 [SL:ORDINAL @ptr_2 SL:ORDINAL] [SL:METHOD_TIMER @ptr_3 SL:METHOD_TIMER] IN:DELETE_TIMER]
When is my next timer	When Ġis Ġmy Ġnext Ġtimer	[IN:GET_TIMER @ptr_0 @ptr_1 @ptr_2 [SL:ORDINAL @ptr_3 SL:ORDINAL] [SL:METHOD_TIMER @ptr_4 SL:METHOD_TIMER] IN:GET_TIMER]
Cancel the 15 second intervals	C ancel Ġthe Ġ15 Ġsecond Ġintervals	[IN:UNSUPPORTED_TIMER @ptr_0 @ptr_1 @ptr_2 @ptr_3 [SL:ORDINAL @ptr_4 SL:ORDINAL] @ptr_5 IN:UNSUPPORTED_TIMER]
Compare timer results to last session	Compare Ġtimer Ġresults Ġto Ġlast Ġsession	[IN:UNSUPPORTED_TIMER @ptr_0 @ptr_1 @ptr_2 @ptr_3 [SL:ORDINAL @ptr_4 SL:ORDINAL] @ptr_5 IN:UNSUPPORTED_TIMER]
Can you please set a timer to buzz every two minutes for the next ten minutes , then stop	Can Ġyou Ġplease Ġset Ġa Ġtimer Ġto Ġbuzz Ġevery Ġtwo Ġminutes Ġfor Ġthe Ġnext Ġten Ġminutes Ġ, Ġthen Ġstop	[IN:UNSUPPORTED_TIMER @ptr_0 @ptr_1 @ptr_2 @ptr_3 @ptr_4 @ptr_5 @ptr_6 @ptr_7 @ptr_8 @ptr_9 @ptr_10 @ptr_11 @ptr_12 [SL:ORDINAL @ptr_13 SL:ORDINAL] @ptr_14 @ptr_15 @ptr_16 @ptr_17 @ptr_18 IN:UNSUPPORTED_TIMER]
Change the next timer to happen 1 hour later	Change Ġthe Ġnext Ġtimer Ġto Ġhappen Ġ1 Ġhour Ġlater	[IN:UPDATE_TIMER @ptr_0 @ptr_1 [SL:ORDINAL @ptr_2 SL:ORDINAL] [SL:METHOD_TIMER @ptr_3 SL:METHOD_TIMER] @ptr_4 @ptr_5 [SL:DATE_TIME @ptr_6 @ptr_7 @ptr_8 SL:DATE_TIME] IN:UPDATE_TIMER]
set 5 10 second intervals	set Ġ5 Ġ10 Ġsecond Ġintervals	[IN:UNSUPPORTED_TIMER @ptr_0 @ptr_1 @ptr_2 [SL:ORDINAL @ptr_3 SL:ORDINAL] @ptr_4 IN:UNSUPPORTED_TIMER]
delete the last timer	delete Ġthe Ġlast Ġtimer	[IN:DELETE_TIMER @ptr_0 @ptr_1 [SL:ORDINAL @ptr_2 SL:ORDINAL] [SL:METHOD_TIMER @ptr_3 SL:METHOD_TIMER] IN:DELETE_TIMER]
Restart my last timer	Rest art Ġmy Ġlast Ġtimer	[IN:RESTART_TIMER @ptr_0 @ptr_1 @ptr_2 [SL:ORDINAL @ptr_3 SL:ORDINAL] [SL:METHOD_TIMER @ptr_4 SL:METHOD_TIMER] IN:RESTART_TIMER]
name the last timer as fastest walk	name Ġthe Ġlast Ġtimer Ġas Ġfastest Ġwalk	[IN:UNSUPPORTED_TIMER @ptr_0 @ptr_1 [SL:ORDINAL @ptr_2 SL:ORDINAL] @ptr_3 @ptr_4 @ptr_5 @ptr_6 IN:UNSUPPORTED_TIMER]
delete the first timer	delete Ġthe Ġfirst Ġtimer	[IN:DELETE_TIMER @ptr_0 @ptr_1 [SL:ORDINAL @ptr_2 SL:ORDINAL] [SL:METHOD_TIMER @ptr_3 SL:METHOD_TIMER] IN:DELETE_TIMER]
Remove the last 3 minutes from my timer	Remove Ġthe Ġlast Ġ3 Ġminutes Ġfrom Ġmy Ġtimer	[IN:SUBTRACT_TIME_TIMER @ptr_0 @ptr_1 [SL:ORDINAL @ptr_2 SL:ORDINAL] [SL:DATE_TIME @ptr_3 @ptr_4 SL:DATE_TIME] @ptr_5 @ptr_6 [SL:METHOD_TIMER @ptr_7 SL:METHOD_TIMER] IN:SUBTRACT_TIME_TIMER]
update fifth timer	update Ġfifth Ġtimer	[IN:UPDATE_TIMER @ptr_0 [SL:ORDINAL @ptr_1 SL:ORDINAL] [SL:METHOD_TIMER @ptr_2 SL:METHOD_TIMER] IN:UPDATE_TIMER]
Add timer recording to include the next program	Add Ġtimer Ġrecording Ġto Ġinclude Ġthe Ġnext Ġprogram	[IN:UNSUPPORTED_TIMER @ptr_0 [SL:METHOD_TIMER @ptr_1 SL:METHOD_TIMER] @ptr_2 @ptr_3 @ptr_4 @ptr_5 [SL:ORDINAL @ptr_6 SL:ORDINAL] @ptr_7 IN:UNSUPPORTED_TIMER]
set a times every three minutes for the next hour for my gym work out	set Ġa Ġtimes Ġevery Ġthree Ġminutes Ġfor Ġthe Ġnext Ġhour Ġfor Ġmy Ġgym Ġwork Ġout	[IN:UNSUPPORTED_TIMER @ptr_0 @ptr_1 @ptr_2 @ptr_3 @ptr_4 @ptr_5 @ptr_6 @ptr_7 [SL:ORDINAL @ptr_8 SL:ORDINAL] @ptr_9 @ptr_10 @ptr_11 @ptr_12 @ptr_13 @ptr_14 IN:UNSUPPORTED_TIMER]
set my timer for 1 minute intervals with a 20 second rest time	set Ġmy Ġtimer Ġfor Ġ1 Ġminute Ġintervals Ġwith Ġa Ġ20 Ġsecond Ġrest Ġtime	[IN:UNSUPPORTED_TIMER @ptr_0 @ptr_1 @ptr_2 @ptr_3 @ptr_4 @ptr_5 @ptr_6 @ptr_7 @ptr_8 @ptr_9 [SL:ORDINAL @ptr_10 SL:ORDINAL] @ptr_11 @ptr_12 IN:UNSUPPORTED_TIMER]
Restart the last timer	Rest art Ġthe Ġlast Ġtimer	[IN:RESTART_TIMER @ptr_0 @ptr_1 @ptr_2 [SL:ORDINAL @ptr_3 SL:ORDINAL] [SL:METHOD_TIMER @ptr_4 SL:METHOD_TIMER] IN:RESTART_TIMER]
remove last timer	remove Ġlast Ġtimer	[IN:DELETE_TIMER @ptr_0 [SL:ORDINAL @ptr_1 SL:ORDINAL] [SL:METHOD_TIMER @ptr_2 SL:METHOD_TIMER] IN:DELETE_TIMER]
Please change the current timer set to 10 minutes	Please Ġchange Ġthe Ġcurrent Ġtimer Ġset Ġto Ġ10 Ġminutes	[IN:UPDATE_TIMER @ptr_0 @ptr_1 @ptr_2 @ptr_3 [SL:METHOD_TIMER @ptr_4 SL:METHOD_TIMER] @ptr_5 [SL:DATE_TIME @ptr_6 @ptr_7 @ptr_8 SL:DATE_TIME] IN:UPDATE_TIMER]
change timer to 1 min	change Ġtimer Ġto Ġ1 Ġmin	[IN:UPDATE_TIMER @ptr_0 [SL:METHOD_TIMER @ptr_1 SL:METHOD_TIMER] [SL:DATE_TIME @ptr_2 @ptr_3 @ptr_4 SL:DATE_TIME] IN:UPDATE_TIMER]
Reschedule the timer set for today for tomorrow at the same time .	Res che dule Ġthe Ġtimer Ġset Ġfor Ġtoday Ġfor Ġtomorrow Ġat Ġthe Ġsame Ġtime Ġ.	[IN:UPDATE_TIMER @ptr_0 @ptr_1 @ptr_2 @ptr_3 [SL:METHOD_TIMER @ptr_4 SL:METHOD_TIMER] @ptr_5 @ptr_6 @ptr_7 [SL:DATE_TIME @ptr_8 @ptr_9 SL:DATE_TIME] @ptr_10 @ptr_11 @ptr_12 [SL:METHOD_TIMER @ptr_13 SL:METHOD_TIMER] @ptr_14 IN:UPDATE_TIMER]
reduce time	red uce Ġtime	[IN:UPDATE_TIMER @ptr_0 @ptr_1 [SL:METHOD_TIMER @ptr_2 SL:METHOD_TIMER] IN:UPDATE_TIMER]
Change the timer to 30 minutes .	Change Ġthe Ġtimer Ġto Ġ30 Ġminutes Ġ.	[IN:UPDATE_TIMER @ptr_0 @ptr_1 [SL:METHOD_TIMER @ptr_2 SL:METHOD_TIMER] [SL:DATE_TIME @ptr_3 @ptr_4 @ptr_5 SL:DATE_TIME] @ptr_6 IN:UPDATE_TIMER]
We should change nail timer to five minutes .	We Ġshould Ġchange Ġnail Ġtimer Ġto Ġfive Ġminutes Ġ.	[IN:UPDATE_TIMER @ptr_0 @ptr_1 @ptr_2 [SL:TIMER_NAME @ptr_3 SL:TIMER_NAME] [SL:METHOD_TIMER @ptr_4 SL:METHOD_TIMER] [SL:DATE_TIME @ptr_5 @ptr_6 @ptr_7 SL:DATE_TIME] @ptr_8 IN:UPDATE_TIMER]
please update those timers	please Ġupdate Ġthose Ġtimers	[IN:UPDATE_TIMER @ptr_0 @ptr_1 @ptr_2 [SL:METHOD_TIMER @ptr_3 SL:METHOD_TIMER] IN:UPDATE_TIMER]
Update the timer to one hour	Update Ġthe Ġtimer Ġto Ġone Ġhour	[IN:UPDATE_TIMER @ptr_0 @ptr_1 [SL:METHOD_TIMER @ptr_2 SL:METHOD_TIMER] [SL:DATE_TIME @ptr_3 @ptr_4 @ptr_5 SL:DATE_TIME] IN:UPDATE_TIMER]
adjust timer to 3 more mins	adjust Ġtimer Ġto Ġ3 Ġmore Ġmins	[IN:UPDATE_TIMER @ptr_0 [SL:METHOD_TIMER @ptr_1 SL:METHOD_TIMER] [SL:DATE_TIME @ptr_2 @ptr_3 @ptr_4 @ptr_5 SL:DATE_TIME] IN:UPDATE_TIMER]
Load my timer .	Load Ġmy Ġtimer Ġ.	[IN:UPDATE_TIMER @ptr_0 @ptr_1 [SL:METHOD_TIMER @ptr_2 SL:METHOD_TIMER] @ptr_3 IN:UPDATE_TIMER]
can you update the timer	can Ġyou Ġupdate Ġthe Ġtimer	[IN:UPDATE_TIMER @ptr_0 @ptr_1 @ptr_2 @ptr_3 [SL:METHOD_TIMER @ptr_4 SL:METHOD_TIMER] IN:UPDATE_TIMER]
Change my timer to 5 minutes	Change Ġmy Ġtimer Ġto Ġ5 Ġminutes	[IN:UPDATE_TIMER @ptr_0 @ptr_1 [SL:METHOD_TIMER @ptr_2 SL:METHOD_TIMER] [SL:DATE_TIME @ptr_3 @ptr_4 @ptr_5 SL:DATE_TIME] IN:UPDATE_TIMER]
Change timer from 15 minutes to 20 minutes .	Change Ġtimer Ġfrom Ġ15 Ġminutes Ġto Ġ20 Ġminutes Ġ.	[IN:UPDATE_TIMER @ptr_0 [SL:METHOD_TIMER @ptr_1 SL:METHOD_TIMER] [SL:TIMER_NAME [IN:GET_TIME [SL:DATE_TIME @ptr_2 @ptr_3 @ptr_4 SL:DATE_TIME] IN:GET_TIME] SL:TIMER_NAME] [SL:DATE_TIME @ptr_5 @ptr_6 @ptr_7 SL:DATE_TIME] @ptr_8 IN:UPDATE_TIMER]
Change timer	Change Ġtimer	[IN:UPDATE_TIMER @ptr_0 [SL:METHOD_TIMER @ptr_1 SL:METHOD_TIMER] IN:UPDATE_TIMER]
set timer back 2 minutes	set Ġtimer Ġback Ġ2 Ġminutes	[IN:UPDATE_TIMER @ptr_0 [SL:METHOD_TIMER @ptr_1 SL:METHOD_TIMER] @ptr_2 [SL:DATE_TIME @ptr_3 @ptr_4 SL:DATE_TIME] IN:UPDATE_TIMER]
update timer for me	update Ġtimer Ġfor Ġme	[IN:UPDATE_TIMER @ptr_0 [SL:METHOD_TIMER @ptr_1 SL:METHOD_TIMER] @ptr_2 @ptr_3 IN:UPDATE_TIMER]
change timer from 20 to 15 minutes	change Ġtimer Ġfrom Ġ20 Ġto Ġ15 Ġminutes	[IN:UPDATE_TIMER @ptr_0 [SL:METHOD_TIMER @ptr_1 SL:METHOD_TIMER] [SL:TIMER_NAME [IN:GET_TIME [SL:DATE_TIME @ptr_2 @ptr_3 SL:DATE_TIME] IN:GET_TIME] SL:TIMER_NAME] [SL:DATE_TIME @ptr_4 @ptr_5 @ptr_6 SL:DATE_TIME] IN:UPDATE_TIMER]
Could you adjust the pasta timer	Could Ġyou Ġadjust Ġthe Ġpasta Ġtimer	[IN:UPDATE_TIMER @ptr_0 @ptr_1 @ptr_2 @ptr_3 [SL:TIMER_NAME @ptr_4 SL:TIMER_NAME] [SL:METHOD_TIMER @ptr_5 SL:METHOD_TIMER] IN:UPDATE_TIMER]
Delay timer by 5 mins please	Del ay Ġtimer Ġby Ġ5 Ġmins Ġplease	[IN:UPDATE_TIMER @ptr_0 @ptr_1 [SL:METHOD_TIMER @ptr_2 SL:METHOD_TIMER] [SL:DATE_TIME @ptr_3 @ptr_4 @ptr_5 SL:DATE_TIME] @ptr_6 IN:UPDATE_TIMER]
reschedule timer	res che dule Ġtimer	[IN:UPDATE_TIMER @ptr_0 @ptr_1 @ptr_2 [SL:METHOD_TIMER @ptr_3 SL:METHOD_TIMER] IN:UPDATE_TIMER]
change the countdown duration	change Ġthe Ġcountdown Ġduration	[IN:UPDATE_TIMER @ptr_0 @ptr_1 [SL:METHOD_TIMER @ptr_2 SL:METHOD_TIMER] @ptr_3 IN:UPDATE_TIMER]
Change timer from 15 minutes to 90 minutes	Change Ġtimer Ġfrom Ġ15 Ġminutes Ġto Ġ90 Ġminutes	[IN:UPDATE_TIMER @ptr_0 [SL:METHOD_TIMER @ptr_1 SL:METHOD_TIMER] [SL:TIMER_NAME [IN:GET_TIME [SL:DATE_TIME @ptr_2 @ptr_3 @ptr_4 SL:DATE_TIME] IN:GET_TIME] SL:TIMER_NAME] [SL:DATE_TIME @ptr_5 @ptr_6 @ptr_7 SL:DATE_TIME] IN:UPDATE_TIMER]
update those timers please	update Ġthose Ġtimers Ġplease	[IN:UPDATE_TIMER @ptr_0 @ptr_1 [SL:METHOD_TIMER @ptr_2 SL:METHOD_TIMER] @ptr_3 IN:UPDATE_TIMER]
subtract 10 minutes	sub t ract Ġ10 Ġminutes	[IN:UPDATE_TIMER @ptr_0 @ptr_1 @ptr_2 [SL:DATE_TIME @ptr_3 @ptr_4 SL:DATE_TIME] IN:UPDATE_TIMER]
Make adjustments to pasta timer	Make Ġadjustments Ġto Ġpasta Ġtimer	[IN:UPDATE_TIMER @ptr_0 @ptr_1 @ptr_2 [SL:TIMER_NAME @ptr_3 SL:TIMER_NAME] [SL:METHOD_TIMER @ptr_4 SL:METHOD_TIMER] IN:UPDATE_TIMER]
