Temperature in San Francisco F	Temperature Ġin ĠSan ĠFrancisco ĠF	[IN:GET_WEATHER @ptr_0 @ptr_1 [SL:LOCATION @ptr_2 @ptr_3 SL:LOCATION] [SL:WEATHER_TEMPERATURE_UNIT @ptr_4 SL:WEATHER_TEMPERATURE_UNIT] IN:GET_WEATHER]
do I need chains or snow tires	do ĠI Ġneed Ġchains Ġor Ġsnow Ġtires	[IN:GET_WEATHER @ptr_0 @ptr_1 @ptr_2 [SL:WEATHER_ATTRIBUTE @ptr_3 SL:WEATHER_ATTRIBUTE] @ptr_4 [SL:WEATHER_ATTRIBUTE @ptr_5 @ptr_6 SL:WEATHER_ATTRIBUTE] IN:GET_WEATHER]
weather port melbourne today	weather Ġport Ġmel bourne Ġtoday	[IN:GET_WEATHER @ptr_0 [SL:LOCATION @ptr_1 @ptr_2 @ptr_3 SL:LOCATION] [SL:DATE_TIME @ptr_4 SL:DATE_TIME] IN:GET_WEATHER]
What is the heat index today ?	What Ġis Ġthe Ġheat Ġindex Ġtoday Ġ?	[IN:GET_WEATHER @ptr_0 @ptr_1 @ptr_2 [SL:WEATHER_ATTRIBUTE @ptr_3 @ptr_4 SL:WEATHER_ATTRIBUTE] [SL:DATE_TIME @ptr_5 SL:DATE_TIME] @ptr_6 IN:GET_WEATHER]
Give me a 5 - day weather forecast .	Give Ġme Ġa Ġ5 Ġ- Ġday Ġweather Ġforecast Ġ.	[IN:GET_WEATHER @ptr_0 @ptr_1 @ptr_2 [SL:DATE_TIME @ptr_3 @ptr_4 @ptr_5 SL:DATE_TIME] @ptr_6 @ptr_7 @ptr_8 IN:GET_WEATHER]
What weather to expect in June in Mongolia ?	What Ġweather Ġto Ġexpect Ġin ĠJune Ġin ĠMongolia Ġ?	[IN:GET_WEATHER @ptr_0 @ptr_1 @ptr_2 @ptr_3 [SL:DATE_TIME @ptr_4 @ptr_5 SL:DATE_TIME] @ptr_6 [SL:LOCATION @ptr_7 SL:LOCATION] @ptr_8 IN:GET_WEATHER]
What is the weather forecast in London ?	What Ġis Ġthe Ġweather Ġforecast Ġin ĠLondon Ġ?	[IN:GET_WEATHER @ptr_0 @ptr_1 @ptr_2 @ptr_3 @ptr_4 @ptr_5 [SL:LOCATION @ptr_6 SL:LOCATION] @ptr_7 IN:GET_WEATHER]
Mention weekend weather for Adelaide ?	M ention Ġweekend Ġweather Ġfor ĠAdelaide Ġ?	[IN:GET_WEATHER @ptr_0 @ptr_1 [SL:DATE_TIME @ptr_2 SL:DATE_TIME] @ptr_3 @ptr_4 [SL:LOCATION @ptr_5 SL:LOCATION] @ptr_6 IN:GET_WEATHER]
Is it cold enough for a sweater ?	Is Ġit Ġcold Ġenough Ġfor Ġa Ġsweater Ġ?	[IN:GET_WEATHER @ptr_0 @ptr_1 [SL:WEATHER_ATTRIBUTE @ptr_2 SL:WEATHER_ATTRIBUTE] @ptr_3 @ptr_4 @ptr_5 [SL:WEATHER_ATTRIBUTE @ptr_6 SL:WEATHER_ATTRIBUTE] @ptr_7 IN:GET_WEATHER]
Temperature sao paulo today Celcius	Temperature Ġsa o Ġp aul o Ġtoday ĠCel cius	[IN:GET_WEATHER @ptr_0 [SL:LOCATION @ptr_1 @ptr_2 @ptr_3 @ptr_4 @ptr_5 SL:LOCATION] [SL:DATE_TIME @ptr_6 SL:DATE_TIME] [SL:WEATHER_TEMPERATURE_UNIT @ptr_7 @ptr_8 SL:WEATHER_TEMPERATURE_UNIT] IN:GET_WEATHER]
I want the weather forecast for Tasmania	I Ġwant Ġthe Ġweather Ġforecast Ġfor ĠTasmania	[IN:GET_WEATHER @ptr_0 @ptr_1 @ptr_2 @ptr_3 @ptr_4 @ptr_5 [SL:LOCATION @ptr_6 SL:LOCATION] IN:GET_WEATHER]
Is it going to snow tomorrow ?	Is Ġit Ġgoing Ġto Ġsnow Ġtomorrow Ġ?	[IN:GET_WEATHER @ptr_0 @ptr_1 @ptr_2 @ptr_3 [SL:WEATHER_ATTRIBUTE @ptr_4 SL:WEATHER_ATTRIBUTE] [SL:DATE_TIME @ptr_5 SL:DATE_TIME] @ptr_6 IN:GET_WEATHER]
Does it snow in Hawaii	Does Ġit Ġsnow Ġin ĠHawaii	[IN:GET_WEATHER @ptr_0 @ptr_1 [SL:WEATHER_ATTRIBUTE @ptr_2 SL:WEATHER_ATTRIBUTE] @ptr_3 [SL:LOCATION @ptr_4 SL:LOCATION] IN:GET_WEATHER]
what is the record temp for today 's date	what Ġis Ġthe Ġrecord Ġtemp Ġfor Ġtoday Ġ' s Ġdate	[IN:GET_WEATHER @ptr_0 @ptr_1 @ptr_2 @ptr_3 @ptr_4 [SL:DATE_TIME @ptr_5 @ptr_6 SL:DATE_TIME] @ptr_7 @ptr_8 @ptr_9 IN:GET_WEATHER]
What 's it like in Queensland ?	What Ġ' s Ġit Ġlike Ġin ĠQueensland Ġ?	[IN:GET_WEATHER @ptr_0 @ptr_1 @ptr_2 @ptr_3 @ptr_4 @ptr_5 [SL:LOCATION @ptr_6 SL:LOCATION] @ptr_7 IN:GET_WEATHER]
whats the chance of rain	wh ats Ġthe Ġchance Ġof Ġrain	[IN:GET_WEATHER @ptr_0 @ptr_1 @ptr_2 @ptr_3 @ptr_4 [SL:WEATHER_ATTRIBUTE @ptr_5 SL:WEATHER_ATTRIBUTE] IN:GET_WEATHER]
should a take an umbrella	should Ġa Ġtake Ġan Ġumbrella	[IN:GET_WEATHER @ptr_0 @ptr_1 @ptr_2 @ptr_3 [SL:WEATHER_ATTRIBUTE @ptr_4 SL:WEATHER_ATTRIBUTE] IN:GET_WEATHER]
Should I bring my snow boots to work	Should ĠI Ġbring Ġmy Ġsnow Ġboots Ġto Ġwork	[IN:GET_WEATHER @ptr_0 @ptr_1 @ptr_2 @ptr_3 [SL:WEATHER_ATTRIBUTE @ptr_4 @ptr_5 SL:WEATHER_ATTRIBUTE] @ptr_6 [SL:LOCATION @ptr_7 SL:LOCATION] IN:GET_WEATHER]
How hot is it out right now ?	How Ġhot Ġis Ġit Ġout Ġright Ġnow Ġ?	[IN:GET_WEATHER @ptr_0 [SL:WEATHER_ATTRIBUTE @ptr_1 SL:WEATHER_ATTRIBUTE] @ptr_2 @ptr_3 @ptr_4 @ptr_5 @ptr_6 @ptr_7 IN:GET_WEATHER]
Is it going to snow today ?	Is Ġit Ġgoing Ġto Ġsnow Ġtoday Ġ?	[IN:GET_WEATHER @ptr_0 @ptr_1 @ptr_2 @ptr_3 [SL:WEATHER_ATTRIBUTE @ptr_4 SL:WEATHER_ATTRIBUTE] [SL:DATE_TIME @ptr_5 SL:DATE_TIME] @ptr_6 IN:GET_WEATHER]
Will it be above 39 in degrees Celsius in Boston tonight	Will Ġit Ġbe Ġabove Ġ39 Ġin Ġdegrees ĠCelsius Ġin ĠBoston Ġtonight	[IN:GET_WEATHER @ptr_0 @ptr_1 @ptr_2 [SL:WEATHER_ATTRIBUTE @ptr_3 SL:WEATHER_ATTRIBUTE] [SL:WEATHER_ATTRIBUTE @ptr_4 SL:WEATHER_ATTRIBUTE] @ptr_5 @ptr_6 [SL:WEATHER_TEMPERATURE_UNIT @ptr_7 SL:WEATHER_TEMPERATURE_UNIT] @ptr_8 [SL:LOCATION @ptr_9 SL:LOCATION] [SL:DATE_TIME @ptr_10 SL:DATE_TIME] IN:GET_WEATHER]
Is it going to rain this weekend ?	Is Ġit Ġgoing Ġto Ġrain Ġthis Ġweekend Ġ?	[IN:GET_WEATHER @ptr_0 @ptr_1 @ptr_2 @ptr_3 [SL:WEATHER_ATTRIBUTE @ptr_4 SL:WEATHER_ATTRIBUTE] [SL:DATE_TIME @ptr_5 @ptr_6 SL:DATE_TIME] @ptr_7 IN:GET_WEATHER]
Tell me the weather for the Easter period	Tell Ġme Ġthe Ġweather Ġfor Ġthe ĠEaster Ġperiod	[IN:GET_WEATHER @ptr_0 @ptr_1 @ptr_2 @ptr_3 [SL:DATE_TIME @ptr_4 @ptr_5 @ptr_6 @ptr_7 SL:DATE_TIME] IN:GET_WEATHER]
When is the temperature going to break	When Ġis Ġthe Ġtemperature Ġgoing Ġto Ġbreak	[IN:GET_WEATHER @ptr_0 @ptr_1 @ptr_2 @ptr_3 @ptr_4 @ptr_5 @ptr_6 IN:GET_WEATHER]
Will I need sunscreen today ?	Will ĠI Ġneed Ġsunscreen Ġtoday Ġ?	[IN:GET_WEATHER @ptr_0 @ptr_1 @ptr_2 [SL:WEATHER_ATTRIBUTE @ptr_3 SL:WEATHER_ATTRIBUTE] [SL:DATE_TIME @ptr_4 SL:DATE_TIME] @ptr_5 IN:GET_WEATHER]
Is it going to rain today ?	Is Ġit Ġgoing Ġto Ġrain Ġtoday Ġ?	[IN:GET_WEATHER @ptr_0 @ptr_1 @ptr_2 @ptr_3 [SL:WEATHER_ATTRIBUTE @ptr_4 SL:WEATHER_ATTRIBUTE] [SL:DATE_TIME @ptr_5 SL:DATE_TIME] @ptr_6 IN:GET_WEATHER]
Weather tomorrow	Weather Ġtomorrow	[IN:GET_WEATHER @ptr_0 [SL:DATE_TIME @ptr_1 SL:DATE_TIME] IN:GET_WEATHER]
is it suppose to be windy today	is Ġit Ġsuppose Ġto Ġbe Ġwind y Ġtoday	[IN:GET_WEATHER @ptr_0 @ptr_1 @ptr_2 @ptr_3 @ptr_4 [SL:WEATHER_ATTRIBUTE @ptr_5 @ptr_6 SL:WEATHER_ATTRIBUTE] [SL:DATE_TIME @ptr_7 SL:DATE_TIME] IN:GET_WEATHER]
How hot will it be today ?	How Ġhot Ġwill Ġit Ġbe Ġtoday Ġ?	[IN:GET_WEATHER @ptr_0 [SL:WEATHER_ATTRIBUTE @ptr_1 SL:WEATHER_ATTRIBUTE] @ptr_2 @ptr_3 @ptr_4 [SL:DATE_TIME @ptr_5 SL:DATE_TIME] @ptr_6 IN:GET_WEATHER]
whats the high for tomorrow	wh ats Ġthe Ġhigh Ġfor Ġtomorrow	[IN:GET_WEATHER @ptr_0 @ptr_1 @ptr_2 @ptr_3 [SL:DATE_TIME @ptr_4 @ptr_5 SL:DATE_TIME] IN:GET_WEATHER]
Bring umbrella today or no ?	Bring Ġumbrella Ġtoday Ġor Ġno Ġ?	[IN:GET_WEATHER @ptr_0 [SL:WEATHER_ATTRIBUTE @ptr_1 SL:WEATHER_ATTRIBUTE] [SL:DATE_TIME @ptr_2 SL:DATE_TIME] @ptr_3 @ptr_4 @ptr_5 IN:GET_WEATHER]
Is it hot at the beach this week ?	Is Ġit Ġhot Ġat Ġthe Ġbeach Ġthis Ġweek Ġ?	[IN:GET_WEATHER @ptr_0 @ptr_1 [SL:WEATHER_ATTRIBUTE @ptr_2 SL:WEATHER_ATTRIBUTE] @ptr_3 @ptr_4 [SL:LOCATION @ptr_5 SL:LOCATION] [SL:DATE_TIME @ptr_6 @ptr_7 SL:DATE_TIME] @ptr_8 IN:GET_WEATHER]
What 's the weekends weather ?	What Ġ' s Ġthe Ġweekends Ġweather Ġ?	[IN:GET_WEATHER @ptr_0 @ptr_1 @ptr_2 @ptr_3 [SL:DATE_TIME @ptr_4 SL:DATE_TIME] @ptr_5 @ptr_6 IN:GET_WEATHER]
Tell me Tuesday 's weather forecast	Tell Ġme ĠTuesday Ġ' s Ġweather Ġforecast	[IN:GET_WEATHER @ptr_0 @ptr_1 [SL:DATE_TIME @ptr_2 SL:DATE_TIME] @ptr_3 @ptr_4 @ptr_5 @ptr_6 IN:GET_WEATHER]
what is next week 's predicted forecast ?	what Ġis Ġnext Ġweek Ġ' s Ġpredicted Ġforecast Ġ?	[IN:GET_WEATHER @ptr_0 @ptr_1 [SL:DATE_TIME @ptr_2 @ptr_3 SL:DATE_TIME] @ptr_4 @ptr_5 @ptr_6 @ptr_7 @ptr_8 IN:GET_WEATHER]
Is it below 15 in degree f new york tonight	Is Ġit Ġbelow Ġ15 Ġin Ġdegree Ġf Ġnew Ġy ork Ġtonight	[IN:GET_WEATHER @ptr_0 @ptr_1 [SL:WEATHER_ATTRIBUTE @ptr_2 SL:WEATHER_ATTRIBUTE] [SL:WEATHER_ATTRIBUTE @ptr_3 SL:WEATHER_ATTRIBUTE] @ptr_4 @ptr_5 [SL:WEATHER_TEMPERATURE_UNIT @ptr_6 SL:WEATHER_TEMPERATURE_UNIT] [SL:LOCATION @ptr_7 @ptr_8 @ptr_9 SL:LOCATION] [SL:DATE_TIME @ptr_10 SL:DATE_TIME] IN:GET_WEATHER]
Should I wear my heavy coat today ?	Should ĠI Ġwear Ġmy Ġheavy Ġcoat Ġtoday Ġ?	[IN:GET_WEATHER @ptr_0 @ptr_1 @ptr_2 @ptr_3 @ptr_4 [SL:WEATHER_ATTRIBUTE @ptr_5 SL:WEATHER_ATTRIBUTE] [SL:DATE_TIME @ptr_6 SL:DATE_TIME] @ptr_7 IN:GET_WEATHER]
what is the temperature today	what Ġis Ġthe Ġtemperature Ġtoday	[IN:GET_WEATHER @ptr_0 @ptr_1 @ptr_2 @ptr_3 [SL:DATE_TIME @ptr_4 SL:DATE_TIME] IN:GET_WEATHER]
Will it get below 80 degrees tonight ?	Will Ġit Ġget Ġbelow Ġ80 Ġdegrees Ġtonight Ġ?	[IN:GET_WEATHER @ptr_0 @ptr_1 @ptr_2 [SL:WEATHER_ATTRIBUTE @ptr_3 @ptr_4 SL:WEATHER_ATTRIBUTE] @ptr_5 [SL:DATE_TIME @ptr_6 SL:DATE_TIME] @ptr_7 IN:GET_WEATHER]
what is the lower tempature today	what Ġis Ġthe Ġlower Ġtemp ature Ġtoday	[IN:GET_WEATHER @ptr_0 @ptr_1 @ptr_2 [SL:WEATHER_ATTRIBUTE @ptr_3 SL:WEATHER_ATTRIBUTE] @ptr_4 @ptr_5 [SL:DATE_TIME @ptr_6 SL:DATE_TIME] IN:GET_WEATHER]
what 's the forecast for the rest of the week ?	what Ġ' s Ġthe Ġforecast Ġfor Ġthe Ġrest Ġof Ġthe Ġweek Ġ?	[IN:GET_WEATHER @ptr_0 @ptr_1 @ptr_2 @ptr_3 @ptr_4 @ptr_5 @ptr_6 [SL:DATE_TIME @ptr_7 @ptr_8 @ptr_9 @ptr_10 SL:DATE_TIME] @ptr_11 IN:GET_WEATHER]
What 's today 's high ?	What Ġ' s Ġtoday Ġ' s Ġhigh Ġ?	[IN:GET_WEATHER @ptr_0 @ptr_1 @ptr_2 [SL:DATE_TIME @ptr_3 SL:DATE_TIME] @ptr_4 @ptr_5 @ptr_6 @ptr_7 IN:GET_WEATHER]
Is the weather bad this Thursday ?	Is Ġthe Ġweather Ġbad Ġthis ĠThursday Ġ?	[IN:GET_WEATHER @ptr_0 @ptr_1 @ptr_2 [SL:WEATHER_ATTRIBUTE @ptr_3 SL:WEATHER_ATTRIBUTE] [SL:DATE_TIME @ptr_4 @ptr_5 SL:DATE_TIME] @ptr_6 IN:GET_WEATHER]
Can I have a weather summary for July the 4th ?	Can ĠI Ġhave Ġa Ġweather Ġsummary Ġfor ĠJuly Ġthe Ġ4 th Ġ?	[IN:GET_WEATHER @ptr_0 @ptr_1 @ptr_2 @ptr_3 @ptr_4 @ptr_5 [SL:DATE_TIME @ptr_6 @ptr_7 @ptr_8 @ptr_9 @ptr_10 SL:DATE_TIME] @ptr_11 IN:GET_WEATHER]
Is it going to snow here today ?	Is Ġit Ġgoing Ġto Ġsnow Ġhere Ġtoday Ġ?	[IN:GET_WEATHER @ptr_0 @ptr_1 @ptr_2 @ptr_3 [SL:WEATHER_ATTRIBUTE @ptr_4 SL:WEATHER_ATTRIBUTE] [SL:LOCATION @ptr_5 SL:LOCATION] [SL:DATE_TIME @ptr_6 SL:DATE_TIME] @ptr_7 IN:GET_WEATHER]
weather for the long weekend	weather Ġfor Ġthe Ġlong Ġweekend	[IN:GET_WEATHER @ptr_0 [SL:DATE_TIME @ptr_1 @ptr_2 @ptr_3 @ptr_4 SL:DATE_TIME] IN:GET_WEATHER]
Should I bring an umbrella tomorrow ?	Should ĠI Ġbring Ġan Ġumbrella Ġtomorrow Ġ?	[IN:GET_WEATHER @ptr_0 @ptr_1 @ptr_2 @ptr_3 [SL:WEATHER_ATTRIBUTE @ptr_4 SL:WEATHER_ATTRIBUTE] [SL:DATE_TIME @ptr_5 SL:DATE_TIME] @ptr_6 IN:GET_WEATHER]
Should I take an umbrella out today ?	Should ĠI Ġtake Ġan Ġumbrella Ġout Ġtoday Ġ?	[IN:GET_WEATHER @ptr_0 @ptr_1 @ptr_2 @ptr_3 [SL:WEATHER_ATTRIBUTE @ptr_4 SL:WEATHER_ATTRIBUTE] @ptr_5 [SL:DATE_TIME @ptr_6 SL:DATE_TIME] @ptr_7 IN:GET_WEATHER]
is it supposed to rain this weekend	is Ġit Ġsupposed Ġto Ġrain Ġthis Ġweekend	[IN:GET_WEATHER @ptr_0 @ptr_1 @ptr_2 @ptr_3 [SL:WEATHER_ATTRIBUTE @ptr_4 SL:WEATHER_ATTRIBUTE] [SL:DATE_TIME @ptr_5 @ptr_6 SL:DATE_TIME] IN:GET_WEATHER]
Is it going to be above 90 degrees F outside tomorrow morning	Is Ġit Ġgoing Ġto Ġbe Ġabove Ġ90 Ġdegrees ĠF Ġoutside Ġtomorrow Ġmorning	[IN:GET_WEATHER @ptr_0 @ptr_1 @ptr_2 @ptr_3 @ptr_4 [SL:WEATHER_ATTRIBUTE @ptr_5 SL:WEATHER_ATTRIBUTE] [SL:WEATHER_ATTRIBUTE @ptr_6 SL:WEATHER_ATTRIBUTE] @ptr_7 [SL:WEATHER_TEMPERATURE_UNIT @ptr_8 SL:WEATHER_TEMPERATURE_UNIT] @ptr_9 [SL:DATE_TIME @ptr_10 @ptr_11 SL:DATE_TIME] IN:GET_WEATHER]
Is it jacket weather ?	Is Ġit Ġjacket Ġweather Ġ?	[IN:GET_WEATHER @ptr_0 @ptr_1 [SL:WEATHER_ATTRIBUTE @ptr_2 SL:WEATHER_ATTRIBUTE] @ptr_3 @ptr_4 IN:GET_WEATHER]
Will it be cloudy today ?	Will Ġit Ġbe Ġcloudy Ġtoday Ġ?	[IN:GET_WEATHER @ptr_0 @ptr_1 @ptr_2 [SL:WEATHER_ATTRIBUTE @ptr_3 SL:WEATHER_ATTRIBUTE] [SL:DATE_TIME @ptr_4 SL:DATE_TIME] @ptr_5 IN:GET_WEATHER]
Should I take a jacket to New York City tomorrow ?	Should ĠI Ġtake Ġa Ġjacket Ġto ĠNew ĠYork ĠCity Ġtomorrow Ġ?	[IN:GET_WEATHER @ptr_0 @ptr_1 @ptr_2 @ptr_3 [SL:WEATHER_ATTRIBUTE @ptr_4 SL:WEATHER_ATTRIBUTE] @ptr_5 [SL:LOCATION @ptr_6 @ptr_7 @ptr_8 SL:LOCATION] [SL:DATE_TIME @ptr_9 SL:DATE_TIME] @ptr_10 IN:GET_WEATHER]
When is the snow expected to arrive ?	When Ġis Ġthe Ġsnow Ġexpected Ġto Ġarrive Ġ?	[IN:GET_WEATHER @ptr_0 @ptr_1 @ptr_2 [SL:WEATHER_ATTRIBUTE @ptr_3 SL:WEATHER_ATTRIBUTE] @ptr_4 @ptr_5 @ptr_6 @ptr_7 IN:GET_WEATHER]
It is hat weather ?	It Ġis Ġhat Ġweather Ġ?	[IN:GET_WEATHER @ptr_0 @ptr_1 [SL:WEATHER_ATTRIBUTE @ptr_2 SL:WEATHER_ATTRIBUTE] @ptr_3 @ptr_4 IN:GET_WEATHER]
when is the next monsoon coming	when Ġis Ġthe Ġnext Ġmon soon Ġcoming	[IN:GET_WEATHER @ptr_0 @ptr_1 @ptr_2 @ptr_3 [SL:WEATHER_ATTRIBUTE @ptr_4 @ptr_5 SL:WEATHER_ATTRIBUTE] @ptr_6 IN:GET_WEATHER]
Will I need to wear a jumper today ?	Will ĠI Ġneed Ġto Ġwear Ġa Ġjumper Ġtoday Ġ?	[IN:GET_WEATHER @ptr_0 @ptr_1 @ptr_2 @ptr_3 @ptr_4 @ptr_5 [SL:WEATHER_ATTRIBUTE @ptr_6 SL:WEATHER_ATTRIBUTE] [SL:DATE_TIME @ptr_7 SL:DATE_TIME] @ptr_8 IN:GET_WEATHER]
How hot is going to get ?	How Ġhot Ġis Ġgoing Ġto Ġget Ġ?	[IN:GET_WEATHER @ptr_0 [SL:WEATHER_ATTRIBUTE @ptr_1 SL:WEATHER_ATTRIBUTE] @ptr_2 @ptr_3 @ptr_4 @ptr_5 @ptr_6 IN:GET_WEATHER]
How much rain should I expect today	How Ġmuch Ġrain Ġshould ĠI Ġexpect Ġtoday	[IN:GET_WEATHER @ptr_0 @ptr_1 [SL:WEATHER_ATTRIBUTE @ptr_2 SL:WEATHER_ATTRIBUTE] @ptr_3 @ptr_4 @ptr_5 [SL:DATE_TIME @ptr_6 SL:DATE_TIME] IN:GET_WEATHER]
How many inches of rain did we get last week	How Ġmany Ġinches Ġof Ġrain Ġdid Ġwe Ġget Ġlast Ġweek	[IN:GET_WEATHER @ptr_0 @ptr_1 @ptr_2 @ptr_3 [SL:WEATHER_ATTRIBUTE @ptr_4 SL:WEATHER_ATTRIBUTE] @ptr_5 @ptr_6 @ptr_7 [SL:DATE_TIME @ptr_8 @ptr_9 SL:DATE_TIME] IN:GET_WEATHER]
is it going to rain today ?	is Ġit Ġgoing Ġto Ġrain Ġtoday Ġ?	[IN:GET_WEATHER @ptr_0 @ptr_1 @ptr_2 @ptr_3 [SL:WEATHER_ATTRIBUTE @ptr_4 SL:WEATHER_ATTRIBUTE] [SL:DATE_TIME @ptr_5 SL:DATE_TIME] @ptr_6 IN:GET_WEATHER]
What is the heat index ?	What Ġis Ġthe Ġheat Ġindex Ġ?	[IN:GET_WEATHER @ptr_0 @ptr_1 @ptr_2 [SL:WEATHER_ATTRIBUTE @ptr_3 @ptr_4 SL:WEATHER_ATTRIBUTE] @ptr_5 IN:GET_WEATHER]
is it hot outside ?	is Ġit Ġhot Ġoutside Ġ?	[IN:GET_WEATHER @ptr_0 @ptr_1 [SL:WEATHER_ATTRIBUTE @ptr_2 SL:WEATHER_ATTRIBUTE] @ptr_3 @ptr_4 IN:GET_WEATHER]
how rainy will it be today	how Ġrainy Ġwill Ġit Ġbe Ġtoday	[IN:GET_WEATHER @ptr_0 [SL:WEATHER_ATTRIBUTE @ptr_1 SL:WEATHER_ATTRIBUTE] @ptr_2 @ptr_3 @ptr_4 [SL:DATE_TIME @ptr_5 SL:DATE_TIME] IN:GET_WEATHER]
can I tan today	can ĠI Ġtan Ġtoday	[IN:GET_WEATHER @ptr_0 @ptr_1 [SL:WEATHER_ATTRIBUTE @ptr_2 SL:WEATHER_ATTRIBUTE] [SL:DATE_TIME @ptr_3 SL:DATE_TIME] IN:GET_WEATHER]
What 's the expected maximum in celsius	What Ġ' s Ġthe Ġexpected Ġmaximum Ġin Ġc elsius	[IN:GET_WEATHER @ptr_0 @ptr_1 @ptr_2 @ptr_3 @ptr_4 [SL:WEATHER_ATTRIBUTE @ptr_5 SL:WEATHER_ATTRIBUTE] @ptr_6 [SL:WEATHER_TEMPERATURE_UNIT @ptr_7 @ptr_8 SL:WEATHER_TEMPERATURE_UNIT] IN:GET_WEATHER]
will it be smoking hot	will Ġit Ġbe Ġsmoking Ġhot	[IN:GET_WEATHER @ptr_0 @ptr_1 @ptr_2 @ptr_3 [SL:WEATHER_ATTRIBUTE @ptr_4 SL:WEATHER_ATTRIBUTE] IN:GET_WEATHER]
What kind of jacket should I wear today ?	What Ġkind Ġof Ġjacket Ġshould ĠI Ġwear Ġtoday Ġ?	[IN:GET_WEATHER @ptr_0 @ptr_1 @ptr_2 [SL:WEATHER_ATTRIBUTE @ptr_3 SL:WEATHER_ATTRIBUTE] @ptr_4 @ptr_5 @ptr_6 [SL:DATE_TIME @ptr_7 SL:DATE_TIME] @ptr_8 IN:GET_WEATHER]
Should I bring an umbrella ?	Should ĠI Ġbring Ġan Ġumbrella Ġ?	[IN:GET_WEATHER @ptr_0 @ptr_1 @ptr_2 @ptr_3 [SL:WEATHER_ATTRIBUTE @ptr_4 SL:WEATHER_ATTRIBUTE] @ptr_5 IN:GET_WEATHER]
will it snow in dallas today	will Ġit Ġsnow Ġin Ġd allas Ġtoday	[IN:GET_WEATHER @ptr_0 @ptr_1 [SL:WEATHER_ATTRIBUTE @ptr_2 SL:WEATHER_ATTRIBUTE] @ptr_3 [SL:LOCATION @ptr_4 @ptr_5 SL:LOCATION] [SL:DATE_TIME @ptr_6 SL:DATE_TIME] IN:GET_WEATHER]
what time will it rain tomorrow	what Ġtime Ġwill Ġit Ġrain Ġtomorrow	[IN:GET_WEATHER @ptr_0 @ptr_1 @ptr_2 @ptr_3 [SL:WEATHER_ATTRIBUTE @ptr_4 SL:WEATHER_ATTRIBUTE] [SL:DATE_TIME @ptr_5 SL:DATE_TIME] IN:GET_WEATHER]
I'd like to know if it 's raining in Lenoir City	I 'd Ġlike Ġto Ġknow Ġif Ġit Ġ' s Ġraining Ġin ĠLen oir ĠCity	[IN:GET_WEATHER @ptr_0 @ptr_1 @ptr_2 @ptr_3 @ptr_4 @ptr_5 @ptr_6 @ptr_7 @ptr_8 [SL:WEATHER_ATTRIBUTE @ptr_9 SL:WEATHER_ATTRIBUTE] @ptr_10 [SL:LOCATION @ptr_11 @ptr_12 @ptr_13 SL:LOCATION] IN:GET_WEATHER]
Is it advisable to wear a thick jacket for this evening ?	Is Ġit Ġadvisable Ġto Ġwear Ġa Ġthick Ġjacket Ġfor Ġthis Ġevening Ġ?	[IN:GET_WEATHER @ptr_0 @ptr_1 @ptr_2 @ptr_3 @ptr_4 @ptr_5 [SL:WEATHER_ATTRIBUTE @ptr_6 @ptr_7 SL:WEATHER_ATTRIBUTE] [SL:DATE_TIME @ptr_8 @ptr_9 @ptr_10 SL:DATE_TIME] @ptr_11 IN:GET_WEATHER]
Is it going to be overcast this afternoon ?	Is Ġit Ġgoing Ġto Ġbe Ġover cast Ġthis Ġafternoon Ġ?	[IN:GET_WEATHER @ptr_0 @ptr_1 @ptr_2 @ptr_3 @ptr_4 [SL:WEATHER_ATTRIBUTE @ptr_5 @ptr_6 SL:WEATHER_ATTRIBUTE] [SL:DATE_TIME @ptr_7 @ptr_8 SL:DATE_TIME] @ptr_9 IN:GET_WEATHER]
Should I take a jacket with me to the park today .	Should ĠI Ġtake Ġa Ġjacket Ġwith Ġme Ġto Ġthe Ġpark Ġtoday Ġ.	[IN:GET_WEATHER @ptr_0 @ptr_1 @ptr_2 @ptr_3 [SL:WEATHER_ATTRIBUTE @ptr_4 SL:WEATHER_ATTRIBUTE] @ptr_5 @ptr_6 @ptr_7 @ptr_8 [SL:LOCATION @ptr_9 SL:LOCATION] [SL:DATE_TIME @ptr_10 SL:DATE_TIME] @ptr_11 IN:GET_WEATHER]
will it rain saturday in baltimore ?	will Ġit Ġrain Ġs aturday Ġin Ġb alt imore Ġ?	[IN:GET_WEATHER @ptr_0 @ptr_1 [SL:WEATHER_ATTRIBUTE @ptr_2 SL:WEATHER_ATTRIBUTE] [SL:DATE_TIME @ptr_3 @ptr_4 SL:DATE_TIME] @ptr_5 [SL:LOCATION @ptr_6 @ptr_7 @ptr_8 SL:LOCATION] @ptr_9 IN:GET_WEATHER]
Can you tell me what the forecast will be for this weekend in Aspen ?	Can Ġyou Ġtell Ġme Ġwhat Ġthe Ġforecast Ġwill Ġbe Ġfor Ġthis Ġweekend Ġin ĠAs pen Ġ?	[IN:GET_WEATHER @ptr_0 @ptr_1 @ptr_2 @ptr_3 @ptr_4 @ptr_5 @ptr_6 @ptr_7 @ptr_8 [SL:DATE_TIME @ptr_9 @ptr_10 @ptr_11 SL:DATE_TIME] @ptr_12 [SL:LOCATION @ptr_13 @ptr_14 SL:LOCATION] @ptr_15 IN:GET_WEATHER]
What is the forecast in Sydney in September	What Ġis Ġthe Ġforecast Ġin ĠSydney Ġin ĠSeptember	[IN:GET_WEATHER @ptr_0 @ptr_1 @ptr_2 @ptr_3 @ptr_4 [SL:LOCATION @ptr_5 SL:LOCATION] [SL:DATE_TIME @ptr_6 @ptr_7 SL:DATE_TIME] IN:GET_WEATHER]
How will it be outside when we land in Erbil ?	How Ġwill Ġit Ġbe Ġoutside Ġwhen Ġwe Ġland Ġin ĠEr bil Ġ?	[IN:GET_WEATHER @ptr_0 @ptr_1 @ptr_2 @ptr_3 @ptr_4 @ptr_5 @ptr_6 @ptr_7 @ptr_8 [SL:LOCATION @ptr_9 @ptr_10 SL:LOCATION] @ptr_11 IN:GET_WEATHER]
San Antonio weather this weekend	San ĠAntonio Ġweather Ġthis Ġweekend	[IN:GET_WEATHER [SL:LOCATION @ptr_0 @ptr_1 SL:LOCATION] @ptr_2 [SL:DATE_TIME @ptr_3 @ptr_4 SL:DATE_TIME] IN:GET_WEATHER]
What 's the weather like in London ?	What Ġ' s Ġthe Ġweather Ġlike Ġin ĠLondon Ġ?	[IN:GET_WEATHER @ptr_0 @ptr_1 @ptr_2 @ptr_3 @ptr_4 @ptr_5 @ptr_6 [SL:LOCATION @ptr_7 SL:LOCATION] @ptr_8 IN:GET_WEATHER]
How warm is it out there today degree Celsius	How Ġwarm Ġis Ġit Ġout Ġthere Ġtoday Ġdegree ĠCelsius	[IN:GET_WEATHER @ptr_0 [SL:WEATHER_ATTRIBUTE @ptr_1 SL:WEATHER_ATTRIBUTE] @ptr_2 @ptr_3 [SL:LOCATION @ptr_4 @ptr_5 SL:LOCATION] [SL:DATE_TIME @ptr_6 SL:DATE_TIME] @ptr_7 [SL:WEATHER_TEMPERATURE_UNIT @ptr_8 SL:WEATHER_TEMPERATURE_UNIT] IN:GET_WEATHER]
Is snow expected for Denver tomorrow ?	Is Ġsnow Ġexpected Ġfor ĠDenver Ġtomorrow Ġ?	[IN:GET_WEATHER @ptr_0 [SL:WEATHER_ATTRIBUTE @ptr_1 SL:WEATHER_ATTRIBUTE] @ptr_2 @ptr_3 [SL:LOCATION @ptr_4 SL:LOCATION] [SL:DATE_TIME @ptr_5 SL:DATE_TIME] @ptr_6 IN:GET_WEATHER]
what is the temperature today for Greenville NC ?	what Ġis Ġthe Ġtemperature Ġtoday Ġfor ĠGreen ville ĠNC Ġ?	[IN:GET_WEATHER @ptr_0 @ptr_1 @ptr_2 @ptr_3 [SL:DATE_TIME @ptr_4 SL:DATE_TIME] @ptr_5 [SL:LOCATION @ptr_6 @ptr_7 @ptr_8 SL:LOCATION] @ptr_9 IN:GET_WEATHER]
Can you look up the weather in western Ukraine ?	Can Ġyou Ġlook Ġup Ġthe Ġweather Ġin Ġwestern ĠUkraine Ġ?	[IN:GET_WEATHER @ptr_0 @ptr_1 @ptr_2 @ptr_3 @ptr_4 @ptr_5 @ptr_6 [SL:LOCATION @ptr_7 @ptr_8 SL:LOCATION] @ptr_9 IN:GET_WEATHER]
What is the weather like in Ireland ?	What Ġis Ġthe Ġweather Ġlike Ġin ĠIreland Ġ?	[IN:GET_WEATHER @ptr_0 @ptr_1 @ptr_2 @ptr_3 @ptr_4 @ptr_5 [SL:LOCATION @ptr_6 SL:LOCATION] @ptr_7 IN:GET_WEATHER]
what is the weather in germany ?	what Ġis Ġthe Ġweather Ġin Ġg erman y Ġ?	[IN:GET_WEATHER @ptr_0 @ptr_1 @ptr_2 @ptr_3 @ptr_4 [SL:LOCATION @ptr_5 @ptr_6 @ptr_7 SL:LOCATION] @ptr_8 IN:GET_WEATHER]
What is the temperature going to be like in Maine over the next few days ?	What Ġis Ġthe Ġtemperature Ġgoing Ġto Ġbe Ġlike Ġin ĠMaine Ġover Ġthe Ġnext Ġfew Ġdays Ġ?	[IN:GET_WEATHER @ptr_0 @ptr_1 @ptr_2 @ptr_3 @ptr_4 @ptr_5 @ptr_6 @ptr_7 @ptr_8 [SL:LOCATION @ptr_9 SL:LOCATION] @ptr_10 @ptr_11 @ptr_12 @ptr_13 @ptr_14 @ptr_15 IN:GET_WEATHER]
What weather to expect in June in Mongolia ?	What Ġweather Ġto Ġexpect Ġin ĠJune Ġin ĠMongolia Ġ?	[IN:GET_WEATHER @ptr_0 @ptr_1 @ptr_2 @ptr_3 [SL:DATE_TIME @ptr_4 @ptr_5 SL:DATE_TIME] @ptr_6 [SL:LOCATION @ptr_7 SL:LOCATION] @ptr_8 IN:GET_WEATHER]
Om average , what week of the year see temperatures in my area stay above 70 degrees	O m Ġaverage Ġ, Ġwhat Ġweek Ġof Ġthe Ġyear Ġsee Ġtemperatures Ġin Ġmy Ġarea Ġstay Ġabove Ġ70 Ġdegrees	[IN:GET_WEATHER @ptr_0 @ptr_1 @ptr_2 @ptr_3 @ptr_4 @ptr_5 @ptr_6 @ptr_7 @ptr_8 @ptr_9 @ptr_10 @ptr_11 [SL:LOCATION @ptr_12 @ptr_13 SL:LOCATION] @ptr_14 @ptr_15 @ptr_16 @ptr_17 IN:GET_WEATHER]
What is the humidity index in Russellville , Arkansas ?	What Ġis Ġthe Ġhumidity Ġindex Ġin ĠRussell ville Ġ, ĠArkansas Ġ?	[IN:GET_WEATHER @ptr_0 @ptr_1 @ptr_2 [SL:WEATHER_ATTRIBUTE @ptr_3 @ptr_4 SL:WEATHER_ATTRIBUTE] @ptr_5 [SL:LOCATION @ptr_6 @ptr_7 @ptr_8 @ptr_9 SL:LOCATION] @ptr_10 IN:GET_WEATHER]
what 's Friday 's forecast for half moon bay	what Ġ' s ĠFriday Ġ' s Ġforecast Ġfor Ġhalf Ġmoon Ġbay	[IN:GET_WEATHER @ptr_0 @ptr_1 @ptr_2 [SL:DATE_TIME @ptr_3 SL:DATE_TIME] @ptr_4 @ptr_5 @ptr_6 @ptr_7 [SL:LOCATION @ptr_8 @ptr_9 @ptr_10 SL:LOCATION] IN:GET_WEATHER]
what is the average temperature in Wyoming in December	what Ġis Ġthe Ġaverage Ġtemperature Ġin ĠWyoming Ġin ĠDecember	[IN:GET_WEATHER @ptr_0 @ptr_1 @ptr_2 @ptr_3 @ptr_4 @ptr_5 [SL:LOCATION @ptr_6 SL:LOCATION] [SL:DATE_TIME @ptr_7 @ptr_8 SL:DATE_TIME] IN:GET_WEATHER]
What is the temperature right now in North Dakota	What Ġis Ġthe Ġtemperature Ġright Ġnow Ġin ĠNorth ĠDakota	[IN:GET_WEATHER @ptr_0 @ptr_1 @ptr_2 @ptr_3 @ptr_4 @ptr_5 @ptr_6 [SL:LOCATION @ptr_7 @ptr_8 SL:LOCATION] IN:GET_WEATHER]
Is it gonna rain in Garner tomorrow ?	Is Ġit Ġgonna Ġrain Ġin ĠGarner Ġtomorrow Ġ?	[IN:GET_WEATHER @ptr_0 @ptr_1 @ptr_2 [SL:WEATHER_ATTRIBUTE @ptr_3 SL:WEATHER_ATTRIBUTE] @ptr_4 [SL:LOCATION @ptr_5 SL:LOCATION] [SL:DATE_TIME @ptr_6 SL:DATE_TIME] @ptr_7 IN:GET_WEATHER]
What temperature is it in Sydney	What Ġtemperature Ġis Ġit Ġin ĠSydney	[IN:GET_WEATHER @ptr_0 @ptr_1 @ptr_2 @ptr_3 @ptr_4 [SL:LOCATION @ptr_5 SL:LOCATION] IN:GET_WEATHER]
What is the forecast for Napa this weekend ?	What Ġis Ġthe Ġforecast Ġfor ĠNap a Ġthis Ġweekend Ġ?	[IN:GET_WEATHER @ptr_0 @ptr_1 @ptr_2 @ptr_3 @ptr_4 [SL:LOCATION @ptr_5 @ptr_6 SL:LOCATION] [SL:DATE_TIME @ptr_7 @ptr_8 SL:DATE_TIME] @ptr_9 IN:GET_WEATHER]
forecast for India ?	fore cast Ġfor ĠIndia Ġ?	[IN:GET_WEATHER @ptr_0 @ptr_1 @ptr_2 [SL:LOCATION @ptr_3 SL:LOCATION] @ptr_4 IN:GET_WEATHER]
What is next week 's forecast for San Francisco ?	What Ġis Ġnext Ġweek Ġ' s Ġforecast Ġfor ĠSan ĠFrancisco Ġ?	[IN:GET_WEATHER @ptr_0 @ptr_1 [SL:DATE_TIME @ptr_2 @ptr_3 SL:DATE_TIME] @ptr_4 @ptr_5 @ptr_6 @ptr_7 [SL:LOCATION @ptr_8 @ptr_9 SL:LOCATION] @ptr_10 IN:GET_WEATHER]
Will the weather be the same in Severn as in Baltimore	Will Ġthe Ġweather Ġbe Ġthe Ġsame Ġin ĠSe vern Ġas Ġin ĠBaltimore	[IN:UNSUPPORTED_WEATHER @ptr_0 @ptr_1 @ptr_2 @ptr_3 @ptr_4 @ptr_5 @ptr_6 [SL:LOCATION @ptr_7 @ptr_8 SL:LOCATION] @ptr_9 @ptr_10 @ptr_11 IN:UNSUPPORTED_WEATHER]
When is sunset here	When Ġis Ġsunset Ġhere	[IN:GET_SUNSET @ptr_0 @ptr_1 @ptr_2 [SL:LOCATION @ptr_3 SL:LOCATION] IN:GET_SUNSET]
What time is sundown today ?	What Ġtime Ġis Ġsund own Ġtoday Ġ?	[IN:GET_SUNSET @ptr_0 @ptr_1 @ptr_2 @ptr_3 @ptr_4 [SL:DATE_TIME @ptr_5 SL:DATE_TIME] @ptr_6 IN:GET_SUNSET]
What time is sunset	What Ġtime Ġis Ġsunset	[IN:GET_SUNSET @ptr_0 @ptr_1 @ptr_2 @ptr_3 IN:GET_SUNSET]
what time is sunset	what Ġtime Ġis Ġsunset	[IN:GET_SUNSET @ptr_0 @ptr_1 @ptr_2 @ptr_3 IN:GET_SUNSET]
What time is sundown ?	What Ġtime Ġis Ġsund own Ġ?	[IN:GET_SUNSET @ptr_0 @ptr_1 @ptr_2 @ptr_3 @ptr_4 @ptr_5 IN:GET_SUNSET]
When will the sun set in Delaware	When Ġwill Ġthe Ġsun Ġset Ġin ĠDelaware	[IN:GET_SUNSET @ptr_0 @ptr_1 @ptr_2 @ptr_3 @ptr_4 @ptr_5 [SL:LOCATION @ptr_6 SL:LOCATION] IN:GET_SUNSET]
What time does the sun set tomorrow	What Ġtime Ġdoes Ġthe Ġsun Ġset Ġtomorrow	[IN:GET_SUNSET @ptr_0 @ptr_1 @ptr_2 @ptr_3 @ptr_4 @ptr_5 [SL:DATE_TIME @ptr_6 SL:DATE_TIME] IN:GET_SUNSET]
what time will the sun set in august	what Ġtime Ġwill Ġthe Ġsun Ġset Ġin Ġaug ust	[IN:GET_SUNSET @ptr_0 @ptr_1 @ptr_2 @ptr_3 @ptr_4 @ptr_5 [SL:DATE_TIME @ptr_6 @ptr_7 @ptr_8 SL:DATE_TIME] IN:GET_SUNSET]
where does the sun set	where Ġdoes Ġthe Ġsun Ġset	[IN:GET_SUNSET @ptr_0 @ptr_1 @ptr_2 @ptr_3 @ptr_4 IN:GET_SUNSET]
What time does the sunset	What Ġtime Ġdoes Ġthe Ġsunset	[IN:GET_SUNSET @ptr_0 @ptr_1 @ptr_2 @ptr_3 @ptr_4 IN:GET_SUNSET]
What time will sunset be tonight ?	What Ġtime Ġwill Ġsunset Ġbe Ġtonight Ġ?	[IN:GET_SUNSET @ptr_0 @ptr_1 @ptr_2 @ptr_3 @ptr_4 [SL:DATE_TIME @ptr_5 SL:DATE_TIME] @ptr_6 IN:GET_SUNSET]
What time was sunset this evening	What Ġtime Ġwas Ġsunset Ġthis Ġevening	[IN:GET_SUNSET @ptr_0 @ptr_1 @ptr_2 @ptr_3 [SL:DATE_TIME @ptr_4 @ptr_5 SL:DATE_TIME] IN:GET_SUNSET]
WHAT TIME IS SUNSET TODAY	WHAT ĠTIME ĠIS ĠSUN SET ĠTODAY	[IN:GET_SUNSET @ptr_0 @ptr_1 @ptr_2 @ptr_3 @ptr_4 [SL:DATE_TIME @ptr_5 SL:DATE_TIME] IN:GET_SUNSET]
When does the sun set tonight	When Ġdoes Ġthe Ġsun Ġset Ġtonight	[IN:GET_SUNSET @ptr_0 @ptr_1 @ptr_2 @ptr_3 @ptr_4 [SL:DATE_TIME @ptr_5 SL:DATE_TIME] IN:GET_SUNSET]
What time is the sunset today ?	What Ġtime Ġis Ġthe Ġsunset Ġtoday Ġ?	[IN:GET_SUNSET @ptr_0 @ptr_1 @ptr_2 @ptr_3 @ptr_4 [SL:DATE_TIME @ptr_5 SL:DATE_TIME] @ptr_6 IN:GET_SUNSET]
Time of sundown ?	Time Ġof Ġsund own Ġ?	[IN:GET_SUNSET @ptr_0 @ptr_1 @ptr_2 @ptr_3 @ptr_4 IN:GET_SUNSET]
When does the sun set in Texas during August	When Ġdoes Ġthe Ġsun Ġset Ġin ĠTexas Ġduring ĠAugust	[IN:GET_SUNSET @ptr_0 @ptr_1 @ptr_2 @ptr_3 @ptr_4 @ptr_5 [SL:LOCATION @ptr_6 SL:LOCATION] [SL:DATE_TIME @ptr_7 @ptr_8 SL:DATE_TIME] IN:GET_SUNSET]
At what time does the sun set	At Ġwhat Ġtime Ġdoes Ġthe Ġsun Ġset	[IN:GET_SUNSET @ptr_0 @ptr_1 @ptr_2 @ptr_3 @ptr_4 @ptr_5 @ptr_6 IN:GET_SUNSET]
What time is sunset tonight	What Ġtime Ġis Ġsunset Ġtonight	[IN:GET_SUNSET @ptr_0 @ptr_1 @ptr_2 @ptr_3 [SL:DATE_TIME @ptr_4 SL:DATE_TIME] IN:GET_SUNSET]
When 's sundown ?	When Ġ' s Ġsund own Ġ?	[IN:GET_SUNSET @ptr_0 @ptr_1 @ptr_2 @ptr_3 @ptr_4 @ptr_5 IN:GET_SUNSET]
What time does the sun set today	What Ġtime Ġdoes Ġthe Ġsun Ġset Ġtoday	[IN:GET_SUNSET @ptr_0 @ptr_1 @ptr_2 @ptr_3 @ptr_4 @ptr_5 [SL:DATE_TIME @ptr_6 SL:DATE_TIME] IN:GET_SUNSET]
What time does the sun set on Wednesday	What Ġtime Ġdoes Ġthe Ġsun Ġset Ġon ĠWednesday	[IN:GET_SUNSET @ptr_0 @ptr_1 @ptr_2 @ptr_3 @ptr_4 @ptr_5 [SL:DATE_TIME @ptr_6 @ptr_7 SL:DATE_TIME] IN:GET_SUNSET]
What time is sunset ?	What Ġtime Ġis Ġsunset Ġ?	[IN:GET_SUNSET @ptr_0 @ptr_1 @ptr_2 @ptr_3 @ptr_4 IN:GET_SUNSET]
what time is sunset today	what Ġtime Ġis Ġsunset Ġtoday	[IN:GET_SUNSET @ptr_0 @ptr_1 @ptr_2 @ptr_3 [SL:DATE_TIME @ptr_4 SL:DATE_TIME] IN:GET_SUNSET]
When is sunset today	When Ġis Ġsunset Ġtoday	[IN:GET_SUNSET @ptr_0 @ptr_1 @ptr_2 [SL:DATE_TIME @ptr_3 SL:DATE_TIME] IN:GET_SUNSET]
Is it safe weather to take a five hour flight tonight	Is Ġit Ġsafe Ġweather Ġto Ġtake Ġa Ġfive Ġhour Ġflight Ġtonight	[IN:UNSUPPORTED_WEATHER @ptr_0 @ptr_1 @ptr_2 @ptr_3 @ptr_4 @ptr_5 @ptr_6 @ptr_7 @ptr_8 @ptr_9 @ptr_10 IN:UNSUPPORTED_WEATHER]
It it cold enough for ice	It Ġit Ġcold Ġenough Ġfor Ġice	[IN:UNSUPPORTED_WEATHER @ptr_0 @ptr_1 [SL:WEATHER_ATTRIBUTE @ptr_2 SL:WEATHER_ATTRIBUTE] @ptr_3 @ptr_4 [SL:WEATHER_ATTRIBUTE @ptr_5 SL:WEATHER_ATTRIBUTE] IN:UNSUPPORTED_WEATHER]
effects of el nino	effects Ġof Ġel Ġn ino	[IN:UNSUPPORTED_WEATHER @ptr_0 @ptr_1 @ptr_2 @ptr_3 @ptr_4 IN:UNSUPPORTED_WEATHER]
Where is Hurricane Gloria right now	Where Ġis ĠHurricane ĠGloria Ġright Ġnow	[IN:UNSUPPORTED_WEATHER @ptr_0 @ptr_1 [SL:WEATHER_ATTRIBUTE @ptr_2 SL:WEATHER_ATTRIBUTE] @ptr_3 @ptr_4 @ptr_5 IN:UNSUPPORTED_WEATHER]
What is the record high temperature this year	What Ġis Ġthe Ġrecord Ġhigh Ġtemperature Ġthis Ġyear	[IN:UNSUPPORTED_WEATHER @ptr_0 @ptr_1 @ptr_2 @ptr_3 @ptr_4 @ptr_5 [SL:DATE_TIME @ptr_6 @ptr_7 SL:DATE_TIME] IN:UNSUPPORTED_WEATHER]
What 's the weather like in Cincinnati in November	What Ġ' s Ġthe Ġweather Ġlike Ġin ĠCincinnati Ġin ĠNovember	[IN:UNSUPPORTED_WEATHER @ptr_0 @ptr_1 @ptr_2 @ptr_3 @ptr_4 @ptr_5 @ptr_6 [SL:LOCATION @ptr_7 SL:LOCATION] [SL:DATE_TIME @ptr_8 @ptr_9 SL:DATE_TIME] IN:UNSUPPORTED_WEATHER]
Are there any storms forecasted for this weekend	Are Ġthere Ġany Ġstorms Ġforecast ed Ġfor Ġthis Ġweekend	[IN:UNSUPPORTED_WEATHER @ptr_0 @ptr_1 @ptr_2 [SL:WEATHER_ATTRIBUTE @ptr_3 SL:WEATHER_ATTRIBUTE] @ptr_4 @ptr_5 [SL:DATE_TIME @ptr_6 @ptr_7 @ptr_8 SL:DATE_TIME] IN:UNSUPPORTED_WEATHER]
Is adam a tropical depression	Is Ġadam Ġa Ġtropical Ġdepression	[IN:UNSUPPORTED_WEATHER @ptr_0 @ptr_1 @ptr_2 @ptr_3 @ptr_4 IN:UNSUPPORTED_WEATHER]
Which city had the coldest day in the US in 2016	Which Ġcity Ġhad Ġthe Ġcold est Ġday Ġin Ġthe ĠUS Ġin Ġ2016	[IN:UNSUPPORTED_WEATHER @ptr_0 @ptr_1 @ptr_2 @ptr_3 [SL:WEATHER_ATTRIBUTE @ptr_4 @ptr_5 SL:WEATHER_ATTRIBUTE] @ptr_6 @ptr_7 @ptr_8 @ptr_9 @ptr_10 @ptr_11 IN:UNSUPPORTED_WEATHER]
Where is Hurricane Emily headed	Where Ġis ĠHurricane ĠEmily Ġheaded	[IN:UNSUPPORTED_WEATHER @ptr_0 @ptr_1 [SL:WEATHER_ATTRIBUTE @ptr_2 SL:WEATHER_ATTRIBUTE] @ptr_3 @ptr_4 IN:UNSUPPORTED_WEATHER]
Any ice storm warnings in my area	Any Ġice Ġstorm Ġwarnings Ġin Ġmy Ġarea	[IN:UNSUPPORTED_WEATHER @ptr_0 @ptr_1 @ptr_2 @ptr_3 @ptr_4 [SL:LOCATION @ptr_5 @ptr_6 SL:LOCATION] IN:UNSUPPORTED_WEATHER]
How many hours of sun will we get today ?	How Ġmany Ġhours Ġof Ġsun Ġwill Ġwe Ġget Ġtoday Ġ?	[IN:UNSUPPORTED_WEATHER @ptr_0 @ptr_1 @ptr_2 @ptr_3 @ptr_4 @ptr_5 @ptr_6 @ptr_7 @ptr_8 @ptr_9 IN:UNSUPPORTED_WEATHER]
When is hurricane season in Mexico	When Ġis Ġhurricane Ġseason Ġin ĠMexico	[IN:UNSUPPORTED_WEATHER @ptr_0 @ptr_1 [SL:WEATHER_ATTRIBUTE @ptr_2 SL:WEATHER_ATTRIBUTE] @ptr_3 @ptr_4 @ptr_5 IN:UNSUPPORTED_WEATHER]
when was the last time it snowed in North Carolina	when Ġwas Ġthe Ġlast Ġtime Ġit Ġsnow ed Ġin ĠNorth ĠCarolina	[IN:UNSUPPORTED_WEATHER @ptr_0 @ptr_1 @ptr_2 @ptr_3 @ptr_4 @ptr_5 [SL:WEATHER_ATTRIBUTE @ptr_6 @ptr_7 SL:WEATHER_ATTRIBUTE] @ptr_8 @ptr_9 @ptr_10 IN:UNSUPPORTED_WEATHER]
How long is the tornado warning til	How Ġlong Ġis Ġthe Ġtornado Ġwarning Ġtil	[IN:UNSUPPORTED_WEATHER @ptr_0 @ptr_1 @ptr_2 @ptr_3 @ptr_4 @ptr_5 @ptr_6 IN:UNSUPPORTED_WEATHER]
will there be a white christmas this year	will Ġthere Ġbe Ġa Ġwhite Ġchrist mas Ġthis Ġyear	[IN:UNSUPPORTED_WEATHER @ptr_0 @ptr_1 @ptr_2 @ptr_3 @ptr_4 [SL:DATE_TIME @ptr_5 @ptr_6 @ptr_7 @ptr_8 SL:DATE_TIME] IN:UNSUPPORTED_WEATHER]
When is the next day it will be in the eighties in Newport Beach	When Ġis Ġthe Ġnext Ġday Ġit Ġwill Ġbe Ġin Ġthe Ġeight ies Ġin ĠNewport ĠBeach	[IN:UNSUPPORTED_WEATHER @ptr_0 @ptr_1 @ptr_2 [SL:DATE_TIME @ptr_3 @ptr_4 SL:DATE_TIME] @ptr_5 @ptr_6 @ptr_7 @ptr_8 @ptr_9 @ptr_10 @ptr_11 @ptr_12 @ptr_13 [SL:LOCATION @ptr_14 SL:LOCATION] IN:UNSUPPORTED_WEATHER]
what is the record rainfall	what Ġis Ġthe Ġrecord Ġrainfall	[IN:UNSUPPORTED_WEATHER @ptr_0 @ptr_1 @ptr_2 @ptr_3 [SL:WEATHER_ATTRIBUTE @ptr_4 SL:WEATHER_ATTRIBUTE] IN:UNSUPPORTED_WEATHER]
has there been any major weather announcements	has Ġthere Ġbeen Ġany Ġmajor Ġweather Ġannouncements	[IN:UNSUPPORTED_WEATHER @ptr_0 @ptr_1 @ptr_2 @ptr_3 @ptr_4 @ptr_5 @ptr_6 IN:UNSUPPORTED_WEATHER]
What 's the coldest place on earth	What Ġ' s Ġthe Ġcold est Ġplace Ġon Ġearth	[IN:UNSUPPORTED_WEATHER @ptr_0 @ptr_1 @ptr_2 @ptr_3 [SL:WEATHER_ATTRIBUTE @ptr_4 @ptr_5 SL:WEATHER_ATTRIBUTE] @ptr_6 @ptr_7 @ptr_8 IN:UNSUPPORTED_WEATHER]
How should I pack for traveling to LA next week	How Ġshould ĠI Ġpack Ġfor Ġtraveling Ġto ĠLA Ġnext Ġweek	[IN:UNSUPPORTED_WEATHER @ptr_0 @ptr_1 @ptr_2 @ptr_3 @ptr_4 @ptr_5 @ptr_6 [SL:LOCATION @ptr_7 SL:LOCATION] [SL:DATE_TIME @ptr_8 @ptr_9 SL:DATE_TIME] IN:UNSUPPORTED_WEATHER]
what 's the pollen count	what Ġ' s Ġthe Ġpollen Ġcount	[IN:UNSUPPORTED_WEATHER @ptr_0 @ptr_1 @ptr_2 @ptr_3 [SL:WEATHER_ATTRIBUTE @ptr_4 @ptr_5 SL:WEATHER_ATTRIBUTE] IN:UNSUPPORTED_WEATHER]
how much rain can be expected in cm tonight ?	how Ġmuch Ġrain Ġcan Ġbe Ġexpected Ġin Ġcm Ġtonight Ġ?	[IN:UNSUPPORTED_WEATHER @ptr_0 @ptr_1 [SL:WEATHER_ATTRIBUTE @ptr_2 SL:WEATHER_ATTRIBUTE] @ptr_3 @ptr_4 @ptr_5 @ptr_6 @ptr_7 @ptr_8 @ptr_9 IN:UNSUPPORTED_WEATHER]
What is the rain total for the year in North Carolina	What Ġis Ġthe Ġrain Ġtotal Ġfor Ġthe Ġyear Ġin ĠNorth ĠCarolina	[IN:UNSUPPORTED_WEATHER @ptr_0 @ptr_1 @ptr_2 [SL:WEATHER_ATTRIBUTE @ptr_3 SL:WEATHER_ATTRIBUTE] @ptr_4 @ptr_5 @ptr_6 @ptr_7 @ptr_8 @ptr_9 @ptr_10 IN:UNSUPPORTED_WEATHER]
how cold does it get at night in Vegas during the summer	how Ġcold Ġdoes Ġit Ġget Ġat Ġnight Ġin ĠVegas Ġduring Ġthe Ġsummer	[IN:UNSUPPORTED_WEATHER @ptr_0 [SL:WEATHER_ATTRIBUTE @ptr_1 SL:WEATHER_ATTRIBUTE] @ptr_2 @ptr_3 @ptr_4 [SL:DATE_TIME @ptr_5 @ptr_6 SL:DATE_TIME] @ptr_7 [SL:LOCATION @ptr_8 SL:LOCATION] [SL:DATE_TIME @ptr_9 @ptr_10 @ptr_11 SL:DATE_TIME] IN:UNSUPPORTED_WEATHER]
whats the weather radar look like near me	wh ats Ġthe Ġweather Ġradar Ġlook Ġlike Ġnear Ġme	[IN:GET_WEATHER @ptr_0 @ptr_1 @ptr_2 @ptr_3 @ptr_4 @ptr_5 @ptr_6 [SL:LOCATION [IN:GET_LOCATION [SL:SEARCH_RADIUS @ptr_7 SL:SEARCH_RADIUS] [SL:LOCATION_USER @ptr_8 SL:LOCATION_USER] IN:GET_LOCATION] SL:LOCATION] IN:GET_WEATHER]
show me weather radar in my area	show Ġme Ġweather Ġradar Ġin Ġmy Ġarea	[IN:GET_WEATHER @ptr_0 @ptr_1 @ptr_2 @ptr_3 @ptr_4 [SL:LOCATION [IN:GET_LOCATION [SL:LOCATION_USER @ptr_5 @ptr_6 SL:LOCATION_USER] IN:GET_LOCATION] SL:LOCATION] IN:GET_WEATHER]
SHOW ME THE RADAR FOR MY AREA	SH OW ĠME ĠTHE ĠRAD AR ĠFOR ĠMY ĠARE A	[IN:GET_WEATHER @ptr_0 @ptr_1 @ptr_2 @ptr_3 @ptr_4 @ptr_5 @ptr_6 [SL:LOCATION [IN:GET_LOCATION [SL:LOCATION_USER @ptr_7 @ptr_8 @ptr_9 SL:LOCATION_USER] IN:GET_LOCATION] SL:LOCATION] IN:GET_WEATHER]
Weather here 10th June	Weather Ġhere Ġ10 th ĠJune	[IN:GET_WEATHER @ptr_0 [SL:LOCATION [IN:GET_LOCATION [SL:LOCATION_USER @ptr_1 SL:LOCATION_USER] IN:GET_LOCATION] SL:LOCATION] [SL:DATE_TIME @ptr_2 @ptr_3 @ptr_4 SL:DATE_TIME] IN:GET_WEATHER]
tell me local radar for today	tell Ġme Ġlocal Ġradar Ġfor Ġtoday	[IN:GET_WEATHER @ptr_0 @ptr_1 [SL:LOCATION [IN:GET_LOCATION [SL:LOCATION_MODIFIER @ptr_2 SL:LOCATION_MODIFIER] IN:GET_LOCATION] SL:LOCATION] @ptr_3 [SL:DATE_TIME @ptr_4 @ptr_5 SL:DATE_TIME] IN:GET_WEATHER]
Weather in current location	Weather Ġin Ġcurrent Ġlocation	[IN:GET_WEATHER @ptr_0 @ptr_1 [SL:LOCATION [IN:GET_LOCATION [SL:LOCATION_USER @ptr_2 @ptr_3 SL:LOCATION_USER] IN:GET_LOCATION] SL:LOCATION] IN:GET_WEATHER]
can you tell me the local radar prediction	can Ġyou Ġtell Ġme Ġthe Ġlocal Ġradar Ġprediction	[IN:GET_WEATHER @ptr_0 @ptr_1 @ptr_2 @ptr_3 @ptr_4 [SL:LOCATION [IN:GET_LOCATION [SL:LOCATION_MODIFIER @ptr_5 SL:LOCATION_MODIFIER] IN:GET_LOCATION] SL:LOCATION] @ptr_6 @ptr_7 IN:GET_WEATHER]
what 's the local radar like tomorrow	what Ġ' s Ġthe Ġlocal Ġradar Ġlike Ġtomorrow	[IN:GET_WEATHER @ptr_0 @ptr_1 @ptr_2 @ptr_3 [SL:LOCATION [IN:GET_LOCATION [SL:LOCATION_MODIFIER @ptr_4 SL:LOCATION_MODIFIER] IN:GET_LOCATION] SL:LOCATION] @ptr_5 @ptr_6 [SL:DATE_TIME @ptr_7 SL:DATE_TIME] IN:GET_WEATHER]
what 's the local radar	what Ġ' s Ġthe Ġlocal Ġradar	[IN:GET_WEATHER @ptr_0 @ptr_1 @ptr_2 @ptr_3 [SL:LOCATION [IN:GET_LOCATION [SL:LOCATION_MODIFIER @ptr_4 SL:LOCATION_MODIFIER] IN:GET_LOCATION] SL:LOCATION] @ptr_5 IN:GET_WEATHER]
gimmie that local radar readout	g imm ie Ġthat Ġlocal Ġradar Ġread out	[IN:GET_WEATHER @ptr_0 @ptr_1 @ptr_2 @ptr_3 [SL:LOCATION [IN:GET_LOCATION [SL:LOCATION_MODIFIER @ptr_4 SL:LOCATION_MODIFIER] IN:GET_LOCATION] SL:LOCATION] @ptr_5 @ptr_6 @ptr_7 IN:GET_WEATHER]
tell me the local radar for tomorrow	tell Ġme Ġthe Ġlocal Ġradar Ġfor Ġtomorrow	[IN:GET_WEATHER @ptr_0 @ptr_1 @ptr_2 [SL:LOCATION [IN:GET_LOCATION [SL:LOCATION_MODIFIER @ptr_3 SL:LOCATION_MODIFIER] IN:GET_LOCATION] SL:LOCATION] @ptr_4 [SL:DATE_TIME @ptr_5 @ptr_6 SL:DATE_TIME] IN:GET_WEATHER]
What time is dusk in my town	What Ġtime Ġis Ġdusk Ġin Ġmy Ġtown	[IN:GET_SUNSET @ptr_0 @ptr_1 @ptr_2 @ptr_3 @ptr_4 [SL:LOCATION [IN:GET_LOCATION [SL:LOCATION_USER @ptr_5 @ptr_6 SL:LOCATION_USER] IN:GET_LOCATION] SL:LOCATION] IN:GET_SUNSET]
What time does the sun set this time of year in my city	What Ġtime Ġdoes Ġthe Ġsun Ġset Ġthis Ġtime Ġof Ġyear Ġin Ġmy Ġcity	[IN:GET_SUNSET @ptr_0 @ptr_1 @ptr_2 @ptr_3 @ptr_4 @ptr_5 @ptr_6 @ptr_7 @ptr_8 @ptr_9 @ptr_10 [SL:LOCATION [IN:GET_LOCATION [SL:LOCATION_USER @ptr_11 @ptr_12 SL:LOCATION_USER] IN:GET_LOCATION] SL:LOCATION] IN:GET_SUNSET]
Can you guess the climate for next week here ?	Can Ġyou Ġguess Ġthe Ġclimate Ġfor Ġnext Ġweek Ġhere Ġ?	[IN:GET_WEATHER @ptr_0 @ptr_1 @ptr_2 @ptr_3 @ptr_4 [SL:DATE_TIME @ptr_5 @ptr_6 @ptr_7 SL:DATE_TIME] [SL:LOCATION [IN:GET_LOCATION [SL:LOCATION_USER @ptr_8 SL:LOCATION_USER] IN:GET_LOCATION] SL:LOCATION] @ptr_9 IN:GET_WEATHER]
what is the weather here ?	what Ġis Ġthe Ġweather Ġhere Ġ?	[IN:GET_WEATHER @ptr_0 @ptr_1 @ptr_2 @ptr_3 [SL:LOCATION [IN:GET_LOCATION [SL:LOCATION_USER @ptr_4 SL:LOCATION_USER] IN:GET_LOCATION] SL:LOCATION] @ptr_5 IN:GET_WEATHER]
radar for my region	rad ar Ġfor Ġmy Ġregion	[IN:GET_WEATHER @ptr_0 @ptr_1 @ptr_2 [SL:LOCATION [IN:GET_LOCATION [SL:LOCATION_USER @ptr_3 @ptr_4 SL:LOCATION_USER] IN:GET_LOCATION] SL:LOCATION] IN:GET_WEATHER]
I need the local radar	I Ġneed Ġthe Ġlocal Ġradar	[IN:GET_WEATHER @ptr_0 @ptr_1 @ptr_2 [SL:LOCATION [IN:GET_LOCATION [SL:LOCATION_MODIFIER @ptr_3 SL:LOCATION_MODIFIER] IN:GET_LOCATION] SL:LOCATION] @ptr_4 IN:GET_WEATHER]
what 's the radar look like in my area	what Ġ' s Ġthe Ġradar Ġlook Ġlike Ġin Ġmy Ġarea	[IN:GET_WEATHER @ptr_0 @ptr_1 @ptr_2 @ptr_3 @ptr_4 @ptr_5 @ptr_6 @ptr_7 [SL:LOCATION [IN:GET_LOCATION [SL:LOCATION_USER @ptr_8 @ptr_9 SL:LOCATION_USER] IN:GET_LOCATION] SL:LOCATION] IN:GET_WEATHER]
tell me local radar	tell Ġme Ġlocal Ġradar	[IN:GET_WEATHER @ptr_0 @ptr_1 [SL:LOCATION [IN:GET_LOCATION [SL:LOCATION_MODIFIER @ptr_2 SL:LOCATION_MODIFIER] IN:GET_LOCATION] SL:LOCATION] @ptr_3 IN:GET_WEATHER]
Pull up the radar for my current area	Pull Ġup Ġthe Ġradar Ġfor Ġmy Ġcurrent Ġarea	[IN:GET_WEATHER @ptr_0 @ptr_1 @ptr_2 @ptr_3 @ptr_4 [SL:LOCATION [IN:GET_LOCATION [SL:LOCATION_USER @ptr_5 @ptr_6 @ptr_7 SL:LOCATION_USER] IN:GET_LOCATION] SL:LOCATION] IN:GET_WEATHER]
what is the local radar forecast	what Ġis Ġthe Ġlocal Ġradar Ġforecast	[IN:GET_WEATHER @ptr_0 @ptr_1 @ptr_2 [SL:LOCATION [IN:GET_LOCATION [SL:LOCATION_MODIFIER @ptr_3 SL:LOCATION_MODIFIER] IN:GET_LOCATION] SL:LOCATION] @ptr_4 @ptr_5 IN:GET_WEATHER]
What time is dusk in my town	What Ġtime Ġis Ġdusk Ġin Ġmy Ġtown	[IN:GET_SUNSET @ptr_0 @ptr_1 @ptr_2 @ptr_3 @ptr_4 [SL:LOCATION [IN:GET_LOCATION [SL:LOCATION_USER @ptr_5 @ptr_6 SL:LOCATION_USER] IN:GET_LOCATION] SL:LOCATION] IN:GET_SUNSET]
Weather in current location	Weather Ġin Ġcurrent Ġlocation	[IN:GET_WEATHER @ptr_0 @ptr_1 [SL:LOCATION [IN:GET_LOCATION [SL:LOCATION_USER @ptr_2 @ptr_3 SL:LOCATION_USER] IN:GET_LOCATION] SL:LOCATION] IN:GET_WEATHER]
whats the weather radar look like near me	wh ats Ġthe Ġweather Ġradar Ġlook Ġlike Ġnear Ġme	[IN:GET_WEATHER @ptr_0 @ptr_1 @ptr_2 @ptr_3 @ptr_4 @ptr_5 @ptr_6 [SL:LOCATION [IN:GET_LOCATION [SL:SEARCH_RADIUS @ptr_7 SL:SEARCH_RADIUS] [SL:LOCATION_USER @ptr_8 SL:LOCATION_USER] IN:GET_LOCATION] SL:LOCATION] IN:GET_WEATHER]
Can you guess the climate for next week here ?	Can Ġyou Ġguess Ġthe Ġclimate Ġfor Ġnext Ġweek Ġhere Ġ?	[IN:GET_WEATHER @ptr_0 @ptr_1 @ptr_2 @ptr_3 @ptr_4 [SL:DATE_TIME @ptr_5 @ptr_6 @ptr_7 SL:DATE_TIME] [SL:LOCATION [IN:GET_LOCATION [SL:LOCATION_USER @ptr_8 SL:LOCATION_USER] IN:GET_LOCATION] SL:LOCATION] @ptr_9 IN:GET_WEATHER]
Pull up the radar for my current area	Pull Ġup Ġthe Ġradar Ġfor Ġmy Ġcurrent Ġarea	[IN:GET_WEATHER @ptr_0 @ptr_1 @ptr_2 @ptr_3 @ptr_4 [SL:LOCATION [IN:GET_LOCATION [SL:LOCATION_USER @ptr_5 @ptr_6 @ptr_7 SL:LOCATION_USER] IN:GET_LOCATION] SL:LOCATION] IN:GET_WEATHER]
SHOW ME THE RADAR FOR MY AREA	SH OW ĠME ĠTHE ĠRAD AR ĠFOR ĠMY ĠARE A	[IN:GET_WEATHER @ptr_0 @ptr_1 @ptr_2 @ptr_3 @ptr_4 @ptr_5 @ptr_6 [SL:LOCATION [IN:GET_LOCATION [SL:LOCATION_USER @ptr_7 @ptr_8 @ptr_9 SL:LOCATION_USER] IN:GET_LOCATION] SL:LOCATION] IN:GET_WEATHER]
what 's the radar look like in my area	what Ġ' s Ġthe Ġradar Ġlook Ġlike Ġin Ġmy Ġarea	[IN:GET_WEATHER @ptr_0 @ptr_1 @ptr_2 @ptr_3 @ptr_4 @ptr_5 @ptr_6 @ptr_7 [SL:LOCATION [IN:GET_LOCATION [SL:LOCATION_USER @ptr_8 @ptr_9 SL:LOCATION_USER] IN:GET_LOCATION] SL:LOCATION] IN:GET_WEATHER]
what is the weather here ?	what Ġis Ġthe Ġweather Ġhere Ġ?	[IN:GET_WEATHER @ptr_0 @ptr_1 @ptr_2 @ptr_3 [SL:LOCATION [IN:GET_LOCATION [SL:LOCATION_USER @ptr_4 SL:LOCATION_USER] IN:GET_LOCATION] SL:LOCATION] @ptr_5 IN:GET_WEATHER]
Weather here 10th June	Weather Ġhere Ġ10 th ĠJune	[IN:GET_WEATHER @ptr_0 [SL:LOCATION [IN:GET_LOCATION [SL:LOCATION_USER @ptr_1 SL:LOCATION_USER] IN:GET_LOCATION] SL:LOCATION] [SL:DATE_TIME @ptr_2 @ptr_3 @ptr_4 SL:DATE_TIME] IN:GET_WEATHER]
What time does the sun set this time of year in my city	What Ġtime Ġdoes Ġthe Ġsun Ġset Ġthis Ġtime Ġof Ġyear Ġin Ġmy Ġcity	[IN:GET_SUNSET @ptr_0 @ptr_1 @ptr_2 @ptr_3 @ptr_4 @ptr_5 @ptr_6 @ptr_7 @ptr_8 @ptr_9 @ptr_10 [SL:LOCATION [IN:GET_LOCATION [SL:LOCATION_USER @ptr_11 @ptr_12 SL:LOCATION_USER] IN:GET_LOCATION] SL:LOCATION] IN:GET_SUNSET]
radar for my region	rad ar Ġfor Ġmy Ġregion	[IN:GET_WEATHER @ptr_0 @ptr_1 @ptr_2 [SL:LOCATION [IN:GET_LOCATION [SL:LOCATION_USER @ptr_3 @ptr_4 SL:LOCATION_USER] IN:GET_LOCATION] SL:LOCATION] IN:GET_WEATHER]
show me weather radar in my area	show Ġme Ġweather Ġradar Ġin Ġmy Ġarea	[IN:GET_WEATHER @ptr_0 @ptr_1 @ptr_2 @ptr_3 @ptr_4 [SL:LOCATION [IN:GET_LOCATION [SL:LOCATION_USER @ptr_5 @ptr_6 SL:LOCATION_USER] IN:GET_LOCATION] SL:LOCATION] IN:GET_WEATHER]
What time does the sun rise today	What Ġtime Ġdoes Ġthe Ġsun Ġrise Ġtoday	[IN:GET_SUNRISE @ptr_0 @ptr_1 @ptr_2 @ptr_3 @ptr_4 @ptr_5 [SL:DATE_TIME @ptr_6 SL:DATE_TIME] IN:GET_SUNRISE]
When will the sun come out ?	When Ġwill Ġthe Ġsun Ġcome Ġout Ġ?	[IN:GET_SUNRISE @ptr_0 @ptr_1 @ptr_2 @ptr_3 @ptr_4 @ptr_5 @ptr_6 IN:GET_SUNRISE]
when is sunrise today ?	when Ġis Ġsunrise Ġtoday Ġ?	[IN:GET_SUNRISE @ptr_0 @ptr_1 @ptr_2 [SL:DATE_TIME @ptr_3 SL:DATE_TIME] @ptr_4 IN:GET_SUNRISE]
how many hours until sunrise	how Ġmany Ġhours Ġuntil Ġsunrise	[IN:GET_SUNRISE @ptr_0 @ptr_1 @ptr_2 @ptr_3 @ptr_4 IN:GET_SUNRISE]
What time does the sun rise tomorrow on the East Coast	What Ġtime Ġdoes Ġthe Ġsun Ġrise Ġtomorrow Ġon Ġthe ĠEast ĠCoast	[IN:GET_SUNRISE @ptr_0 @ptr_1 @ptr_2 @ptr_3 @ptr_4 @ptr_5 [SL:DATE_TIME @ptr_6 SL:DATE_TIME] @ptr_7 @ptr_8 @ptr_9 [SL:LOCATION @ptr_10 SL:LOCATION] IN:GET_SUNRISE]
What time is sunrise tomorrow	What Ġtime Ġis Ġsunrise Ġtomorrow	[IN:GET_SUNRISE @ptr_0 @ptr_1 @ptr_2 @ptr_3 [SL:DATE_TIME @ptr_4 SL:DATE_TIME] IN:GET_SUNRISE]
What time does the sun come up tomorrow	What Ġtime Ġdoes Ġthe Ġsun Ġcome Ġup Ġtomorrow	[IN:GET_SUNRISE @ptr_0 @ptr_1 @ptr_2 @ptr_3 @ptr_4 @ptr_5 @ptr_6 [SL:DATE_TIME @ptr_7 SL:DATE_TIME] IN:GET_SUNRISE]
At what time does the sun rise	At Ġwhat Ġtime Ġdoes Ġthe Ġsun Ġrise	[IN:GET_SUNRISE @ptr_0 @ptr_1 @ptr_2 @ptr_3 @ptr_4 @ptr_5 @ptr_6 IN:GET_SUNRISE]
when will the dawn be	when Ġwill Ġthe Ġdawn Ġbe	[IN:GET_SUNRISE @ptr_0 @ptr_1 @ptr_2 @ptr_3 @ptr_4 IN:GET_SUNRISE]
What time is sun rise tomorrow	What Ġtime Ġis Ġsun Ġrise Ġtomorrow	[IN:GET_SUNRISE @ptr_0 @ptr_1 @ptr_2 @ptr_3 @ptr_4 [SL:DATE_TIME @ptr_5 SL:DATE_TIME] IN:GET_SUNRISE]
What time does the sun rise today	What Ġtime Ġdoes Ġthe Ġsun Ġrise Ġtoday	[IN:GET_SUNRISE @ptr_0 @ptr_1 @ptr_2 @ptr_3 @ptr_4 @ptr_5 [SL:DATE_TIME @ptr_6 SL:DATE_TIME] IN:GET_SUNRISE]
what time is sunrise tomorrow	what Ġtime Ġis Ġsunrise Ġtomorrow	[IN:GET_SUNRISE @ptr_0 @ptr_1 @ptr_2 @ptr_3 [SL:DATE_TIME @ptr_4 SL:DATE_TIME] IN:GET_SUNRISE]
What time did the sunrise today	What Ġtime Ġdid Ġthe Ġsunrise Ġtoday	[IN:GET_SUNRISE @ptr_0 @ptr_1 @ptr_2 @ptr_3 @ptr_4 [SL:DATE_TIME @ptr_5 SL:DATE_TIME] IN:GET_SUNRISE]
What times is sunrise tomorrow ?	What Ġtimes Ġis Ġsunrise Ġtomorrow Ġ?	[IN:GET_SUNRISE @ptr_0 @ptr_1 @ptr_2 @ptr_3 [SL:DATE_TIME @ptr_4 SL:DATE_TIME] @ptr_5 IN:GET_SUNRISE]
What time does the sun come up tomorrow	What Ġtime Ġdoes Ġthe Ġsun Ġcome Ġup Ġtomorrow	[IN:GET_SUNRISE @ptr_0 @ptr_1 @ptr_2 @ptr_3 @ptr_4 @ptr_5 @ptr_6 [SL:DATE_TIME @ptr_7 SL:DATE_TIME] IN:GET_SUNRISE]
what time is sunrise	what Ġtime Ġis Ġsunrise	[IN:GET_SUNRISE @ptr_0 @ptr_1 @ptr_2 @ptr_3 IN:GET_SUNRISE]
When does the sun rise ?	When Ġdoes Ġthe Ġsun Ġrise Ġ?	[IN:GET_SUNRISE @ptr_0 @ptr_1 @ptr_2 @ptr_3 @ptr_4 @ptr_5 IN:GET_SUNRISE]
what time is sunrise tomorrow morning	what Ġtime Ġis Ġsunrise Ġtomorrow Ġmorning	[IN:GET_SUNRISE @ptr_0 @ptr_1 @ptr_2 @ptr_3 [SL:DATE_TIME @ptr_4 @ptr_5 SL:DATE_TIME] IN:GET_SUNRISE]
WHAT TIME IS SUNRISE TOMORROW	WHAT ĠTIME ĠIS ĠSUN R ISE ĠTOM OR R OW	[IN:GET_SUNRISE @ptr_0 @ptr_1 @ptr_2 @ptr_3 @ptr_4 @ptr_5 [SL:DATE_TIME @ptr_6 @ptr_7 @ptr_8 @ptr_9 SL:DATE_TIME] IN:GET_SUNRISE]
What time will the sunrise Friday	What Ġtime Ġwill Ġthe Ġsunrise ĠFriday	[IN:GET_SUNRISE @ptr_0 @ptr_1 @ptr_2 @ptr_3 @ptr_4 [SL:DATE_TIME @ptr_5 SL:DATE_TIME] IN:GET_SUNRISE]
when is the dawn	when Ġis Ġthe Ġdawn	[IN:GET_SUNRISE @ptr_0 @ptr_1 @ptr_2 @ptr_3 IN:GET_SUNRISE]
What time is sunrise ?	What Ġtime Ġis Ġsunrise Ġ?	[IN:GET_SUNRISE @ptr_0 @ptr_1 @ptr_2 @ptr_3 @ptr_4 IN:GET_SUNRISE]
when does the sunrise on the east coast	when Ġdoes Ġthe Ġsunrise Ġon Ġthe Ġeast Ġcoast	[IN:GET_SUNRISE @ptr_0 @ptr_1 @ptr_2 @ptr_3 @ptr_4 @ptr_5 [SL:LOCATION @ptr_6 @ptr_7 SL:LOCATION] IN:GET_SUNRISE]
When 's sunrise	When Ġ' s Ġsunrise	[IN:GET_SUNRISE @ptr_0 @ptr_1 @ptr_2 @ptr_3 IN:GET_SUNRISE]
when will sunrise be	when Ġwill Ġsunrise Ġbe	[IN:GET_SUNRISE @ptr_0 @ptr_1 @ptr_2 @ptr_3 IN:GET_SUNRISE]
Temperature out there Celsius	Temperature Ġout Ġthere ĠCelsius	[IN:GET_WEATHER @ptr_0 [SL:LOCATION @ptr_1 @ptr_2 SL:LOCATION] [SL:WEATHER_TEMPERATURE_UNIT @ptr_3 SL:WEATHER_TEMPERATURE_UNIT] IN:GET_WEATHER]
Temperature near Seattle Fahrenheit	Temperature Ġnear ĠSeattle ĠFahrenheit	[IN:GET_WEATHER @ptr_0 @ptr_1 [SL:LOCATION @ptr_2 SL:LOCATION] [SL:WEATHER_TEMPERATURE_UNIT @ptr_3 SL:WEATHER_TEMPERATURE_UNIT] IN:GET_WEATHER]
Is it below 13 in degree celsius here tomorrow morning	Is Ġit Ġbelow Ġ13 Ġin Ġdegree Ġc elsius Ġhere Ġtomorrow Ġmorning	[IN:GET_WEATHER @ptr_0 @ptr_1 [SL:WEATHER_ATTRIBUTE @ptr_2 SL:WEATHER_ATTRIBUTE] [SL:WEATHER_ATTRIBUTE @ptr_3 SL:WEATHER_ATTRIBUTE] @ptr_4 @ptr_5 [SL:WEATHER_TEMPERATURE_UNIT @ptr_6 @ptr_7 SL:WEATHER_TEMPERATURE_UNIT] [SL:LOCATION @ptr_8 SL:LOCATION] [SL:DATE_TIME @ptr_9 @ptr_10 SL:DATE_TIME] IN:GET_WEATHER]
Is it above 42 C at Shanghai tomorrow morning	Is Ġit Ġabove Ġ42 ĠC Ġat ĠShanghai Ġtomorrow Ġmorning	[IN:GET_WEATHER @ptr_0 @ptr_1 [SL:WEATHER_ATTRIBUTE @ptr_2 SL:WEATHER_ATTRIBUTE] [SL:WEATHER_ATTRIBUTE @ptr_3 SL:WEATHER_ATTRIBUTE] [SL:WEATHER_TEMPERATURE_UNIT @ptr_4 SL:WEATHER_TEMPERATURE_UNIT] @ptr_5 [SL:LOCATION @ptr_6 SL:LOCATION] [SL:DATE_TIME @ptr_7 @ptr_8 SL:DATE_TIME] IN:GET_WEATHER]
Temperature today around Karachi Fahrenheit	Temperature Ġtoday Ġaround ĠKarachi ĠFahrenheit	[IN:GET_WEATHER @ptr_0 [SL:DATE_TIME @ptr_1 SL:DATE_TIME] @ptr_2 [SL:LOCATION @ptr_3 SL:LOCATION] [SL:WEATHER_TEMPERATURE_UNIT @ptr_4 SL:WEATHER_TEMPERATURE_UNIT] IN:GET_WEATHER]
Will it be above 14 degree fahrenheit seattle tomorrow morning	Will Ġit Ġbe Ġabove Ġ14 Ġdegree Ġf ah renheit Ġse attle Ġtomorrow Ġmorning	[IN:GET_WEATHER @ptr_0 @ptr_1 @ptr_2 [SL:WEATHER_ATTRIBUTE @ptr_3 SL:WEATHER_ATTRIBUTE] [SL:WEATHER_ATTRIBUTE @ptr_4 SL:WEATHER_ATTRIBUTE] @ptr_5 [SL:WEATHER_TEMPERATURE_UNIT @ptr_6 @ptr_7 @ptr_8 SL:WEATHER_TEMPERATURE_UNIT] [SL:LOCATION @ptr_9 @ptr_10 SL:LOCATION] [SL:DATE_TIME @ptr_11 @ptr_12 SL:DATE_TIME] IN:GET_WEATHER]
Is it above 29 in degree Celsius dublin today	Is Ġit Ġabove Ġ29 Ġin Ġdegree ĠCelsius Ġdub lin Ġtoday	[IN:GET_WEATHER @ptr_0 @ptr_1 [SL:WEATHER_ATTRIBUTE @ptr_2 SL:WEATHER_ATTRIBUTE] [SL:WEATHER_ATTRIBUTE @ptr_3 SL:WEATHER_ATTRIBUTE] @ptr_4 @ptr_5 [SL:WEATHER_TEMPERATURE_UNIT @ptr_6 SL:WEATHER_TEMPERATURE_UNIT] [SL:LOCATION @ptr_7 @ptr_8 SL:LOCATION] [SL:DATE_TIME @ptr_9 SL:DATE_TIME] IN:GET_WEATHER]
Is it going to be above 7 in degree Celsius here	Is Ġit Ġgoing Ġto Ġbe Ġabove Ġ7 Ġin Ġdegree ĠCelsius Ġhere	[IN:GET_WEATHER @ptr_0 @ptr_1 @ptr_2 @ptr_3 @ptr_4 [SL:WEATHER_ATTRIBUTE @ptr_5 SL:WEATHER_ATTRIBUTE] [SL:WEATHER_ATTRIBUTE @ptr_6 SL:WEATHER_ATTRIBUTE] @ptr_7 @ptr_8 [SL:WEATHER_TEMPERATURE_UNIT @ptr_9 SL:WEATHER_TEMPERATURE_UNIT] [SL:LOCATION @ptr_10 SL:LOCATION] IN:GET_WEATHER]
How hot is it tonight degree Fahrenheit	How Ġhot Ġis Ġit Ġtonight Ġdegree ĠFahrenheit	[IN:GET_WEATHER @ptr_0 [SL:WEATHER_ATTRIBUTE @ptr_1 SL:WEATHER_ATTRIBUTE] @ptr_2 @ptr_3 [SL:DATE_TIME @ptr_4 SL:DATE_TIME] @ptr_5 [SL:WEATHER_TEMPERATURE_UNIT @ptr_6 SL:WEATHER_TEMPERATURE_UNIT] IN:GET_WEATHER]
Is it below 33 in degree celcius for New York this weekend	Is Ġit Ġbelow Ġ33 Ġin Ġdegree Ġcel cius Ġfor ĠNew ĠYork Ġthis Ġweekend	[IN:GET_WEATHER @ptr_0 @ptr_1 [SL:WEATHER_ATTRIBUTE @ptr_2 SL:WEATHER_ATTRIBUTE] [SL:WEATHER_ATTRIBUTE @ptr_3 SL:WEATHER_ATTRIBUTE] @ptr_4 @ptr_5 [SL:WEATHER_TEMPERATURE_UNIT @ptr_6 @ptr_7 SL:WEATHER_TEMPERATURE_UNIT] @ptr_8 [SL:LOCATION @ptr_9 @ptr_10 SL:LOCATION] [SL:DATE_TIME @ptr_11 @ptr_12 SL:DATE_TIME] IN:GET_WEATHER]
How cold is it in Boston tomorrow morning in fahrenheit	How Ġcold Ġis Ġit Ġin ĠBoston Ġtomorrow Ġmorning Ġin Ġf ah renheit	[IN:GET_WEATHER @ptr_0 [SL:WEATHER_ATTRIBUTE @ptr_1 SL:WEATHER_ATTRIBUTE] @ptr_2 @ptr_3 @ptr_4 [SL:LOCATION @ptr_5 SL:LOCATION] [SL:DATE_TIME @ptr_6 @ptr_7 SL:DATE_TIME] @ptr_8 [SL:WEATHER_TEMPERATURE_UNIT @ptr_9 @ptr_10 @ptr_11 SL:WEATHER_TEMPERATURE_UNIT] IN:GET_WEATHER]
Is it above 90 degrees C at San Francisco today	Is Ġit Ġabove Ġ90 Ġdegrees ĠC Ġat ĠSan ĠFrancisco Ġtoday	[IN:GET_WEATHER @ptr_0 @ptr_1 [SL:WEATHER_ATTRIBUTE @ptr_2 SL:WEATHER_ATTRIBUTE] [SL:WEATHER_ATTRIBUTE @ptr_3 SL:WEATHER_ATTRIBUTE] @ptr_4 [SL:WEATHER_TEMPERATURE_UNIT @ptr_5 SL:WEATHER_TEMPERATURE_UNIT] @ptr_6 [SL:LOCATION @ptr_7 @ptr_8 SL:LOCATION] [SL:DATE_TIME @ptr_9 SL:DATE_TIME] IN:GET_WEATHER]
How hot is it at Karachi this weekend in degrees Fahrenheit	How Ġhot Ġis Ġit Ġat ĠKarachi Ġthis Ġweekend Ġin Ġdegrees ĠFahrenheit	[IN:GET_WEATHER @ptr_0 [SL:WEATHER_ATTRIBUTE @ptr_1 SL:WEATHER_ATTRIBUTE] @ptr_2 @ptr_3 @ptr_4 [SL:LOCATION @ptr_5 SL:LOCATION] [SL:DATE_TIME @ptr_6 @ptr_7 SL:DATE_TIME] @ptr_8 @ptr_9 [SL:WEATHER_TEMPERATURE_UNIT @ptr_10 SL:WEATHER_TEMPERATURE_UNIT] IN:GET_WEATHER]
What is the apparent temperature like in Celcius ?	What Ġis Ġthe Ġapparent Ġtemperature Ġlike Ġin ĠCel cius Ġ?	[IN:GET_WEATHER @ptr_0 @ptr_1 @ptr_2 @ptr_3 @ptr_4 @ptr_5 @ptr_6 [SL:WEATHER_TEMPERATURE_UNIT @ptr_7 @ptr_8 SL:WEATHER_TEMPERATURE_UNIT] @ptr_9 IN:GET_WEATHER]
Temperature tonight for Houston c	Temperature Ġtonight Ġfor ĠHouston Ġc	[IN:GET_WEATHER @ptr_0 [SL:DATE_TIME @ptr_1 SL:DATE_TIME] @ptr_2 [SL:LOCATION @ptr_3 SL:LOCATION] [SL:WEATHER_TEMPERATURE_UNIT @ptr_4 SL:WEATHER_TEMPERATURE_UNIT] IN:GET_WEATHER]
Is it going to be above 60 degree Celsius today	Is Ġit Ġgoing Ġto Ġbe Ġabove Ġ60 Ġdegree ĠCelsius Ġtoday	[IN:GET_WEATHER @ptr_0 @ptr_1 @ptr_2 @ptr_3 @ptr_4 [SL:WEATHER_ATTRIBUTE @ptr_5 SL:WEATHER_ATTRIBUTE] [SL:WEATHER_ATTRIBUTE @ptr_6 SL:WEATHER_ATTRIBUTE] @ptr_7 [SL:WEATHER_TEMPERATURE_UNIT @ptr_8 SL:WEATHER_TEMPERATURE_UNIT] [SL:DATE_TIME @ptr_9 SL:DATE_TIME] IN:GET_WEATHER]
Temperature tonight in Beijing Celcius	Temperature Ġtonight Ġin ĠBeijing ĠCel cius	[IN:GET_WEATHER @ptr_0 [SL:DATE_TIME @ptr_1 SL:DATE_TIME] @ptr_2 [SL:LOCATION @ptr_3 SL:LOCATION] [SL:WEATHER_TEMPERATURE_UNIT @ptr_4 @ptr_5 SL:WEATHER_TEMPERATURE_UNIT] IN:GET_WEATHER]
What will be the minimum temperature in Celsius ?	What Ġwill Ġbe Ġthe Ġminimum Ġtemperature Ġin ĠCelsius Ġ?	[IN:GET_WEATHER @ptr_0 @ptr_1 @ptr_2 @ptr_3 @ptr_4 @ptr_5 @ptr_6 [SL:WEATHER_TEMPERATURE_UNIT @ptr_7 SL:WEATHER_TEMPERATURE_UNIT] @ptr_8 IN:GET_WEATHER]
How hot is it next week dehli degrees fahrenheit	How Ġhot Ġis Ġit Ġnext Ġweek Ġde h li Ġdegrees Ġf ah renheit	[IN:GET_WEATHER @ptr_0 [SL:WEATHER_ATTRIBUTE @ptr_1 SL:WEATHER_ATTRIBUTE] @ptr_2 @ptr_3 [SL:DATE_TIME @ptr_4 @ptr_5 SL:DATE_TIME] [SL:LOCATION @ptr_6 @ptr_7 @ptr_8 SL:LOCATION] @ptr_9 [SL:WEATHER_TEMPERATURE_UNIT @ptr_10 @ptr_11 @ptr_12 SL:WEATHER_TEMPERATURE_UNIT] IN:GET_WEATHER]
How warm is it this weekend inside in degrees celsius	How Ġwarm Ġis Ġit Ġthis Ġweekend Ġinside Ġin Ġdegrees Ġc elsius	[IN:GET_WEATHER @ptr_0 [SL:WEATHER_ATTRIBUTE @ptr_1 SL:WEATHER_ATTRIBUTE] @ptr_2 @ptr_3 [SL:DATE_TIME @ptr_4 @ptr_5 SL:DATE_TIME] [SL:LOCATION @ptr_6 SL:LOCATION] @ptr_7 @ptr_8 [SL:WEATHER_TEMPERATURE_UNIT @ptr_9 @ptr_10 SL:WEATHER_TEMPERATURE_UNIT] IN:GET_WEATHER]
How cold is it at Chicago celsius	How Ġcold Ġis Ġit Ġat ĠChicago Ġc elsius	[IN:GET_WEATHER @ptr_0 [SL:WEATHER_ATTRIBUTE @ptr_1 SL:WEATHER_ATTRIBUTE] @ptr_2 @ptr_3 @ptr_4 [SL:LOCATION @ptr_5 SL:LOCATION] [SL:WEATHER_TEMPERATURE_UNIT @ptr_6 @ptr_7 SL:WEATHER_TEMPERATURE_UNIT] IN:GET_WEATHER]
Is it above 15 in F london tomorrow morning	Is Ġit Ġabove Ġ15 Ġin ĠF Ġl ondon Ġtomorrow Ġmorning	[IN:GET_WEATHER @ptr_0 @ptr_1 [SL:WEATHER_ATTRIBUTE @ptr_2 SL:WEATHER_ATTRIBUTE] [SL:WEATHER_ATTRIBUTE @ptr_3 SL:WEATHER_ATTRIBUTE] @ptr_4 [SL:WEATHER_TEMPERATURE_UNIT @ptr_5 SL:WEATHER_TEMPERATURE_UNIT] [SL:LOCATION @ptr_6 @ptr_7 SL:LOCATION] [SL:DATE_TIME @ptr_8 @ptr_9 SL:DATE_TIME] IN:GET_WEATHER]
Tell me the temperature in Celsius	Tell Ġme Ġthe Ġtemperature Ġin ĠCelsius	[IN:GET_WEATHER @ptr_0 @ptr_1 @ptr_2 @ptr_3 @ptr_4 [SL:WEATHER_TEMPERATURE_UNIT @ptr_5 SL:WEATHER_TEMPERATURE_UNIT] IN:GET_WEATHER]
How warm is it tonight out there degree C	How Ġwarm Ġis Ġit Ġtonight Ġout Ġthere Ġdegree ĠC	[IN:GET_WEATHER @ptr_0 [SL:WEATHER_ATTRIBUTE @ptr_1 SL:WEATHER_ATTRIBUTE] @ptr_2 @ptr_3 [SL:DATE_TIME @ptr_4 SL:DATE_TIME] [SL:LOCATION @ptr_5 @ptr_6 SL:LOCATION] @ptr_7 [SL:WEATHER_TEMPERATURE_UNIT @ptr_8 SL:WEATHER_TEMPERATURE_UNIT] IN:GET_WEATHER]
Please tell me the temperature in Kelvin .	Please Ġtell Ġme Ġthe Ġtemperature Ġin ĠKelvin Ġ.	[IN:GET_WEATHER @ptr_0 @ptr_1 @ptr_2 @ptr_3 @ptr_4 @ptr_5 [SL:WEATHER_TEMPERATURE_UNIT @ptr_6 SL:WEATHER_TEMPERATURE_UNIT] @ptr_7 IN:GET_WEATHER]
whats the weather radar look like near me	wh ats Ġthe Ġweather Ġradar Ġlook Ġlike Ġnear Ġme	[IN:GET_WEATHER @ptr_0 @ptr_1 @ptr_2 @ptr_3 @ptr_4 @ptr_5 @ptr_6 [SL:LOCATION [IN:GET_LOCATION [SL:SEARCH_RADIUS @ptr_7 SL:SEARCH_RADIUS] [SL:LOCATION_USER @ptr_8 SL:LOCATION_USER] IN:GET_LOCATION] SL:LOCATION] IN:GET_WEATHER]
advise me on how many cm of rain is due tomorrow	adv ise Ġme Ġon Ġhow Ġmany Ġcm Ġof Ġrain Ġis Ġdue Ġtomorrow	[IN:GET_WEATHER @ptr_0 @ptr_1 @ptr_2 @ptr_3 @ptr_4 @ptr_5 [SL:MEASUREMENT_UNIT @ptr_6 SL:MEASUREMENT_UNIT] @ptr_7 [SL:WEATHER_ATTRIBUTE @ptr_8 SL:WEATHER_ATTRIBUTE] @ptr_9 @ptr_10 [SL:DATE_TIME @ptr_11 SL:DATE_TIME] IN:GET_WEATHER]
in centimeters , how much rain will we be getting tonight	in Ġcentimeters Ġ, Ġhow Ġmuch Ġrain Ġwill Ġwe Ġbe Ġgetting Ġtonight	[IN:GET_WEATHER @ptr_0 [SL:MEASUREMENT_UNIT @ptr_1 SL:MEASUREMENT_UNIT] @ptr_2 @ptr_3 @ptr_4 [SL:WEATHER_ATTRIBUTE @ptr_5 SL:WEATHER_ATTRIBUTE] @ptr_6 @ptr_7 @ptr_8 @ptr_9 [SL:DATE_TIME @ptr_10 SL:DATE_TIME] IN:GET_WEATHER]
how many millimetres of rain is expected ?	how Ġmany Ġmill imet res Ġof Ġrain Ġis Ġexpected Ġ?	[IN:GET_WEATHER @ptr_0 @ptr_1 [SL:MEASUREMENT_UNIT @ptr_2 @ptr_3 @ptr_4 SL:MEASUREMENT_UNIT] @ptr_5 [SL:WEATHER_ATTRIBUTE @ptr_6 SL:WEATHER_ATTRIBUTE] @ptr_7 @ptr_8 @ptr_9 IN:GET_WEATHER]
How many mm of rain are we expecting this evening .	How Ġmany Ġmm Ġof Ġrain Ġare Ġwe Ġexpecting Ġthis Ġevening Ġ.	[IN:GET_WEATHER @ptr_0 @ptr_1 [SL:MEASUREMENT_UNIT @ptr_2 SL:MEASUREMENT_UNIT] @ptr_3 [SL:WEATHER_ATTRIBUTE @ptr_4 SL:WEATHER_ATTRIBUTE] @ptr_5 @ptr_6 @ptr_7 [SL:DATE_TIME @ptr_8 @ptr_9 SL:DATE_TIME] @ptr_10 IN:GET_WEATHER]
How many cm of snow are we expecting ?	How Ġmany Ġcm Ġof Ġsnow Ġare Ġwe Ġexpecting Ġ?	[IN:GET_WEATHER @ptr_0 @ptr_1 [SL:MEASUREMENT_UNIT @ptr_2 SL:MEASUREMENT_UNIT] @ptr_3 [SL:WEATHER_ATTRIBUTE @ptr_4 SL:WEATHER_ATTRIBUTE] @ptr_5 @ptr_6 @ptr_7 @ptr_8 IN:GET_WEATHER]
What is the forecast for this weekend at my mums ?	What Ġis Ġthe Ġforecast Ġfor Ġthis Ġweekend Ġat Ġmy Ġm ums Ġ?	[IN:GET_WEATHER @ptr_0 @ptr_1 @ptr_2 @ptr_3 [SL:DATE_TIME @ptr_4 @ptr_5 @ptr_6 SL:DATE_TIME] @ptr_7 [SL:LOCATION [IN:GET_INFO_CONTACT [SL:CONTACT [IN:GET_CONTACT [SL:CONTACT_RELATED @ptr_8 SL:CONTACT_RELATED] [SL:TYPE_RELATION @ptr_9 @ptr_10 SL:TYPE_RELATION] IN:GET_CONTACT] SL:CONTACT] IN:GET_INFO_CONTACT] SL:LOCATION] @ptr_11 IN:GET_WEATHER]
What is the forecast for this weekend at my mums ?	What Ġis Ġthe Ġforecast Ġfor Ġthis Ġweekend Ġat Ġmy Ġm ums Ġ?	[IN:GET_WEATHER @ptr_0 @ptr_1 @ptr_2 @ptr_3 [SL:DATE_TIME @ptr_4 @ptr_5 @ptr_6 SL:DATE_TIME] @ptr_7 [SL:LOCATION [IN:GET_INFO_CONTACT [SL:CONTACT [IN:GET_CONTACT [SL:CONTACT_RELATED @ptr_8 SL:CONTACT_RELATED] [SL:TYPE_RELATION @ptr_9 @ptr_10 SL:TYPE_RELATION] IN:GET_CONTACT] SL:CONTACT] IN:GET_INFO_CONTACT] SL:LOCATION] @ptr_11 IN:GET_WEATHER]
What is the forecast for this weekend at my mums ?	What Ġis Ġthe Ġforecast Ġfor Ġthis Ġweekend Ġat Ġmy Ġm ums Ġ?	[IN:GET_WEATHER @ptr_0 @ptr_1 @ptr_2 @ptr_3 [SL:DATE_TIME @ptr_4 @ptr_5 @ptr_6 SL:DATE_TIME] @ptr_7 [SL:LOCATION [IN:GET_INFO_CONTACT [SL:CONTACT [IN:GET_CONTACT [SL:CONTACT_RELATED @ptr_8 SL:CONTACT_RELATED] [SL:TYPE_RELATION @ptr_9 @ptr_10 SL:TYPE_RELATION] IN:GET_CONTACT] SL:CONTACT] IN:GET_INFO_CONTACT] SL:LOCATION] @ptr_11 IN:GET_WEATHER]
What is the forecast for this weekend at my mums ?	What Ġis Ġthe Ġforecast Ġfor Ġthis Ġweekend Ġat Ġmy Ġm ums Ġ?	[IN:GET_WEATHER @ptr_0 @ptr_1 @ptr_2 @ptr_3 [SL:DATE_TIME @ptr_4 @ptr_5 @ptr_6 SL:DATE_TIME] @ptr_7 [SL:LOCATION [IN:GET_INFO_CONTACT [SL:CONTACT [IN:GET_CONTACT [SL:CONTACT_RELATED @ptr_8 SL:CONTACT_RELATED] [SL:TYPE_RELATION @ptr_9 @ptr_10 SL:TYPE_RELATION] IN:GET_CONTACT] SL:CONTACT] IN:GET_INFO_CONTACT] SL:LOCATION] @ptr_11 IN:GET_WEATHER]
What is the forecast for this weekend at my mums ?	What Ġis Ġthe Ġforecast Ġfor Ġthis Ġweekend Ġat Ġmy Ġm ums Ġ?	[IN:GET_WEATHER @ptr_0 @ptr_1 @ptr_2 @ptr_3 [SL:DATE_TIME @ptr_4 @ptr_5 @ptr_6 SL:DATE_TIME] @ptr_7 [SL:LOCATION [IN:GET_INFO_CONTACT [SL:CONTACT [IN:GET_CONTACT [SL:CONTACT_RELATED @ptr_8 SL:CONTACT_RELATED] [SL:TYPE_RELATION @ptr_9 @ptr_10 SL:TYPE_RELATION] IN:GET_CONTACT] SL:CONTACT] IN:GET_INFO_CONTACT] SL:LOCATION] @ptr_11 IN:GET_WEATHER]
gimmie that local radar readout	g imm ie Ġthat Ġlocal Ġradar Ġread out	[IN:GET_WEATHER @ptr_0 @ptr_1 @ptr_2 @ptr_3 [SL:LOCATION [IN:GET_LOCATION [SL:LOCATION_MODIFIER @ptr_4 SL:LOCATION_MODIFIER] IN:GET_LOCATION] SL:LOCATION] @ptr_5 @ptr_6 @ptr_7 IN:GET_WEATHER]
what 's the local radar like tomorrow	what Ġ' s Ġthe Ġlocal Ġradar Ġlike Ġtomorrow	[IN:GET_WEATHER @ptr_0 @ptr_1 @ptr_2 @ptr_3 [SL:LOCATION [IN:GET_LOCATION [SL:LOCATION_MODIFIER @ptr_4 SL:LOCATION_MODIFIER] IN:GET_LOCATION] SL:LOCATION] @ptr_5 @ptr_6 [SL:DATE_TIME @ptr_7 SL:DATE_TIME] IN:GET_WEATHER]
what 's the local radar	what Ġ' s Ġthe Ġlocal Ġradar	[IN:GET_WEATHER @ptr_0 @ptr_1 @ptr_2 @ptr_3 [SL:LOCATION [IN:GET_LOCATION [SL:LOCATION_MODIFIER @ptr_4 SL:LOCATION_MODIFIER] IN:GET_LOCATION] SL:LOCATION] @ptr_5 IN:GET_WEATHER]
what is the local radar forecast	what Ġis Ġthe Ġlocal Ġradar Ġforecast	[IN:GET_WEATHER @ptr_0 @ptr_1 @ptr_2 [SL:LOCATION [IN:GET_LOCATION [SL:LOCATION_MODIFIER @ptr_3 SL:LOCATION_MODIFIER] IN:GET_LOCATION] SL:LOCATION] @ptr_4 @ptr_5 IN:GET_WEATHER]
tell me the local radar for tomorrow	tell Ġme Ġthe Ġlocal Ġradar Ġfor Ġtomorrow	[IN:GET_WEATHER @ptr_0 @ptr_1 @ptr_2 [SL:LOCATION [IN:GET_LOCATION [SL:LOCATION_MODIFIER @ptr_3 SL:LOCATION_MODIFIER] IN:GET_LOCATION] SL:LOCATION] @ptr_4 [SL:DATE_TIME @ptr_5 @ptr_6 SL:DATE_TIME] IN:GET_WEATHER]
tell me local radar	tell Ġme Ġlocal Ġradar	[IN:GET_WEATHER @ptr_0 @ptr_1 [SL:LOCATION [IN:GET_LOCATION [SL:LOCATION_MODIFIER @ptr_2 SL:LOCATION_MODIFIER] IN:GET_LOCATION] SL:LOCATION] @ptr_3 IN:GET_WEATHER]
I need the local radar	I Ġneed Ġthe Ġlocal Ġradar	[IN:GET_WEATHER @ptr_0 @ptr_1 @ptr_2 [SL:LOCATION [IN:GET_LOCATION [SL:LOCATION_MODIFIER @ptr_3 SL:LOCATION_MODIFIER] IN:GET_LOCATION] SL:LOCATION] @ptr_4 IN:GET_WEATHER]
tell me local radar for today	tell Ġme Ġlocal Ġradar Ġfor Ġtoday	[IN:GET_WEATHER @ptr_0 @ptr_1 [SL:LOCATION [IN:GET_LOCATION [SL:LOCATION_MODIFIER @ptr_2 SL:LOCATION_MODIFIER] IN:GET_LOCATION] SL:LOCATION] @ptr_3 [SL:DATE_TIME @ptr_4 @ptr_5 SL:DATE_TIME] IN:GET_WEATHER]
can you tell me the local radar prediction	can Ġyou Ġtell Ġme Ġthe Ġlocal Ġradar Ġprediction	[IN:GET_WEATHER @ptr_0 @ptr_1 @ptr_2 @ptr_3 @ptr_4 [SL:LOCATION [IN:GET_LOCATION [SL:LOCATION_MODIFIER @ptr_5 SL:LOCATION_MODIFIER] IN:GET_LOCATION] SL:LOCATION] @ptr_6 @ptr_7 IN:GET_WEATHER]
