Is it supposed to be hotter today in IL	Is Ġit Ġsupposed Ġto Ġbe Ġhotter Ġtoday Ġin ĠIL	@ptr_0 @ptr_1 @ptr_2 @ptr_3 @ptr_4 [SL:condition_temperature @ptr_5 SL:condition_temperature] [SL:timeRange @ptr_6 SL:timeRange] @ptr_7 [SL:state @ptr_8 SL:state]
Will there be snowfall in Kitlope Heritage Conservancy	Will Ġthere Ġbe Ġsnow fall Ġin ĠKit l ope ĠHeritage ĠConserv ancy	@ptr_0 @ptr_1 @ptr_2 [SL:condition_description @ptr_3 @ptr_4 SL:condition_description] @ptr_5 [SL:geographic_poi @ptr_6 @ptr_7 @ptr_8 @ptr_9 @ptr_10 @ptr_11 SL:geographic_poi]
Is it supposed to be windy in ME on june the 14th, 2024	Is Ġit Ġsupposed Ġto Ġbe Ġwind y Ġin ĠME Ġon Ġj une Ġthe Ġ14 th , Ġ2024	@ptr_0 @ptr_1 @ptr_2 @ptr_3 @ptr_4 [SL:condition_description @ptr_5 @ptr_6 SL:condition_description] @ptr_7 [SL:state @ptr_8 SL:state] @ptr_9 [SL:timeRange @ptr_10 @ptr_11 @ptr_12 @ptr_13 @ptr_14 @ptr_15 @ptr_16 SL:timeRange]
How will be the weather condition near MI 129 days and a half from now	How Ġwill Ġbe Ġthe Ġweather Ġcondition Ġnear ĠMI Ġ129 Ġdays Ġand Ġa Ġhalf Ġfrom Ġnow	@ptr_0 @ptr_1 @ptr_2 @ptr_3 @ptr_4 @ptr_5 [SL:spatial_relation @ptr_6 SL:spatial_relation] [SL:state @ptr_7 SL:state] [SL:timeRange @ptr_8 @ptr_9 @ptr_10 @ptr_11 @ptr_12 @ptr_13 @ptr_14 SL:timeRange]
Tell me when it will be warmer in my current position	Tell Ġme Ġwhen Ġit Ġwill Ġbe Ġwarmer Ġin Ġmy Ġcurrent Ġposition	@ptr_0 @ptr_1 @ptr_2 @ptr_3 @ptr_4 @ptr_5 [SL:condition_temperature @ptr_6 SL:condition_temperature] @ptr_7 @ptr_8 [SL:current_location @ptr_9 @ptr_10 SL:current_location]
Is it warm in Albania at noon	Is Ġit Ġwarm Ġin ĠAlbania Ġat Ġnoon	@ptr_0 @ptr_1 [SL:condition_temperature @ptr_2 SL:condition_temperature] @ptr_3 [SL:country @ptr_4 SL:country] @ptr_5 [SL:timeRange @ptr_6 SL:timeRange]
What is the weather looking like for December the eleventh, 2034 in MD	What Ġis Ġthe Ġweather Ġlooking Ġlike Ġfor ĠDecember Ġthe Ġele venth , Ġ20 34 Ġin ĠMD	@ptr_0 @ptr_1 @ptr_2 @ptr_3 @ptr_4 @ptr_5 @ptr_6 [SL:timeRange @ptr_7 @ptr_8 @ptr_9 @ptr_10 @ptr_11 @ptr_12 @ptr_13 SL:timeRange] @ptr_14 [SL:state @ptr_15 SL:state]
Will it get colder in Cape Fair	Will Ġit Ġget Ġcolder Ġin ĠCape ĠFair	@ptr_0 @ptr_1 @ptr_2 [SL:condition_temperature @ptr_3 SL:condition_temperature] @ptr_4 [SL:city @ptr_5 @ptr_6 SL:city]
Is it hot in neighboring Algeria	Is Ġit Ġhot Ġin Ġneighboring ĠAlgeria	@ptr_0 @ptr_1 [SL:condition_temperature @ptr_2 SL:condition_temperature] @ptr_3 [SL:spatial_relation @ptr_4 SL:spatial_relation] [SL:country @ptr_5 SL:country]
