play the album Winner Takes All by Takuro with Last Fm	play Ġthe Ġalbum ĠWinner ĠTakes ĠAll Ġby ĠTak uro Ġwith ĠLast ĠF m	@ptr_0 @ptr_1 [SL:music_item @ptr_2 SL:music_item] [SL:album @ptr_3 @ptr_4 @ptr_5 SL:album] @ptr_6 [SL:artist @ptr_7 @ptr_8 SL:artist] @ptr_9 [SL:service @ptr_10 @ptr_11 @ptr_12 SL:service]
I need to hear the song Aspro Mavro from Bill Szymczyk on Youtube	I Ġneed Ġto Ġhear Ġthe Ġsong ĠAs pro ĠM av ro Ġfrom ĠBill ĠSz ym c zyk Ġon ĠYoutube	@ptr_0 @ptr_1 @ptr_2 @ptr_3 @ptr_4 [SL:music_item @ptr_5 SL:music_item] [SL:track @ptr_6 @ptr_7 @ptr_8 @ptr_9 @ptr_10 SL:track] @ptr_11 [SL:artist @ptr_12 @ptr_13 @ptr_14 @ptr_15 @ptr_16 SL:artist] @ptr_17 [SL:service @ptr_18 SL:service]
play music by Billy Powell	play Ġmusic Ġby ĠBilly ĠPowell	@ptr_0 @ptr_1 @ptr_2 [SL:artist @ptr_3 @ptr_4 SL:artist]
play Piano Ballads on Netflix	play ĠPiano ĠBall ads Ġon ĠNetflix	@ptr_0 [SL:playlist @ptr_1 @ptr_2 @ptr_3 SL:playlist] @ptr_4 [SL:service @ptr_5 SL:service]
Play some Mark Tremonti from the thirties	Play Ġsome ĠMark ĠTrem ont i Ġfrom Ġthe Ġth irt ies	@ptr_0 @ptr_1 [SL:artist @ptr_2 @ptr_3 @ptr_4 @ptr_5 SL:artist] @ptr_6 @ptr_7 [SL:year @ptr_8 @ptr_9 @ptr_10 SL:year]
play Bill Evans album The Best Of The 12" Mixes	play ĠBill ĠEvans Ġalbum ĠThe ĠBest ĠOf ĠThe Ġ12 " ĠMix es	@ptr_0 [SL:artist @ptr_1 @ptr_2 SL:artist] [SL:music_item @ptr_3 SL:music_item] [SL:album @ptr_4 @ptr_5 @ptr_6 @ptr_7 @ptr_8 @ptr_9 @ptr_10 @ptr_11 SL:album]
Play a popular song by Willie Dixon on Groove Shark	Play Ġa Ġpopular Ġsong Ġby ĠWillie ĠDixon Ġon ĠGro ove ĠShark	@ptr_0 @ptr_1 [SL:sort @ptr_2 SL:sort] [SL:music_item @ptr_3 SL:music_item] @ptr_4 [SL:artist @ptr_5 @ptr_6 SL:artist] @ptr_7 [SL:service @ptr_8 @ptr_9 @ptr_10 SL:service]
Play my entertaining	Play Ġmy Ġentertaining	@ptr_0 @ptr_1 [SL:playlist @ptr_2 SL:playlist]
Play some new age	Play Ġsome Ġnew Ġage	@ptr_0 @ptr_1 [SL:genre @ptr_2 @ptr_3 SL:genre]
