When are the movie schedules	When Ġare Ġthe Ġmovie Ġschedules	@ptr_0 @ptr_1 @ptr_2 [SL:object_type @ptr_3 @ptr_4 SL:object_type]
I want to know the animated movies playing at Malco Theatres	I Ġwant Ġto Ġknow Ġthe Ġanimated Ġmovies Ġplaying Ġat ĠMal co ĠThe at res	@ptr_0 @ptr_1 @ptr_2 @ptr_3 @ptr_4 [SL:movie_type @ptr_5 @ptr_6 SL:movie_type] @ptr_7 @ptr_8 [SL:location_name @ptr_9 @ptr_10 @ptr_11 @ptr_12 @ptr_13 SL:location_name]
Is The Angelus playing at the movie house at dinner	Is ĠThe ĠAngel us Ġplaying Ġat Ġthe Ġmovie Ġhouse Ġat Ġdinner	@ptr_0 [SL:movie_name @ptr_1 @ptr_2 @ptr_3 SL:movie_name] @ptr_4 @ptr_5 @ptr_6 [SL:object_location_type @ptr_7 @ptr_8 SL:object_location_type] @ptr_9 [SL:timeRange @ptr_10 SL:timeRange]
I'd like to watch Abbott and Costello Meet Captain Kidd at the nearest cinema	I 'd Ġlike Ġto Ġwatch ĠAbbott Ġand ĠCost ello ĠMeet ĠCaptain ĠKidd Ġat Ġthe Ġnearest Ġcinema	@ptr_0 @ptr_1 @ptr_2 @ptr_3 @ptr_4 [SL:movie_name @ptr_5 @ptr_6 @ptr_7 @ptr_8 @ptr_9 @ptr_10 @ptr_11 SL:movie_name] @ptr_12 @ptr_13 [SL:spatial_relation @ptr_14 SL:spatial_relation] [SL:object_location_type @ptr_15 SL:object_location_type]
Show me the animated movies starting at 10:56:18 a.m. at the nearest movie house	Show Ġme Ġthe Ġanimated Ġmovies Ġstarting Ġat Ġ10 : 56 : 18 Ġa . m . Ġat Ġthe Ġnearest Ġmovie Ġhouse	@ptr_0 @ptr_1 @ptr_2 [SL:movie_type @ptr_3 @ptr_4 SL:movie_type] @ptr_5 @ptr_6 [SL:timeRange @ptr_7 @ptr_8 @ptr_9 @ptr_10 @ptr_11 @ptr_12 @ptr_13 @ptr_14 @ptr_15 SL:timeRange] @ptr_16 @ptr_17 [SL:spatial_relation @ptr_18 SL:spatial_relation] [SL:object_location_type @ptr_19 @ptr_20 SL:object_location_type]
i want to watch animated movies at Showcase Cinemas	i Ġwant Ġto Ġwatch Ġanimated Ġmovies Ġat ĠShow case ĠCinem as	@ptr_0 @ptr_1 @ptr_2 @ptr_3 [SL:movie_type @ptr_4 @ptr_5 SL:movie_type] @ptr_6 [SL:location_name @ptr_7 @ptr_8 @ptr_9 @ptr_10 SL:location_name]
find a movie house with Ulterior Motive that is closest	find Ġa Ġmovie Ġhouse Ġwith ĠUl terior ĠMot ive Ġthat Ġis Ġclosest	@ptr_0 @ptr_1 [SL:object_location_type @ptr_2 @ptr_3 SL:object_location_type] @ptr_4 [SL:movie_name @ptr_5 @ptr_6 @ptr_7 @ptr_8 SL:movie_name] @ptr_9 @ptr_10 [SL:spatial_relation @ptr_11 SL:spatial_relation]
